model_key,model_id,family,scale,release_year,precision,image_id,set,category,product,sample_index,seed,prompt,image_file,image_path,recognized_as_product,valid_recognized_as_product,image_quality,target_category_recognizability,confidence,design_intent,valid_design_intent,function_aesthetic_score,form_function_consistency,ambiguity_reason,function,semantic_meaning,emotion,cognitive_interpretation,style_period,raw_response,parse_error
qwen25_vl_7b,Qwen/Qwen2.5-VL-7B-Instruct,Qwen2.5-VL,7B,2025,bf16,sports_car_001,contrast_automobile_contemporary,sports_car,Sports car,1,20269504,sports car,sports_car_001.png,images/sports_car_001.png,yes,True,5,5,5,aesthetics,True,5,5,none,high-performance sports car,"speed, luxury, and power","excitement, thrill",a high-performance vehicle designed for speed and driving enjoyment,modern,"```json
{
  ""recognized_as_product"": ""yes"",
  ""image_quality"": 5,
  ""target_category_recognizability"": 5,
  ""confidence"": 5,
  ""design_intent"": ""aesthetics"",
  ""function_aesthetic_score"": 5,
  ""form_function_consistency"": 5,
  ""ambiguity_reason"": ""none"",
  ""function"": ""high-performance sports car"",
  ""semantic_meaning"": ""speed, luxury, and power"",
  ""emotion"": ""excitement, thrill"",
  ""cognitive_interpretation"": ""a high-performance vehicle designed for speed and driving enjoyment"",
  ""style_period"": ""modern""
}
```",
qwen25_vl_7b,Qwen/Qwen2.5-VL-7B-Instruct,Qwen2.5-VL,7B,2025,bf16,sports_car_002,contrast_automobile_contemporary,sports_car,Sports car,2,20269505,sports car,sports_car_002.png,images/sports_car_002.png,yes,True,4,5,5,aesthetics,True,5,5,none,high-performance sports car,"luxury, speed, and exclusivity","excitement, admiration",a statement of wealth and status,modern,"```json
{
  ""recognized_as_product"": ""yes"",
  ""image_quality"": 4,
  ""target_category_recognizability"": 5,
  ""confidence"": 5,
  ""design_intent"": ""aesthetics"",
  ""function_aesthetic_score"": 5,
  ""form_function_consistency"": 5,
  ""ambiguity_reason"": ""none"",
  ""function"": ""high-performance sports car"",
  ""semantic_meaning"": ""luxury, speed, and exclusivity"",
  ""emotion"": ""excitement, admiration"",
  ""cognitive_interpretation"": ""a statement of wealth and status"",
  ""style_period"": ""modern""
}
```",
qwen25_vl_7b,Qwen/Qwen2.5-VL-7B-Instruct,Qwen2.5-VL,7B,2025,bf16,sports_car_003,contrast_automobile_contemporary,sports_car,Sports car,3,20269506,sports car,sports_car_003.png,images/sports_car_003.png,yes,True,4,5,4,aesthetics,True,5,4,none,high-performance sports car,"luxury, speed, and exclusivity","excitement, admiration",a visually striking and high-end vehicle designed for performance and style,modern,"```json
{
  ""recognized_as_product"": ""yes"",
  ""image_quality"": 4,
  ""target_category_recognizability"": 5,
  ""confidence"": 4,
  ""design_intent"": ""aesthetics"",
  ""function_aesthetic_score"": 5,
  ""form_function_consistency"": 4,
  ""ambiguity_reason"": ""none"",
  ""function"": ""high-performance sports car"",
  ""semantic_meaning"": ""luxury, speed, and exclusivity"",
  ""emotion"": ""excitement, admiration"",
  ""cognitive_interpretation"": ""a visually striking and high-end vehicle designed for performance and style"",
  ""style_period"": ""modern""
}
```",
qwen25_vl_7b,Qwen/Qwen2.5-VL-7B-Instruct,Qwen2.5-VL,7B,2025,bf16,sports_car_004,contrast_automobile_contemporary,sports_car,Sports car,4,20269507,sports car,sports_car_004.png,images/sports_car_004.png,yes,True,4,5,5,aesthetics,True,5,5,none,high-performance sports car,"speed, luxury, and power","excitement, freedom","a sleek, high-performance vehicle designed for speed and driving enjoyment",modern,"```json
{
  ""recognized_as_product"": ""yes"",
  ""image_quality"": 4,
  ""target_category_recognizability"": 5,
  ""confidence"": 5,
  ""design_intent"": ""aesthetics"",
  ""function_aesthetic_score"": 5,
  ""form_function_consistency"": 5,
  ""ambiguity_reason"": ""none"",
  ""function"": ""high-performance sports car"",
  ""semantic_meaning"": ""speed, luxury, and power"",
  ""emotion"": ""excitement, freedom"",
  ""cognitive_interpretation"": ""a sleek, high-performance vehicle designed for speed and driving enjoyment"",
  ""style_period"": ""modern""
}
```",
qwen25_vl_7b,Qwen/Qwen2.5-VL-7B-Instruct,Qwen2.5-VL,7B,2025,bf16,sports_car_005,contrast_automobile_contemporary,sports_car,Sports car,5,20269508,sports car,sports_car_005.png,images/sports_car_005.png,yes,True,5,5,5,aesthetics,True,5,5,none,high-performance sports car,"power, speed, luxury","excitement, thrill",a high-performance vehicle designed for racing or high-speed driving,modern,"```json
{
  ""recognized_as_product"": ""yes"",
  ""image_quality"": 5,
  ""target_category_recognizability"": 5,
  ""confidence"": 5,
  ""design_intent"": ""aesthetics"",
  ""function_aesthetic_score"": 5,
  ""form_function_consistency"": 5,
  ""ambiguity_reason"": ""none"",
  ""function"": ""high-performance sports car"",
  ""semantic_meaning"": ""power, speed, luxury"",
  ""emotion"": ""excitement, thrill"",
  ""cognitive_interpretation"": ""a high-performance vehicle designed for racing or high-speed driving"",
  ""style_period"": ""modern""
}
```",
qwen25_vl_7b,Qwen/Qwen2.5-VL-7B-Instruct,Qwen2.5-VL,7B,2025,bf16,sports_car_006,contrast_automobile_contemporary,sports_car,Sports car,6,20269509,sports car,sports_car_006.png,images/sports_car_006.png,yes,True,5,5,5,aesthetics,True,5,4,none,high-performance sports car,"luxury, speed, and power","excitement, admiration",a visually striking and high-end vehicle designed for performance and luxury,modern,"```json
{
  ""recognized_as_product"": ""yes"",
  ""image_quality"": 5,
  ""target_category_recognizability"": 5,
  ""confidence"": 5,
  ""design_intent"": ""aesthetics"",
  ""function_aesthetic_score"": 5,
  ""form_function_consistency"": 4,
  ""ambiguity_reason"": ""none"",
  ""function"": ""high-performance sports car"",
  ""semantic_meaning"": ""luxury, speed, and power"",
  ""emotion"": ""excitement, admiration"",
  ""cognitive_interpretation"": ""a visually striking and high-end vehicle designed for performance and luxury"",
  ""style_period"": ""modern""
}
```",
qwen25_vl_7b,Qwen/Qwen2.5-VL-7B-Instruct,Qwen2.5-VL,7B,2025,bf16,sports_car_007,contrast_automobile_contemporary,sports_car,Sports car,7,20269510,sports car,sports_car_007.png,images/sports_car_007.png,yes,True,4,5,5,aesthetics,True,5,5,none,high-performance sports car,"luxury, speed, and exclusivity","excitement, admiration",a high-end vehicle designed for driving pleasure and status,modern,"```json
{
  ""recognized_as_product"": ""yes"",
  ""image_quality"": 4,
  ""target_category_recognizability"": 5,
  ""confidence"": 5,
  ""design_intent"": ""aesthetics"",
  ""function_aesthetic_score"": 5,
  ""form_function_consistency"": 5,
  ""ambiguity_reason"": ""none"",
  ""function"": ""high-performance sports car"",
  ""semantic_meaning"": ""luxury, speed, and exclusivity"",
  ""emotion"": ""excitement, admiration"",
  ""cognitive_interpretation"": ""a high-end vehicle designed for driving pleasure and status"",
  ""style_period"": ""modern""
}
```",
qwen25_vl_7b,Qwen/Qwen2.5-VL-7B-Instruct,Qwen2.5-VL,7B,2025,bf16,sports_car_008,contrast_automobile_contemporary,sports_car,Sports car,8,20269511,sports car,sports_car_008.png,images/sports_car_008.png,yes,True,4,5,5,aesthetics,True,5,4,none,high-performance sports car,"speed, luxury, and power","excitement, freedom","a sleek, high-end vehicle designed for driving pleasure",modern,"```json
{
  ""recognized_as_product"": ""yes"",
  ""image_quality"": 4,
  ""target_category_recognizability"": 5,
  ""confidence"": 5,
  ""design_intent"": ""aesthetics"",
  ""function_aesthetic_score"": 5,
  ""form_function_consistency"": 4,
  ""ambiguity_reason"": ""none"",
  ""function"": ""high-performance sports car"",
  ""semantic_meaning"": ""speed, luxury, and power"",
  ""emotion"": ""excitement, freedom"",
  ""cognitive_interpretation"": ""a sleek, high-end vehicle designed for driving pleasure"",
  ""style_period"": ""modern""
}
```",
qwen25_vl_7b,Qwen/Qwen2.5-VL-7B-Instruct,Qwen2.5-VL,7B,2025,bf16,sports_car_009,contrast_automobile_contemporary,sports_car,Sports car,9,20269512,sports car,sports_car_009.png,images/sports_car_009.png,yes,True,4,5,5,aesthetics,True,5,5,none,high-performance sports car,"luxury, speed, and exclusivity","excitement, admiration","a sleek, high-end vehicle designed for performance and style",modern,"```json
{
  ""recognized_as_product"": ""yes"",
  ""image_quality"": 4,
  ""target_category_recognizability"": 5,
  ""confidence"": 5,
  ""design_intent"": ""aesthetics"",
  ""function_aesthetic_score"": 5,
  ""form_function_consistency"": 5,
  ""ambiguity_reason"": ""none"",
  ""function"": ""high-performance sports car"",
  ""semantic_meaning"": ""luxury, speed, and exclusivity"",
  ""emotion"": ""excitement, admiration"",
  ""cognitive_interpretation"": ""a sleek, high-end vehicle designed for performance and style"",
  ""style_period"": ""modern""
}
```",
qwen25_vl_7b,Qwen/Qwen2.5-VL-7B-Instruct,Qwen2.5-VL,7B,2025,bf16,sports_car_010,contrast_automobile_contemporary,sports_car,Sports car,10,20269513,sports car,sports_car_010.png,images/sports_car_010.png,yes,True,5,5,5,aesthetics,True,5,5,none,high-performance sports car,"luxury, speed, power","excitement, admiration",a high-end vehicle designed for driving pleasure and performance,modern,"```json
{
  ""recognized_as_product"": ""yes"",
  ""image_quality"": 5,
  ""target_category_recognizability"": 5,
  ""confidence"": 5,
  ""design_intent"": ""aesthetics"",
  ""function_aesthetic_score"": 5,
  ""form_function_consistency"": 5,
  ""ambiguity_reason"": ""none"",
  ""function"": ""high-performance sports car"",
  ""semantic_meaning"": ""luxury, speed, power"",
  ""emotion"": ""excitement, admiration"",
  ""cognitive_interpretation"": ""a high-end vehicle designed for driving pleasure and performance"",
  ""style_period"": ""modern""
}
```",
qwen25_vl_7b,Qwen/Qwen2.5-VL-7B-Instruct,Qwen2.5-VL,7B,2025,bf16,sports_car_011,contrast_automobile_contemporary,sports_car,Sports car,11,20269514,sports car,sports_car_011.png,images/sports_car_011.png,yes,True,4,5,5,aesthetics,True,5,5,none,high-performance sports car,"luxury, speed, and exclusivity","excitement, admiration",a high-end vehicle designed for driving pleasure and status,modern,"```json
{
  ""recognized_as_product"": ""yes"",
  ""image_quality"": 4,
  ""target_category_recognizability"": 5,
  ""confidence"": 5,
  ""design_intent"": ""aesthetics"",
  ""function_aesthetic_score"": 5,
  ""form_function_consistency"": 5,
  ""ambiguity_reason"": ""none"",
  ""function"": ""high-performance sports car"",
  ""semantic_meaning"": ""luxury, speed, and exclusivity"",
  ""emotion"": ""excitement, admiration"",
  ""cognitive_interpretation"": ""a high-end vehicle designed for driving pleasure and status"",
  ""style_period"": ""modern""
}
```",
qwen25_vl_7b,Qwen/Qwen2.5-VL-7B-Instruct,Qwen2.5-VL,7B,2025,bf16,sports_car_012,contrast_automobile_contemporary,sports_car,Sports car,12,20269515,sports car,sports_car_012.png,images/sports_car_012.png,yes,True,4,5,5,aesthetics,True,5,5,none,high-performance sports car,"luxury, speed, and exclusivity","excitement, thrill",a high-end vehicle designed for racing or high-speed driving,modern,"```json
{
  ""recognized_as_product"": ""yes"",
  ""image_quality"": 4,
  ""target_category_recognizability"": 5,
  ""confidence"": 5,
  ""design_intent"": ""aesthetics"",
  ""function_aesthetic_score"": 5,
  ""form_function_consistency"": 5,
  ""ambiguity_reason"": ""none"",
  ""function"": ""high-performance sports car"",
  ""semantic_meaning"": ""luxury, speed, and exclusivity"",
  ""emotion"": ""excitement, thrill"",
  ""cognitive_interpretation"": ""a high-end vehicle designed for racing or high-speed driving"",
  ""style_period"": ""modern""
}
```",
qwen25_vl_7b,Qwen/Qwen2.5-VL-7B-Instruct,Qwen2.5-VL,7B,2025,bf16,sports_car_013,contrast_automobile_contemporary,sports_car,Sports car,13,20269516,sports car,sports_car_013.png,images/sports_car_013.png,yes,True,5,5,5,aesthetics,True,5,4,none,high-performance sports car,"luxury, speed, and power","excitement, admiration","a sleek, high-end vehicle designed for performance and style",modern,"```json
{
  ""recognized_as_product"": ""yes"",
  ""image_quality"": 5,
  ""target_category_recognizability"": 5,
  ""confidence"": 5,
  ""design_intent"": ""aesthetics"",
  ""function_aesthetic_score"": 5,
  ""form_function_consistency"": 4,
  ""ambiguity_reason"": ""none"",
  ""function"": ""high-performance sports car"",
  ""semantic_meaning"": ""luxury, speed, and power"",
  ""emotion"": ""excitement, admiration"",
  ""cognitive_interpretation"": ""a sleek, high-end vehicle designed for performance and style"",
  ""style_period"": ""modern""
}
```",
qwen25_vl_7b,Qwen/Qwen2.5-VL-7B-Instruct,Qwen2.5-VL,7B,2025,bf16,sports_car_014,contrast_automobile_contemporary,sports_car,Sports car,14,20269517,sports car,sports_car_014.png,images/sports_car_014.png,yes,True,5,5,5,aesthetics,True,5,5,none,high-performance sports car,"luxury, speed, and power","excitement, thrill",a high-end vehicle designed for performance and style,modern,"```json
{
  ""recognized_as_product"": ""yes"",
  ""image_quality"": 5,
  ""target_category_recognizability"": 5,
  ""confidence"": 5,
  ""design_intent"": ""aesthetics"",
  ""function_aesthetic_score"": 5,
  ""form_function_consistency"": 5,
  ""ambiguity_reason"": ""none"",
  ""function"": ""high-performance sports car"",
  ""semantic_meaning"": ""luxury, speed, and power"",
  ""emotion"": ""excitement, thrill"",
  ""cognitive_interpretation"": ""a high-end vehicle designed for performance and style"",
  ""style_period"": ""modern""
}
```",
qwen25_vl_7b,Qwen/Qwen2.5-VL-7B-Instruct,Qwen2.5-VL,7B,2025,bf16,sports_car_015,contrast_automobile_contemporary,sports_car,Sports car,15,20269518,sports car,sports_car_015.png,images/sports_car_015.png,yes,True,5,5,5,aesthetics,True,5,5,none,high-performance sports car,"power, speed, luxury, and exclusivity","excitement, thrill, admiration",a high-performance vehicle designed for speed and driving enjoyment,modern,"```json
{
  ""recognized_as_product"": ""yes"",
  ""image_quality"": 5,
  ""target_category_recognizability"": 5,
  ""confidence"": 5,
  ""design_intent"": ""aesthetics"",
  ""function_aesthetic_score"": 5,
  ""form_function_consistency"": 5,
  ""ambiguity_reason"": ""none"",
  ""function"": ""high-performance sports car"",
  ""semantic_meaning"": ""power, speed, luxury, and exclusivity"",
  ""emotion"": ""excitement, thrill, admiration"",
  ""cognitive_interpretation"": ""a high-performance vehicle designed for speed and driving enjoyment"",
  ""style_period"": ""modern""
}
```",
qwen25_vl_7b,Qwen/Qwen2.5-VL-7B-Instruct,Qwen2.5-VL,7B,2025,bf16,sports_car_016,contrast_automobile_contemporary,sports_car,Sports car,16,20269519,sports car,sports_car_016.png,images/sports_car_016.png,yes,True,5,5,5,aesthetics,True,5,5,none,high-performance sports car,"luxury, speed, and power","excitement, admiration","a sleek, high-end vehicle designed for performance and style",modern,"```json
{
  ""recognized_as_product"": ""yes"",
  ""image_quality"": 5,
  ""target_category_recognizability"": 5,
  ""confidence"": 5,
  ""design_intent"": ""aesthetics"",
  ""function_aesthetic_score"": 5,
  ""form_function_consistency"": 5,
  ""ambiguity_reason"": ""none"",
  ""function"": ""high-performance sports car"",
  ""semantic_meaning"": ""luxury, speed, and power"",
  ""emotion"": ""excitement, admiration"",
  ""cognitive_interpretation"": ""a sleek, high-end vehicle designed for performance and style"",
  ""style_period"": ""modern""
}
```",
qwen25_vl_7b,Qwen/Qwen2.5-VL-7B-Instruct,Qwen2.5-VL,7B,2025,bf16,sports_car_017,contrast_automobile_contemporary,sports_car,Sports car,17,20269520,sports car,sports_car_017.png,images/sports_car_017.png,yes,True,5,5,5,aesthetics,True,5,5,none,high-performance sports car,"luxury, speed, and exclusivity","excitement, admiration",a high-end vehicle designed for performance and style,modern,"```json
{
  ""recognized_as_product"": ""yes"",
  ""image_quality"": 5,
  ""target_category_recognizability"": 5,
  ""confidence"": 5,
  ""design_intent"": ""aesthetics"",
  ""function_aesthetic_score"": 5,
  ""form_function_consistency"": 5,
  ""ambiguity_reason"": ""none"",
  ""function"": ""high-performance sports car"",
  ""semantic_meaning"": ""luxury, speed, and exclusivity"",
  ""emotion"": ""excitement, admiration"",
  ""cognitive_interpretation"": ""a high-end vehicle designed for performance and style"",
  ""style_period"": ""modern""
}
```",
qwen25_vl_7b,Qwen/Qwen2.5-VL-7B-Instruct,Qwen2.5-VL,7B,2025,bf16,sports_car_018,contrast_automobile_contemporary,sports_car,Sports car,18,20269521,sports car,sports_car_018.png,images/sports_car_018.png,yes,True,4,5,5,aesthetics,True,5,5,none,high-performance sports car,"luxury, speed, and exclusivity","excitement, power, freedom",a high-performance vehicle designed for speed and luxury,modern,"```json
{
  ""recognized_as_product"": ""yes"",
  ""image_quality"": 4,
  ""target_category_recognizability"": 5,
  ""confidence"": 5,
  ""design_intent"": ""aesthetics"",
  ""function_aesthetic_score"": 5,
  ""form_function_consistency"": 5,
  ""ambiguity_reason"": ""none"",
  ""function"": ""high-performance sports car"",
  ""semantic_meaning"": ""luxury, speed, and exclusivity"",
  ""emotion"": ""excitement, power, freedom"",
  ""cognitive_interpretation"": ""a high-performance vehicle designed for speed and luxury"",
  ""style_period"": ""modern""
}
```",
qwen25_vl_7b,Qwen/Qwen2.5-VL-7B-Instruct,Qwen2.5-VL,7B,2025,bf16,sports_car_019,contrast_automobile_contemporary,sports_car,Sports car,19,20269522,sports car,sports_car_019.png,images/sports_car_019.png,yes,True,5,5,5,aesthetics,True,5,5,none,high-performance sports car,"luxury, speed, and exclusivity","excitement, admiration",a high-end vehicle designed for driving pleasure and status,modern,"```json
{
  ""recognized_as_product"": ""yes"",
  ""image_quality"": 5,
  ""target_category_recognizability"": 5,
  ""confidence"": 5,
  ""design_intent"": ""aesthetics"",
  ""function_aesthetic_score"": 5,
  ""form_function_consistency"": 5,
  ""ambiguity_reason"": ""none"",
  ""function"": ""high-performance sports car"",
  ""semantic_meaning"": ""luxury, speed, and exclusivity"",
  ""emotion"": ""excitement, admiration"",
  ""cognitive_interpretation"": ""a high-end vehicle designed for driving pleasure and status"",
  ""style_period"": ""modern""
}
```",
qwen25_vl_7b,Qwen/Qwen2.5-VL-7B-Instruct,Qwen2.5-VL,7B,2025,bf16,sports_car_020,contrast_automobile_contemporary,sports_car,Sports car,20,20269523,sports car,sports_car_020.png,images/sports_car_020.png,yes,True,5,5,5,aesthetics,True,5,4,none,high-performance sports car,"luxury, speed, and cutting-edge technology","excitement, admiration",a visually striking vehicle designed for high-speed driving and luxury,modern,"```json
{
  ""recognized_as_product"": ""yes"",
  ""image_quality"": 5,
  ""target_category_recognizability"": 5,
  ""confidence"": 5,
  ""design_intent"": ""aesthetics"",
  ""function_aesthetic_score"": 5,
  ""form_function_consistency"": 4,
  ""ambiguity_reason"": ""none"",
  ""function"": ""high-performance sports car"",
  ""semantic_meaning"": ""luxury, speed, and cutting-edge technology"",
  ""emotion"": ""excitement, admiration"",
  ""cognitive_interpretation"": ""a visually striking vehicle designed for high-speed driving and luxury"",
  ""style_period"": ""modern""
}
```",
qwen25_vl_7b,Qwen/Qwen2.5-VL-7B-Instruct,Qwen2.5-VL,7B,2025,bf16,sports_car_021,contrast_automobile_contemporary,sports_car,Sports car,21,20269524,sports car,sports_car_021.png,images/sports_car_021.png,yes,True,5,5,5,aesthetics,True,5,5,none,high-performance sports car,"luxury, speed, and exclusivity","excitement, power, and sophistication",a high-end vehicle designed for performance and luxury,modern,"```json
{
  ""recognized_as_product"": ""yes"",
  ""image_quality"": 5,
  ""target_category_recognizability"": 5,
  ""confidence"": 5,
  ""design_intent"": ""aesthetics"",
  ""function_aesthetic_score"": 5,
  ""form_function_consistency"": 5,
  ""ambiguity_reason"": ""none"",
  ""function"": ""high-performance sports car"",
  ""semantic_meaning"": ""luxury, speed, and exclusivity"",
  ""emotion"": ""excitement, power, and sophistication"",
  ""cognitive_interpretation"": ""a high-end vehicle designed for performance and luxury"",
  ""style_period"": ""modern""
}
```",
qwen25_vl_7b,Qwen/Qwen2.5-VL-7B-Instruct,Qwen2.5-VL,7B,2025,bf16,sports_car_022,contrast_automobile_contemporary,sports_car,Sports car,22,20269525,sports car,sports_car_022.png,images/sports_car_022.png,yes,True,5,5,5,aesthetics,True,5,5,none,high-performance sports car,"luxury, speed, freedom","excitement, thrill","a sleek, high-end vehicle designed for driving pleasure",modern,"```json
{
  ""recognized_as_product"": ""yes"",
  ""image_quality"": 5,
  ""target_category_recognizability"": 5,
  ""confidence"": 5,
  ""design_intent"": ""aesthetics"",
  ""function_aesthetic_score"": 5,
  ""form_function_consistency"": 5,
  ""ambiguity_reason"": ""none"",
  ""function"": ""high-performance sports car"",
  ""semantic_meaning"": ""luxury, speed, freedom"",
  ""emotion"": ""excitement, thrill"",
  ""cognitive_interpretation"": ""a sleek, high-end vehicle designed for driving pleasure"",
  ""style_period"": ""modern""
}
```",
qwen25_vl_7b,Qwen/Qwen2.5-VL-7B-Instruct,Qwen2.5-VL,7B,2025,bf16,sports_car_023,contrast_automobile_contemporary,sports_car,Sports car,23,20269526,sports car,sports_car_023.png,images/sports_car_023.png,yes,True,4,5,4,aesthetics,True,5,2,none,high-performance sports car,"luxury, speed, and cutting-edge technology","excitement, admiration",a futuristic and high-end vehicle designed for performance and style,modern,"```json
{
  ""recognized_as_product"": ""yes"",
  ""image_quality"": 4,
  ""target_category_recognizability"": 5,
  ""confidence"": 4,
  ""design_intent"": ""aesthetics"",
  ""function_aesthetic_score"": 5,
  ""form_function_consistency"": 2,
  ""ambiguity_reason"": ""none"",
  ""function"": ""high-performance sports car"",
  ""semantic_meaning"": ""luxury, speed, and cutting-edge technology"",
  ""emotion"": ""excitement, admiration"",
  ""cognitive_interpretation"": ""a futuristic and high-end vehicle designed for performance and style"",
  ""style_period"": ""modern""
}
```",
qwen25_vl_7b,Qwen/Qwen2.5-VL-7B-Instruct,Qwen2.5-VL,7B,2025,bf16,sports_car_024,contrast_automobile_contemporary,sports_car,Sports car,24,20269527,sports car,sports_car_024.png,images/sports_car_024.png,yes,True,5,5,5,aesthetics,True,5,4,none,high-performance sports car,"luxury, speed, and power","excitement, admiration",a high-end vehicle designed for performance and style,modern,"```json
{
  ""recognized_as_product"": ""yes"",
  ""image_quality"": 5,
  ""target_category_recognizability"": 5,
  ""confidence"": 5,
  ""design_intent"": ""aesthetics"",
  ""function_aesthetic_score"": 5,
  ""form_function_consistency"": 4,
  ""ambiguity_reason"": ""none"",
  ""function"": ""high-performance sports car"",
  ""semantic_meaning"": ""luxury, speed, and power"",
  ""emotion"": ""excitement, admiration"",
  ""cognitive_interpretation"": ""a high-end vehicle designed for performance and style"",
  ""style_period"": ""modern""
}
```",
qwen25_vl_7b,Qwen/Qwen2.5-VL-7B-Instruct,Qwen2.5-VL,7B,2025,bf16,sports_car_025,contrast_automobile_contemporary,sports_car,Sports car,25,20269528,sports car,sports_car_025.png,images/sports_car_025.png,yes,True,4,5,5,aesthetics,True,5,5,none,high-performance sports car,"luxury, speed, and power","excitement, admiration",a high-end vehicle designed for performance and style,modern,"```json
{
  ""recognized_as_product"": ""yes"",
  ""image_quality"": 4,
  ""target_category_recognizability"": 5,
  ""confidence"": 5,
  ""design_intent"": ""aesthetics"",
  ""function_aesthetic_score"": 5,
  ""form_function_consistency"": 5,
  ""ambiguity_reason"": ""none"",
  ""function"": ""high-performance sports car"",
  ""semantic_meaning"": ""luxury, speed, and power"",
  ""emotion"": ""excitement, admiration"",
  ""cognitive_interpretation"": ""a high-end vehicle designed for performance and style"",
  ""style_period"": ""modern""
}
```",
qwen25_vl_7b,Qwen/Qwen2.5-VL-7B-Instruct,Qwen2.5-VL,7B,2025,bf16,early_automobile_001,contrast_automobile_historical,early_automobile,Early automobile,1,20261504,early automobile,early_automobile_001.png,images/early_automobile_001.png,yes,True,4,5,5,functionality,True,2,4,none,A vintage car designed for transportation.,Symbolizes early 20th-century automotive technology and societal progress.,nostalgic,The viewer interprets it as a historical artifact representing an era of innovation.,early 20th century,"```json
{
  ""recognized_as_product"": ""yes"",
  ""image_quality"": 4,
  ""target_category_recognizability"": 5,
  ""confidence"": 5,
  ""design_intent"": ""functionality"",
  ""function_aesthetic_score"": 2,
  ""form_function_consistency"": 4,
  ""ambiguity_reason"": ""none"",
  ""function"": ""A vintage car designed for transportation."",
  ""semantic_meaning"": ""Symbolizes early 20th-century automotive technology and societal progress."",
  ""emotion"": ""nostalgic"",
  ""cognitive_interpretation"": ""The viewer interprets it as a historical artifact representing an era of innovation."",
  ""style_period"": ""early 20th century""
}
```",
qwen25_vl_7b,Qwen/Qwen2.5-VL-7B-Instruct,Qwen2.5-VL,7B,2025,bf16,early_automobile_002,contrast_automobile_historical,early_automobile,Early automobile,2,20261505,early automobile,early_automobile_002.png,images/early_automobile_002.png,no,True,4,2,3,functionality,True,3,4,"The image depicts an old car, but it's not a consumer product.",A vintage car for transportation.,Symbolizes historical period and mode of transportation.,nostalgic,The viewer might think about the era when such cars were common.,early 20th century,"```json
{
  ""recognized_as_product"": ""no"",
  ""image_quality"": 4,
  ""target_category_recognizability"": 2,
  ""confidence"": 3,
  ""design_intent"": ""functionality"",
  ""function_aesthetic_score"": 3,
  ""form_function_consistency"": 4,
  ""ambiguity_reason"": ""The image depicts an old car, but it's not a consumer product."",
  ""function"": ""A vintage car for transportation."",
  ""semantic_meaning"": ""Symbolizes historical period and mode of transportation."",
  ""emotion"": ""nostalgic"",
  ""cognitive_interpretation"": ""The viewer might think about the era when such cars were common."",
  ""style_period"": ""early 20th century""
}
```",
qwen25_vl_7b,Qwen/Qwen2.5-VL-7B-Instruct,Qwen2.5-VL,7B,2025,bf16,early_automobile_003,contrast_automobile_historical,early_automobile,Early automobile,3,20261506,early automobile,early_automobile_003.png,images/early_automobile_003.png,no,True,4,2,3,functionality,True,3,4,"The image depicts an old car, but it's not a consumer product.",A vintage automobile designed for transportation.,Symbolizes early automotive history and technology.,Nostalgic and historic.,The viewer interprets the image as showcasing an early model of a motor vehicle.,Early 20th century,"```json
{
  ""recognized_as_product"": ""no"",
  ""image_quality"": 4,
  ""target_category_recognizability"": 2,
  ""confidence"": 3,
  ""design_intent"": ""functionality"",
  ""function_aesthetic_score"": 3,
  ""form_function_consistency"": 4,
  ""ambiguity_reason"": ""The image depicts an old car, but it's not a consumer product."",
  ""function"": ""A vintage automobile designed for transportation."",
  ""semantic_meaning"": ""Symbolizes early automotive history and technology."",
  ""emotion"": ""Nostalgic and historic."",
  ""cognitive_interpretation"": ""The viewer interprets the image as showcasing an early model of a motor vehicle."",
  ""style_period"": ""Early 20th century""
}
```",
qwen25_vl_7b,Qwen/Qwen2.5-VL-7B-Instruct,Qwen2.5-VL,7B,2025,bf16,early_automobile_004,contrast_automobile_historical,early_automobile,Early automobile,4,20261507,early automobile,early_automobile_004.png,images/early_automobile_004.png,no,True,4,2,3,functionality,True,3,4,"The image depicts an old car, but it's not a consumer product.",A vintage car designed for transportation on cobblestone streets.,Symbolizes historical transportation and the era of early automobiles.,Nostalgic and historic.,The viewer interprets the image as showcasing an old vehicle from a bygone era.,Early 20th century,"```json
{
  ""recognized_as_product"": ""no"",
  ""image_quality"": 4,
  ""target_category_recognizability"": 2,
  ""confidence"": 3,
  ""design_intent"": ""functionality"",
  ""function_aesthetic_score"": 3,
  ""form_function_consistency"": 4,
  ""ambiguity_reason"": ""The image depicts an old car, but it's not a consumer product."",
  ""function"": ""A vintage car designed for transportation on cobblestone streets."",
  ""semantic_meaning"": ""Symbolizes historical transportation and the era of early automobiles."",
  ""emotion"": ""Nostalgic and historic."",
  ""cognitive_interpretation"": ""The viewer interprets the image as showcasing an old vehicle from a bygone era."",
  ""style_period"": ""Early 20th century""
}
```",
qwen25_vl_7b,Qwen/Qwen2.5-VL-7B-Instruct,Qwen2.5-VL,7B,2025,bf16,early_automobile_005,contrast_automobile_historical,early_automobile,Early automobile,5,20261508,early automobile,early_automobile_005.png,images/early_automobile_005.png,no,True,4,2,3,functionality,True,3,4,"The image depicts an old car, but it is not a consumer product itself.",A vintage car designed for transportation.,Symbolizes historical context and automotive evolution.,Nostalgic and timeless.,The viewer might think about the era when such cars were common and their role in society.,1920s,"```json
{
  ""recognized_as_product"": ""no"",
  ""image_quality"": 4,
  ""target_category_recognizability"": 2,
  ""confidence"": 3,
  ""design_intent"": ""functionality"",
  ""function_aesthetic_score"": 3,
  ""form_function_consistency"": 4,
  ""ambiguity_reason"": ""The image depicts an old car, but it is not a consumer product itself."",
  ""function"": ""A vintage car designed for transportation."",
  ""semantic_meaning"": ""Symbolizes historical context and automotive evolution."",
  ""emotion"": ""Nostalgic and timeless."",
  ""cognitive_interpretation"": ""The viewer might think about the era when such cars were common and their role in society."",
  ""style_period"": ""1920s""
}
```",
qwen25_vl_7b,Qwen/Qwen2.5-VL-7B-Instruct,Qwen2.5-VL,7B,2025,bf16,early_automobile_006,contrast_automobile_historical,early_automobile,Early automobile,6,20261509,early automobile,early_automobile_006.png,images/early_automobile_006.png,no,True,4,2,3,functionality,True,3,4,"The image depicts an old car, but it is not a consumer product.",A vintage car for transportation.,Symbolizes historical context and automotive evolution.,Nostalgic and classic.,The viewer interprets the car as a representation of past technology and societal norms.,Early 20th century,"```json
{
  ""recognized_as_product"": ""no"",
  ""image_quality"": 4,
  ""target_category_recognizability"": 2,
  ""confidence"": 3,
  ""design_intent"": ""functionality"",
  ""function_aesthetic_score"": 3,
  ""form_function_consistency"": 4,
  ""ambiguity_reason"": ""The image depicts an old car, but it is not a consumer product."",
  ""function"": ""A vintage car for transportation."",
  ""semantic_meaning"": ""Symbolizes historical context and automotive evolution."",
  ""emotion"": ""Nostalgic and classic."",
  ""cognitive_interpretation"": ""The viewer interprets the car as a representation of past technology and societal norms."",
  ""style_period"": ""Early 20th century""
}
```",
qwen25_vl_7b,Qwen/Qwen2.5-VL-7B-Instruct,Qwen2.5-VL,7B,2025,bf16,early_automobile_007,contrast_automobile_historical,early_automobile,Early automobile,7,20261510,early automobile,early_automobile_007.png,images/early_automobile_007.png,yes,True,4,5,5,functionality,True,2,4,none,A vintage car designed for transportation.,Symbolizes early 20th-century automotive technology and design.,Nostalgic and classic,The car is seen as a historical artifact representing an era of innovation in transportation.,Early 20th century,"```json
{
  ""recognized_as_product"": ""yes"",
  ""image_quality"": 4,
  ""target_category_recognizability"": 5,
  ""confidence"": 5,
  ""design_intent"": ""functionality"",
  ""function_aesthetic_score"": 2,
  ""form_function_consistency"": 4,
  ""ambiguity_reason"": ""none"",
  ""function"": ""A vintage car designed for transportation."",
  ""semantic_meaning"": ""Symbolizes early 20th-century automotive technology and design."",
  ""emotion"": ""Nostalgic and classic"",
  ""cognitive_interpretation"": ""The car is seen as a historical artifact representing an era of innovation in transportation."",
  ""style_period"": ""Early 20th century""
}
```",
qwen25_vl_7b,Qwen/Qwen2.5-VL-7B-Instruct,Qwen2.5-VL,7B,2025,bf16,early_automobile_008,contrast_automobile_historical,early_automobile,Early automobile,8,20261511,early automobile,early_automobile_008.png,images/early_automobile_008.png,yes,True,4,5,5,functionality,True,2,4,none,A vintage car designed for transportation.,Symbolizes early 20th-century automotive technology and design.,nostalgic,The viewer interprets it as a historical artifact with a focus on its mechanical capabilities.,1920s,"```json
{
  ""recognized_as_product"": ""yes"",
  ""image_quality"": 4,
  ""target_category_recognizability"": 5,
  ""confidence"": 5,
  ""design_intent"": ""functionality"",
  ""function_aesthetic_score"": 2,
  ""form_function_consistency"": 4,
  ""ambiguity_reason"": ""none"",
  ""function"": ""A vintage car designed for transportation."",
  ""semantic_meaning"": ""Symbolizes early 20th-century automotive technology and design."",
  ""emotion"": ""nostalgic"",
  ""cognitive_interpretation"": ""The viewer interprets it as a historical artifact with a focus on its mechanical capabilities."",
  ""style_period"": ""1920s""
}
```",
qwen25_vl_7b,Qwen/Qwen2.5-VL-7B-Instruct,Qwen2.5-VL,7B,2025,bf16,early_automobile_009,contrast_automobile_historical,early_automobile,Early automobile,9,20261512,early automobile,early_automobile_009.png,images/early_automobile_009.png,yes,True,4,5,5,functionality,True,2,4,none,A vintage car designed for transportation.,Symbolizes early 20th-century automotive technology and design.,nostalgic,The viewer interprets it as a historical artifact of early automobiles.,1920s,"```json
{
  ""recognized_as_product"": ""yes"",
  ""image_quality"": 4,
  ""target_category_recognizability"": 5,
  ""confidence"": 5,
  ""design_intent"": ""functionality"",
  ""function_aesthetic_score"": 2,
  ""form_function_consistency"": 4,
  ""ambiguity_reason"": ""none"",
  ""function"": ""A vintage car designed for transportation."",
  ""semantic_meaning"": ""Symbolizes early 20th-century automotive technology and design."",
  ""emotion"": ""nostalgic"",
  ""cognitive_interpretation"": ""The viewer interprets it as a historical artifact of early automobiles."",
  ""style_period"": ""1920s""
}
```",
qwen25_vl_7b,Qwen/Qwen2.5-VL-7B-Instruct,Qwen2.5-VL,7B,2025,bf16,early_automobile_010,contrast_automobile_historical,early_automobile,Early automobile,10,20261513,early automobile,early_automobile_010.png,images/early_automobile_010.png,yes,True,4,5,4,aesthetics,True,5,2,none,A vintage car designed for transportation.,Symbolizes historical significance and craftsmanship.,Nostalgic and elegant.,The car is perceived as a piece of history with aesthetic appeal.,Early 20th century,"```json
{
  ""recognized_as_product"": ""yes"",
  ""image_quality"": 4,
  ""target_category_recognizability"": 5,
  ""confidence"": 4,
  ""design_intent"": ""aesthetics"",
  ""function_aesthetic_score"": 5,
  ""form_function_consistency"": 2,
  ""ambiguity_reason"": ""none"",
  ""function"": ""A vintage car designed for transportation."",
  ""semantic_meaning"": ""Symbolizes historical significance and craftsmanship."",
  ""emotion"": ""Nostalgic and elegant."",
  ""cognitive_interpretation"": ""The car is perceived as a piece of history with aesthetic appeal."",
  ""style_period"": ""Early 20th century""
}
```",
qwen25_vl_7b,Qwen/Qwen2.5-VL-7B-Instruct,Qwen2.5-VL,7B,2025,bf16,early_automobile_011,contrast_automobile_historical,early_automobile,Early automobile,11,20261514,early automobile,early_automobile_011.png,images/early_automobile_011.png,no,True,4,2,3,functionality,True,3,4,"The image depicts an old car, but it is not a consumer product.",A vintage car designed for transportation.,Symbolizes historical automotive technology and design.,Nostalgic and historic.,The viewer interprets the car as a representation of early 20th-century transportation.,Early 20th century,"```json
{
  ""recognized_as_product"": ""no"",
  ""image_quality"": 4,
  ""target_category_recognizability"": 2,
  ""confidence"": 3,
  ""design_intent"": ""functionality"",
  ""function_aesthetic_score"": 3,
  ""form_function_consistency"": 4,
  ""ambiguity_reason"": ""The image depicts an old car, but it is not a consumer product."",
  ""function"": ""A vintage car designed for transportation."",
  ""semantic_meaning"": ""Symbolizes historical automotive technology and design."",
  ""emotion"": ""Nostalgic and historic."",
  ""cognitive_interpretation"": ""The viewer interprets the car as a representation of early 20th-century transportation."",
  ""style_period"": ""Early 20th century""
}
```",
qwen25_vl_7b,Qwen/Qwen2.5-VL-7B-Instruct,Qwen2.5-VL,7B,2025,bf16,early_automobile_012,contrast_automobile_historical,early_automobile,Early automobile,12,20261515,early automobile,early_automobile_012.png,images/early_automobile_012.png,yes,True,4,5,5,functionality,True,2,4,none,A vintage car designed for transportation.,Symbolizes historical automotive design and engineering.,nostalgic,The car is seen as a representation of early 20th-century transportation technology.,early 20th century,"```json
{
  ""recognized_as_product"": ""yes"",
  ""image_quality"": 4,
  ""target_category_recognizability"": 5,
  ""confidence"": 5,
  ""design_intent"": ""functionality"",
  ""function_aesthetic_score"": 2,
  ""form_function_consistency"": 4,
  ""ambiguity_reason"": ""none"",
  ""function"": ""A vintage car designed for transportation."",
  ""semantic_meaning"": ""Symbolizes historical automotive design and engineering."",
  ""emotion"": ""nostalgic"",
  ""cognitive_interpretation"": ""The car is seen as a representation of early 20th-century transportation technology."",
  ""style_period"": ""early 20th century""
}
```",
qwen25_vl_7b,Qwen/Qwen2.5-VL-7B-Instruct,Qwen2.5-VL,7B,2025,bf16,early_automobile_013,contrast_automobile_historical,early_automobile,Early automobile,13,20261516,early automobile,early_automobile_013.png,images/early_automobile_013.png,yes,True,4,5,5,functionality,True,2,4,none,A vintage car designed for transportation on roads.,Symbolizes early 20th-century automotive technology and lifestyle.,nostalgic,The image conveys the idea of a historical vehicle used for personal transport.,early 20th century,"```json
{
  ""recognized_as_product"": ""yes"",
  ""image_quality"": 4,
  ""target_category_recognizability"": 5,
  ""confidence"": 5,
  ""design_intent"": ""functionality"",
  ""function_aesthetic_score"": 2,
  ""form_function_consistency"": 4,
  ""ambiguity_reason"": ""none"",
  ""function"": ""A vintage car designed for transportation on roads."",
  ""semantic_meaning"": ""Symbolizes early 20th-century automotive technology and lifestyle."",
  ""emotion"": ""nostalgic"",
  ""cognitive_interpretation"": ""The image conveys the idea of a historical vehicle used for personal transport."",
  ""style_period"": ""early 20th century""
}
```",
qwen25_vl_7b,Qwen/Qwen2.5-VL-7B-Instruct,Qwen2.5-VL,7B,2025,bf16,early_automobile_014,contrast_automobile_historical,early_automobile,Early automobile,14,20261517,early automobile,early_automobile_014.png,images/early_automobile_014.png,no,True,4,2,3,symbolism,True,3,2,"The image depicts an old car, but it's not a consumer product itself.",An old-fashioned car designed for transportation.,"The car represents historical significance, vintage style, and possibly luxury or status from its era.",nostalgic,"The viewer might associate the car with a bygone era, reflecting on past times and the evolution of automotive design.",early 20th century,"```json
{
  ""recognized_as_product"": ""no"",
  ""image_quality"": 4,
  ""target_category_recognizability"": 2,
  ""confidence"": 3,
  ""design_intent"": ""symbolism"",
  ""function_aesthetic_score"": 3,
  ""form_function_consistency"": 2,
  ""ambiguity_reason"": ""The image depicts an old car, but it's not a consumer product itself."",
  ""function"": ""An old-fashioned car designed for transportation."",
  ""semantic_meaning"": ""The car represents historical significance, vintage style, and possibly luxury or status from its era."",
  ""emotion"": ""nostalgic"",
  ""cognitive_interpretation"": ""The viewer might associate the car with a bygone era, reflecting on past times and the evolution of automotive design."",
  ""style_period"": ""early 20th century""
}
```",
qwen25_vl_7b,Qwen/Qwen2.5-VL-7B-Instruct,Qwen2.5-VL,7B,2025,bf16,early_automobile_015,contrast_automobile_historical,early_automobile,Early automobile,15,20261518,early automobile,early_automobile_015.png,images/early_automobile_015.png,no,True,4,2,3,symbolism,True,3,2,"The image depicts an old car, but it is not a consumer product itself.",A vintage car designed for transportation.,Cultural and historical significance related to early automobiles.,Nostalgic and timeless.,The viewer may associate the car with the early days of automotive history and progress.,Early 20th century,"```json
{
  ""recognized_as_product"": ""no"",
  ""image_quality"": 4,
  ""target_category_recognizability"": 2,
  ""confidence"": 3,
  ""design_intent"": ""symbolism"",
  ""function_aesthetic_score"": 3,
  ""form_function_consistency"": 2,
  ""ambiguity_reason"": ""The image depicts an old car, but it is not a consumer product itself."",
  ""function"": ""A vintage car designed for transportation."",
  ""semantic_meaning"": ""Cultural and historical significance related to early automobiles."",
  ""emotion"": ""Nostalgic and timeless."",
  ""cognitive_interpretation"": ""The viewer may associate the car with the early days of automotive history and progress."",
  ""style_period"": ""Early 20th century""
}
```",
qwen25_vl_7b,Qwen/Qwen2.5-VL-7B-Instruct,Qwen2.5-VL,7B,2025,bf16,early_automobile_016,contrast_automobile_historical,early_automobile,Early automobile,16,20261519,early automobile,early_automobile_016.png,images/early_automobile_016.png,yes,True,4,5,5,functionality,True,2,4,none,A vintage car designed for transportation.,Symbolizes historical automotive design and engineering.,Nostalgic and classic,The car is perceived as a representation of early 20th-century transportation technology.,1920s,"```json
{
  ""recognized_as_product"": ""yes"",
  ""image_quality"": 4,
  ""target_category_recognizability"": 5,
  ""confidence"": 5,
  ""design_intent"": ""functionality"",
  ""function_aesthetic_score"": 2,
  ""form_function_consistency"": 4,
  ""ambiguity_reason"": ""none"",
  ""function"": ""A vintage car designed for transportation."",
  ""semantic_meaning"": ""Symbolizes historical automotive design and engineering."",
  ""emotion"": ""Nostalgic and classic"",
  ""cognitive_interpretation"": ""The car is perceived as a representation of early 20th-century transportation technology."",
  ""style_period"": ""1920s""
}
```",
qwen25_vl_7b,Qwen/Qwen2.5-VL-7B-Instruct,Qwen2.5-VL,7B,2025,bf16,early_automobile_017,contrast_automobile_historical,early_automobile,Early automobile,17,20261520,early automobile,early_automobile_017.png,images/early_automobile_017.png,no,True,4,2,3,functionality,True,3,4,"The image is a historical photograph, not a modern product.",A vintage car designed for transportation.,Symbolizes early automotive history and innovation.,nostalgic,The viewer interprets it as a representation of early 20th-century technology and progress.,early 20th century,"```json
{
  ""recognized_as_product"": ""no"",
  ""image_quality"": 4,
  ""target_category_recognizability"": 2,
  ""confidence"": 3,
  ""design_intent"": ""functionality"",
  ""function_aesthetic_score"": 3,
  ""form_function_consistency"": 4,
  ""ambiguity_reason"": ""The image is a historical photograph, not a modern product."",
  ""function"": ""A vintage car designed for transportation."",
  ""semantic_meaning"": ""Symbolizes early automotive history and innovation."",
  ""emotion"": ""nostalgic"",
  ""cognitive_interpretation"": ""The viewer interprets it as a representation of early 20th-century technology and progress."",
  ""style_period"": ""early 20th century""
}
```",
qwen25_vl_7b,Qwen/Qwen2.5-VL-7B-Instruct,Qwen2.5-VL,7B,2025,bf16,early_automobile_018,contrast_automobile_historical,early_automobile,Early automobile,18,20261521,early automobile,early_automobile_018.png,images/early_automobile_018.png,no,True,4,2,3,functionality,True,3,4,"The image depicts an old-fashioned car, but it is not a consumer product.",A vintage automobile designed for transportation.,Symbolizes early automotive history and technological progress.,Nostalgic and historic.,The viewer interprets the image as showcasing an early model of a motor vehicle.,Early 20th century,"```json
{
  ""recognized_as_product"": ""no"",
  ""image_quality"": 4,
  ""target_category_recognizability"": 2,
  ""confidence"": 3,
  ""design_intent"": ""functionality"",
  ""function_aesthetic_score"": 3,
  ""form_function_consistency"": 4,
  ""ambiguity_reason"": ""The image depicts an old-fashioned car, but it is not a consumer product."",
  ""function"": ""A vintage automobile designed for transportation."",
  ""semantic_meaning"": ""Symbolizes early automotive history and technological progress."",
  ""emotion"": ""Nostalgic and historic."",
  ""cognitive_interpretation"": ""The viewer interprets the image as showcasing an early model of a motor vehicle."",
  ""style_period"": ""Early 20th century""
}
```",
qwen25_vl_7b,Qwen/Qwen2.5-VL-7B-Instruct,Qwen2.5-VL,7B,2025,bf16,early_automobile_019,contrast_automobile_historical,early_automobile,Early automobile,19,20261522,early automobile,early_automobile_019.png,images/early_automobile_019.png,no,True,4,2,3,functionality,True,3,4,"The image depicts an early automobile, which is not a consumer product but rather a historical artifact.",A vintage automobile designed for transportation.,Symbolizes early automotive technology and the transition from horse-drawn carriages to motorized vehicles.,Nostalgic and historical.,The viewer interprets it as a representation of early 20th-century transportation innovation.,Early 20th century,"```json
{
  ""recognized_as_product"": ""no"",
  ""image_quality"": 4,
  ""target_category_recognizability"": 2,
  ""confidence"": 3,
  ""design_intent"": ""functionality"",
  ""function_aesthetic_score"": 3,
  ""form_function_consistency"": 4,
  ""ambiguity_reason"": ""The image depicts an early automobile, which is not a consumer product but rather a historical artifact."",
  ""function"": ""A vintage automobile designed for transportation."",
  ""semantic_meaning"": ""Symbolizes early automotive technology and the transition from horse-drawn carriages to motorized vehicles."",
  ""emotion"": ""Nostalgic and historical."",
  ""cognitive_interpretation"": ""The viewer interprets it as a representation of early 20th-century transportation innovation."",
  ""style_period"": ""Early 20th century""
}
```",
qwen25_vl_7b,Qwen/Qwen2.5-VL-7B-Instruct,Qwen2.5-VL,7B,2025,bf16,early_automobile_020,contrast_automobile_historical,early_automobile,Early automobile,20,20261523,early automobile,early_automobile_020.png,images/early_automobile_020.png,yes,True,4,5,5,functionality,True,2,4,none,A vintage car designed for transportation.,Symbolizes historical progress and early automotive technology.,nostalgic,The viewer interprets it as a representation of past technological advancements.,early 20th century,"```json
{
  ""recognized_as_product"": ""yes"",
  ""image_quality"": 4,
  ""target_category_recognizability"": 5,
  ""confidence"": 5,
  ""design_intent"": ""functionality"",
  ""function_aesthetic_score"": 2,
  ""form_function_consistency"": 4,
  ""ambiguity_reason"": ""none"",
  ""function"": ""A vintage car designed for transportation."",
  ""semantic_meaning"": ""Symbolizes historical progress and early automotive technology."",
  ""emotion"": ""nostalgic"",
  ""cognitive_interpretation"": ""The viewer interprets it as a representation of past technological advancements."",
  ""style_period"": ""early 20th century""
}
```",
qwen25_vl_7b,Qwen/Qwen2.5-VL-7B-Instruct,Qwen2.5-VL,7B,2025,bf16,early_automobile_021,contrast_automobile_historical,early_automobile,Early automobile,21,20261524,early automobile,early_automobile_021.png,images/early_automobile_021.png,yes,True,4,5,5,functionality,True,2,4,none,A vintage car designed for transportation.,Symbolizes early 20th-century automotive history and design.,Nostalgic and classic,The car is seen as a historical artifact representing past technological advancements.,1920s,"```json
{
  ""recognized_as_product"": ""yes"",
  ""image_quality"": 4,
  ""target_category_recognizability"": 5,
  ""confidence"": 5,
  ""design_intent"": ""functionality"",
  ""function_aesthetic_score"": 2,
  ""form_function_consistency"": 4,
  ""ambiguity_reason"": ""none"",
  ""function"": ""A vintage car designed for transportation."",
  ""semantic_meaning"": ""Symbolizes early 20th-century automotive history and design."",
  ""emotion"": ""Nostalgic and classic"",
  ""cognitive_interpretation"": ""The car is seen as a historical artifact representing past technological advancements."",
  ""style_period"": ""1920s""
}
```",
qwen25_vl_7b,Qwen/Qwen2.5-VL-7B-Instruct,Qwen2.5-VL,7B,2025,bf16,early_automobile_022,contrast_automobile_historical,early_automobile,Early automobile,22,20261525,early automobile,early_automobile_022.png,images/early_automobile_022.png,yes,True,4,5,5,functionality,True,2,4,none,A vintage car designed for transportation.,Symbolizes historical automotive design and engineering.,nostalgic,The car is seen as a representation of early 20th-century transportation technology.,early 20th century,"```json
{
  ""recognized_as_product"": ""yes"",
  ""image_quality"": 4,
  ""target_category_recognizability"": 5,
  ""confidence"": 5,
  ""design_intent"": ""functionality"",
  ""function_aesthetic_score"": 2,
  ""form_function_consistency"": 4,
  ""ambiguity_reason"": ""none"",
  ""function"": ""A vintage car designed for transportation."",
  ""semantic_meaning"": ""Symbolizes historical automotive design and engineering."",
  ""emotion"": ""nostalgic"",
  ""cognitive_interpretation"": ""The car is seen as a representation of early 20th-century transportation technology."",
  ""style_period"": ""early 20th century""
}
```",
qwen25_vl_7b,Qwen/Qwen2.5-VL-7B-Instruct,Qwen2.5-VL,7B,2025,bf16,early_automobile_023,contrast_automobile_historical,early_automobile,Early automobile,23,20261526,early automobile,early_automobile_023.png,images/early_automobile_023.png,no,True,4,1,2,symbolism,True,3,2,"The image depicts a historical scene with a vintage car, but it does not clearly communicate a specific consumer product.",A vintage car on display in a historical setting.,"The image symbolizes the transition from horse-drawn carriages to early automobiles, reflecting technological progress and social change.",nostalgic,The viewer might interpret the image as a representation of the early automotive era and its impact on society.,early 20th century,"```json
{
  ""recognized_as_product"": ""no"",
  ""image_quality"": 4,
  ""target_category_recognizability"": 1,
  ""confidence"": 2,
  ""design_intent"": ""symbolism"",
  ""function_aesthetic_score"": 3,
  ""form_function_consistency"": 2,
  ""ambiguity_reason"": ""The image depicts a historical scene with a vintage car, but it does not clearly communicate a specific consumer product."",
  ""function"": ""A vintage car on display in a historical setting."",
  ""semantic_meaning"": ""The image symbolizes the transition from horse-drawn carriages to early automobiles, reflecting technological progress and social change."",
  ""emotion"": ""nostalgic"",
  ""cognitive_interpretation"": ""The viewer might interpret the image as a representation of the early automotive era and its impact on society."",
  ""style_period"": ""early 20th century""
}
```",
qwen25_vl_7b,Qwen/Qwen2.5-VL-7B-Instruct,Qwen2.5-VL,7B,2025,bf16,early_automobile_024,contrast_automobile_historical,early_automobile,Early automobile,24,20261527,early automobile,early_automobile_024.png,images/early_automobile_024.png,no,True,4,2,3,functionality,True,3,4,"The image depicts an old car, which is not a consumer product.",A vintage car designed for transportation.,Symbolizes historical automotive design and engineering.,Nostalgic and classic.,The viewer might think about the era when such cars were common and their role in transportation history.,Early 20th century,"```json
{
  ""recognized_as_product"": ""no"",
  ""image_quality"": 4,
  ""target_category_recognizability"": 2,
  ""confidence"": 3,
  ""design_intent"": ""functionality"",
  ""function_aesthetic_score"": 3,
  ""form_function_consistency"": 4,
  ""ambiguity_reason"": ""The image depicts an old car, which is not a consumer product."",
  ""function"": ""A vintage car designed for transportation."",
  ""semantic_meaning"": ""Symbolizes historical automotive design and engineering."",
  ""emotion"": ""Nostalgic and classic."",
  ""cognitive_interpretation"": ""The viewer might think about the era when such cars were common and their role in transportation history."",
  ""style_period"": ""Early 20th century""
}
```",
qwen25_vl_7b,Qwen/Qwen2.5-VL-7B-Instruct,Qwen2.5-VL,7B,2025,bf16,early_automobile_025,contrast_automobile_historical,early_automobile,Early automobile,25,20261528,early automobile,early_automobile_025.png,images/early_automobile_025.png,yes,True,4,5,5,aesthetics,True,4,2,none,transportation vehicle,representation of early 20th-century automotive design,nostalgic,a vintage car with historical significance,early 1920s,"```json
{
  ""recognized_as_product"": ""yes"",
  ""image_quality"": 4,
  ""target_category_recognizability"": 5,
  ""confidence"": 5,
  ""design_intent"": ""aesthetics"",
  ""function_aesthetic_score"": 4,
  ""form_function_consistency"": 2,
  ""ambiguity_reason"": ""none"",
  ""function"": ""transportation vehicle"",
  ""semantic_meaning"": ""representation of early 20th-century automotive design"",
  ""emotion"": ""nostalgic"",
  ""cognitive_interpretation"": ""a vintage car with historical significance"",
  ""style_period"": ""early 1920s""
}
```",
qwen25_vl_7b,Qwen/Qwen2.5-VL-7B-Instruct,Qwen2.5-VL,7B,2025,bf16,vacuum_cleaner_001,contrast_cleaning_electric,vacuum_cleaner,Vacuum cleaner,1,20262504,vacuum cleaner,vacuum_cleaner_001.png,images/vacuum_cleaner_001.png,yes,True,4,5,5,functionality,True,2,5,none,A handheld vacuum cleaner designed for cleaning wooden floors.,The image conveys practicality and cleanliness.,"Neutral, focused on utility.",Users would likely associate the image with the idea of maintaining a clean home environment.,Modern,"```json
{
  ""recognized_as_product"": ""yes"",
  ""image_quality"": 4,
  ""target_category_recognizability"": 5,
  ""confidence"": 5,
  ""design_intent"": ""functionality"",
  ""function_aesthetic_score"": 2,
  ""form_function_consistency"": 5,
  ""ambiguity_reason"": ""none"",
  ""function"": ""A handheld vacuum cleaner designed for cleaning wooden floors."",
  ""semantic_meaning"": ""The image conveys practicality and cleanliness."",
  ""emotion"": ""Neutral, focused on utility."",
  ""cognitive_interpretation"": ""Users would likely associate the image with the idea of maintaining a clean home environment."",
  ""style_period"": ""Modern""
}
```",
qwen25_vl_7b,Qwen/Qwen2.5-VL-7B-Instruct,Qwen2.5-VL,7B,2025,bf16,vacuum_cleaner_002,contrast_cleaning_electric,vacuum_cleaner,Vacuum cleaner,2,20262505,vacuum cleaner,vacuum_cleaner_002.png,images/vacuum_cleaner_002.png,yes,True,5,5,5,functionality,True,3,4,none,A cordless vacuum cleaner with a telescopic handle and a brushroll attachment.,A practical tool for cleaning floors and carpets.,"Neutral, functional",The image conveys a sense of efficiency and modern technology in home cleaning.,Contemporary,"```json
{
  ""recognized_as_product"": ""yes"",
  ""image_quality"": 5,
  ""target_category_recognizability"": 5,
  ""confidence"": 5,
  ""design_intent"": ""functionality"",
  ""function_aesthetic_score"": 3,
  ""form_function_consistency"": 4,
  ""ambiguity_reason"": ""none"",
  ""function"": ""A cordless vacuum cleaner with a telescopic handle and a brushroll attachment."",
  ""semantic_meaning"": ""A practical tool for cleaning floors and carpets."",
  ""emotion"": ""Neutral, functional"",
  ""cognitive_interpretation"": ""The image conveys a sense of efficiency and modern technology in home cleaning."",
  ""style_period"": ""Contemporary""
}
```",
qwen25_vl_7b,Qwen/Qwen2.5-VL-7B-Instruct,Qwen2.5-VL,7B,2025,bf16,vacuum_cleaner_003,contrast_cleaning_electric,vacuum_cleaner,Vacuum cleaner,3,20262506,vacuum cleaner,vacuum_cleaner_003.png,images/vacuum_cleaner_003.png,yes,True,4,5,5,functionality,True,2,4,none,A vacuum cleaner designed for cleaning floors and carpets.,A practical tool for maintaining cleanliness in homes and offices.,"Neutral, functional",The image conveys the idea of a device used for cleaning surfaces.,modern,"```json
{
  ""recognized_as_product"": ""yes"",
  ""image_quality"": 4,
  ""target_category_recognizability"": 5,
  ""confidence"": 5,
  ""design_intent"": ""functionality"",
  ""function_aesthetic_score"": 2,
  ""form_function_consistency"": 4,
  ""ambiguity_reason"": ""none"",
  ""function"": ""A vacuum cleaner designed for cleaning floors and carpets."",
  ""semantic_meaning"": ""A practical tool for maintaining cleanliness in homes and offices."",
  ""emotion"": ""Neutral, functional"",
  ""cognitive_interpretation"": ""The image conveys the idea of a device used for cleaning surfaces."",
  ""style_period"": ""modern""
}
```",
qwen25_vl_7b,Qwen/Qwen2.5-VL-7B-Instruct,Qwen2.5-VL,7B,2025,bf16,vacuum_cleaner_004,contrast_cleaning_electric,vacuum_cleaner,Vacuum cleaner,4,20262507,vacuum cleaner,vacuum_cleaner_004.png,images/vacuum_cleaner_004.png,yes,True,5,5,5,functionality,True,3,5,none,A vacuum cleaner designed for cleaning floors and carpets.,A practical tool for maintaining cleanliness in homes and offices.,"Neutral, functional",The user would likely interpret it as a device for cleaning surfaces.,Modern,"```json
{
  ""recognized_as_product"": ""yes"",
  ""image_quality"": 5,
  ""target_category_recognizability"": 5,
  ""confidence"": 5,
  ""design_intent"": ""functionality"",
  ""function_aesthetic_score"": 3,
  ""form_function_consistency"": 5,
  ""ambiguity_reason"": ""none"",
  ""function"": ""A vacuum cleaner designed for cleaning floors and carpets."",
  ""semantic_meaning"": ""A practical tool for maintaining cleanliness in homes and offices."",
  ""emotion"": ""Neutral, functional"",
  ""cognitive_interpretation"": ""The user would likely interpret it as a device for cleaning surfaces."",
  ""style_period"": ""Modern""
}
```",
qwen25_vl_7b,Qwen/Qwen2.5-VL-7B-Instruct,Qwen2.5-VL,7B,2025,bf16,vacuum_cleaner_005,contrast_cleaning_electric,vacuum_cleaner,Vacuum cleaner,5,20262508,vacuum cleaner,vacuum_cleaner_005.png,images/vacuum_cleaner_005.png,yes,True,4,5,5,functionality,True,3,5,none,A vacuum cleaner being used on a wooden floor.,The image symbolizes cleanliness and maintenance of a home environment.,"Neutral, focused on practicality.",Users would likely interpret the image as demonstrating the use of a vacuum cleaner for cleaning purposes.,Modern,"```json
{
  ""recognized_as_product"": ""yes"",
  ""image_quality"": 4,
  ""target_category_recognizability"": 5,
  ""confidence"": 5,
  ""design_intent"": ""functionality"",
  ""function_aesthetic_score"": 3,
  ""form_function_consistency"": 5,
  ""ambiguity_reason"": ""none"",
  ""function"": ""A vacuum cleaner being used on a wooden floor."",
  ""semantic_meaning"": ""The image symbolizes cleanliness and maintenance of a home environment."",
  ""emotion"": ""Neutral, focused on practicality."",
  ""cognitive_interpretation"": ""Users would likely interpret the image as demonstrating the use of a vacuum cleaner for cleaning purposes."",
  ""style_period"": ""Modern""
}
```",
qwen25_vl_7b,Qwen/Qwen2.5-VL-7B-Instruct,Qwen2.5-VL,7B,2025,bf16,vacuum_cleaner_006,contrast_cleaning_electric,vacuum_cleaner,Vacuum cleaner,6,20262509,vacuum cleaner,vacuum_cleaner_006.png,images/vacuum_cleaner_006.png,yes,True,5,5,5,functionality,True,3,4,none,A vacuum cleaner designed for cleaning floors and carpets.,A practical tool for maintaining cleanliness in homes and offices.,"Neutral, functional",The user would likely interpret it as a device for cleaning surfaces.,modern,"```json
{
  ""recognized_as_product"": ""yes"",
  ""image_quality"": 5,
  ""target_category_recognizability"": 5,
  ""confidence"": 5,
  ""design_intent"": ""functionality"",
  ""function_aesthetic_score"": 3,
  ""form_function_consistency"": 4,
  ""ambiguity_reason"": ""none"",
  ""function"": ""A vacuum cleaner designed for cleaning floors and carpets."",
  ""semantic_meaning"": ""A practical tool for maintaining cleanliness in homes and offices."",
  ""emotion"": ""Neutral, functional"",
  ""cognitive_interpretation"": ""The user would likely interpret it as a device for cleaning surfaces."",
  ""style_period"": ""modern""
}
```",
qwen25_vl_7b,Qwen/Qwen2.5-VL-7B-Instruct,Qwen2.5-VL,7B,2025,bf16,vacuum_cleaner_007,contrast_cleaning_electric,vacuum_cleaner,Vacuum cleaner,7,20262510,vacuum cleaner,vacuum_cleaner_007.png,images/vacuum_cleaner_007.png,yes,True,4,5,5,functionality,True,2,5,none,A vacuum cleaner designed for cleaning floors.,A practical tool for maintaining cleanliness and hygiene in homes.,"Neutral, functional",The viewer would likely understand it as a device for cleaning floors.,modern,"```json
{
  ""recognized_as_product"": ""yes"",
  ""image_quality"": 4,
  ""target_category_recognizability"": 5,
  ""confidence"": 5,
  ""design_intent"": ""functionality"",
  ""function_aesthetic_score"": 2,
  ""form_function_consistency"": 5,
  ""ambiguity_reason"": ""none"",
  ""function"": ""A vacuum cleaner designed for cleaning floors."",
  ""semantic_meaning"": ""A practical tool for maintaining cleanliness and hygiene in homes."",
  ""emotion"": ""Neutral, functional"",
  ""cognitive_interpretation"": ""The viewer would likely understand it as a device for cleaning floors."",
  ""style_period"": ""modern""
}
```",
qwen25_vl_7b,Qwen/Qwen2.5-VL-7B-Instruct,Qwen2.5-VL,7B,2025,bf16,vacuum_cleaner_008,contrast_cleaning_electric,vacuum_cleaner,Vacuum cleaner,8,20262511,vacuum cleaner,vacuum_cleaner_008.png,images/vacuum_cleaner_008.png,yes,True,4,5,5,functionality,True,2,5,none,A vacuum cleaner designed for cleaning floors.,A practical tool for maintaining cleanliness and hygiene in homes.,"Neutral, focused on utility.",The viewer would likely understand it as a device used for cleaning.,Modern,"```json
{
  ""recognized_as_product"": ""yes"",
  ""image_quality"": 4,
  ""target_category_recognizability"": 5,
  ""confidence"": 5,
  ""design_intent"": ""functionality"",
  ""function_aesthetic_score"": 2,
  ""form_function_consistency"": 5,
  ""ambiguity_reason"": ""none"",
  ""function"": ""A vacuum cleaner designed for cleaning floors."",
  ""semantic_meaning"": ""A practical tool for maintaining cleanliness and hygiene in homes."",
  ""emotion"": ""Neutral, focused on utility."",
  ""cognitive_interpretation"": ""The viewer would likely understand it as a device used for cleaning."",
  ""style_period"": ""Modern""
}
```",
qwen25_vl_7b,Qwen/Qwen2.5-VL-7B-Instruct,Qwen2.5-VL,7B,2025,bf16,vacuum_cleaner_009,contrast_cleaning_electric,vacuum_cleaner,Vacuum cleaner,9,20262512,vacuum cleaner,vacuum_cleaner_009.png,images/vacuum_cleaner_009.png,yes,True,4,5,5,functionality,True,2,5,none,A cordless vacuum cleaner designed for cleaning floors.,The image represents a practical tool for household cleaning tasks.,Neutral,"Users would likely interpret the image as a modern, efficient cleaning device.",contemporary,"```json
{
  ""recognized_as_product"": ""yes"",
  ""image_quality"": 4,
  ""target_category_recognizability"": 5,
  ""confidence"": 5,
  ""design_intent"": ""functionality"",
  ""function_aesthetic_score"": 2,
  ""form_function_consistency"": 5,
  ""ambiguity_reason"": ""none"",
  ""function"": ""A cordless vacuum cleaner designed for cleaning floors."",
  ""semantic_meaning"": ""The image represents a practical tool for household cleaning tasks."",
  ""emotion"": ""Neutral"",
  ""cognitive_interpretation"": ""Users would likely interpret the image as a modern, efficient cleaning device."",
  ""style_period"": ""contemporary""
}
```",
qwen25_vl_7b,Qwen/Qwen2.5-VL-7B-Instruct,Qwen2.5-VL,7B,2025,bf16,vacuum_cleaner_010,contrast_cleaning_electric,vacuum_cleaner,Vacuum cleaner,10,20262513,vacuum cleaner,vacuum_cleaner_010.png,images/vacuum_cleaner_010.png,yes,True,4,5,5,functionality,True,2,5,none,A handheld vacuum cleaner designed for cleaning floors.,The image represents a practical tool used for maintaining cleanliness in homes or offices.,"Neutral, focused on utility.",Users would likely interpret the image as a device for cleaning tasks.,Modern,"```json
{
  ""recognized_as_product"": ""yes"",
  ""image_quality"": 4,
  ""target_category_recognizability"": 5,
  ""confidence"": 5,
  ""design_intent"": ""functionality"",
  ""function_aesthetic_score"": 2,
  ""form_function_consistency"": 5,
  ""ambiguity_reason"": ""none"",
  ""function"": ""A handheld vacuum cleaner designed for cleaning floors."",
  ""semantic_meaning"": ""The image represents a practical tool used for maintaining cleanliness in homes or offices."",
  ""emotion"": ""Neutral, focused on utility."",
  ""cognitive_interpretation"": ""Users would likely interpret the image as a device for cleaning tasks."",
  ""style_period"": ""Modern""
}
```",
qwen25_vl_7b,Qwen/Qwen2.5-VL-7B-Instruct,Qwen2.5-VL,7B,2025,bf16,vacuum_cleaner_011,contrast_cleaning_electric,vacuum_cleaner,Vacuum cleaner,11,20262514,vacuum cleaner,vacuum_cleaner_011.png,images/vacuum_cleaner_011.png,yes,True,5,5,5,functionality,True,3,5,none,A vacuum cleaner designed for cleaning floors and carpets.,A practical tool for maintaining cleanliness in homes and offices.,"Neutral, functional",The user would likely interpret it as a device for cleaning surfaces.,Modern,"```json
{
  ""recognized_as_product"": ""yes"",
  ""image_quality"": 5,
  ""target_category_recognizability"": 5,
  ""confidence"": 5,
  ""design_intent"": ""functionality"",
  ""function_aesthetic_score"": 3,
  ""form_function_consistency"": 5,
  ""ambiguity_reason"": ""none"",
  ""function"": ""A vacuum cleaner designed for cleaning floors and carpets."",
  ""semantic_meaning"": ""A practical tool for maintaining cleanliness in homes and offices."",
  ""emotion"": ""Neutral, functional"",
  ""cognitive_interpretation"": ""The user would likely interpret it as a device for cleaning surfaces."",
  ""style_period"": ""Modern""
}
```",
qwen25_vl_7b,Qwen/Qwen2.5-VL-7B-Instruct,Qwen2.5-VL,7B,2025,bf16,vacuum_cleaner_012,contrast_cleaning_electric,vacuum_cleaner,Vacuum cleaner,12,20262515,vacuum cleaner,vacuum_cleaner_012.png,images/vacuum_cleaner_012.png,yes,True,4,5,5,functionality,True,3,5,none,A handheld vacuum cleaner designed for cleaning floors and carpets.,The product symbolizes cleanliness and maintenance of living spaces.,"Neutral, practical, and efficient.",Users will likely associate the product with the task of cleaning and maintaining a tidy home.,Modern,"```json
{
  ""recognized_as_product"": ""yes"",
  ""image_quality"": 4,
  ""target_category_recognizability"": 5,
  ""confidence"": 5,
  ""design_intent"": ""functionality"",
  ""function_aesthetic_score"": 3,
  ""form_function_consistency"": 5,
  ""ambiguity_reason"": ""none"",
  ""function"": ""A handheld vacuum cleaner designed for cleaning floors and carpets."",
  ""semantic_meaning"": ""The product symbolizes cleanliness and maintenance of living spaces."",
  ""emotion"": ""Neutral, practical, and efficient."",
  ""cognitive_interpretation"": ""Users will likely associate the product with the task of cleaning and maintaining a tidy home."",
  ""style_period"": ""Modern""
}
```",
qwen25_vl_7b,Qwen/Qwen2.5-VL-7B-Instruct,Qwen2.5-VL,7B,2025,bf16,vacuum_cleaner_013,contrast_cleaning_electric,vacuum_cleaner,Vacuum cleaner,13,20262516,vacuum cleaner,vacuum_cleaner_013.png,images/vacuum_cleaner_013.png,yes,True,5,5,5,functionality,True,3,4,none,A cordless vacuum cleaner with a telescopic handle and a dustbin at the bottom.,The product symbolizes cleanliness and maintenance of living spaces.,"Neutral, practical, and efficient.",Users will likely interpret it as a tool for cleaning floors and carpets.,Modern,"```json
{
  ""recognized_as_product"": ""yes"",
  ""image_quality"": 5,
  ""target_category_recognizability"": 5,
  ""confidence"": 5,
  ""design_intent"": ""functionality"",
  ""function_aesthetic_score"": 3,
  ""form_function_consistency"": 4,
  ""ambiguity_reason"": ""none"",
  ""function"": ""A cordless vacuum cleaner with a telescopic handle and a dustbin at the bottom."",
  ""semantic_meaning"": ""The product symbolizes cleanliness and maintenance of living spaces."",
  ""emotion"": ""Neutral, practical, and efficient."",
  ""cognitive_interpretation"": ""Users will likely interpret it as a tool for cleaning floors and carpets."",
  ""style_period"": ""Modern""
}
```",
qwen25_vl_7b,Qwen/Qwen2.5-VL-7B-Instruct,Qwen2.5-VL,7B,2025,bf16,vacuum_cleaner_014,contrast_cleaning_electric,vacuum_cleaner,Vacuum cleaner,14,20262517,vacuum cleaner,vacuum_cleaner_014.png,images/vacuum_cleaner_014.png,yes,True,4,5,5,functionality,True,3,5,none,A vacuum cleaner designed for cleaning floors.,The image represents a practical tool used for maintaining cleanliness in indoor spaces.,"Neutral, focused on utility.",Users would likely interpret the image as a functional appliance for cleaning.,Modern,"```json
{
  ""recognized_as_product"": ""yes"",
  ""image_quality"": 4,
  ""target_category_recognizability"": 5,
  ""confidence"": 5,
  ""design_intent"": ""functionality"",
  ""function_aesthetic_score"": 3,
  ""form_function_consistency"": 5,
  ""ambiguity_reason"": ""none"",
  ""function"": ""A vacuum cleaner designed for cleaning floors."",
  ""semantic_meaning"": ""The image represents a practical tool used for maintaining cleanliness in indoor spaces."",
  ""emotion"": ""Neutral, focused on utility."",
  ""cognitive_interpretation"": ""Users would likely interpret the image as a functional appliance for cleaning."",
  ""style_period"": ""Modern""
}
```",
qwen25_vl_7b,Qwen/Qwen2.5-VL-7B-Instruct,Qwen2.5-VL,7B,2025,bf16,vacuum_cleaner_015,contrast_cleaning_electric,vacuum_cleaner,Vacuum cleaner,15,20262518,vacuum cleaner,vacuum_cleaner_015.png,images/vacuum_cleaner_015.png,yes,True,4,5,5,functionality,True,2,5,none,A vacuum cleaner designed for cleaning carpets and hard floors.,Represents cleanliness and maintenance of living spaces.,"Neutral, practical, and efficient.",The viewer would likely interpret it as a tool for household cleaning.,Modern,"```json
{
  ""recognized_as_product"": ""yes"",
  ""image_quality"": 4,
  ""target_category_recognizability"": 5,
  ""confidence"": 5,
  ""design_intent"": ""functionality"",
  ""function_aesthetic_score"": 2,
  ""form_function_consistency"": 5,
  ""ambiguity_reason"": ""none"",
  ""function"": ""A vacuum cleaner designed for cleaning carpets and hard floors."",
  ""semantic_meaning"": ""Represents cleanliness and maintenance of living spaces."",
  ""emotion"": ""Neutral, practical, and efficient."",
  ""cognitive_interpretation"": ""The viewer would likely interpret it as a tool for household cleaning."",
  ""style_period"": ""Modern""
}
```",
qwen25_vl_7b,Qwen/Qwen2.5-VL-7B-Instruct,Qwen2.5-VL,7B,2025,bf16,vacuum_cleaner_016,contrast_cleaning_electric,vacuum_cleaner,Vacuum cleaner,16,20262519,vacuum cleaner,vacuum_cleaner_016.png,images/vacuum_cleaner_016.png,yes,True,4,5,5,functionality,True,2,4,none,A vacuum cleaner designed for cleaning floors and carpets.,A practical tool for maintaining cleanliness in homes and offices.,Neutral,The image conveys the idea of a device used for cleaning surfaces by suction.,modern,"```json
{
  ""recognized_as_product"": ""yes"",
  ""image_quality"": 4,
  ""target_category_recognizability"": 5,
  ""confidence"": 5,
  ""design_intent"": ""functionality"",
  ""function_aesthetic_score"": 2,
  ""form_function_consistency"": 4,
  ""ambiguity_reason"": ""none"",
  ""function"": ""A vacuum cleaner designed for cleaning floors and carpets."",
  ""semantic_meaning"": ""A practical tool for maintaining cleanliness in homes and offices."",
  ""emotion"": ""Neutral"",
  ""cognitive_interpretation"": ""The image conveys the idea of a device used for cleaning surfaces by suction."",
  ""style_period"": ""modern""
}
```",
qwen25_vl_7b,Qwen/Qwen2.5-VL-7B-Instruct,Qwen2.5-VL,7B,2025,bf16,vacuum_cleaner_017,contrast_cleaning_electric,vacuum_cleaner,Vacuum cleaner,17,20262520,vacuum cleaner,vacuum_cleaner_017.png,images/vacuum_cleaner_017.png,yes,True,5,5,5,functionality,True,3,4,none,A vacuum cleaner designed for cleaning floors and carpets.,A practical tool for maintaining cleanliness in homes and offices.,"Neutral, functional",The viewer would likely understand it as a device for cleaning surfaces.,modern,"```json
{
  ""recognized_as_product"": ""yes"",
  ""image_quality"": 5,
  ""target_category_recognizability"": 5,
  ""confidence"": 5,
  ""design_intent"": ""functionality"",
  ""function_aesthetic_score"": 3,
  ""form_function_consistency"": 4,
  ""ambiguity_reason"": ""none"",
  ""function"": ""A vacuum cleaner designed for cleaning floors and carpets."",
  ""semantic_meaning"": ""A practical tool for maintaining cleanliness in homes and offices."",
  ""emotion"": ""Neutral, functional"",
  ""cognitive_interpretation"": ""The viewer would likely understand it as a device for cleaning surfaces."",
  ""style_period"": ""modern""
}
```",
qwen25_vl_7b,Qwen/Qwen2.5-VL-7B-Instruct,Qwen2.5-VL,7B,2025,bf16,vacuum_cleaner_018,contrast_cleaning_electric,vacuum_cleaner,Vacuum cleaner,18,20262521,vacuum cleaner,vacuum_cleaner_018.png,images/vacuum_cleaner_018.png,yes,True,4,5,5,functionality,True,3,5,none,A vacuum cleaner being used for cleaning floors.,The image symbolizes cleanliness and maintenance.,"Neutral, focused on practicality.",Users would interpret the image as demonstrating the use of a vacuum cleaner for cleaning tasks.,Modern,"```json
{
  ""recognized_as_product"": ""yes"",
  ""image_quality"": 4,
  ""target_category_recognizability"": 5,
  ""confidence"": 5,
  ""design_intent"": ""functionality"",
  ""function_aesthetic_score"": 3,
  ""form_function_consistency"": 5,
  ""ambiguity_reason"": ""none"",
  ""function"": ""A vacuum cleaner being used for cleaning floors."",
  ""semantic_meaning"": ""The image symbolizes cleanliness and maintenance."",
  ""emotion"": ""Neutral, focused on practicality."",
  ""cognitive_interpretation"": ""Users would interpret the image as demonstrating the use of a vacuum cleaner for cleaning tasks."",
  ""style_period"": ""Modern""
}
```",
qwen25_vl_7b,Qwen/Qwen2.5-VL-7B-Instruct,Qwen2.5-VL,7B,2025,bf16,vacuum_cleaner_019,contrast_cleaning_electric,vacuum_cleaner,Vacuum cleaner,19,20262522,vacuum cleaner,vacuum_cleaner_019.png,images/vacuum_cleaner_019.png,yes,True,4,5,5,functionality,True,2,5,none,A vacuum cleaner designed for cleaning floors and surfaces.,A practical tool for maintaining cleanliness and hygiene in homes and offices.,"Neutral, functional","The image conveys the idea of a device used for cleaning tasks, emphasizing its utility and efficiency.",modern,"```json
{
  ""recognized_as_product"": ""yes"",
  ""image_quality"": 4,
  ""target_category_recognizability"": 5,
  ""confidence"": 5,
  ""design_intent"": ""functionality"",
  ""function_aesthetic_score"": 2,
  ""form_function_consistency"": 5,
  ""ambiguity_reason"": ""none"",
  ""function"": ""A vacuum cleaner designed for cleaning floors and surfaces."",
  ""semantic_meaning"": ""A practical tool for maintaining cleanliness and hygiene in homes and offices."",
  ""emotion"": ""Neutral, functional"",
  ""cognitive_interpretation"": ""The image conveys the idea of a device used for cleaning tasks, emphasizing its utility and efficiency."",
  ""style_period"": ""modern""
}
```",
qwen25_vl_7b,Qwen/Qwen2.5-VL-7B-Instruct,Qwen2.5-VL,7B,2025,bf16,vacuum_cleaner_020,contrast_cleaning_electric,vacuum_cleaner,Vacuum cleaner,20,20262523,vacuum cleaner,vacuum_cleaner_020.png,images/vacuum_cleaner_020.png,yes,True,5,5,5,functionality,True,3,5,none,A vacuum cleaner designed for cleaning floors and carpets.,A practical tool for maintaining cleanliness in homes and offices.,"Neutral, functional",The user would likely interpret it as a device for cleaning surfaces.,modern,"```json
{
  ""recognized_as_product"": ""yes"",
  ""image_quality"": 5,
  ""target_category_recognizability"": 5,
  ""confidence"": 5,
  ""design_intent"": ""functionality"",
  ""function_aesthetic_score"": 3,
  ""form_function_consistency"": 5,
  ""ambiguity_reason"": ""none"",
  ""function"": ""A vacuum cleaner designed for cleaning floors and carpets."",
  ""semantic_meaning"": ""A practical tool for maintaining cleanliness in homes and offices."",
  ""emotion"": ""Neutral, functional"",
  ""cognitive_interpretation"": ""The user would likely interpret it as a device for cleaning surfaces."",
  ""style_period"": ""modern""
}
```",
qwen25_vl_7b,Qwen/Qwen2.5-VL-7B-Instruct,Qwen2.5-VL,7B,2025,bf16,vacuum_cleaner_021,contrast_cleaning_electric,vacuum_cleaner,Vacuum cleaner,21,20262524,vacuum cleaner,vacuum_cleaner_021.png,images/vacuum_cleaner_021.png,yes,True,4,5,5,functionality,True,3,5,none,A vacuum cleaner designed for cleaning floors.,A practical tool for maintaining cleanliness and hygiene in indoor spaces.,"Neutral, focused on utility.","The viewer would likely interpret the image as showcasing a modern, efficient vacuum cleaner.",Contemporary,"```json
{
  ""recognized_as_product"": ""yes"",
  ""image_quality"": 4,
  ""target_category_recognizability"": 5,
  ""confidence"": 5,
  ""design_intent"": ""functionality"",
  ""function_aesthetic_score"": 3,
  ""form_function_consistency"": 5,
  ""ambiguity_reason"": ""none"",
  ""function"": ""A vacuum cleaner designed for cleaning floors."",
  ""semantic_meaning"": ""A practical tool for maintaining cleanliness and hygiene in indoor spaces."",
  ""emotion"": ""Neutral, focused on utility."",
  ""cognitive_interpretation"": ""The viewer would likely interpret the image as showcasing a modern, efficient vacuum cleaner."",
  ""style_period"": ""Contemporary""
}
```",
qwen25_vl_7b,Qwen/Qwen2.5-VL-7B-Instruct,Qwen2.5-VL,7B,2025,bf16,vacuum_cleaner_022,contrast_cleaning_electric,vacuum_cleaner,Vacuum cleaner,22,20262525,vacuum cleaner,vacuum_cleaner_022.png,images/vacuum_cleaner_022.png,yes,True,4,5,5,functionality,True,2,5,none,A vacuum cleaner designed for cleaning floors.,Represents cleanliness and maintenance of living spaces.,"Neutral, practical, and efficient.",The viewer would likely interpret it as a tool for cleaning.,Modern,"```json
{
  ""recognized_as_product"": ""yes"",
  ""image_quality"": 4,
  ""target_category_recognizability"": 5,
  ""confidence"": 5,
  ""design_intent"": ""functionality"",
  ""function_aesthetic_score"": 2,
  ""form_function_consistency"": 5,
  ""ambiguity_reason"": ""none"",
  ""function"": ""A vacuum cleaner designed for cleaning floors."",
  ""semantic_meaning"": ""Represents cleanliness and maintenance of living spaces."",
  ""emotion"": ""Neutral, practical, and efficient."",
  ""cognitive_interpretation"": ""The viewer would likely interpret it as a tool for cleaning."",
  ""style_period"": ""Modern""
}
```",
qwen25_vl_7b,Qwen/Qwen2.5-VL-7B-Instruct,Qwen2.5-VL,7B,2025,bf16,vacuum_cleaner_023,contrast_cleaning_electric,vacuum_cleaner,Vacuum cleaner,23,20262526,vacuum cleaner,vacuum_cleaner_023.png,images/vacuum_cleaner_023.png,yes,True,4,5,5,functionality,True,3,5,none,A cordless vacuum cleaner being used for cleaning a wooden floor.,The image symbolizes cleanliness and maintenance of a home environment.,"Neutral, focused on practicality.",The viewer interprets the image as demonstrating the use of a vacuum cleaner for household chores.,Modern,"```json
{
  ""recognized_as_product"": ""yes"",
  ""image_quality"": 4,
  ""target_category_recognizability"": 5,
  ""confidence"": 5,
  ""design_intent"": ""functionality"",
  ""function_aesthetic_score"": 3,
  ""form_function_consistency"": 5,
  ""ambiguity_reason"": ""none"",
  ""function"": ""A cordless vacuum cleaner being used for cleaning a wooden floor."",
  ""semantic_meaning"": ""The image symbolizes cleanliness and maintenance of a home environment."",
  ""emotion"": ""Neutral, focused on practicality."",
  ""cognitive_interpretation"": ""The viewer interprets the image as demonstrating the use of a vacuum cleaner for household chores."",
  ""style_period"": ""Modern""
}
```",
qwen25_vl_7b,Qwen/Qwen2.5-VL-7B-Instruct,Qwen2.5-VL,7B,2025,bf16,vacuum_cleaner_024,contrast_cleaning_electric,vacuum_cleaner,Vacuum cleaner,24,20262527,vacuum cleaner,vacuum_cleaner_024.png,images/vacuum_cleaner_024.png,yes,True,5,5,5,functionality,True,3,5,none,A handheld vacuum cleaner designed for cleaning floors and carpets.,The product symbolizes cleanliness and maintenance of living spaces.,"Neutral, practical, and efficient.",Users will likely interpret it as a tool for cleaning and maintaining their homes.,Modern,"```json
{
  ""recognized_as_product"": ""yes"",
  ""image_quality"": 5,
  ""target_category_recognizability"": 5,
  ""confidence"": 5,
  ""design_intent"": ""functionality"",
  ""function_aesthetic_score"": 3,
  ""form_function_consistency"": 5,
  ""ambiguity_reason"": ""none"",
  ""function"": ""A handheld vacuum cleaner designed for cleaning floors and carpets."",
  ""semantic_meaning"": ""The product symbolizes cleanliness and maintenance of living spaces."",
  ""emotion"": ""Neutral, practical, and efficient."",
  ""cognitive_interpretation"": ""Users will likely interpret it as a tool for cleaning and maintaining their homes."",
  ""style_period"": ""Modern""
}
```",
qwen25_vl_7b,Qwen/Qwen2.5-VL-7B-Instruct,Qwen2.5-VL,7B,2025,bf16,vacuum_cleaner_025,contrast_cleaning_electric,vacuum_cleaner,Vacuum cleaner,25,20262528,vacuum cleaner,vacuum_cleaner_025.png,images/vacuum_cleaner_025.png,yes,True,4,5,5,functionality,True,2,5,none,A vacuum cleaner,A tool for cleaning floors by suctioning dirt and debris.,Neutral,"The image depicts a vacuum cleaner, suggesting its use for cleaning tasks.",modern,"```json
{
  ""recognized_as_product"": ""yes"",
  ""image_quality"": 4,
  ""target_category_recognizability"": 5,
  ""confidence"": 5,
  ""design_intent"": ""functionality"",
  ""function_aesthetic_score"": 2,
  ""form_function_consistency"": 5,
  ""ambiguity_reason"": ""none"",
  ""function"": ""A vacuum cleaner"",
  ""semantic_meaning"": ""A tool for cleaning floors by suctioning dirt and debris."",
  ""emotion"": ""Neutral"",
  ""cognitive_interpretation"": ""The image depicts a vacuum cleaner, suggesting its use for cleaning tasks."",
  ""style_period"": ""modern""
}
```",
qwen25_vl_7b,Qwen/Qwen2.5-VL-7B-Instruct,Qwen2.5-VL,7B,2025,bf16,broom_001,contrast_cleaning_manual,broom,Broom,1,20270504,broom,broom_001.png,images/broom_001.png,yes,True,5,5,5,functionality,True,2,5,none,A broom for sweeping floors.,A tool used for cleaning and maintaining cleanliness.,"Neutral, practical","The image conveys the idea of a simple, functional cleaning tool.",modern,"```json
{
  ""recognized_as_product"": ""yes"",
  ""image_quality"": 5,
  ""target_category_recognizability"": 5,
  ""confidence"": 5,
  ""design_intent"": ""functionality"",
  ""function_aesthetic_score"": 2,
  ""form_function_consistency"": 5,
  ""ambiguity_reason"": ""none"",
  ""function"": ""A broom for sweeping floors."",
  ""semantic_meaning"": ""A tool used for cleaning and maintaining cleanliness."",
  ""emotion"": ""Neutral, practical"",
  ""cognitive_interpretation"": ""The image conveys the idea of a simple, functional cleaning tool."",
  ""style_period"": ""modern""
}
```",
qwen25_vl_7b,Qwen/Qwen2.5-VL-7B-Instruct,Qwen2.5-VL,7B,2025,bf16,broom_002,contrast_cleaning_manual,broom,Broom,2,20270505,broom,broom_002.png,images/broom_002.png,yes,True,4,5,5,functionality,True,2,5,none,A traditional broom for sweeping floors.,Symbolizes cleanliness and domestic work.,"Neutral, practical, and utilitarian.",The viewer would likely associate it with household chores and maintenance.,Traditional,"```json
{
  ""recognized_as_product"": ""yes"",
  ""image_quality"": 4,
  ""target_category_recognizability"": 5,
  ""confidence"": 5,
  ""design_intent"": ""functionality"",
  ""function_aesthetic_score"": 2,
  ""form_function_consistency"": 5,
  ""ambiguity_reason"": ""none"",
  ""function"": ""A traditional broom for sweeping floors."",
  ""semantic_meaning"": ""Symbolizes cleanliness and domestic work."",
  ""emotion"": ""Neutral, practical, and utilitarian."",
  ""cognitive_interpretation"": ""The viewer would likely associate it with household chores and maintenance."",
  ""style_period"": ""Traditional""
}
```",
qwen25_vl_7b,Qwen/Qwen2.5-VL-7B-Instruct,Qwen2.5-VL,7B,2025,bf16,broom_003,contrast_cleaning_manual,broom,Broom,3,20270506,broom,broom_003.png,images/broom_003.png,yes,True,5,5,5,functionality,True,3,4,none,A scrub brush for cleaning purposes.,Symbolizes cleanliness and hygiene.,"Neutral, functional.",The user would likely interpret it as a tool for cleaning surfaces.,Modern,"```json
{
  ""recognized_as_product"": ""yes"",
  ""image_quality"": 5,
  ""target_category_recognizability"": 5,
  ""confidence"": 5,
  ""design_intent"": ""functionality"",
  ""function_aesthetic_score"": 3,
  ""form_function_consistency"": 4,
  ""ambiguity_reason"": ""none"",
  ""function"": ""A scrub brush for cleaning purposes."",
  ""semantic_meaning"": ""Symbolizes cleanliness and hygiene."",
  ""emotion"": ""Neutral, functional."",
  ""cognitive_interpretation"": ""The user would likely interpret it as a tool for cleaning surfaces."",
  ""style_period"": ""Modern""
}
```",
qwen25_vl_7b,Qwen/Qwen2.5-VL-7B-Instruct,Qwen2.5-VL,7B,2025,bf16,broom_004,contrast_cleaning_manual,broom,Broom,4,20270507,broom,broom_004.png,images/broom_004.png,yes,True,5,5,5,functionality,True,2,4,none,A traditional broom for sweeping floors.,Symbolizes cleanliness and domesticity.,"Neutral, practical.",The user would likely associate it with cleaning tasks.,Traditional,"```json
{
  ""recognized_as_product"": ""yes"",
  ""image_quality"": 5,
  ""target_category_recognizability"": 5,
  ""confidence"": 5,
  ""design_intent"": ""functionality"",
  ""function_aesthetic_score"": 2,
  ""form_function_consistency"": 4,
  ""ambiguity_reason"": ""none"",
  ""function"": ""A traditional broom for sweeping floors."",
  ""semantic_meaning"": ""Symbolizes cleanliness and domesticity."",
  ""emotion"": ""Neutral, practical."",
  ""cognitive_interpretation"": ""The user would likely associate it with cleaning tasks."",
  ""style_period"": ""Traditional""
}
```",
qwen25_vl_7b,Qwen/Qwen2.5-VL-7B-Instruct,Qwen2.5-VL,7B,2025,bf16,broom_005,contrast_cleaning_manual,broom,Broom,5,20270508,broom,broom_005.png,images/broom_005.png,yes,True,4,5,5,functionality,True,2,5,none,A dish brush for washing dishes.,None,Neutral,The image clearly conveys a dish brush designed for cleaning dishes.,Modern,"```json
{
  ""recognized_as_product"": ""yes"",
  ""image_quality"": 4,
  ""target_category_recognizability"": 5,
  ""confidence"": 5,
  ""design_intent"": ""functionality"",
  ""function_aesthetic_score"": 2,
  ""form_function_consistency"": 5,
  ""ambiguity_reason"": ""none"",
  ""function"": ""A dish brush for washing dishes."",
  ""semantic_meaning"": ""None"",
  ""emotion"": ""Neutral"",
  ""cognitive_interpretation"": ""The image clearly conveys a dish brush designed for cleaning dishes."",
  ""style_period"": ""Modern""
}
```",
qwen25_vl_7b,Qwen/Qwen2.5-VL-7B-Instruct,Qwen2.5-VL,7B,2025,bf16,broom_006,contrast_cleaning_manual,broom,Broom,6,20270509,broom,broom_006.png,images/broom_006.png,yes,True,5,5,5,functionality,True,2,5,none,A broom for sweeping floors.,A tool used for cleaning and maintaining cleanliness.,"Neutral, practical.",The image conveys the idea of a broom designed for sweeping tasks.,Modern,"```json
{
  ""recognized_as_product"": ""yes"",
  ""image_quality"": 5,
  ""target_category_recognizability"": 5,
  ""confidence"": 5,
  ""design_intent"": ""functionality"",
  ""function_aesthetic_score"": 2,
  ""form_function_consistency"": 5,
  ""ambiguity_reason"": ""none"",
  ""function"": ""A broom for sweeping floors."",
  ""semantic_meaning"": ""A tool used for cleaning and maintaining cleanliness."",
  ""emotion"": ""Neutral, practical."",
  ""cognitive_interpretation"": ""The image conveys the idea of a broom designed for sweeping tasks."",
  ""style_period"": ""Modern""
}
```",
qwen25_vl_7b,Qwen/Qwen2.5-VL-7B-Instruct,Qwen2.5-VL,7B,2025,bf16,broom_007,contrast_cleaning_manual,broom,Broom,7,20270510,broom,broom_007.png,images/broom_007.png,yes,True,5,5,5,functionality,True,2,4,none,A broom for sweeping floors.,A tool for cleaning and maintaining cleanliness.,practical and neutral,The user would likely interpret it as a common household cleaning tool.,modern,"```json
{
  ""recognized_as_product"": ""yes"",
  ""image_quality"": 5,
  ""target_category_recognizability"": 5,
  ""confidence"": 5,
  ""design_intent"": ""functionality"",
  ""function_aesthetic_score"": 2,
  ""form_function_consistency"": 4,
  ""ambiguity_reason"": ""none"",
  ""function"": ""A broom for sweeping floors."",
  ""semantic_meaning"": ""A tool for cleaning and maintaining cleanliness."",
  ""emotion"": ""practical and neutral"",
  ""cognitive_interpretation"": ""The user would likely interpret it as a common household cleaning tool."",
  ""style_period"": ""modern""
}
```",
qwen25_vl_7b,Qwen/Qwen2.5-VL-7B-Instruct,Qwen2.5-VL,7B,2025,bf16,broom_008,contrast_cleaning_manual,broom,Broom,8,20270511,broom,broom_008.png,images/broom_008.png,yes,True,5,5,5,functionality,True,2,5,none,A broom for sweeping floors.,A tool used for cleaning and maintaining cleanliness.,"Neutral, practical, and utilitarian.","The image conveys the idea of a simple, everyday cleaning tool.",Modern,"```json
{
  ""recognized_as_product"": ""yes"",
  ""image_quality"": 5,
  ""target_category_recognizability"": 5,
  ""confidence"": 5,
  ""design_intent"": ""functionality"",
  ""function_aesthetic_score"": 2,
  ""form_function_consistency"": 5,
  ""ambiguity_reason"": ""none"",
  ""function"": ""A broom for sweeping floors."",
  ""semantic_meaning"": ""A tool used for cleaning and maintaining cleanliness."",
  ""emotion"": ""Neutral, practical, and utilitarian."",
  ""cognitive_interpretation"": ""The image conveys the idea of a simple, everyday cleaning tool."",
  ""style_period"": ""Modern""
}
```",
qwen25_vl_7b,Qwen/Qwen2.5-VL-7B-Instruct,Qwen2.5-VL,7B,2025,bf16,broom_009,contrast_cleaning_manual,broom,Broom,9,20270512,broom,broom_009.png,images/broom_009.png,yes,True,4,4,4,functionality,True,2,4,none,"A bundle of dried grass or straw tied with a rope, possibly used for cleaning or decoration.",Symbolizes traditional craftsmanship or natural materials.,"Neutral, practical, and rustic.",The viewer might interpret it as a tool for cleaning or a decorative item.,Traditional,"```json
{
  ""recognized_as_product"": ""yes"",
  ""image_quality"": 4,
  ""target_category_recognizability"": 4,
  ""confidence"": 4,
  ""design_intent"": ""functionality"",
  ""function_aesthetic_score"": 2,
  ""form_function_consistency"": 4,
  ""ambiguity_reason"": ""none"",
  ""function"": ""A bundle of dried grass or straw tied with a rope, possibly used for cleaning or decoration."",
  ""semantic_meaning"": ""Symbolizes traditional craftsmanship or natural materials."",
  ""emotion"": ""Neutral, practical, and rustic."",
  ""cognitive_interpretation"": ""The viewer might interpret it as a tool for cleaning or a decorative item."",
  ""style_period"": ""Traditional""
}
```",
qwen25_vl_7b,Qwen/Qwen2.5-VL-7B-Instruct,Qwen2.5-VL,7B,2025,bf16,broom_010,contrast_cleaning_manual,broom,Broom,10,20270513,broom,broom_010.png,images/broom_010.png,yes,True,5,5,5,functionality,True,2,4,none,A broom for sweeping floors.,A tool used for cleaning and maintaining cleanliness.,"Neutral, practical.",The user would likely interpret it as a common household cleaning tool.,Modern,"```json
{
  ""recognized_as_product"": ""yes"",
  ""image_quality"": 5,
  ""target_category_recognizability"": 5,
  ""confidence"": 5,
  ""design_intent"": ""functionality"",
  ""function_aesthetic_score"": 2,
  ""form_function_consistency"": 4,
  ""ambiguity_reason"": ""none"",
  ""function"": ""A broom for sweeping floors."",
  ""semantic_meaning"": ""A tool used for cleaning and maintaining cleanliness."",
  ""emotion"": ""Neutral, practical."",
  ""cognitive_interpretation"": ""The user would likely interpret it as a common household cleaning tool."",
  ""style_period"": ""Modern""
}
```",
qwen25_vl_7b,Qwen/Qwen2.5-VL-7B-Instruct,Qwen2.5-VL,7B,2025,bf16,broom_011,contrast_cleaning_manual,broom,Broom,11,20270514,broom,broom_011.png,images/broom_011.png,yes,True,4,5,5,functionality,True,2,5,none,A broom for cleaning purposes.,Symbolizes cleanliness and maintenance.,"Neutral, practical.",The viewer would likely interpret it as a tool for sweeping floors.,Modern,"```json
{
  ""recognized_as_product"": ""yes"",
  ""image_quality"": 4,
  ""target_category_recognizability"": 5,
  ""confidence"": 5,
  ""design_intent"": ""functionality"",
  ""function_aesthetic_score"": 2,
  ""form_function_consistency"": 5,
  ""ambiguity_reason"": ""none"",
  ""function"": ""A broom for cleaning purposes."",
  ""semantic_meaning"": ""Symbolizes cleanliness and maintenance."",
  ""emotion"": ""Neutral, practical."",
  ""cognitive_interpretation"": ""The viewer would likely interpret it as a tool for sweeping floors."",
  ""style_period"": ""Modern""
}
```",
qwen25_vl_7b,Qwen/Qwen2.5-VL-7B-Instruct,Qwen2.5-VL,7B,2025,bf16,broom_012,contrast_cleaning_manual,broom,Broom,12,20270515,broom,broom_012.png,images/broom_012.png,yes,True,4,5,4,functionality,True,2,4,none,A broom for sweeping surfaces.,A tool used for cleaning and maintaining cleanliness.,"Neutral, practical",The user would likely interpret it as a cleaning tool.,modern,"```json
{
  ""recognized_as_product"": ""yes"",
  ""image_quality"": 4,
  ""target_category_recognizability"": 5,
  ""confidence"": 4,
  ""design_intent"": ""functionality"",
  ""function_aesthetic_score"": 2,
  ""form_function_consistency"": 4,
  ""ambiguity_reason"": ""none"",
  ""function"": ""A broom for sweeping surfaces."",
  ""semantic_meaning"": ""A tool used for cleaning and maintaining cleanliness."",
  ""emotion"": ""Neutral, practical"",
  ""cognitive_interpretation"": ""The user would likely interpret it as a cleaning tool."",
  ""style_period"": ""modern""
}
```",
qwen25_vl_7b,Qwen/Qwen2.5-VL-7B-Instruct,Qwen2.5-VL,7B,2025,bf16,broom_013,contrast_cleaning_manual,broom,Broom,13,20270516,broom,broom_013.png,images/broom_013.png,yes,True,4,5,5,functionality,True,2,5,none,A traditional broom for sweeping floors.,Symbolizes cleanliness and domestic work.,"Neutral, practical, and utilitarian.",The viewer would likely associate the broom with cleaning tasks.,Traditional,"```json
{
  ""recognized_as_product"": ""yes"",
  ""image_quality"": 4,
  ""target_category_recognizability"": 5,
  ""confidence"": 5,
  ""design_intent"": ""functionality"",
  ""function_aesthetic_score"": 2,
  ""form_function_consistency"": 5,
  ""ambiguity_reason"": ""none"",
  ""function"": ""A traditional broom for sweeping floors."",
  ""semantic_meaning"": ""Symbolizes cleanliness and domestic work."",
  ""emotion"": ""Neutral, practical, and utilitarian."",
  ""cognitive_interpretation"": ""The viewer would likely associate the broom with cleaning tasks."",
  ""style_period"": ""Traditional""
}
```",
qwen25_vl_7b,Qwen/Qwen2.5-VL-7B-Instruct,Qwen2.5-VL,7B,2025,bf16,broom_014,contrast_cleaning_manual,broom,Broom,14,20270517,broom,broom_014.png,images/broom_014.png,yes,True,5,5,5,functionality,True,2,4,none,A traditional broom for sweeping floors.,Cultural and practical tool for cleaning.,"Neutral, functional.","A simple, effective cleaning tool.",Traditional,"```json
{
  ""recognized_as_product"": ""yes"",
  ""image_quality"": 5,
  ""target_category_recognizability"": 5,
  ""confidence"": 5,
  ""design_intent"": ""functionality"",
  ""function_aesthetic_score"": 2,
  ""form_function_consistency"": 4,
  ""ambiguity_reason"": ""none"",
  ""function"": ""A traditional broom for sweeping floors."",
  ""semantic_meaning"": ""Cultural and practical tool for cleaning."",
  ""emotion"": ""Neutral, functional."",
  ""cognitive_interpretation"": ""A simple, effective cleaning tool."",
  ""style_period"": ""Traditional""
}
```",
qwen25_vl_7b,Qwen/Qwen2.5-VL-7B-Instruct,Qwen2.5-VL,7B,2025,bf16,broom_015,contrast_cleaning_manual,broom,Broom,15,20270518,broom,broom_015.png,images/broom_015.png,yes,True,5,5,5,functionality,True,3,5,none,A broom for sweeping floors.,A tool used for cleaning and maintaining cleanliness.,"Neutral, practical, and functional.",The user would interpret it as a common household cleaning tool.,Modern,"```json
{
  ""recognized_as_product"": ""yes"",
  ""image_quality"": 5,
  ""target_category_recognizability"": 5,
  ""confidence"": 5,
  ""design_intent"": ""functionality"",
  ""function_aesthetic_score"": 3,
  ""form_function_consistency"": 5,
  ""ambiguity_reason"": ""none"",
  ""function"": ""A broom for sweeping floors."",
  ""semantic_meaning"": ""A tool used for cleaning and maintaining cleanliness."",
  ""emotion"": ""Neutral, practical, and functional."",
  ""cognitive_interpretation"": ""The user would interpret it as a common household cleaning tool."",
  ""style_period"": ""Modern""
}
```",
qwen25_vl_7b,Qwen/Qwen2.5-VL-7B-Instruct,Qwen2.5-VL,7B,2025,bf16,broom_016,contrast_cleaning_manual,broom,Broom,16,20270519,broom,broom_016.png,images/broom_016.png,yes,True,4,5,5,functionality,True,2,5,none,A broom for sweeping floors.,A tool used for cleaning and maintaining cleanliness.,"Neutral, practical, and functional.",The viewer would likely interpret it as a common household cleaning tool.,Modern,"```json
{
  ""recognized_as_product"": ""yes"",
  ""image_quality"": 4,
  ""target_category_recognizability"": 5,
  ""confidence"": 5,
  ""design_intent"": ""functionality"",
  ""function_aesthetic_score"": 2,
  ""form_function_consistency"": 5,
  ""ambiguity_reason"": ""none"",
  ""function"": ""A broom for sweeping floors."",
  ""semantic_meaning"": ""A tool used for cleaning and maintaining cleanliness."",
  ""emotion"": ""Neutral, practical, and functional."",
  ""cognitive_interpretation"": ""The viewer would likely interpret it as a common household cleaning tool."",
  ""style_period"": ""Modern""
}
```",
qwen25_vl_7b,Qwen/Qwen2.5-VL-7B-Instruct,Qwen2.5-VL,7B,2025,bf16,broom_017,contrast_cleaning_manual,broom,Broom,17,20270520,broom,broom_017.png,images/broom_017.png,yes,True,5,5,5,functionality,True,2,4,none,A broom for sweeping floors.,A tool used for cleaning and maintaining cleanliness.,"Neutral, practical.","The image conveys the idea of a simple, functional cleaning tool.",Modern,"```json
{
  ""recognized_as_product"": ""yes"",
  ""image_quality"": 5,
  ""target_category_recognizability"": 5,
  ""confidence"": 5,
  ""design_intent"": ""functionality"",
  ""function_aesthetic_score"": 2,
  ""form_function_consistency"": 4,
  ""ambiguity_reason"": ""none"",
  ""function"": ""A broom for sweeping floors."",
  ""semantic_meaning"": ""A tool used for cleaning and maintaining cleanliness."",
  ""emotion"": ""Neutral, practical."",
  ""cognitive_interpretation"": ""The image conveys the idea of a simple, functional cleaning tool."",
  ""style_period"": ""Modern""
}
```",
qwen25_vl_7b,Qwen/Qwen2.5-VL-7B-Instruct,Qwen2.5-VL,7B,2025,bf16,broom_018,contrast_cleaning_manual,broom,Broom,18,20270521,broom,broom_018.png,images/broom_018.png,yes,True,5,5,5,functionality,True,2,5,none,A broom for sweeping floors.,A tool used for cleaning and maintaining cleanliness.,"Neutral, practical","The image conveys the idea of a simple, everyday cleaning tool.",modern,"```json
{
  ""recognized_as_product"": ""yes"",
  ""image_quality"": 5,
  ""target_category_recognizability"": 5,
  ""confidence"": 5,
  ""design_intent"": ""functionality"",
  ""function_aesthetic_score"": 2,
  ""form_function_consistency"": 5,
  ""ambiguity_reason"": ""none"",
  ""function"": ""A broom for sweeping floors."",
  ""semantic_meaning"": ""A tool used for cleaning and maintaining cleanliness."",
  ""emotion"": ""Neutral, practical"",
  ""cognitive_interpretation"": ""The image conveys the idea of a simple, everyday cleaning tool."",
  ""style_period"": ""modern""
}
```",
qwen25_vl_7b,Qwen/Qwen2.5-VL-7B-Instruct,Qwen2.5-VL,7B,2025,bf16,broom_019,contrast_cleaning_manual,broom,Broom,19,20270522,broom,broom_019.png,images/broom_019.png,yes,True,4,5,5,functionality,True,2,5,none,A broom for sweeping floors.,A tool used for cleaning and maintaining cleanliness.,"Neutral, practical, and functional.",The viewer would likely interpret it as a common household cleaning tool.,Modern,"```json
{
  ""recognized_as_product"": ""yes"",
  ""image_quality"": 4,
  ""target_category_recognizability"": 5,
  ""confidence"": 5,
  ""design_intent"": ""functionality"",
  ""function_aesthetic_score"": 2,
  ""form_function_consistency"": 5,
  ""ambiguity_reason"": ""none"",
  ""function"": ""A broom for sweeping floors."",
  ""semantic_meaning"": ""A tool used for cleaning and maintaining cleanliness."",
  ""emotion"": ""Neutral, practical, and functional."",
  ""cognitive_interpretation"": ""The viewer would likely interpret it as a common household cleaning tool."",
  ""style_period"": ""Modern""
}
```",
qwen25_vl_7b,Qwen/Qwen2.5-VL-7B-Instruct,Qwen2.5-VL,7B,2025,bf16,broom_020,contrast_cleaning_manual,broom,Broom,20,20270523,broom,broom_020.png,images/broom_020.png,yes,True,4,5,4,functionality,True,2,4,none,A traditional broom for cleaning purposes.,Symbolizes cleanliness and domesticity.,"Neutral, functional.",The user would likely interpret it as a tool for sweeping floors.,Traditional,"```json
{
  ""recognized_as_product"": ""yes"",
  ""image_quality"": 4,
  ""target_category_recognizability"": 5,
  ""confidence"": 4,
  ""design_intent"": ""functionality"",
  ""function_aesthetic_score"": 2,
  ""form_function_consistency"": 4,
  ""ambiguity_reason"": ""none"",
  ""function"": ""A traditional broom for cleaning purposes."",
  ""semantic_meaning"": ""Symbolizes cleanliness and domesticity."",
  ""emotion"": ""Neutral, functional."",
  ""cognitive_interpretation"": ""The user would likely interpret it as a tool for sweeping floors."",
  ""style_period"": ""Traditional""
}
```",
qwen25_vl_7b,Qwen/Qwen2.5-VL-7B-Instruct,Qwen2.5-VL,7B,2025,bf16,broom_021,contrast_cleaning_manual,broom,Broom,21,20270524,broom,broom_021.png,images/broom_021.png,yes,True,4,5,5,functionality,True,2,5,none,A small broom for cleaning purposes.,Symbolizes cleanliness and order.,"Neutral, practical.",The user would likely interpret it as a tool for sweeping floors.,Modern,"```json
{
  ""recognized_as_product"": ""yes"",
  ""image_quality"": 4,
  ""target_category_recognizability"": 5,
  ""confidence"": 5,
  ""design_intent"": ""functionality"",
  ""function_aesthetic_score"": 2,
  ""form_function_consistency"": 5,
  ""ambiguity_reason"": ""none"",
  ""function"": ""A small broom for cleaning purposes."",
  ""semantic_meaning"": ""Symbolizes cleanliness and order."",
  ""emotion"": ""Neutral, practical."",
  ""cognitive_interpretation"": ""The user would likely interpret it as a tool for sweeping floors."",
  ""style_period"": ""Modern""
}
```",
qwen25_vl_7b,Qwen/Qwen2.5-VL-7B-Instruct,Qwen2.5-VL,7B,2025,bf16,broom_022,contrast_cleaning_manual,broom,Broom,22,20270525,broom,broom_022.png,images/broom_022.png,yes,True,5,5,5,functionality,True,3,5,none,A broom for sweeping floors.,A tool used for cleaning and maintaining cleanliness.,"Neutral, practical, and functional.",The user would likely interpret it as a common household cleaning tool.,Modern,"```json
{
  ""recognized_as_product"": ""yes"",
  ""image_quality"": 5,
  ""target_category_recognizability"": 5,
  ""confidence"": 5,
  ""design_intent"": ""functionality"",
  ""function_aesthetic_score"": 3,
  ""form_function_consistency"": 5,
  ""ambiguity_reason"": ""none"",
  ""function"": ""A broom for sweeping floors."",
  ""semantic_meaning"": ""A tool used for cleaning and maintaining cleanliness."",
  ""emotion"": ""Neutral, practical, and functional."",
  ""cognitive_interpretation"": ""The user would likely interpret it as a common household cleaning tool."",
  ""style_period"": ""Modern""
}
```",
qwen25_vl_7b,Qwen/Qwen2.5-VL-7B-Instruct,Qwen2.5-VL,7B,2025,bf16,broom_023,contrast_cleaning_manual,broom,Broom,23,20270526,broom,broom_023.png,images/broom_023.png,yes,True,5,5,5,functionality,True,3,5,none,A dishwashing brush with a wooden handle and bristles for cleaning dishes.,None,Neutral,The user would likely interpret it as a tool for washing dishes.,Modern,"```json
{
  ""recognized_as_product"": ""yes"",
  ""image_quality"": 5,
  ""target_category_recognizability"": 5,
  ""confidence"": 5,
  ""design_intent"": ""functionality"",
  ""function_aesthetic_score"": 3,
  ""form_function_consistency"": 5,
  ""ambiguity_reason"": ""none"",
  ""function"": ""A dishwashing brush with a wooden handle and bristles for cleaning dishes."",
  ""semantic_meaning"": ""None"",
  ""emotion"": ""Neutral"",
  ""cognitive_interpretation"": ""The user would likely interpret it as a tool for washing dishes."",
  ""style_period"": ""Modern""
}
```",
qwen25_vl_7b,Qwen/Qwen2.5-VL-7B-Instruct,Qwen2.5-VL,7B,2025,bf16,broom_024,contrast_cleaning_manual,broom,Broom,24,20270527,broom,broom_024.png,images/broom_024.png,yes,True,5,5,5,functionality,True,2,4,none,A broom for sweeping floors.,A tool used for cleaning and maintaining cleanliness.,"Neutral, practical, and functional.",The image conveys the idea of a traditional broom designed for household cleaning tasks.,Modern,"```json
{
  ""recognized_as_product"": ""yes"",
  ""image_quality"": 5,
  ""target_category_recognizability"": 5,
  ""confidence"": 5,
  ""design_intent"": ""functionality"",
  ""function_aesthetic_score"": 2,
  ""form_function_consistency"": 4,
  ""ambiguity_reason"": ""none"",
  ""function"": ""A broom for sweeping floors."",
  ""semantic_meaning"": ""A tool used for cleaning and maintaining cleanliness."",
  ""emotion"": ""Neutral, practical, and functional."",
  ""cognitive_interpretation"": ""The image conveys the idea of a traditional broom designed for household cleaning tasks."",
  ""style_period"": ""Modern""
}
```",
qwen25_vl_7b,Qwen/Qwen2.5-VL-7B-Instruct,Qwen2.5-VL,7B,2025,bf16,broom_025,contrast_cleaning_manual,broom,Broom,25,20270528,broom,broom_025.png,images/broom_025.png,yes,True,5,5,5,functionality,True,2,4,none,A broom for sweeping floors.,A tool used for cleaning and maintaining cleanliness.,"Neutral, practical, and functional.","The image conveys the idea of a simple, effective cleaning tool.",Modern,"```json
{
  ""recognized_as_product"": ""yes"",
  ""image_quality"": 5,
  ""target_category_recognizability"": 5,
  ""confidence"": 5,
  ""design_intent"": ""functionality"",
  ""function_aesthetic_score"": 2,
  ""form_function_consistency"": 4,
  ""ambiguity_reason"": ""none"",
  ""function"": ""A broom for sweeping floors."",
  ""semantic_meaning"": ""A tool used for cleaning and maintaining cleanliness."",
  ""emotion"": ""Neutral, practical, and functional."",
  ""cognitive_interpretation"": ""The image conveys the idea of a simple, effective cleaning tool."",
  ""style_period"": ""Modern""
}
```",
qwen25_vl_7b,Qwen/Qwen2.5-VL-7B-Instruct,Qwen2.5-VL,7B,2025,bf16,electric_kettle_001,single_appliance,electric_kettle,Electric kettle,1,20263504,electric kettle,electric_kettle_001.png,images/electric_kettle_001.png,yes,True,5,5,5,functionality,True,3,4,none,Electric kettle for boiling water,Practical tool for preparing beverages,Neutral,User would expect it to be used for heating water,Modern,"```json
{
  ""recognized_as_product"": ""yes"",
  ""image_quality"": 5,
  ""target_category_recognizability"": 5,
  ""confidence"": 5,
  ""design_intent"": ""functionality"",
  ""function_aesthetic_score"": 3,
  ""form_function_consistency"": 4,
  ""ambiguity_reason"": ""none"",
  ""function"": ""Electric kettle for boiling water"",
  ""semantic_meaning"": ""Practical tool for preparing beverages"",
  ""emotion"": ""Neutral"",
  ""cognitive_interpretation"": ""User would expect it to be used for heating water"",
  ""style_period"": ""Modern""
}
```",
qwen25_vl_7b,Qwen/Qwen2.5-VL-7B-Instruct,Qwen2.5-VL,7B,2025,bf16,electric_kettle_002,single_appliance,electric_kettle,Electric kettle,2,20263505,electric kettle,electric_kettle_002.png,images/electric_kettle_002.png,yes,True,4,5,5,functionality,True,3,4,none,Electric kettle for boiling water,Practical tool for preparing beverages,Neutral,User will recognize it as a device for heating water,Modern,"```json
{
  ""recognized_as_product"": ""yes"",
  ""image_quality"": 4,
  ""target_category_recognizability"": 5,
  ""confidence"": 5,
  ""design_intent"": ""functionality"",
  ""function_aesthetic_score"": 3,
  ""form_function_consistency"": 4,
  ""ambiguity_reason"": ""none"",
  ""function"": ""Electric kettle for boiling water"",
  ""semantic_meaning"": ""Practical tool for preparing beverages"",
  ""emotion"": ""Neutral"",
  ""cognitive_interpretation"": ""User will recognize it as a device for heating water"",
  ""style_period"": ""Modern""
}
```",
qwen25_vl_7b,Qwen/Qwen2.5-VL-7B-Instruct,Qwen2.5-VL,7B,2025,bf16,electric_kettle_003,single_appliance,electric_kettle,Electric kettle,3,20263506,electric kettle,electric_kettle_003.png,images/electric_kettle_003.png,yes,True,5,5,5,functionality,True,3,4,none,Electric kettle for boiling water,Practical kitchen appliance for preparing beverages,Neutral,User will associate the kettle with the task of boiling water,Modern,"```json
{
  ""recognized_as_product"": ""yes"",
  ""image_quality"": 5,
  ""target_category_recognizability"": 5,
  ""confidence"": 5,
  ""design_intent"": ""functionality"",
  ""function_aesthetic_score"": 3,
  ""form_function_consistency"": 4,
  ""ambiguity_reason"": ""none"",
  ""function"": ""Electric kettle for boiling water"",
  ""semantic_meaning"": ""Practical kitchen appliance for preparing beverages"",
  ""emotion"": ""Neutral"",
  ""cognitive_interpretation"": ""User will associate the kettle with the task of boiling water"",
  ""style_period"": ""Modern""
}
```",
qwen25_vl_7b,Qwen/Qwen2.5-VL-7B-Instruct,Qwen2.5-VL,7B,2025,bf16,electric_kettle_004,single_appliance,electric_kettle,Electric kettle,4,20263507,electric kettle,electric_kettle_004.png,images/electric_kettle_004.png,yes,True,4,5,5,functionality,True,3,5,none,Electric kettle for boiling water,Practical kitchen appliance for preparing beverages,Neutral,User would recognize it as a tool for heating water,Modern,"```json
{
  ""recognized_as_product"": ""yes"",
  ""image_quality"": 4,
  ""target_category_recognizability"": 5,
  ""confidence"": 5,
  ""design_intent"": ""functionality"",
  ""function_aesthetic_score"": 3,
  ""form_function_consistency"": 5,
  ""ambiguity_reason"": ""none"",
  ""function"": ""Electric kettle for boiling water"",
  ""semantic_meaning"": ""Practical kitchen appliance for preparing beverages"",
  ""emotion"": ""Neutral"",
  ""cognitive_interpretation"": ""User would recognize it as a tool for heating water"",
  ""style_period"": ""Modern""
}
```",
qwen25_vl_7b,Qwen/Qwen2.5-VL-7B-Instruct,Qwen2.5-VL,7B,2025,bf16,electric_kettle_005,single_appliance,electric_kettle,Electric kettle,5,20263508,electric kettle,electric_kettle_005.png,images/electric_kettle_005.png,yes,True,4,5,5,functionality,True,3,5,none,Electric kettle for boiling water,Practical kitchen appliance for preparing beverages,"Neutral, functional",User would recognize it as an electric kettle for boiling water,Modern,"```json
{
  ""recognized_as_product"": ""yes"",
  ""image_quality"": 4,
  ""target_category_recognizability"": 5,
  ""confidence"": 5,
  ""design_intent"": ""functionality"",
  ""function_aesthetic_score"": 3,
  ""form_function_consistency"": 5,
  ""ambiguity_reason"": ""none"",
  ""function"": ""Electric kettle for boiling water"",
  ""semantic_meaning"": ""Practical kitchen appliance for preparing beverages"",
  ""emotion"": ""Neutral, functional"",
  ""cognitive_interpretation"": ""User would recognize it as an electric kettle for boiling water"",
  ""style_period"": ""Modern""
}
```",
qwen25_vl_7b,Qwen/Qwen2.5-VL-7B-Instruct,Qwen2.5-VL,7B,2025,bf16,electric_kettle_006,single_appliance,electric_kettle,Electric kettle,6,20263509,electric kettle,electric_kettle_006.png,images/electric_kettle_006.png,yes,True,4,5,5,functionality,True,3,4,none,Electric kettle for boiling water,Practical kitchen appliance for preparing beverages,Neutral,User would recognize it as a tool for heating water,Modern,"```json
{
  ""recognized_as_product"": ""yes"",
  ""image_quality"": 4,
  ""target_category_recognizability"": 5,
  ""confidence"": 5,
  ""design_intent"": ""functionality"",
  ""function_aesthetic_score"": 3,
  ""form_function_consistency"": 4,
  ""ambiguity_reason"": ""none"",
  ""function"": ""Electric kettle for boiling water"",
  ""semantic_meaning"": ""Practical kitchen appliance for preparing beverages"",
  ""emotion"": ""Neutral"",
  ""cognitive_interpretation"": ""User would recognize it as a tool for heating water"",
  ""style_period"": ""Modern""
}
```",
qwen25_vl_7b,Qwen/Qwen2.5-VL-7B-Instruct,Qwen2.5-VL,7B,2025,bf16,electric_kettle_007,single_appliance,electric_kettle,Electric kettle,7,20263510,electric kettle,electric_kettle_007.png,images/electric_kettle_007.png,yes,True,4,5,5,functionality,True,3,5,none,Electric kettle for boiling water,Practical kitchen appliance for preparing beverages,Neutral,User would recognize it as a tool for heating water,Modern,"```json
{
  ""recognized_as_product"": ""yes"",
  ""image_quality"": 4,
  ""target_category_recognizability"": 5,
  ""confidence"": 5,
  ""design_intent"": ""functionality"",
  ""function_aesthetic_score"": 3,
  ""form_function_consistency"": 5,
  ""ambiguity_reason"": ""none"",
  ""function"": ""Electric kettle for boiling water"",
  ""semantic_meaning"": ""Practical kitchen appliance for preparing beverages"",
  ""emotion"": ""Neutral"",
  ""cognitive_interpretation"": ""User would recognize it as a tool for heating water"",
  ""style_period"": ""Modern""
}
```",
qwen25_vl_7b,Qwen/Qwen2.5-VL-7B-Instruct,Qwen2.5-VL,7B,2025,bf16,electric_kettle_008,single_appliance,electric_kettle,Electric kettle,8,20263511,electric kettle,electric_kettle_008.png,images/electric_kettle_008.png,yes,True,5,5,5,functionality,True,3,5,none,Electric kettle for boiling water,Practical kitchen appliance for preparing beverages,Neutral,User would expect it to be used for heating water,Modern,"```json
{
  ""recognized_as_product"": ""yes"",
  ""image_quality"": 5,
  ""target_category_recognizability"": 5,
  ""confidence"": 5,
  ""design_intent"": ""functionality"",
  ""function_aesthetic_score"": 3,
  ""form_function_consistency"": 5,
  ""ambiguity_reason"": ""none"",
  ""function"": ""Electric kettle for boiling water"",
  ""semantic_meaning"": ""Practical kitchen appliance for preparing beverages"",
  ""emotion"": ""Neutral"",
  ""cognitive_interpretation"": ""User would expect it to be used for heating water"",
  ""style_period"": ""Modern""
}
```",
qwen25_vl_7b,Qwen/Qwen2.5-VL-7B-Instruct,Qwen2.5-VL,7B,2025,bf16,electric_kettle_009,single_appliance,electric_kettle,Electric kettle,9,20263512,electric kettle,electric_kettle_009.png,images/electric_kettle_009.png,yes,True,4,5,5,functionality,True,3,5,none,Electric kettle for boiling water,Practical kitchen appliance for preparing beverages,Neutral,User would recognize it as a tool for heating water,Modern,"```json
{
  ""recognized_as_product"": ""yes"",
  ""image_quality"": 4,
  ""target_category_recognizability"": 5,
  ""confidence"": 5,
  ""design_intent"": ""functionality"",
  ""function_aesthetic_score"": 3,
  ""form_function_consistency"": 5,
  ""ambiguity_reason"": ""none"",
  ""function"": ""Electric kettle for boiling water"",
  ""semantic_meaning"": ""Practical kitchen appliance for preparing beverages"",
  ""emotion"": ""Neutral"",
  ""cognitive_interpretation"": ""User would recognize it as a tool for heating water"",
  ""style_period"": ""Modern""
}
```",
qwen25_vl_7b,Qwen/Qwen2.5-VL-7B-Instruct,Qwen2.5-VL,7B,2025,bf16,electric_kettle_010,single_appliance,electric_kettle,Electric kettle,10,20263513,electric kettle,electric_kettle_010.png,images/electric_kettle_010.png,yes,True,5,5,5,functionality,True,3,4,none,Electric kettle for boiling water,Practical kitchen appliance for preparing beverages,Neutral,User would recognize it as a tool for heating water,Modern,"```json
{
  ""recognized_as_product"": ""yes"",
  ""image_quality"": 5,
  ""target_category_recognizability"": 5,
  ""confidence"": 5,
  ""design_intent"": ""functionality"",
  ""function_aesthetic_score"": 3,
  ""form_function_consistency"": 4,
  ""ambiguity_reason"": ""none"",
  ""function"": ""Electric kettle for boiling water"",
  ""semantic_meaning"": ""Practical kitchen appliance for preparing beverages"",
  ""emotion"": ""Neutral"",
  ""cognitive_interpretation"": ""User would recognize it as a tool for heating water"",
  ""style_period"": ""Modern""
}
```",
qwen25_vl_7b,Qwen/Qwen2.5-VL-7B-Instruct,Qwen2.5-VL,7B,2025,bf16,electric_kettle_011,single_appliance,electric_kettle,Electric kettle,11,20263514,electric kettle,electric_kettle_011.png,images/electric_kettle_011.png,yes,True,4,5,5,functionality,True,3,5,none,Electric kettle for boiling water,Practical kitchen appliance for preparing beverages,Neutral,User would expect it to be used for heating water,Modern,"```json
{
  ""recognized_as_product"": ""yes"",
  ""image_quality"": 4,
  ""target_category_recognizability"": 5,
  ""confidence"": 5,
  ""design_intent"": ""functionality"",
  ""function_aesthetic_score"": 3,
  ""form_function_consistency"": 5,
  ""ambiguity_reason"": ""none"",
  ""function"": ""Electric kettle for boiling water"",
  ""semantic_meaning"": ""Practical kitchen appliance for preparing beverages"",
  ""emotion"": ""Neutral"",
  ""cognitive_interpretation"": ""User would expect it to be used for heating water"",
  ""style_period"": ""Modern""
}
```",
qwen25_vl_7b,Qwen/Qwen2.5-VL-7B-Instruct,Qwen2.5-VL,7B,2025,bf16,electric_kettle_012,single_appliance,electric_kettle,Electric kettle,12,20263515,electric kettle,electric_kettle_012.png,images/electric_kettle_012.png,yes,True,4,5,5,functionality,True,3,5,none,Electric kettle for boiling water,Practical kitchen appliance for preparing beverages,Neutral,User would expect it to be used for boiling water,Modern,"```json
{
  ""recognized_as_product"": ""yes"",
  ""image_quality"": 4,
  ""target_category_recognizability"": 5,
  ""confidence"": 5,
  ""design_intent"": ""functionality"",
  ""function_aesthetic_score"": 3,
  ""form_function_consistency"": 5,
  ""ambiguity_reason"": ""none"",
  ""function"": ""Electric kettle for boiling water"",
  ""semantic_meaning"": ""Practical kitchen appliance for preparing beverages"",
  ""emotion"": ""Neutral"",
  ""cognitive_interpretation"": ""User would expect it to be used for boiling water"",
  ""style_period"": ""Modern""
}
```",
qwen25_vl_7b,Qwen/Qwen2.5-VL-7B-Instruct,Qwen2.5-VL,7B,2025,bf16,electric_kettle_013,single_appliance,electric_kettle,Electric kettle,13,20263516,electric kettle,electric_kettle_013.png,images/electric_kettle_013.png,yes,True,5,5,5,functionality,True,3,4,none,Electric kettle for boiling water,Practical kitchen appliance for preparing beverages,Neutral,User would expect it to be used for heating water,Modern,"```json
{
  ""recognized_as_product"": ""yes"",
  ""image_quality"": 5,
  ""target_category_recognizability"": 5,
  ""confidence"": 5,
  ""design_intent"": ""functionality"",
  ""function_aesthetic_score"": 3,
  ""form_function_consistency"": 4,
  ""ambiguity_reason"": ""none"",
  ""function"": ""Electric kettle for boiling water"",
  ""semantic_meaning"": ""Practical kitchen appliance for preparing beverages"",
  ""emotion"": ""Neutral"",
  ""cognitive_interpretation"": ""User would expect it to be used for heating water"",
  ""style_period"": ""Modern""
}
```",
qwen25_vl_7b,Qwen/Qwen2.5-VL-7B-Instruct,Qwen2.5-VL,7B,2025,bf16,electric_kettle_014,single_appliance,electric_kettle,Electric kettle,14,20263517,electric kettle,electric_kettle_014.png,images/electric_kettle_014.png,yes,True,5,5,5,functionality,True,3,4,none,Electric kettle for boiling water,Practical tool for preparing beverages,Neutral,User will associate it with the task of boiling water,Modern,"```json
{
  ""recognized_as_product"": ""yes"",
  ""image_quality"": 5,
  ""target_category_recognizability"": 5,
  ""confidence"": 5,
  ""design_intent"": ""functionality"",
  ""function_aesthetic_score"": 3,
  ""form_function_consistency"": 4,
  ""ambiguity_reason"": ""none"",
  ""function"": ""Electric kettle for boiling water"",
  ""semantic_meaning"": ""Practical tool for preparing beverages"",
  ""emotion"": ""Neutral"",
  ""cognitive_interpretation"": ""User will associate it with the task of boiling water"",
  ""style_period"": ""Modern""
}
```",
qwen25_vl_7b,Qwen/Qwen2.5-VL-7B-Instruct,Qwen2.5-VL,7B,2025,bf16,electric_kettle_015,single_appliance,electric_kettle,Electric kettle,15,20263518,electric kettle,electric_kettle_015.png,images/electric_kettle_015.png,yes,True,4,5,5,functionality,True,3,4,none,Electric kettle for boiling water,Practical tool for preparing beverages,Neutral,User will understand it's an electric kettle for boiling water,Modern,"```json
{
  ""recognized_as_product"": ""yes"",
  ""image_quality"": 4,
  ""target_category_recognizability"": 5,
  ""confidence"": 5,
  ""design_intent"": ""functionality"",
  ""function_aesthetic_score"": 3,
  ""form_function_consistency"": 4,
  ""ambiguity_reason"": ""none"",
  ""function"": ""Electric kettle for boiling water"",
  ""semantic_meaning"": ""Practical tool for preparing beverages"",
  ""emotion"": ""Neutral"",
  ""cognitive_interpretation"": ""User will understand it's an electric kettle for boiling water"",
  ""style_period"": ""Modern""
}
```",
qwen25_vl_7b,Qwen/Qwen2.5-VL-7B-Instruct,Qwen2.5-VL,7B,2025,bf16,electric_kettle_016,single_appliance,electric_kettle,Electric kettle,16,20263519,electric kettle,electric_kettle_016.png,images/electric_kettle_016.png,yes,True,5,5,5,functionality,True,3,5,none,Electric kettle for boiling water,Practical tool for preparing beverages,Neutral,User would expect it to be used for heating water,Modern,"```json
{
  ""recognized_as_product"": ""yes"",
  ""image_quality"": 5,
  ""target_category_recognizability"": 5,
  ""confidence"": 5,
  ""design_intent"": ""functionality"",
  ""function_aesthetic_score"": 3,
  ""form_function_consistency"": 5,
  ""ambiguity_reason"": ""none"",
  ""function"": ""Electric kettle for boiling water"",
  ""semantic_meaning"": ""Practical tool for preparing beverages"",
  ""emotion"": ""Neutral"",
  ""cognitive_interpretation"": ""User would expect it to be used for heating water"",
  ""style_period"": ""Modern""
}
```",
qwen25_vl_7b,Qwen/Qwen2.5-VL-7B-Instruct,Qwen2.5-VL,7B,2025,bf16,electric_kettle_017,single_appliance,electric_kettle,Electric kettle,17,20263520,electric kettle,electric_kettle_017.png,images/electric_kettle_017.png,yes,True,4,5,5,functionality,True,3,5,none,Electric kettle for boiling water,Practical tool for preparing beverages,Neutral,User will associate it with the task of boiling water,Modern,"```json
{
  ""recognized_as_product"": ""yes"",
  ""image_quality"": 4,
  ""target_category_recognizability"": 5,
  ""confidence"": 5,
  ""design_intent"": ""functionality"",
  ""function_aesthetic_score"": 3,
  ""form_function_consistency"": 5,
  ""ambiguity_reason"": ""none"",
  ""function"": ""Electric kettle for boiling water"",
  ""semantic_meaning"": ""Practical tool for preparing beverages"",
  ""emotion"": ""Neutral"",
  ""cognitive_interpretation"": ""User will associate it with the task of boiling water"",
  ""style_period"": ""Modern""
}
```",
qwen25_vl_7b,Qwen/Qwen2.5-VL-7B-Instruct,Qwen2.5-VL,7B,2025,bf16,electric_kettle_018,single_appliance,electric_kettle,Electric kettle,18,20263521,electric kettle,electric_kettle_018.png,images/electric_kettle_018.png,yes,True,4,5,5,functionality,True,3,5,none,Electric kettle for boiling water,Practical tool for preparing beverages,Neutral,User will associate it with making hot drinks,Modern,"```json
{
  ""recognized_as_product"": ""yes"",
  ""image_quality"": 4,
  ""target_category_recognizability"": 5,
  ""confidence"": 5,
  ""design_intent"": ""functionality"",
  ""function_aesthetic_score"": 3,
  ""form_function_consistency"": 5,
  ""ambiguity_reason"": ""none"",
  ""function"": ""Electric kettle for boiling water"",
  ""semantic_meaning"": ""Practical tool for preparing beverages"",
  ""emotion"": ""Neutral"",
  ""cognitive_interpretation"": ""User will associate it with making hot drinks"",
  ""style_period"": ""Modern""
}
```",
qwen25_vl_7b,Qwen/Qwen2.5-VL-7B-Instruct,Qwen2.5-VL,7B,2025,bf16,electric_kettle_019,single_appliance,electric_kettle,Electric kettle,19,20263522,electric kettle,electric_kettle_019.png,images/electric_kettle_019.png,yes,True,4,5,5,functionality,True,3,5,none,Electric kettle for boiling water,Practical kitchen appliance for preparing beverages,Neutral,User will associate the kettle with the task of making hot drinks,Modern,"```json
{
  ""recognized_as_product"": ""yes"",
  ""image_quality"": 4,
  ""target_category_recognizability"": 5,
  ""confidence"": 5,
  ""design_intent"": ""functionality"",
  ""function_aesthetic_score"": 3,
  ""form_function_consistency"": 5,
  ""ambiguity_reason"": ""none"",
  ""function"": ""Electric kettle for boiling water"",
  ""semantic_meaning"": ""Practical kitchen appliance for preparing beverages"",
  ""emotion"": ""Neutral"",
  ""cognitive_interpretation"": ""User will associate the kettle with the task of making hot drinks"",
  ""style_period"": ""Modern""
}
```",
qwen25_vl_7b,Qwen/Qwen2.5-VL-7B-Instruct,Qwen2.5-VL,7B,2025,bf16,electric_kettle_020,single_appliance,electric_kettle,Electric kettle,20,20263523,electric kettle,electric_kettle_020.png,images/electric_kettle_020.png,yes,True,5,5,5,functionality,True,3,5,none,Electric kettle for boiling water,Practical tool for preparing beverages,Neutral,User would expect it to be used for heating water,Modern,"```json
{
  ""recognized_as_product"": ""yes"",
  ""image_quality"": 5,
  ""target_category_recognizability"": 5,
  ""confidence"": 5,
  ""design_intent"": ""functionality"",
  ""function_aesthetic_score"": 3,
  ""form_function_consistency"": 5,
  ""ambiguity_reason"": ""none"",
  ""function"": ""Electric kettle for boiling water"",
  ""semantic_meaning"": ""Practical tool for preparing beverages"",
  ""emotion"": ""Neutral"",
  ""cognitive_interpretation"": ""User would expect it to be used for heating water"",
  ""style_period"": ""Modern""
}
```",
qwen25_vl_7b,Qwen/Qwen2.5-VL-7B-Instruct,Qwen2.5-VL,7B,2025,bf16,electric_kettle_021,single_appliance,electric_kettle,Electric kettle,21,20263524,electric kettle,electric_kettle_021.png,images/electric_kettle_021.png,yes,True,5,5,5,functionality,True,3,4,none,Electric kettle for boiling water,Practical kitchen appliance for preparing beverages,Neutral,User would recognize it as a tool for heating water,Modern,"```json
{
  ""recognized_as_product"": ""yes"",
  ""image_quality"": 5,
  ""target_category_recognizability"": 5,
  ""confidence"": 5,
  ""design_intent"": ""functionality"",
  ""function_aesthetic_score"": 3,
  ""form_function_consistency"": 4,
  ""ambiguity_reason"": ""none"",
  ""function"": ""Electric kettle for boiling water"",
  ""semantic_meaning"": ""Practical kitchen appliance for preparing beverages"",
  ""emotion"": ""Neutral"",
  ""cognitive_interpretation"": ""User would recognize it as a tool for heating water"",
  ""style_period"": ""Modern""
}
```",
qwen25_vl_7b,Qwen/Qwen2.5-VL-7B-Instruct,Qwen2.5-VL,7B,2025,bf16,electric_kettle_022,single_appliance,electric_kettle,Electric kettle,22,20263525,electric kettle,electric_kettle_022.png,images/electric_kettle_022.png,yes,True,5,5,5,functionality,True,3,4,none,Electric kettle for boiling water,None,Neutral,A modern kitchen appliance designed for practical use,Contemporary,"```json
{
  ""recognized_as_product"": ""yes"",
  ""image_quality"": 5,
  ""target_category_recognizability"": 5,
  ""confidence"": 5,
  ""design_intent"": ""functionality"",
  ""function_aesthetic_score"": 3,
  ""form_function_consistency"": 4,
  ""ambiguity_reason"": ""none"",
  ""function"": ""Electric kettle for boiling water"",
  ""semantic_meaning"": ""None"",
  ""emotion"": ""Neutral"",
  ""cognitive_interpretation"": ""A modern kitchen appliance designed for practical use"",
  ""style_period"": ""Contemporary""
}
```",
qwen25_vl_7b,Qwen/Qwen2.5-VL-7B-Instruct,Qwen2.5-VL,7B,2025,bf16,electric_kettle_023,single_appliance,electric_kettle,Electric kettle,23,20263526,electric kettle,electric_kettle_023.png,images/electric_kettle_023.png,yes,True,4,5,5,functionality,True,3,5,none,Electric kettle for boiling water,Practical kitchen appliance for preparing beverages,Neutral,User would recognize it as a tool for heating water,Modern,"```json
{
  ""recognized_as_product"": ""yes"",
  ""image_quality"": 4,
  ""target_category_recognizability"": 5,
  ""confidence"": 5,
  ""design_intent"": ""functionality"",
  ""function_aesthetic_score"": 3,
  ""form_function_consistency"": 5,
  ""ambiguity_reason"": ""none"",
  ""function"": ""Electric kettle for boiling water"",
  ""semantic_meaning"": ""Practical kitchen appliance for preparing beverages"",
  ""emotion"": ""Neutral"",
  ""cognitive_interpretation"": ""User would recognize it as a tool for heating water"",
  ""style_period"": ""Modern""
}
```",
qwen25_vl_7b,Qwen/Qwen2.5-VL-7B-Instruct,Qwen2.5-VL,7B,2025,bf16,electric_kettle_024,single_appliance,electric_kettle,Electric kettle,24,20263527,electric kettle,electric_kettle_024.png,images/electric_kettle_024.png,yes,True,4,5,5,functionality,True,2,4,none,Electric kettle for boiling water,Practical tool for preparing beverages,Neutral,User would expect it to be used for heating water,Modern,"```json
{
  ""recognized_as_product"": ""yes"",
  ""image_quality"": 4,
  ""target_category_recognizability"": 5,
  ""confidence"": 5,
  ""design_intent"": ""functionality"",
  ""function_aesthetic_score"": 2,
  ""form_function_consistency"": 4,
  ""ambiguity_reason"": ""none"",
  ""function"": ""Electric kettle for boiling water"",
  ""semantic_meaning"": ""Practical tool for preparing beverages"",
  ""emotion"": ""Neutral"",
  ""cognitive_interpretation"": ""User would expect it to be used for heating water"",
  ""style_period"": ""Modern""
}
```",
qwen25_vl_7b,Qwen/Qwen2.5-VL-7B-Instruct,Qwen2.5-VL,7B,2025,bf16,electric_kettle_025,single_appliance,electric_kettle,Electric kettle,25,20263528,electric kettle,electric_kettle_025.png,images/electric_kettle_025.png,yes,True,5,5,5,functionality,True,3,4,none,Electric kettle for boiling water,Practical tool for preparing beverages,Neutral,User will associate it with the task of heating water,Modern,"```json
{
  ""recognized_as_product"": ""yes"",
  ""image_quality"": 5,
  ""target_category_recognizability"": 5,
  ""confidence"": 5,
  ""design_intent"": ""functionality"",
  ""function_aesthetic_score"": 3,
  ""form_function_consistency"": 4,
  ""ambiguity_reason"": ""none"",
  ""function"": ""Electric kettle for boiling water"",
  ""semantic_meaning"": ""Practical tool for preparing beverages"",
  ""emotion"": ""Neutral"",
  ""cognitive_interpretation"": ""User will associate it with the task of heating water"",
  ""style_period"": ""Modern""
}
```",
qwen25_vl_7b,Qwen/Qwen2.5-VL-7B-Instruct,Qwen2.5-VL,7B,2025,bf16,lounge_chair_001,single_furniture,lounge_chair,Lounge chair,1,20264504,lounge chair,lounge_chair_001.png,images/lounge_chair_001.png,yes,True,5,5,5,functionality,True,3,4,none,A wooden outdoor lounge chair with cushioned seating and backrest.,Comfort and relaxation in an outdoor setting.,Relaxed and serene,The chair is designed for leisure and enjoyment outdoors.,Contemporary,"```json
{
  ""recognized_as_product"": ""yes"",
  ""image_quality"": 5,
  ""target_category_recognizability"": 5,
  ""confidence"": 5,
  ""design_intent"": ""functionality"",
  ""function_aesthetic_score"": 3,
  ""form_function_consistency"": 4,
  ""ambiguity_reason"": ""none"",
  ""function"": ""A wooden outdoor lounge chair with cushioned seating and backrest."",
  ""semantic_meaning"": ""Comfort and relaxation in an outdoor setting."",
  ""emotion"": ""Relaxed and serene"",
  ""cognitive_interpretation"": ""The chair is designed for leisure and enjoyment outdoors."",
  ""style_period"": ""Contemporary""
}
```",
qwen25_vl_7b,Qwen/Qwen2.5-VL-7B-Instruct,Qwen2.5-VL,7B,2025,bf16,lounge_chair_002,single_furniture,lounge_chair,Lounge chair,2,20264505,lounge chair,lounge_chair_002.png,images/lounge_chair_002.png,yes,True,4,5,4,aesthetics,True,4,3,none,A lounge chair designed for relaxation and comfort.,"Symbolizes comfort, relaxation, and modern living.",Relaxed and serene.,The chair is interpreted as a place for leisure and rest.,Modern,"```json
{
  ""recognized_as_product"": ""yes"",
  ""image_quality"": 4,
  ""target_category_recognizability"": 5,
  ""confidence"": 4,
  ""design_intent"": ""aesthetics"",
  ""function_aesthetic_score"": 4,
  ""form_function_consistency"": 3,
  ""ambiguity_reason"": ""none"",
  ""function"": ""A lounge chair designed for relaxation and comfort."",
  ""semantic_meaning"": ""Symbolizes comfort, relaxation, and modern living."",
  ""emotion"": ""Relaxed and serene."",
  ""cognitive_interpretation"": ""The chair is interpreted as a place for leisure and rest."",
  ""style_period"": ""Modern""
}
```",
qwen25_vl_7b,Qwen/Qwen2.5-VL-7B-Instruct,Qwen2.5-VL,7B,2025,bf16,lounge_chair_003,single_furniture,lounge_chair,Lounge chair,3,20264506,lounge chair,lounge_chair_003.png,images/lounge_chair_003.png,yes,True,4,5,4,aesthetics,True,4,4,none,A comfortable armchair for sitting and relaxing.,"Comfort, relaxation, and modern simplicity.",Relaxed and serene.,"The chair is designed for leisure and comfort, suitable for a modern home setting.",Modern,"```json
{
  ""recognized_as_product"": ""yes"",
  ""image_quality"": 4,
  ""target_category_recognizability"": 5,
  ""confidence"": 4,
  ""design_intent"": ""aesthetics"",
  ""function_aesthetic_score"": 4,
  ""form_function_consistency"": 4,
  ""ambiguity_reason"": ""none"",
  ""function"": ""A comfortable armchair for sitting and relaxing."",
  ""semantic_meaning"": ""Comfort, relaxation, and modern simplicity."",
  ""emotion"": ""Relaxed and serene."",
  ""cognitive_interpretation"": ""The chair is designed for leisure and comfort, suitable for a modern home setting."",
  ""style_period"": ""Modern""
}
```",
qwen25_vl_7b,Qwen/Qwen2.5-VL-7B-Instruct,Qwen2.5-VL,7B,2025,bf16,lounge_chair_004,single_furniture,lounge_chair,Lounge chair,4,20264507,lounge chair,lounge_chair_004.png,images/lounge_chair_004.png,yes,True,5,5,5,functionality,True,3,4,none,Outdoor lounge chair for relaxation,Comfort and leisure,Relaxation and tranquility,A comfortable outdoor seating option designed for relaxation,Contemporary,"```json
{
  ""recognized_as_product"": ""yes"",
  ""image_quality"": 5,
  ""target_category_recognizability"": 5,
  ""confidence"": 5,
  ""design_intent"": ""functionality"",
  ""function_aesthetic_score"": 3,
  ""form_function_consistency"": 4,
  ""ambiguity_reason"": ""none"",
  ""function"": ""Outdoor lounge chair for relaxation"",
  ""semantic_meaning"": ""Comfort and leisure"",
  ""emotion"": ""Relaxation and tranquility"",
  ""cognitive_interpretation"": ""A comfortable outdoor seating option designed for relaxation"",
  ""style_period"": ""Contemporary""
}
```",
qwen25_vl_7b,Qwen/Qwen2.5-VL-7B-Instruct,Qwen2.5-VL,7B,2025,bf16,lounge_chair_005,single_furniture,lounge_chair,Lounge chair,5,20264508,lounge chair,lounge_chair_005.png,images/lounge_chair_005.png,yes,True,4,5,4,aesthetics,True,4,3,none,A modern lounge chair designed for relaxation.,Comfort and simplicity in a minimalist setting.,Relaxation and tranquility.,The chair is intended for leisurely sitting and enjoying a peaceful environment.,Modern,"```json
{
  ""recognized_as_product"": ""yes"",
  ""image_quality"": 4,
  ""target_category_recognizability"": 5,
  ""confidence"": 4,
  ""design_intent"": ""aesthetics"",
  ""function_aesthetic_score"": 4,
  ""form_function_consistency"": 3,
  ""ambiguity_reason"": ""none"",
  ""function"": ""A modern lounge chair designed for relaxation."",
  ""semantic_meaning"": ""Comfort and simplicity in a minimalist setting."",
  ""emotion"": ""Relaxation and tranquility."",
  ""cognitive_interpretation"": ""The chair is intended for leisurely sitting and enjoying a peaceful environment."",
  ""style_period"": ""Modern""
}
```",
qwen25_vl_7b,Qwen/Qwen2.5-VL-7B-Instruct,Qwen2.5-VL,7B,2025,bf16,lounge_chair_006,single_furniture,lounge_chair,Lounge chair,6,20264509,lounge chair,lounge_chair_006.png,images/lounge_chair_006.png,yes,True,4,5,4,functionality,True,3,4,none,Outdoor lounge chair for relaxation,Comfort and leisure,Relaxation and tranquility,A comfortable place to sit and relax outdoors,Contemporary,"```json
{
  ""recognized_as_product"": ""yes"",
  ""image_quality"": 4,
  ""target_category_recognizability"": 5,
  ""confidence"": 4,
  ""design_intent"": ""functionality"",
  ""function_aesthetic_score"": 3,
  ""form_function_consistency"": 4,
  ""ambiguity_reason"": ""none"",
  ""function"": ""Outdoor lounge chair for relaxation"",
  ""semantic_meaning"": ""Comfort and leisure"",
  ""emotion"": ""Relaxation and tranquility"",
  ""cognitive_interpretation"": ""A comfortable place to sit and relax outdoors"",
  ""style_period"": ""Contemporary""
}
```",
qwen25_vl_7b,Qwen/Qwen2.5-VL-7B-Instruct,Qwen2.5-VL,7B,2025,bf16,lounge_chair_007,single_furniture,lounge_chair,Lounge chair,7,20264510,lounge chair,lounge_chair_007.png,images/lounge_chair_007.png,yes,True,5,5,5,aesthetics,True,4,4,none,A lounge chair designed for relaxation on a beach or patio.,"Symbolizes leisure, tranquility, and connection with nature.",Relaxed and serene,The viewer interprets it as a comfortable and stylish piece of furniture for enjoying outdoor spaces.,Contemporary,"```json
{
  ""recognized_as_product"": ""yes"",
  ""image_quality"": 5,
  ""target_category_recognizability"": 5,
  ""confidence"": 5,
  ""design_intent"": ""aesthetics"",
  ""function_aesthetic_score"": 4,
  ""form_function_consistency"": 4,
  ""ambiguity_reason"": ""none"",
  ""function"": ""A lounge chair designed for relaxation on a beach or patio."",
  ""semantic_meaning"": ""Symbolizes leisure, tranquility, and connection with nature."",
  ""emotion"": ""Relaxed and serene"",
  ""cognitive_interpretation"": ""The viewer interprets it as a comfortable and stylish piece of furniture for enjoying outdoor spaces."",
  ""style_period"": ""Contemporary""
}
```",
qwen25_vl_7b,Qwen/Qwen2.5-VL-7B-Instruct,Qwen2.5-VL,7B,2025,bf16,lounge_chair_008,single_furniture,lounge_chair,Lounge chair,8,20264511,lounge chair,lounge_chair_008.png,images/lounge_chair_008.png,yes,True,5,5,5,functionality,True,3,4,none,A comfortable armchair designed for relaxation and seating.,Symbolizes comfort and leisure in a modern setting.,Relaxed and cozy,"The chair is intended for sitting and relaxing, with a focus on comfort and style.",Modern,"```json
{
  ""recognized_as_product"": ""yes"",
  ""image_quality"": 5,
  ""target_category_recognizability"": 5,
  ""confidence"": 5,
  ""design_intent"": ""functionality"",
  ""function_aesthetic_score"": 3,
  ""form_function_consistency"": 4,
  ""ambiguity_reason"": ""none"",
  ""function"": ""A comfortable armchair designed for relaxation and seating."",
  ""semantic_meaning"": ""Symbolizes comfort and leisure in a modern setting."",
  ""emotion"": ""Relaxed and cozy"",
  ""cognitive_interpretation"": ""The chair is intended for sitting and relaxing, with a focus on comfort and style."",
  ""style_period"": ""Modern""
}
```",
qwen25_vl_7b,Qwen/Qwen2.5-VL-7B-Instruct,Qwen2.5-VL,7B,2025,bf16,lounge_chair_009,single_furniture,lounge_chair,Lounge chair,9,20264512,lounge chair,lounge_chair_009.png,images/lounge_chair_009.png,yes,True,4,5,4,functionality,True,3,4,none,Outdoor lounge chair with ottoman,Comfortable seating for relaxation,Relaxation and tranquility,A place to sit and unwind,Contemporary,"```json
{
  ""recognized_as_product"": ""yes"",
  ""image_quality"": 4,
  ""target_category_recognizability"": 5,
  ""confidence"": 4,
  ""design_intent"": ""functionality"",
  ""function_aesthetic_score"": 3,
  ""form_function_consistency"": 4,
  ""ambiguity_reason"": ""none"",
  ""function"": ""Outdoor lounge chair with ottoman"",
  ""semantic_meaning"": ""Comfortable seating for relaxation"",
  ""emotion"": ""Relaxation and tranquility"",
  ""cognitive_interpretation"": ""A place to sit and unwind"",
  ""style_period"": ""Contemporary""
}
```",
qwen25_vl_7b,Qwen/Qwen2.5-VL-7B-Instruct,Qwen2.5-VL,7B,2025,bf16,lounge_chair_010,single_furniture,lounge_chair,Lounge chair,10,20264513,lounge chair,lounge_chair_010.png,images/lounge_chair_010.png,yes,True,4,5,4,aesthetics,True,4,4,none,"A comfortable, modern rocking chair designed for relaxation.","Symbolizes comfort, tranquility, and a connection with nature through its design and surrounding greenery.","Relaxation, calmness, and serenity.","The viewer interprets it as a space for rest and leisure, emphasizing a peaceful environment.",Contemporary,"```json
{
  ""recognized_as_product"": ""yes"",
  ""image_quality"": 4,
  ""target_category_recognizability"": 5,
  ""confidence"": 4,
  ""design_intent"": ""aesthetics"",
  ""function_aesthetic_score"": 4,
  ""form_function_consistency"": 4,
  ""ambiguity_reason"": ""none"",
  ""function"": ""A comfortable, modern rocking chair designed for relaxation."",
  ""semantic_meaning"": ""Symbolizes comfort, tranquility, and a connection with nature through its design and surrounding greenery."",
  ""emotion"": ""Relaxation, calmness, and serenity."",
  ""cognitive_interpretation"": ""The viewer interprets it as a space for rest and leisure, emphasizing a peaceful environment."",
  ""style_period"": ""Contemporary""
}
```",
qwen25_vl_7b,Qwen/Qwen2.5-VL-7B-Instruct,Qwen2.5-VL,7B,2025,bf16,lounge_chair_011,single_furniture,lounge_chair,Lounge chair,11,20264514,lounge chair,lounge_chair_011.png,images/lounge_chair_011.png,yes,True,5,5,5,aesthetics,True,4,4,none,outdoor lounge chair,"relaxation, leisure, outdoor living","serene, comfortable","a modern, stylish piece for outdoor relaxation",contemporary,"```json
{
  ""recognized_as_product"": ""yes"",
  ""image_quality"": 5,
  ""target_category_recognizability"": 5,
  ""confidence"": 5,
  ""design_intent"": ""aesthetics"",
  ""function_aesthetic_score"": 4,
  ""form_function_consistency"": 4,
  ""ambiguity_reason"": ""none"",
  ""function"": ""outdoor lounge chair"",
  ""semantic_meaning"": ""relaxation, leisure, outdoor living"",
  ""emotion"": ""serene, comfortable"",
  ""cognitive_interpretation"": ""a modern, stylish piece for outdoor relaxation"",
  ""style_period"": ""contemporary""
}
```",
qwen25_vl_7b,Qwen/Qwen2.5-VL-7B-Instruct,Qwen2.5-VL,7B,2025,bf16,lounge_chair_012,single_furniture,lounge_chair,Lounge chair,12,20264515,lounge chair,lounge_chair_012.png,images/lounge_chair_012.png,yes,True,5,5,5,aesthetics,True,4,4,none,A lounge chair designed for relaxation and comfort.,"Symbolizes comfort, relaxation, and modern simplicity.",Relaxed and serene,The chair is interpreted as a place for rest and leisure in a modern home setting.,Modern,"```json
{
  ""recognized_as_product"": ""yes"",
  ""image_quality"": 5,
  ""target_category_recognizability"": 5,
  ""confidence"": 5,
  ""design_intent"": ""aesthetics"",
  ""function_aesthetic_score"": 4,
  ""form_function_consistency"": 4,
  ""ambiguity_reason"": ""none"",
  ""function"": ""A lounge chair designed for relaxation and comfort."",
  ""semantic_meaning"": ""Symbolizes comfort, relaxation, and modern simplicity."",
  ""emotion"": ""Relaxed and serene"",
  ""cognitive_interpretation"": ""The chair is interpreted as a place for rest and leisure in a modern home setting."",
  ""style_period"": ""Modern""
}
```",
qwen25_vl_7b,Qwen/Qwen2.5-VL-7B-Instruct,Qwen2.5-VL,7B,2025,bf16,lounge_chair_013,single_furniture,lounge_chair,Lounge chair,13,20264516,lounge chair,lounge_chair_013.png,images/lounge_chair_013.png,yes,True,5,5,5,functionality,True,3,4,none,A modern lounge chair with an ottoman for relaxation.,Comfort and relaxation in a contemporary setting.,Relaxed and serene.,"The image conveys a sense of comfort and leisure, suggesting it's designed for relaxation and rest.",Modern,"```json
{
  ""recognized_as_product"": ""yes"",
  ""image_quality"": 5,
  ""target_category_recognizability"": 5,
  ""confidence"": 5,
  ""design_intent"": ""functionality"",
  ""function_aesthetic_score"": 3,
  ""form_function_consistency"": 4,
  ""ambiguity_reason"": ""none"",
  ""function"": ""A modern lounge chair with an ottoman for relaxation."",
  ""semantic_meaning"": ""Comfort and relaxation in a contemporary setting."",
  ""emotion"": ""Relaxed and serene."",
  ""cognitive_interpretation"": ""The image conveys a sense of comfort and leisure, suggesting it's designed for relaxation and rest."",
  ""style_period"": ""Modern""
}
```",
qwen25_vl_7b,Qwen/Qwen2.5-VL-7B-Instruct,Qwen2.5-VL,7B,2025,bf16,lounge_chair_014,single_furniture,lounge_chair,Lounge chair,14,20264517,lounge chair,lounge_chair_014.png,images/lounge_chair_014.png,yes,True,4,5,4,functionality,True,3,4,none,Outdoor lounge chair for relaxation,Comfort and leisure,Relaxed and serene,A comfortable outdoor seating option for relaxation,Contemporary,"```json
{
  ""recognized_as_product"": ""yes"",
  ""image_quality"": 4,
  ""target_category_recognizability"": 5,
  ""confidence"": 4,
  ""design_intent"": ""functionality"",
  ""function_aesthetic_score"": 3,
  ""form_function_consistency"": 4,
  ""ambiguity_reason"": ""none"",
  ""function"": ""Outdoor lounge chair for relaxation"",
  ""semantic_meaning"": ""Comfort and leisure"",
  ""emotion"": ""Relaxed and serene"",
  ""cognitive_interpretation"": ""A comfortable outdoor seating option for relaxation"",
  ""style_period"": ""Contemporary""
}
```",
qwen25_vl_7b,Qwen/Qwen2.5-VL-7B-Instruct,Qwen2.5-VL,7B,2025,bf16,lounge_chair_015,single_furniture,lounge_chair,Lounge chair,15,20264518,lounge chair,lounge_chair_015.png,images/lounge_chair_015.png,yes,True,5,5,5,aesthetics,True,4,4,none,A comfortable armchair for sitting and relaxing.,Elegance and simplicity in modern design.,Relaxation and comfort.,"The chair is designed for leisure and relaxation, with a focus on comfort and style.",Modern,"```json
{
  ""recognized_as_product"": ""yes"",
  ""image_quality"": 5,
  ""target_category_recognizability"": 5,
  ""confidence"": 5,
  ""design_intent"": ""aesthetics"",
  ""function_aesthetic_score"": 4,
  ""form_function_consistency"": 4,
  ""ambiguity_reason"": ""none"",
  ""function"": ""A comfortable armchair for sitting and relaxing."",
  ""semantic_meaning"": ""Elegance and simplicity in modern design."",
  ""emotion"": ""Relaxation and comfort."",
  ""cognitive_interpretation"": ""The chair is designed for leisure and relaxation, with a focus on comfort and style."",
  ""style_period"": ""Modern""
}
```",
qwen25_vl_7b,Qwen/Qwen2.5-VL-7B-Instruct,Qwen2.5-VL,7B,2025,bf16,lounge_chair_016,single_furniture,lounge_chair,Lounge chair,16,20264519,lounge chair,lounge_chair_016.png,images/lounge_chair_016.png,yes,True,4,5,4,aesthetics,True,4,4,none,A lounge chair designed for relaxation and comfort.,"Symbolizes comfort, relaxation, and leisure.",Relaxed and serene.,"The chair is intended for sitting and lounging, providing a comfortable space for rest and relaxation.",Contemporary,"```json
{
  ""recognized_as_product"": ""yes"",
  ""image_quality"": 4,
  ""target_category_recognizability"": 5,
  ""confidence"": 4,
  ""design_intent"": ""aesthetics"",
  ""function_aesthetic_score"": 4,
  ""form_function_consistency"": 4,
  ""ambiguity_reason"": ""none"",
  ""function"": ""A lounge chair designed for relaxation and comfort."",
  ""semantic_meaning"": ""Symbolizes comfort, relaxation, and leisure."",
  ""emotion"": ""Relaxed and serene."",
  ""cognitive_interpretation"": ""The chair is intended for sitting and lounging, providing a comfortable space for rest and relaxation."",
  ""style_period"": ""Contemporary""
}
```",
qwen25_vl_7b,Qwen/Qwen2.5-VL-7B-Instruct,Qwen2.5-VL,7B,2025,bf16,lounge_chair_017,single_furniture,lounge_chair,Lounge chair,17,20264520,lounge chair,lounge_chair_017.png,images/lounge_chair_017.png,yes,True,5,5,5,aesthetics,True,4,4,none,A modern rocking chair designed for relaxation.,"The chair symbolizes comfort, tranquility, and a connection to nature through its rocking motion.",Relaxation and serenity.,Users would likely interpret the chair as a place to unwind and enjoy a peaceful moment.,Modern,"```json
{
  ""recognized_as_product"": ""yes"",
  ""image_quality"": 5,
  ""target_category_recognizability"": 5,
  ""confidence"": 5,
  ""design_intent"": ""aesthetics"",
  ""function_aesthetic_score"": 4,
  ""form_function_consistency"": 4,
  ""ambiguity_reason"": ""none"",
  ""function"": ""A modern rocking chair designed for relaxation."",
  ""semantic_meaning"": ""The chair symbolizes comfort, tranquility, and a connection to nature through its rocking motion."",
  ""emotion"": ""Relaxation and serenity."",
  ""cognitive_interpretation"": ""Users would likely interpret the chair as a place to unwind and enjoy a peaceful moment."",
  ""style_period"": ""Modern""
}
```",
qwen25_vl_7b,Qwen/Qwen2.5-VL-7B-Instruct,Qwen2.5-VL,7B,2025,bf16,lounge_chair_018,single_furniture,lounge_chair,Lounge chair,18,20264521,lounge chair,lounge_chair_018.png,images/lounge_chair_018.png,yes,True,4,5,4,aesthetics,True,4,3,none,A modern lounge chair with an ottoman.,Comfort and relaxation.,Relaxed and serene.,"The chair is designed for leisure and comfort, suitable for a home setting.",Mid-century modern,"```json
{
  ""recognized_as_product"": ""yes"",
  ""image_quality"": 4,
  ""target_category_recognizability"": 5,
  ""confidence"": 4,
  ""design_intent"": ""aesthetics"",
  ""function_aesthetic_score"": 4,
  ""form_function_consistency"": 3,
  ""ambiguity_reason"": ""none"",
  ""function"": ""A modern lounge chair with an ottoman."",
  ""semantic_meaning"": ""Comfort and relaxation."",
  ""emotion"": ""Relaxed and serene."",
  ""cognitive_interpretation"": ""The chair is designed for leisure and comfort, suitable for a home setting."",
  ""style_period"": ""Mid-century modern""
}
```",
qwen25_vl_7b,Qwen/Qwen2.5-VL-7B-Instruct,Qwen2.5-VL,7B,2025,bf16,lounge_chair_019,single_furniture,lounge_chair,Lounge chair,19,20264522,lounge chair,lounge_chair_019.png,images/lounge_chair_019.png,yes,True,5,5,5,aesthetics,True,4,4,none,A lounge chair designed for relaxation and comfort.,"Symbolizes comfort, relaxation, and modern design.",Relaxed and serene.,The chair is interpreted as a piece of furniture meant for leisurely sitting and enjoying a peaceful moment.,Modern,"```json
{
  ""recognized_as_product"": ""yes"",
  ""image_quality"": 5,
  ""target_category_recognizability"": 5,
  ""confidence"": 5,
  ""design_intent"": ""aesthetics"",
  ""function_aesthetic_score"": 4,
  ""form_function_consistency"": 4,
  ""ambiguity_reason"": ""none"",
  ""function"": ""A lounge chair designed for relaxation and comfort."",
  ""semantic_meaning"": ""Symbolizes comfort, relaxation, and modern design."",
  ""emotion"": ""Relaxed and serene."",
  ""cognitive_interpretation"": ""The chair is interpreted as a piece of furniture meant for leisurely sitting and enjoying a peaceful moment."",
  ""style_period"": ""Modern""
}
```",
qwen25_vl_7b,Qwen/Qwen2.5-VL-7B-Instruct,Qwen2.5-VL,7B,2025,bf16,lounge_chair_020,single_furniture,lounge_chair,Lounge chair,20,20264523,lounge chair,lounge_chair_020.png,images/lounge_chair_020.png,yes,True,4,5,4,aesthetics,True,4,3,none,A modern armchair with an ottoman.,Comfort and relaxation in a contemporary setting.,Relaxed and serene.,"The chair is designed for leisure and comfort, suitable for a living room or reading corner.",Contemporary,"```json
{
  ""recognized_as_product"": ""yes"",
  ""image_quality"": 4,
  ""target_category_recognizability"": 5,
  ""confidence"": 4,
  ""design_intent"": ""aesthetics"",
  ""function_aesthetic_score"": 4,
  ""form_function_consistency"": 3,
  ""ambiguity_reason"": ""none"",
  ""function"": ""A modern armchair with an ottoman."",
  ""semantic_meaning"": ""Comfort and relaxation in a contemporary setting."",
  ""emotion"": ""Relaxed and serene."",
  ""cognitive_interpretation"": ""The chair is designed for leisure and comfort, suitable for a living room or reading corner."",
  ""style_period"": ""Contemporary""
}
```",
qwen25_vl_7b,Qwen/Qwen2.5-VL-7B-Instruct,Qwen2.5-VL,7B,2025,bf16,lounge_chair_021,single_furniture,lounge_chair,Lounge chair,21,20264524,lounge chair,lounge_chair_021.png,images/lounge_chair_021.png,yes,True,4,5,4,aesthetics,True,4,4,none,A lounge chair designed for relaxation and comfort.,Symbolizes leisure and tranquility.,Relaxed and serene.,The chair is intended for a comfortable and peaceful sitting experience.,Contemporary,"```json
{
  ""recognized_as_product"": ""yes"",
  ""image_quality"": 4,
  ""target_category_recognizability"": 5,
  ""confidence"": 4,
  ""design_intent"": ""aesthetics"",
  ""function_aesthetic_score"": 4,
  ""form_function_consistency"": 4,
  ""ambiguity_reason"": ""none"",
  ""function"": ""A lounge chair designed for relaxation and comfort."",
  ""semantic_meaning"": ""Symbolizes leisure and tranquility."",
  ""emotion"": ""Relaxed and serene."",
  ""cognitive_interpretation"": ""The chair is intended for a comfortable and peaceful sitting experience."",
  ""style_period"": ""Contemporary""
}
```",
qwen25_vl_7b,Qwen/Qwen2.5-VL-7B-Instruct,Qwen2.5-VL,7B,2025,bf16,lounge_chair_022,single_furniture,lounge_chair,Lounge chair,22,20264525,lounge chair,lounge_chair_022.png,images/lounge_chair_022.png,yes,True,4,5,4,functionality,True,3,4,none,A comfortable reclining chair with an ottoman for relaxation.,Symbolizes comfort and leisure.,Relaxation and tranquility.,The user interprets it as a place to sit and relax.,Contemporary,"```json
{
  ""recognized_as_product"": ""yes"",
  ""image_quality"": 4,
  ""target_category_recognizability"": 5,
  ""confidence"": 4,
  ""design_intent"": ""functionality"",
  ""function_aesthetic_score"": 3,
  ""form_function_consistency"": 4,
  ""ambiguity_reason"": ""none"",
  ""function"": ""A comfortable reclining chair with an ottoman for relaxation."",
  ""semantic_meaning"": ""Symbolizes comfort and leisure."",
  ""emotion"": ""Relaxation and tranquility."",
  ""cognitive_interpretation"": ""The user interprets it as a place to sit and relax."",
  ""style_period"": ""Contemporary""
}
```",
qwen25_vl_7b,Qwen/Qwen2.5-VL-7B-Instruct,Qwen2.5-VL,7B,2025,bf16,lounge_chair_023,single_furniture,lounge_chair,Lounge chair,23,20264526,lounge chair,lounge_chair_023.png,images/lounge_chair_023.png,yes,True,5,5,5,aesthetics,True,4,4,none,A modern lounge chair with an ottoman,Comfort and relaxation,Relaxed and serene,The chair is designed for leisure and enjoyment in a luxurious setting,contemporary,"```json
{
  ""recognized_as_product"": ""yes"",
  ""image_quality"": 5,
  ""target_category_recognizability"": 5,
  ""confidence"": 5,
  ""design_intent"": ""aesthetics"",
  ""function_aesthetic_score"": 4,
  ""form_function_consistency"": 4,
  ""ambiguity_reason"": ""none"",
  ""function"": ""A modern lounge chair with an ottoman"",
  ""semantic_meaning"": ""Comfort and relaxation"",
  ""emotion"": ""Relaxed and serene"",
  ""cognitive_interpretation"": ""The chair is designed for leisure and enjoyment in a luxurious setting"",
  ""style_period"": ""contemporary""
}
```",
qwen25_vl_7b,Qwen/Qwen2.5-VL-7B-Instruct,Qwen2.5-VL,7B,2025,bf16,lounge_chair_024,single_furniture,lounge_chair,Lounge chair,24,20264527,lounge chair,lounge_chair_024.png,images/lounge_chair_024.png,yes,True,5,5,5,functionality,True,3,4,none,Outdoor lounge chair for relaxation,Symbolizes leisure and comfort in an outdoor setting,Relaxed and serene,The chair is designed for lounging and enjoying the outdoors,Contemporary,"```json
{
  ""recognized_as_product"": ""yes"",
  ""image_quality"": 5,
  ""target_category_recognizability"": 5,
  ""confidence"": 5,
  ""design_intent"": ""functionality"",
  ""function_aesthetic_score"": 3,
  ""form_function_consistency"": 4,
  ""ambiguity_reason"": ""none"",
  ""function"": ""Outdoor lounge chair for relaxation"",
  ""semantic_meaning"": ""Symbolizes leisure and comfort in an outdoor setting"",
  ""emotion"": ""Relaxed and serene"",
  ""cognitive_interpretation"": ""The chair is designed for lounging and enjoying the outdoors"",
  ""style_period"": ""Contemporary""
}
```",
qwen25_vl_7b,Qwen/Qwen2.5-VL-7B-Instruct,Qwen2.5-VL,7B,2025,bf16,lounge_chair_025,single_furniture,lounge_chair,Lounge chair,25,20264528,lounge chair,lounge_chair_025.png,images/lounge_chair_025.png,yes,True,4,5,4,aesthetics,True,4,4,none,A lounge chair designed for relaxation and comfort.,Symbolizes leisure and tranquility.,Relaxed and serene.,The chair is intended for lounging and enjoying a peaceful moment.,Contemporary,"```json
{
  ""recognized_as_product"": ""yes"",
  ""image_quality"": 4,
  ""target_category_recognizability"": 5,
  ""confidence"": 4,
  ""design_intent"": ""aesthetics"",
  ""function_aesthetic_score"": 4,
  ""form_function_consistency"": 4,
  ""ambiguity_reason"": ""none"",
  ""function"": ""A lounge chair designed for relaxation and comfort."",
  ""semantic_meaning"": ""Symbolizes leisure and tranquility."",
  ""emotion"": ""Relaxed and serene."",
  ""cognitive_interpretation"": ""The chair is intended for lounging and enjoying a peaceful moment."",
  ""style_period"": ""Contemporary""
}
```",
qwen25_vl_7b,Qwen/Qwen2.5-VL-7B-Instruct,Qwen2.5-VL,7B,2025,bf16,desk_lamp_001,single_lighting,desk_lamp,Desk lamp,1,20265504,desk lamp,desk_lamp_001.png,images/desk_lamp_001.png,yes,True,4,5,4,aesthetics,True,4,3,none,A desk lamp with an adjustable arm for lighting.,"A modern, functional lighting solution designed for workspaces.",Warm and inviting ambiance created by the lamp's light.,The lamp is intended to provide focused lighting for tasks on the desk.,Contemporary,"```json
{
  ""recognized_as_product"": ""yes"",
  ""image_quality"": 4,
  ""target_category_recognizability"": 5,
  ""confidence"": 4,
  ""design_intent"": ""aesthetics"",
  ""function_aesthetic_score"": 4,
  ""form_function_consistency"": 3,
  ""ambiguity_reason"": ""none"",
  ""function"": ""A desk lamp with an adjustable arm for lighting."",
  ""semantic_meaning"": ""A modern, functional lighting solution designed for workspaces."",
  ""emotion"": ""Warm and inviting ambiance created by the lamp's light."",
  ""cognitive_interpretation"": ""The lamp is intended to provide focused lighting for tasks on the desk."",
  ""style_period"": ""Contemporary""
}
```",
qwen25_vl_7b,Qwen/Qwen2.5-VL-7B-Instruct,Qwen2.5-VL,7B,2025,bf16,desk_lamp_002,single_lighting,desk_lamp,Desk lamp,2,20265505,desk lamp,desk_lamp_002.png,images/desk_lamp_002.png,yes,True,4,5,5,functionality,True,3,4,none,A desk lamp designed for illuminating workspaces.,Symbolizes productivity and focus.,"Neutral, professional, and calm.",Users will likely associate it with tasks requiring focused lighting.,Modern,"```json
{
  ""recognized_as_product"": ""yes"",
  ""image_quality"": 4,
  ""target_category_recognizability"": 5,
  ""confidence"": 5,
  ""design_intent"": ""functionality"",
  ""function_aesthetic_score"": 3,
  ""form_function_consistency"": 4,
  ""ambiguity_reason"": ""none"",
  ""function"": ""A desk lamp designed for illuminating workspaces."",
  ""semantic_meaning"": ""Symbolizes productivity and focus."",
  ""emotion"": ""Neutral, professional, and calm."",
  ""cognitive_interpretation"": ""Users will likely associate it with tasks requiring focused lighting."",
  ""style_period"": ""Modern""
}
```",
qwen25_vl_7b,Qwen/Qwen2.5-VL-7B-Instruct,Qwen2.5-VL,7B,2025,bf16,desk_lamp_003,single_lighting,desk_lamp,Desk lamp,3,20265506,desk lamp,desk_lamp_003.png,images/desk_lamp_003.png,yes,True,5,5,5,functionality,True,3,4,none,A desk lamp designed for illuminating workspaces.,Symbolizes productivity and focus.,Neutral and calm,Users will associate it with tasks requiring focused lighting.,Modern,"```json
{
  ""recognized_as_product"": ""yes"",
  ""image_quality"": 5,
  ""target_category_recognizability"": 5,
  ""confidence"": 5,
  ""design_intent"": ""functionality"",
  ""function_aesthetic_score"": 3,
  ""form_function_consistency"": 4,
  ""ambiguity_reason"": ""none"",
  ""function"": ""A desk lamp designed for illuminating workspaces."",
  ""semantic_meaning"": ""Symbolizes productivity and focus."",
  ""emotion"": ""Neutral and calm"",
  ""cognitive_interpretation"": ""Users will associate it with tasks requiring focused lighting."",
  ""style_period"": ""Modern""
}
```",
qwen25_vl_7b,Qwen/Qwen2.5-VL-7B-Instruct,Qwen2.5-VL,7B,2025,bf16,desk_lamp_004,single_lighting,desk_lamp,Desk lamp,4,20265507,desk lamp,desk_lamp_004.png,images/desk_lamp_004.png,yes,True,4,5,5,functionality,True,3,4,none,A desk lamp designed for illuminating workspaces.,A tool for providing focused light in a specific area.,Warm and inviting,"The lamp is intended to be used for reading, writing, or other tasks requiring focused lighting.",Modern,"```json
{
  ""recognized_as_product"": ""yes"",
  ""image_quality"": 4,
  ""target_category_recognizability"": 5,
  ""confidence"": 5,
  ""design_intent"": ""functionality"",
  ""function_aesthetic_score"": 3,
  ""form_function_consistency"": 4,
  ""ambiguity_reason"": ""none"",
  ""function"": ""A desk lamp designed for illuminating workspaces."",
  ""semantic_meaning"": ""A tool for providing focused light in a specific area."",
  ""emotion"": ""Warm and inviting"",
  ""cognitive_interpretation"": ""The lamp is intended to be used for reading, writing, or other tasks requiring focused lighting."",
  ""style_period"": ""Modern""
}
```",
qwen25_vl_7b,Qwen/Qwen2.5-VL-7B-Instruct,Qwen2.5-VL,7B,2025,bf16,desk_lamp_005,single_lighting,desk_lamp,Desk lamp,5,20265508,desk lamp,desk_lamp_005.png,images/desk_lamp_005.png,yes,True,4,5,5,functionality,True,3,4,none,A desk lamp designed for illuminating workspaces.,A practical tool for providing focused lighting.,"Neutral, functional, and calm.","The lamp is intended for reading, writing, or other tasks requiring focused light.",Contemporary,"```json
{
  ""recognized_as_product"": ""yes"",
  ""image_quality"": 4,
  ""target_category_recognizability"": 5,
  ""confidence"": 5,
  ""design_intent"": ""functionality"",
  ""function_aesthetic_score"": 3,
  ""form_function_consistency"": 4,
  ""ambiguity_reason"": ""none"",
  ""function"": ""A desk lamp designed for illuminating workspaces."",
  ""semantic_meaning"": ""A practical tool for providing focused lighting."",
  ""emotion"": ""Neutral, functional, and calm."",
  ""cognitive_interpretation"": ""The lamp is intended for reading, writing, or other tasks requiring focused light."",
  ""style_period"": ""Contemporary""
}
```",
qwen25_vl_7b,Qwen/Qwen2.5-VL-7B-Instruct,Qwen2.5-VL,7B,2025,bf16,desk_lamp_006,single_lighting,desk_lamp,Desk lamp,6,20265509,desk lamp,desk_lamp_006.png,images/desk_lamp_006.png,yes,True,4,5,4,functionality,True,3,4,none,A desk lamp designed for illuminating workspaces.,"Symbolizes practicality and focus, often associated with study or work environments.","Neutral, focused, and calm.",Users would likely interpret it as a tool for reading or working at a desk.,Modern,"```json
{
  ""recognized_as_product"": ""yes"",
  ""image_quality"": 4,
  ""target_category_recognizability"": 5,
  ""confidence"": 4,
  ""design_intent"": ""functionality"",
  ""function_aesthetic_score"": 3,
  ""form_function_consistency"": 4,
  ""ambiguity_reason"": ""none"",
  ""function"": ""A desk lamp designed for illuminating workspaces."",
  ""semantic_meaning"": ""Symbolizes practicality and focus, often associated with study or work environments."",
  ""emotion"": ""Neutral, focused, and calm."",
  ""cognitive_interpretation"": ""Users would likely interpret it as a tool for reading or working at a desk."",
  ""style_period"": ""Modern""
}
```",
qwen25_vl_7b,Qwen/Qwen2.5-VL-7B-Instruct,Qwen2.5-VL,7B,2025,bf16,desk_lamp_007,single_lighting,desk_lamp,Desk lamp,7,20265510,desk lamp,desk_lamp_007.png,images/desk_lamp_007.png,yes,True,4,5,5,functionality,True,3,4,none,A desk lamp designed for illuminating workspaces.,Symbolizes productivity and focus.,Concentrated and calm.,"The lamp is intended for reading, writing, or other tasks requiring focused light.",Modern,"```json
{
  ""recognized_as_product"": ""yes"",
  ""image_quality"": 4,
  ""target_category_recognizability"": 5,
  ""confidence"": 5,
  ""design_intent"": ""functionality"",
  ""function_aesthetic_score"": 3,
  ""form_function_consistency"": 4,
  ""ambiguity_reason"": ""none"",
  ""function"": ""A desk lamp designed for illuminating workspaces."",
  ""semantic_meaning"": ""Symbolizes productivity and focus."",
  ""emotion"": ""Concentrated and calm."",
  ""cognitive_interpretation"": ""The lamp is intended for reading, writing, or other tasks requiring focused light."",
  ""style_period"": ""Modern""
}
```",
qwen25_vl_7b,Qwen/Qwen2.5-VL-7B-Instruct,Qwen2.5-VL,7B,2025,bf16,desk_lamp_008,single_lighting,desk_lamp,Desk lamp,8,20265511,desk lamp,desk_lamp_008.png,images/desk_lamp_008.png,yes,True,4,5,5,functionality,True,3,4,none,A desk lamp designed for illuminating workspaces.,Symbolizes productivity and focus.,Concentrated and focused.,"The lamp is intended for reading, writing, or other tasks requiring focused light.",Modern,"```json
{
  ""recognized_as_product"": ""yes"",
  ""image_quality"": 4,
  ""target_category_recognizability"": 5,
  ""confidence"": 5,
  ""design_intent"": ""functionality"",
  ""function_aesthetic_score"": 3,
  ""form_function_consistency"": 4,
  ""ambiguity_reason"": ""none"",
  ""function"": ""A desk lamp designed for illuminating workspaces."",
  ""semantic_meaning"": ""Symbolizes productivity and focus."",
  ""emotion"": ""Concentrated and focused."",
  ""cognitive_interpretation"": ""The lamp is intended for reading, writing, or other tasks requiring focused light."",
  ""style_period"": ""Modern""
}
```",
qwen25_vl_7b,Qwen/Qwen2.5-VL-7B-Instruct,Qwen2.5-VL,7B,2025,bf16,desk_lamp_009,single_lighting,desk_lamp,Desk lamp,9,20265512,desk lamp,desk_lamp_009.png,images/desk_lamp_009.png,yes,True,4,5,5,functionality,True,3,4,none,A desk lamp designed for illuminating workspaces.,Symbolizes productivity and focus.,Warmth and comfort.,"The lamp is intended for reading, writing, or other tasks requiring focused light.",Modern,"```json
{
  ""recognized_as_product"": ""yes"",
  ""image_quality"": 4,
  ""target_category_recognizability"": 5,
  ""confidence"": 5,
  ""design_intent"": ""functionality"",
  ""function_aesthetic_score"": 3,
  ""form_function_consistency"": 4,
  ""ambiguity_reason"": ""none"",
  ""function"": ""A desk lamp designed for illuminating workspaces."",
  ""semantic_meaning"": ""Symbolizes productivity and focus."",
  ""emotion"": ""Warmth and comfort."",
  ""cognitive_interpretation"": ""The lamp is intended for reading, writing, or other tasks requiring focused light."",
  ""style_period"": ""Modern""
}
```",
qwen25_vl_7b,Qwen/Qwen2.5-VL-7B-Instruct,Qwen2.5-VL,7B,2025,bf16,desk_lamp_010,single_lighting,desk_lamp,Desk lamp,10,20265513,desk lamp,desk_lamp_010.png,images/desk_lamp_010.png,yes,True,4,5,5,functionality,True,3,4,none,A desk lamp designed for illuminating workspaces.,"Symbolizes a workspace or study area, often associated with productivity and focus.",Concentrated and focused,"The lamp is intended to provide focused lighting for tasks such as reading, writing, or working on a computer.",Modern,"```json
{
  ""recognized_as_product"": ""yes"",
  ""image_quality"": 4,
  ""target_category_recognizability"": 5,
  ""confidence"": 5,
  ""design_intent"": ""functionality"",
  ""function_aesthetic_score"": 3,
  ""form_function_consistency"": 4,
  ""ambiguity_reason"": ""none"",
  ""function"": ""A desk lamp designed for illuminating workspaces."",
  ""semantic_meaning"": ""Symbolizes a workspace or study area, often associated with productivity and focus."",
  ""emotion"": ""Concentrated and focused"",
  ""cognitive_interpretation"": ""The lamp is intended to provide focused lighting for tasks such as reading, writing, or working on a computer."",
  ""style_period"": ""Modern""
}
```",
qwen25_vl_7b,Qwen/Qwen2.5-VL-7B-Instruct,Qwen2.5-VL,7B,2025,bf16,desk_lamp_011,single_lighting,desk_lamp,Desk lamp,11,20265514,desk lamp,desk_lamp_011.png,images/desk_lamp_011.png,yes,True,4,5,5,functionality,True,3,5,none,A desk lamp designed for illuminating workspaces.,"A tool for providing focused light for tasks such as reading, writing, or working on small projects.","Neutral, practical, and functional.","The lamp is intended to be used for lighting purposes, enhancing visibility in a workspace.",Modern,"```json
{
  ""recognized_as_product"": ""yes"",
  ""image_quality"": 4,
  ""target_category_recognizability"": 5,
  ""confidence"": 5,
  ""design_intent"": ""functionality"",
  ""function_aesthetic_score"": 3,
  ""form_function_consistency"": 5,
  ""ambiguity_reason"": ""none"",
  ""function"": ""A desk lamp designed for illuminating workspaces."",
  ""semantic_meaning"": ""A tool for providing focused light for tasks such as reading, writing, or working on small projects."",
  ""emotion"": ""Neutral, practical, and functional."",
  ""cognitive_interpretation"": ""The lamp is intended to be used for lighting purposes, enhancing visibility in a workspace."",
  ""style_period"": ""Modern""
}
```",
qwen25_vl_7b,Qwen/Qwen2.5-VL-7B-Instruct,Qwen2.5-VL,7B,2025,bf16,desk_lamp_012,single_lighting,desk_lamp,Desk lamp,12,20265515,desk lamp,desk_lamp_012.png,images/desk_lamp_012.png,yes,True,4,5,5,aesthetics,True,4,4,none,desk lamp,"warm, inviting light for reading or working","cozy, focused",a functional desk lamp designed for aesthetic appeal,modern,"```json
{
  ""recognized_as_product"": ""yes"",
  ""image_quality"": 4,
  ""target_category_recognizability"": 5,
  ""confidence"": 5,
  ""design_intent"": ""aesthetics"",
  ""function_aesthetic_score"": 4,
  ""form_function_consistency"": 4,
  ""ambiguity_reason"": ""none"",
  ""function"": ""desk lamp"",
  ""semantic_meaning"": ""warm, inviting light for reading or working"",
  ""emotion"": ""cozy, focused"",
  ""cognitive_interpretation"": ""a functional desk lamp designed for aesthetic appeal"",
  ""style_period"": ""modern""
}
```",
qwen25_vl_7b,Qwen/Qwen2.5-VL-7B-Instruct,Qwen2.5-VL,7B,2025,bf16,desk_lamp_013,single_lighting,desk_lamp,Desk lamp,13,20265516,desk lamp,desk_lamp_013.png,images/desk_lamp_013.png,yes,True,5,5,5,functionality,True,3,4,none,A desk lamp designed for illuminating workspaces.,Symbolizes productivity and focus.,"Neutral, professional, and focused.","Users will likely associate it with tasks requiring good lighting, such as reading, writing, or working on a computer.",Modern,"```json
{
  ""recognized_as_product"": ""yes"",
  ""image_quality"": 5,
  ""target_category_recognizability"": 5,
  ""confidence"": 5,
  ""design_intent"": ""functionality"",
  ""function_aesthetic_score"": 3,
  ""form_function_consistency"": 4,
  ""ambiguity_reason"": ""none"",
  ""function"": ""A desk lamp designed for illuminating workspaces."",
  ""semantic_meaning"": ""Symbolizes productivity and focus."",
  ""emotion"": ""Neutral, professional, and focused."",
  ""cognitive_interpretation"": ""Users will likely associate it with tasks requiring good lighting, such as reading, writing, or working on a computer."",
  ""style_period"": ""Modern""
}
```",
qwen25_vl_7b,Qwen/Qwen2.5-VL-7B-Instruct,Qwen2.5-VL,7B,2025,bf16,desk_lamp_014,single_lighting,desk_lamp,Desk lamp,14,20265517,desk lamp,desk_lamp_014.png,images/desk_lamp_014.png,yes,True,4,5,5,functionality,True,3,4,none,A desk lamp designed for illuminating workspaces.,"Symbolizes a workspace or study area, often associated with productivity and focus.",Concentrated and focused,The lamp is intended to provide focused light for reading or working at a desk.,Modern,"```json
{
  ""recognized_as_product"": ""yes"",
  ""image_quality"": 4,
  ""target_category_recognizability"": 5,
  ""confidence"": 5,
  ""design_intent"": ""functionality"",
  ""function_aesthetic_score"": 3,
  ""form_function_consistency"": 4,
  ""ambiguity_reason"": ""none"",
  ""function"": ""A desk lamp designed for illuminating workspaces."",
  ""semantic_meaning"": ""Symbolizes a workspace or study area, often associated with productivity and focus."",
  ""emotion"": ""Concentrated and focused"",
  ""cognitive_interpretation"": ""The lamp is intended to provide focused light for reading or working at a desk."",
  ""style_period"": ""Modern""
}
```",
qwen25_vl_7b,Qwen/Qwen2.5-VL-7B-Instruct,Qwen2.5-VL,7B,2025,bf16,desk_lamp_015,single_lighting,desk_lamp,Desk lamp,15,20265518,desk lamp,desk_lamp_015.png,images/desk_lamp_015.png,yes,True,4,5,5,aesthetics,True,4,4,none,A desk lamp designed for illuminating workspaces.,The lamp symbolizes modern minimalism and functionality.,Modern and serene,"Users will associate the lamp with a clean, contemporary workspace environment.",modern,"```json
{
  ""recognized_as_product"": ""yes"",
  ""image_quality"": 4,
  ""target_category_recognizability"": 5,
  ""confidence"": 5,
  ""design_intent"": ""aesthetics"",
  ""function_aesthetic_score"": 4,
  ""form_function_consistency"": 4,
  ""ambiguity_reason"": ""none"",
  ""function"": ""A desk lamp designed for illuminating workspaces."",
  ""semantic_meaning"": ""The lamp symbolizes modern minimalism and functionality."",
  ""emotion"": ""Modern and serene"",
  ""cognitive_interpretation"": ""Users will associate the lamp with a clean, contemporary workspace environment."",
  ""style_period"": ""modern""
}
```",
qwen25_vl_7b,Qwen/Qwen2.5-VL-7B-Instruct,Qwen2.5-VL,7B,2025,bf16,desk_lamp_016,single_lighting,desk_lamp,Desk lamp,16,20265519,desk lamp,desk_lamp_016.png,images/desk_lamp_016.png,yes,True,4,5,4,aesthetics,True,4,4,none,A desk lamp designed for illuminating workspaces.,"A modern, minimalist design symbolizing simplicity and functionality.",Serene and focused.,The lamp is intended for practical use while also being appreciated for its sleek design.,Contemporary,"```json
{
  ""recognized_as_product"": ""yes"",
  ""image_quality"": 4,
  ""target_category_recognizability"": 5,
  ""confidence"": 4,
  ""design_intent"": ""aesthetics"",
  ""function_aesthetic_score"": 4,
  ""form_function_consistency"": 4,
  ""ambiguity_reason"": ""none"",
  ""function"": ""A desk lamp designed for illuminating workspaces."",
  ""semantic_meaning"": ""A modern, minimalist design symbolizing simplicity and functionality."",
  ""emotion"": ""Serene and focused."",
  ""cognitive_interpretation"": ""The lamp is intended for practical use while also being appreciated for its sleek design."",
  ""style_period"": ""Contemporary""
}
```",
qwen25_vl_7b,Qwen/Qwen2.5-VL-7B-Instruct,Qwen2.5-VL,7B,2025,bf16,desk_lamp_017,single_lighting,desk_lamp,Desk lamp,17,20265520,desk lamp,desk_lamp_017.png,images/desk_lamp_017.png,yes,True,4,5,5,functionality,True,3,5,none,A desk lamp designed for illuminating workspaces.,Symbolizes productivity and focus.,Warmth and comfort.,The lamp is intended to provide focused lighting for tasks at a desk.,Modern,"```json
{
  ""recognized_as_product"": ""yes"",
  ""image_quality"": 4,
  ""target_category_recognizability"": 5,
  ""confidence"": 5,
  ""design_intent"": ""functionality"",
  ""function_aesthetic_score"": 3,
  ""form_function_consistency"": 5,
  ""ambiguity_reason"": ""none"",
  ""function"": ""A desk lamp designed for illuminating workspaces."",
  ""semantic_meaning"": ""Symbolizes productivity and focus."",
  ""emotion"": ""Warmth and comfort."",
  ""cognitive_interpretation"": ""The lamp is intended to provide focused lighting for tasks at a desk."",
  ""style_period"": ""Modern""
}
```",
qwen25_vl_7b,Qwen/Qwen2.5-VL-7B-Instruct,Qwen2.5-VL,7B,2025,bf16,desk_lamp_018,single_lighting,desk_lamp,Desk lamp,18,20265521,desk lamp,desk_lamp_018.png,images/desk_lamp_018.png,yes,True,4,5,5,functionality,True,3,5,none,A desk lamp designed for illuminating workspaces.,Symbolizes productivity and focus.,"Neutral, professional, and focused.",The lamp is intended for practical use in a workspace setting.,Modern,"```json
{
  ""recognized_as_product"": ""yes"",
  ""image_quality"": 4,
  ""target_category_recognizability"": 5,
  ""confidence"": 5,
  ""design_intent"": ""functionality"",
  ""function_aesthetic_score"": 3,
  ""form_function_consistency"": 5,
  ""ambiguity_reason"": ""none"",
  ""function"": ""A desk lamp designed for illuminating workspaces."",
  ""semantic_meaning"": ""Symbolizes productivity and focus."",
  ""emotion"": ""Neutral, professional, and focused."",
  ""cognitive_interpretation"": ""The lamp is intended for practical use in a workspace setting."",
  ""style_period"": ""Modern""
}
```",
qwen25_vl_7b,Qwen/Qwen2.5-VL-7B-Instruct,Qwen2.5-VL,7B,2025,bf16,desk_lamp_019,single_lighting,desk_lamp,Desk lamp,19,20265522,desk lamp,desk_lamp_019.png,images/desk_lamp_019.png,yes,True,4,5,5,aesthetics,True,4,4,none,A desk lamp designed for illuminating workspaces.,"A modern, functional piece of furniture that symbolizes productivity and focus.",Warmth and comfort,"The lamp is intended to provide focused lighting for reading, writing, or other tasks at a desk.",Modern,"```json
{
  ""recognized_as_product"": ""yes"",
  ""image_quality"": 4,
  ""target_category_recognizability"": 5,
  ""confidence"": 5,
  ""design_intent"": ""aesthetics"",
  ""function_aesthetic_score"": 4,
  ""form_function_consistency"": 4,
  ""ambiguity_reason"": ""none"",
  ""function"": ""A desk lamp designed for illuminating workspaces."",
  ""semantic_meaning"": ""A modern, functional piece of furniture that symbolizes productivity and focus."",
  ""emotion"": ""Warmth and comfort"",
  ""cognitive_interpretation"": ""The lamp is intended to provide focused lighting for reading, writing, or other tasks at a desk."",
  ""style_period"": ""Modern""
}
```",
qwen25_vl_7b,Qwen/Qwen2.5-VL-7B-Instruct,Qwen2.5-VL,7B,2025,bf16,desk_lamp_020,single_lighting,desk_lamp,Desk lamp,20,20265523,desk lamp,desk_lamp_020.png,images/desk_lamp_020.png,yes,True,4,5,5,functionality,True,3,4,none,A desk lamp designed for illuminating workspaces.,"Symbolizes a workspace environment, often associated with productivity and focus.",Relaxed and focused,"The lamp is intended to provide focused lighting for tasks such as reading, writing, or working on a computer.",Modern,"```json
{
  ""recognized_as_product"": ""yes"",
  ""image_quality"": 4,
  ""target_category_recognizability"": 5,
  ""confidence"": 5,
  ""design_intent"": ""functionality"",
  ""function_aesthetic_score"": 3,
  ""form_function_consistency"": 4,
  ""ambiguity_reason"": ""none"",
  ""function"": ""A desk lamp designed for illuminating workspaces."",
  ""semantic_meaning"": ""Symbolizes a workspace environment, often associated with productivity and focus."",
  ""emotion"": ""Relaxed and focused"",
  ""cognitive_interpretation"": ""The lamp is intended to provide focused lighting for tasks such as reading, writing, or working on a computer."",
  ""style_period"": ""Modern""
}
```",
qwen25_vl_7b,Qwen/Qwen2.5-VL-7B-Instruct,Qwen2.5-VL,7B,2025,bf16,desk_lamp_021,single_lighting,desk_lamp,Desk lamp,21,20265524,desk lamp,desk_lamp_021.png,images/desk_lamp_021.png,yes,True,4,5,5,functionality,True,3,4,none,A desk lamp designed for illuminating workspaces.,"Symbolizes focus, productivity, and a dedicated workspace.",Concentrated and calm,"The lamp is intended for reading, writing, or other tasks requiring focused light.",Modern,"```json
{
  ""recognized_as_product"": ""yes"",
  ""image_quality"": 4,
  ""target_category_recognizability"": 5,
  ""confidence"": 5,
  ""design_intent"": ""functionality"",
  ""function_aesthetic_score"": 3,
  ""form_function_consistency"": 4,
  ""ambiguity_reason"": ""none"",
  ""function"": ""A desk lamp designed for illuminating workspaces."",
  ""semantic_meaning"": ""Symbolizes focus, productivity, and a dedicated workspace."",
  ""emotion"": ""Concentrated and calm"",
  ""cognitive_interpretation"": ""The lamp is intended for reading, writing, or other tasks requiring focused light."",
  ""style_period"": ""Modern""
}
```",
qwen25_vl_7b,Qwen/Qwen2.5-VL-7B-Instruct,Qwen2.5-VL,7B,2025,bf16,desk_lamp_022,single_lighting,desk_lamp,Desk lamp,22,20265525,desk lamp,desk_lamp_022.png,images/desk_lamp_022.png,yes,True,4,5,5,functionality,True,3,4,none,A desk lamp designed for illuminating workspaces.,"A practical tool for providing focused light for reading, writing, or other tasks.",Warm and inviting,"The lamp is intended to be used for tasks requiring focused lighting, such as studying or working at a desk.",Modern,"```json
{
  ""recognized_as_product"": ""yes"",
  ""image_quality"": 4,
  ""target_category_recognizability"": 5,
  ""confidence"": 5,
  ""design_intent"": ""functionality"",
  ""function_aesthetic_score"": 3,
  ""form_function_consistency"": 4,
  ""ambiguity_reason"": ""none"",
  ""function"": ""A desk lamp designed for illuminating workspaces."",
  ""semantic_meaning"": ""A practical tool for providing focused light for reading, writing, or other tasks."",
  ""emotion"": ""Warm and inviting"",
  ""cognitive_interpretation"": ""The lamp is intended to be used for tasks requiring focused lighting, such as studying or working at a desk."",
  ""style_period"": ""Modern""
}
```",
qwen25_vl_7b,Qwen/Qwen2.5-VL-7B-Instruct,Qwen2.5-VL,7B,2025,bf16,desk_lamp_023,single_lighting,desk_lamp,Desk lamp,23,20265526,desk lamp,desk_lamp_023.png,images/desk_lamp_023.png,yes,True,4,5,5,functionality,True,3,4,none,A desk lamp designed for illuminating workspaces.,"Symbolizes a workspace or study area, promoting focus and productivity.",Warmth and comfort,The lamp is intended to provide focused lighting for reading or working at a desk.,Contemporary,"```json
{
  ""recognized_as_product"": ""yes"",
  ""image_quality"": 4,
  ""target_category_recognizability"": 5,
  ""confidence"": 5,
  ""design_intent"": ""functionality"",
  ""function_aesthetic_score"": 3,
  ""form_function_consistency"": 4,
  ""ambiguity_reason"": ""none"",
  ""function"": ""A desk lamp designed for illuminating workspaces."",
  ""semantic_meaning"": ""Symbolizes a workspace or study area, promoting focus and productivity."",
  ""emotion"": ""Warmth and comfort"",
  ""cognitive_interpretation"": ""The lamp is intended to provide focused lighting for reading or working at a desk."",
  ""style_period"": ""Contemporary""
}
```",
qwen25_vl_7b,Qwen/Qwen2.5-VL-7B-Instruct,Qwen2.5-VL,7B,2025,bf16,desk_lamp_024,single_lighting,desk_lamp,Desk lamp,24,20265527,desk lamp,desk_lamp_024.png,images/desk_lamp_024.png,yes,True,4,5,5,aesthetics,True,4,4,none,A desk lamp designed for illuminating workspaces.,"A modern, minimalist design symbolizing simplicity and functionality.",Serene and focused,The lamp is intended to provide focused lighting for reading or working at a desk.,Modern,"```json
{
  ""recognized_as_product"": ""yes"",
  ""image_quality"": 4,
  ""target_category_recognizability"": 5,
  ""confidence"": 5,
  ""design_intent"": ""aesthetics"",
  ""function_aesthetic_score"": 4,
  ""form_function_consistency"": 4,
  ""ambiguity_reason"": ""none"",
  ""function"": ""A desk lamp designed for illuminating workspaces."",
  ""semantic_meaning"": ""A modern, minimalist design symbolizing simplicity and functionality."",
  ""emotion"": ""Serene and focused"",
  ""cognitive_interpretation"": ""The lamp is intended to provide focused lighting for reading or working at a desk."",
  ""style_period"": ""Modern""
}
```",
qwen25_vl_7b,Qwen/Qwen2.5-VL-7B-Instruct,Qwen2.5-VL,7B,2025,bf16,desk_lamp_025,single_lighting,desk_lamp,Desk lamp,25,20265528,desk lamp,desk_lamp_025.png,images/desk_lamp_025.png,yes,True,4,5,5,functionality,True,3,4,none,A desk lamp designed for illuminating workspaces.,"A symbol of productivity and focus, often associated with study or work environments.",Warmth and comfort,The lamp is intended to provide focused lighting for tasks at hand.,Modern,"```json
{
  ""recognized_as_product"": ""yes"",
  ""image_quality"": 4,
  ""target_category_recognizability"": 5,
  ""confidence"": 5,
  ""design_intent"": ""functionality"",
  ""function_aesthetic_score"": 3,
  ""form_function_consistency"": 4,
  ""ambiguity_reason"": ""none"",
  ""function"": ""A desk lamp designed for illuminating workspaces."",
  ""semantic_meaning"": ""A symbol of productivity and focus, often associated with study or work environments."",
  ""emotion"": ""Warmth and comfort"",
  ""cognitive_interpretation"": ""The lamp is intended to provide focused lighting for tasks at hand."",
  ""style_period"": ""Modern""
}
```",
qwen25_vl_7b,Qwen/Qwen2.5-VL-7B-Instruct,Qwen2.5-VL,7B,2025,bf16,sneakers_001,single_wearable,sneakers,Sneakers,1,20267504,sneakers,sneakers_001.png,images/sneakers_001.png,yes,True,5,5,5,functionality,True,3,4,none,A pair of casual sneakers designed for everyday wear.,"Symbolizes casual, urban fashion and comfort.",Casual and relaxed.,The viewer interprets these shoes as comfortable and suitable for daily activities.,Contemporary,"```json
{
  ""recognized_as_product"": ""yes"",
  ""image_quality"": 5,
  ""target_category_recognizability"": 5,
  ""confidence"": 5,
  ""design_intent"": ""functionality"",
  ""function_aesthetic_score"": 3,
  ""form_function_consistency"": 4,
  ""ambiguity_reason"": ""none"",
  ""function"": ""A pair of casual sneakers designed for everyday wear."",
  ""semantic_meaning"": ""Symbolizes casual, urban fashion and comfort."",
  ""emotion"": ""Casual and relaxed."",
  ""cognitive_interpretation"": ""The viewer interprets these shoes as comfortable and suitable for daily activities."",
  ""style_period"": ""Contemporary""
}
```",
qwen25_vl_7b,Qwen/Qwen2.5-VL-7B-Instruct,Qwen2.5-VL,7B,2025,bf16,sneakers_002,single_wearable,sneakers,Sneakers,2,20267505,sneakers,sneakers_002.png,images/sneakers_002.png,yes,True,4,5,5,functionality,True,3,4,none,The image depicts a pair of white sneakers designed for casual wear.,"The sneakers symbolize a modern, casual lifestyle.",The image evokes a sense of comfort and simplicity.,Users would likely interpret these shoes as suitable for everyday activities like walking or casual outings.,contemporary,"```json
{
  ""recognized_as_product"": ""yes"",
  ""image_quality"": 4,
  ""target_category_recognizability"": 5,
  ""confidence"": 5,
  ""design_intent"": ""functionality"",
  ""function_aesthetic_score"": 3,
  ""form_function_consistency"": 4,
  ""ambiguity_reason"": ""none"",
  ""function"": ""The image depicts a pair of white sneakers designed for casual wear."",
  ""semantic_meaning"": ""The sneakers symbolize a modern, casual lifestyle."",
  ""emotion"": ""The image evokes a sense of comfort and simplicity."",
  ""cognitive_interpretation"": ""Users would likely interpret these shoes as suitable for everyday activities like walking or casual outings."",
  ""style_period"": ""contemporary""
}
```",
qwen25_vl_7b,Qwen/Qwen2.5-VL-7B-Instruct,Qwen2.5-VL,7B,2025,bf16,sneakers_003,single_wearable,sneakers,Sneakers,3,20267506,sneakers,sneakers_003.png,images/sneakers_003.png,yes,True,4,5,5,functionality,True,3,4,none,The image depicts a pair of white sneakers designed for casual wear and athletic activities.,"The sneakers symbolize modern, urban fashion and comfort in everyday life.","The image evokes a sense of simplicity, cleanliness, and modernity.","Users would likely interpret these sneakers as versatile, comfortable, and suitable for various casual settings.",contemporary,"```json
{
  ""recognized_as_product"": ""yes"",
  ""image_quality"": 4,
  ""target_category_recognizability"": 5,
  ""confidence"": 5,
  ""design_intent"": ""functionality"",
  ""function_aesthetic_score"": 3,
  ""form_function_consistency"": 4,
  ""ambiguity_reason"": ""none"",
  ""function"": ""The image depicts a pair of white sneakers designed for casual wear and athletic activities."",
  ""semantic_meaning"": ""The sneakers symbolize modern, urban fashion and comfort in everyday life."",
  ""emotion"": ""The image evokes a sense of simplicity, cleanliness, and modernity."",
  ""cognitive_interpretation"": ""Users would likely interpret these sneakers as versatile, comfortable, and suitable for various casual settings."",
  ""style_period"": ""contemporary""
}
```",
qwen25_vl_7b,Qwen/Qwen2.5-VL-7B-Instruct,Qwen2.5-VL,7B,2025,bf16,sneakers_004,single_wearable,sneakers,Sneakers,4,20267507,sneakers,sneakers_004.png,images/sneakers_004.png,yes,True,5,5,5,functionality,True,3,4,none,A pair of white sneakers designed for casual wear and possibly skateboarding.,The sneakers symbolize modern urban fashion and sporty lifestyle.,Casual and relaxed,"Users would likely associate these shoes with comfort, style, and youth culture.",Contemporary,"```json
{
  ""recognized_as_product"": ""yes"",
  ""image_quality"": 5,
  ""target_category_recognizability"": 5,
  ""confidence"": 5,
  ""design_intent"": ""functionality"",
  ""function_aesthetic_score"": 3,
  ""form_function_consistency"": 4,
  ""ambiguity_reason"": ""none"",
  ""function"": ""A pair of white sneakers designed for casual wear and possibly skateboarding."",
  ""semantic_meaning"": ""The sneakers symbolize modern urban fashion and sporty lifestyle."",
  ""emotion"": ""Casual and relaxed"",
  ""cognitive_interpretation"": ""Users would likely associate these shoes with comfort, style, and youth culture."",
  ""style_period"": ""Contemporary""
}
```",
qwen25_vl_7b,Qwen/Qwen2.5-VL-7B-Instruct,Qwen2.5-VL,7B,2025,bf16,sneakers_005,single_wearable,sneakers,Sneakers,5,20267508,sneakers,sneakers_005.png,images/sneakers_005.png,yes,True,4,5,5,functionality,True,2,4,none,A pair of white sneakers designed for casual wear.,"Symbolizes simplicity, versatility, and everyday practicality.","Neutral, clean, and modern.","The viewer would likely associate these shoes with comfort, sportiness, and a minimalist aesthetic.",Contemporary,"```json
{
  ""recognized_as_product"": ""yes"",
  ""image_quality"": 4,
  ""target_category_recognizability"": 5,
  ""confidence"": 5,
  ""design_intent"": ""functionality"",
  ""function_aesthetic_score"": 2,
  ""form_function_consistency"": 4,
  ""ambiguity_reason"": ""none"",
  ""function"": ""A pair of white sneakers designed for casual wear."",
  ""semantic_meaning"": ""Symbolizes simplicity, versatility, and everyday practicality."",
  ""emotion"": ""Neutral, clean, and modern."",
  ""cognitive_interpretation"": ""The viewer would likely associate these shoes with comfort, sportiness, and a minimalist aesthetic."",
  ""style_period"": ""Contemporary""
}
```",
qwen25_vl_7b,Qwen/Qwen2.5-VL-7B-Instruct,Qwen2.5-VL,7B,2025,bf16,sneakers_006,single_wearable,sneakers,Sneakers,6,20267509,sneakers,sneakers_006.png,images/sneakers_006.png,yes,True,4,5,5,aesthetics,True,4,3,none,footwear designed for casual wear,"modern, urban style with a mix of neutral and vibrant colors",cool and contemporary,the shoes are stylish and suitable for everyday wear,contemporary,"```json
{
  ""recognized_as_product"": ""yes"",
  ""image_quality"": 4,
  ""target_category_recognizability"": 5,
  ""confidence"": 5,
  ""design_intent"": ""aesthetics"",
  ""function_aesthetic_score"": 4,
  ""form_function_consistency"": 3,
  ""ambiguity_reason"": ""none"",
  ""function"": ""footwear designed for casual wear"",
  ""semantic_meaning"": ""modern, urban style with a mix of neutral and vibrant colors"",
  ""emotion"": ""cool and contemporary"",
  ""cognitive_interpretation"": ""the shoes are stylish and suitable for everyday wear"",
  ""style_period"": ""contemporary""
}
```",
qwen25_vl_7b,Qwen/Qwen2.5-VL-7B-Instruct,Qwen2.5-VL,7B,2025,bf16,sneakers_007,single_wearable,sneakers,Sneakers,7,20267510,sneakers,sneakers_007.png,images/sneakers_007.png,yes,True,5,5,5,functionality,True,3,4,none,A pair of white sneakers designed for casual wear and comfort.,"The sneakers symbolize simplicity, versatility, and modern fashion.","Neutral and clean, evoking a sense of calm and simplicity.",Users would likely interpret these shoes as suitable for everyday activities and casual outings.,Contemporary,"```json
{
  ""recognized_as_product"": ""yes"",
  ""image_quality"": 5,
  ""target_category_recognizability"": 5,
  ""confidence"": 5,
  ""design_intent"": ""functionality"",
  ""function_aesthetic_score"": 3,
  ""form_function_consistency"": 4,
  ""ambiguity_reason"": ""none"",
  ""function"": ""A pair of white sneakers designed for casual wear and comfort."",
  ""semantic_meaning"": ""The sneakers symbolize simplicity, versatility, and modern fashion."",
  ""emotion"": ""Neutral and clean, evoking a sense of calm and simplicity."",
  ""cognitive_interpretation"": ""Users would likely interpret these shoes as suitable for everyday activities and casual outings."",
  ""style_period"": ""Contemporary""
}
```",
qwen25_vl_7b,Qwen/Qwen2.5-VL-7B-Instruct,Qwen2.5-VL,7B,2025,bf16,sneakers_008,single_wearable,sneakers,Sneakers,8,20267511,sneakers,sneakers_008.png,images/sneakers_008.png,yes,True,4,5,4,functionality,True,2,4,none,A pair of athletic sneakers designed for casual wear and light physical activity.,"The sneakers symbolize modern, urban fashion and comfort.",Casual and relaxed,Users would likely associate these shoes with everyday wear and comfort.,contemporary,"```json
{
  ""recognized_as_product"": ""yes"",
  ""image_quality"": 4,
  ""target_category_recognizability"": 5,
  ""confidence"": 4,
  ""design_intent"": ""functionality"",
  ""function_aesthetic_score"": 2,
  ""form_function_consistency"": 4,
  ""ambiguity_reason"": ""none"",
  ""function"": ""A pair of athletic sneakers designed for casual wear and light physical activity."",
  ""semantic_meaning"": ""The sneakers symbolize modern, urban fashion and comfort."",
  ""emotion"": ""Casual and relaxed"",
  ""cognitive_interpretation"": ""Users would likely associate these shoes with everyday wear and comfort."",
  ""style_period"": ""contemporary""
}
```",
qwen25_vl_7b,Qwen/Qwen2.5-VL-7B-Instruct,Qwen2.5-VL,7B,2025,bf16,sneakers_009,single_wearable,sneakers,Sneakers,9,20267512,sneakers,sneakers_009.png,images/sneakers_009.png,yes,True,4,5,5,functionality,True,3,4,none,The image shows a pair of white sneakers designed for casual wear and possibly athletic activities.,"The sneakers symbolize modern, urban fashion and comfort.",The image evokes a sense of simplicity and cleanliness.,The viewer would likely interpret these shoes as suitable for everyday wear and possibly light exercise.,contemporary,"```json
{
  ""recognized_as_product"": ""yes"",
  ""image_quality"": 4,
  ""target_category_recognizability"": 5,
  ""confidence"": 5,
  ""design_intent"": ""functionality"",
  ""function_aesthetic_score"": 3,
  ""form_function_consistency"": 4,
  ""ambiguity_reason"": ""none"",
  ""function"": ""The image shows a pair of white sneakers designed for casual wear and possibly athletic activities."",
  ""semantic_meaning"": ""The sneakers symbolize modern, urban fashion and comfort."",
  ""emotion"": ""The image evokes a sense of simplicity and cleanliness."",
  ""cognitive_interpretation"": ""The viewer would likely interpret these shoes as suitable for everyday wear and possibly light exercise."",
  ""style_period"": ""contemporary""
}
```",
qwen25_vl_7b,Qwen/Qwen2.5-VL-7B-Instruct,Qwen2.5-VL,7B,2025,bf16,sneakers_010,single_wearable,sneakers,Sneakers,10,20267513,sneakers,sneakers_010.png,images/sneakers_010.png,yes,True,4,5,4,functionality,True,3,4,none,The image shows a pair of white sneakers with a casual design.,"The sneakers suggest a casual, everyday wear context.",Relaxed and comfortable.,The viewer interprets the image as showcasing a pair of comfortable and stylish sneakers for casual use.,Contemporary,"```json
{
  ""recognized_as_product"": ""yes"",
  ""image_quality"": 4,
  ""target_category_recognizability"": 5,
  ""confidence"": 4,
  ""design_intent"": ""functionality"",
  ""function_aesthetic_score"": 3,
  ""form_function_consistency"": 4,
  ""ambiguity_reason"": ""none"",
  ""function"": ""The image shows a pair of white sneakers with a casual design."",
  ""semantic_meaning"": ""The sneakers suggest a casual, everyday wear context."",
  ""emotion"": ""Relaxed and comfortable."",
  ""cognitive_interpretation"": ""The viewer interprets the image as showcasing a pair of comfortable and stylish sneakers for casual use."",
  ""style_period"": ""Contemporary""
}
```",
qwen25_vl_7b,Qwen/Qwen2.5-VL-7B-Instruct,Qwen2.5-VL,7B,2025,bf16,sneakers_011,single_wearable,sneakers,Sneakers,11,20267514,sneakers,sneakers_011.png,images/sneakers_011.png,yes,True,5,5,5,functionality,True,3,4,none,A pair of athletic shoes designed for running or casual wear.,"The shoes symbolize fitness, sportiness, and modern lifestyle.","energetic, active, and stylish","Users will likely associate these shoes with comfort, performance, and contemporary fashion.",contemporary,"```json
{
  ""recognized_as_product"": ""yes"",
  ""image_quality"": 5,
  ""target_category_recognizability"": 5,
  ""confidence"": 5,
  ""design_intent"": ""functionality"",
  ""function_aesthetic_score"": 3,
  ""form_function_consistency"": 4,
  ""ambiguity_reason"": ""none"",
  ""function"": ""A pair of athletic shoes designed for running or casual wear."",
  ""semantic_meaning"": ""The shoes symbolize fitness, sportiness, and modern lifestyle."",
  ""emotion"": ""energetic, active, and stylish"",
  ""cognitive_interpretation"": ""Users will likely associate these shoes with comfort, performance, and contemporary fashion."",
  ""style_period"": ""contemporary""
}
```",
qwen25_vl_7b,Qwen/Qwen2.5-VL-7B-Instruct,Qwen2.5-VL,7B,2025,bf16,sneakers_012,single_wearable,sneakers,Sneakers,12,20267515,sneakers,sneakers_012.png,images/sneakers_012.png,yes,True,4,5,5,functionality,True,3,4,none,The image depicts a pair of casual athletic shoes designed for everyday wear.,"The shoes symbolize comfort, sportiness, and practicality.",The image evokes a sense of casualness and readiness for outdoor activities.,"Users would likely interpret these shoes as suitable for walking, casual outings, or light exercise.",contemporary,"```json
{
  ""recognized_as_product"": ""yes"",
  ""image_quality"": 4,
  ""target_category_recognizability"": 5,
  ""confidence"": 5,
  ""design_intent"": ""functionality"",
  ""function_aesthetic_score"": 3,
  ""form_function_consistency"": 4,
  ""ambiguity_reason"": ""none"",
  ""function"": ""The image depicts a pair of casual athletic shoes designed for everyday wear."",
  ""semantic_meaning"": ""The shoes symbolize comfort, sportiness, and practicality."",
  ""emotion"": ""The image evokes a sense of casualness and readiness for outdoor activities."",
  ""cognitive_interpretation"": ""Users would likely interpret these shoes as suitable for walking, casual outings, or light exercise."",
  ""style_period"": ""contemporary""
}
```",
qwen25_vl_7b,Qwen/Qwen2.5-VL-7B-Instruct,Qwen2.5-VL,7B,2025,bf16,sneakers_013,single_wearable,sneakers,Sneakers,13,20267516,sneakers,sneakers_013.png,images/sneakers_013.png,yes,True,4,5,5,functionality,True,3,4,none,"The image shows a pair of white sneakers with a unique design, likely for athletic or casual wear.",The sneakers may symbolize modern fashion trends or a specific brand identity.,The image evokes a sense of contemporary style and comfort.,Users might interpret these sneakers as stylish yet practical footwear.,contemporary,"```json
{
  ""recognized_as_product"": ""yes"",
  ""image_quality"": 4,
  ""target_category_recognizability"": 5,
  ""confidence"": 5,
  ""design_intent"": ""functionality"",
  ""function_aesthetic_score"": 3,
  ""form_function_consistency"": 4,
  ""ambiguity_reason"": ""none"",
  ""function"": ""The image shows a pair of white sneakers with a unique design, likely for athletic or casual wear."",
  ""semantic_meaning"": ""The sneakers may symbolize modern fashion trends or a specific brand identity."",
  ""emotion"": ""The image evokes a sense of contemporary style and comfort."",
  ""cognitive_interpretation"": ""Users might interpret these sneakers as stylish yet practical footwear."",
  ""style_period"": ""contemporary""
}
```",
qwen25_vl_7b,Qwen/Qwen2.5-VL-7B-Instruct,Qwen2.5-VL,7B,2025,bf16,sneakers_014,single_wearable,sneakers,Sneakers,14,20267517,sneakers,sneakers_014.png,images/sneakers_014.png,yes,True,4,5,4,functionality,True,2,4,none,The image depicts a pair of white sneakers designed for casual wear.,"The sneakers symbolize comfort, sportiness, and a modern, minimalist aesthetic.",The image evokes a sense of simplicity and cleanliness.,Users would likely interpret these shoes as suitable for everyday activities like walking or casual outings.,contemporary,"```json
{
  ""recognized_as_product"": ""yes"",
  ""image_quality"": 4,
  ""target_category_recognizability"": 5,
  ""confidence"": 4,
  ""design_intent"": ""functionality"",
  ""function_aesthetic_score"": 2,
  ""form_function_consistency"": 4,
  ""ambiguity_reason"": ""none"",
  ""function"": ""The image depicts a pair of white sneakers designed for casual wear."",
  ""semantic_meaning"": ""The sneakers symbolize comfort, sportiness, and a modern, minimalist aesthetic."",
  ""emotion"": ""The image evokes a sense of simplicity and cleanliness."",
  ""cognitive_interpretation"": ""Users would likely interpret these shoes as suitable for everyday activities like walking or casual outings."",
  ""style_period"": ""contemporary""
}
```",
qwen25_vl_7b,Qwen/Qwen2.5-VL-7B-Instruct,Qwen2.5-VL,7B,2025,bf16,sneakers_015,single_wearable,sneakers,Sneakers,15,20267518,sneakers,sneakers_015.png,images/sneakers_015.png,yes,True,4,5,4,functionality,True,3,4,none,The image depicts a pair of athletic sneakers designed for casual wear and possibly sports activities.,"The sneakers symbolize modern, urban fashion and may convey a sense of youthfulness and active lifestyle.",The image evokes a feeling of casual comfort and contemporary style.,Users would likely interpret these shoes as suitable for everyday wear and possibly light athletic activities.,contemporary,"```json
{
  ""recognized_as_product"": ""yes"",
  ""image_quality"": 4,
  ""target_category_recognizability"": 5,
  ""confidence"": 4,
  ""design_intent"": ""functionality"",
  ""function_aesthetic_score"": 3,
  ""form_function_consistency"": 4,
  ""ambiguity_reason"": ""none"",
  ""function"": ""The image depicts a pair of athletic sneakers designed for casual wear and possibly sports activities."",
  ""semantic_meaning"": ""The sneakers symbolize modern, urban fashion and may convey a sense of youthfulness and active lifestyle."",
  ""emotion"": ""The image evokes a feeling of casual comfort and contemporary style."",
  ""cognitive_interpretation"": ""Users would likely interpret these shoes as suitable for everyday wear and possibly light athletic activities."",
  ""style_period"": ""contemporary""
}
```",
qwen25_vl_7b,Qwen/Qwen2.5-VL-7B-Instruct,Qwen2.5-VL,7B,2025,bf16,sneakers_016,single_wearable,sneakers,Sneakers,16,20267519,sneakers,sneakers_016.png,images/sneakers_016.png,yes,True,4,5,4,aesthetics,True,4,3,none,footwear designed for casual wear or sports,"modern, sporty, and stylish",energetic and youthful,the shoes are seen as fashionable and suitable for active lifestyles,contemporary,"```json
{
  ""recognized_as_product"": ""yes"",
  ""image_quality"": 4,
  ""target_category_recognizability"": 5,
  ""confidence"": 4,
  ""design_intent"": ""aesthetics"",
  ""function_aesthetic_score"": 4,
  ""form_function_consistency"": 3,
  ""ambiguity_reason"": ""none"",
  ""function"": ""footwear designed for casual wear or sports"",
  ""semantic_meaning"": ""modern, sporty, and stylish"",
  ""emotion"": ""energetic and youthful"",
  ""cognitive_interpretation"": ""the shoes are seen as fashionable and suitable for active lifestyles"",
  ""style_period"": ""contemporary""
}
```",
qwen25_vl_7b,Qwen/Qwen2.5-VL-7B-Instruct,Qwen2.5-VL,7B,2025,bf16,sneakers_017,single_wearable,sneakers,Sneakers,17,20267520,sneakers,sneakers_017.png,images/sneakers_017.png,yes,True,5,5,5,functionality,True,3,4,none,running shoes,athletic performance and fitness,energetic and active,comfortable and suitable for running activities,modern,"```json
{
  ""recognized_as_product"": ""yes"",
  ""image_quality"": 5,
  ""target_category_recognizability"": 5,
  ""confidence"": 5,
  ""design_intent"": ""functionality"",
  ""function_aesthetic_score"": 3,
  ""form_function_consistency"": 4,
  ""ambiguity_reason"": ""none"",
  ""function"": ""running shoes"",
  ""semantic_meaning"": ""athletic performance and fitness"",
  ""emotion"": ""energetic and active"",
  ""cognitive_interpretation"": ""comfortable and suitable for running activities"",
  ""style_period"": ""modern""
}
```",
qwen25_vl_7b,Qwen/Qwen2.5-VL-7B-Instruct,Qwen2.5-VL,7B,2025,bf16,sneakers_018,single_wearable,sneakers,Sneakers,18,20267521,sneakers,sneakers_018.png,images/sneakers_018.png,yes,True,4,5,4,aesthetics,True,4,3,none,footwear designed for walking or casual wear,"modern, sporty, and stylish",cool and contemporary,the shoes are seen as fashionable and suitable for urban environments,contemporary,"```json
{
  ""recognized_as_product"": ""yes"",
  ""image_quality"": 4,
  ""target_category_recognizability"": 5,
  ""confidence"": 4,
  ""design_intent"": ""aesthetics"",
  ""function_aesthetic_score"": 4,
  ""form_function_consistency"": 3,
  ""ambiguity_reason"": ""none"",
  ""function"": ""footwear designed for walking or casual wear"",
  ""semantic_meaning"": ""modern, sporty, and stylish"",
  ""emotion"": ""cool and contemporary"",
  ""cognitive_interpretation"": ""the shoes are seen as fashionable and suitable for urban environments"",
  ""style_period"": ""contemporary""
}
```",
qwen25_vl_7b,Qwen/Qwen2.5-VL-7B-Instruct,Qwen2.5-VL,7B,2025,bf16,sneakers_019,single_wearable,sneakers,Sneakers,19,20267522,sneakers,sneakers_019.png,images/sneakers_019.png,yes,True,4,5,4,functionality,True,2,4,none,The image depicts a pair of athletic shoes designed for running or casual wear.,The shoes symbolize modern athletic fashion and performance-oriented footwear.,The image evokes a sense of practicality and modernity.,Users would likely interpret these shoes as suitable for everyday activities and sports.,contemporary,"```json
{
  ""recognized_as_product"": ""yes"",
  ""image_quality"": 4,
  ""target_category_recognizability"": 5,
  ""confidence"": 4,
  ""design_intent"": ""functionality"",
  ""function_aesthetic_score"": 2,
  ""form_function_consistency"": 4,
  ""ambiguity_reason"": ""none"",
  ""function"": ""The image depicts a pair of athletic shoes designed for running or casual wear."",
  ""semantic_meaning"": ""The shoes symbolize modern athletic fashion and performance-oriented footwear."",
  ""emotion"": ""The image evokes a sense of practicality and modernity."",
  ""cognitive_interpretation"": ""Users would likely interpret these shoes as suitable for everyday activities and sports."",
  ""style_period"": ""contemporary""
}
```",
qwen25_vl_7b,Qwen/Qwen2.5-VL-7B-Instruct,Qwen2.5-VL,7B,2025,bf16,sneakers_020,single_wearable,sneakers,Sneakers,20,20267523,sneakers,sneakers_020.png,images/sneakers_020.png,yes,True,4,5,5,functionality,True,3,4,none,The shoes are designed for casual wear and walking.,The shoes symbolize comfort and practicality for everyday use.,Casual and relaxed,Users would likely interpret these shoes as comfortable and suitable for daily activities.,contemporary,"```json
{
  ""recognized_as_product"": ""yes"",
  ""image_quality"": 4,
  ""target_category_recognizability"": 5,
  ""confidence"": 5,
  ""design_intent"": ""functionality"",
  ""function_aesthetic_score"": 3,
  ""form_function_consistency"": 4,
  ""ambiguity_reason"": ""none"",
  ""function"": ""The shoes are designed for casual wear and walking."",
  ""semantic_meaning"": ""The shoes symbolize comfort and practicality for everyday use."",
  ""emotion"": ""Casual and relaxed"",
  ""cognitive_interpretation"": ""Users would likely interpret these shoes as comfortable and suitable for daily activities."",
  ""style_period"": ""contemporary""
}
```",
qwen25_vl_7b,Qwen/Qwen2.5-VL-7B-Instruct,Qwen2.5-VL,7B,2025,bf16,sneakers_021,single_wearable,sneakers,Sneakers,21,20267524,sneakers,sneakers_021.png,images/sneakers_021.png,yes,True,4,5,4,functionality,True,2,4,none,A white high-top sneaker with a navy blue logo.,"The shoe represents casual, sporty fashion.",Casual and relaxed.,"The shoe is designed for everyday wear, possibly for athletic activities.",Contemporary,"```json
{
  ""recognized_as_product"": ""yes"",
  ""image_quality"": 4,
  ""target_category_recognizability"": 5,
  ""confidence"": 4,
  ""design_intent"": ""functionality"",
  ""function_aesthetic_score"": 2,
  ""form_function_consistency"": 4,
  ""ambiguity_reason"": ""none"",
  ""function"": ""A white high-top sneaker with a navy blue logo."",
  ""semantic_meaning"": ""The shoe represents casual, sporty fashion."",
  ""emotion"": ""Casual and relaxed."",
  ""cognitive_interpretation"": ""The shoe is designed for everyday wear, possibly for athletic activities."",
  ""style_period"": ""Contemporary""
}
```",
qwen25_vl_7b,Qwen/Qwen2.5-VL-7B-Instruct,Qwen2.5-VL,7B,2025,bf16,sneakers_022,single_wearable,sneakers,Sneakers,22,20267525,sneakers,sneakers_022.png,images/sneakers_022.png,yes,True,4,5,4,functionality,True,2,4,none,A pair of white sneakers with a Nike swoosh logo.,Symbolizes casual wear and athletic lifestyle.,Neutral and sporty.,The sneakers are designed for comfort and performance in sports or casual settings.,Modern,"```json
{
  ""recognized_as_product"": ""yes"",
  ""image_quality"": 4,
  ""target_category_recognizability"": 5,
  ""confidence"": 4,
  ""design_intent"": ""functionality"",
  ""function_aesthetic_score"": 2,
  ""form_function_consistency"": 4,
  ""ambiguity_reason"": ""none"",
  ""function"": ""A pair of white sneakers with a Nike swoosh logo."",
  ""semantic_meaning"": ""Symbolizes casual wear and athletic lifestyle."",
  ""emotion"": ""Neutral and sporty."",
  ""cognitive_interpretation"": ""The sneakers are designed for comfort and performance in sports or casual settings."",
  ""style_period"": ""Modern""
}
```",
qwen25_vl_7b,Qwen/Qwen2.5-VL-7B-Instruct,Qwen2.5-VL,7B,2025,bf16,sneakers_023,single_wearable,sneakers,Sneakers,23,20267526,sneakers,sneakers_023.png,images/sneakers_023.png,yes,True,4,5,5,functionality,True,3,4,none,"The image depicts a pair of black athletic shoes with white soles, designed for running or casual wear.","The shoes symbolize sportiness, fitness, and modern urban lifestyle.","energetic, active, and stylish",The viewer would likely associate these shoes with physical activity and contemporary fashion trends.,contemporary,"```json
{
  ""recognized_as_product"": ""yes"",
  ""image_quality"": 4,
  ""target_category_recognizability"": 5,
  ""confidence"": 5,
  ""design_intent"": ""functionality"",
  ""function_aesthetic_score"": 3,
  ""form_function_consistency"": 4,
  ""ambiguity_reason"": ""none"",
  ""function"": ""The image depicts a pair of black athletic shoes with white soles, designed for running or casual wear."",
  ""semantic_meaning"": ""The shoes symbolize sportiness, fitness, and modern urban lifestyle."",
  ""emotion"": ""energetic, active, and stylish"",
  ""cognitive_interpretation"": ""The viewer would likely associate these shoes with physical activity and contemporary fashion trends."",
  ""style_period"": ""contemporary""
}
```",
qwen25_vl_7b,Qwen/Qwen2.5-VL-7B-Instruct,Qwen2.5-VL,7B,2025,bf16,sneakers_024,single_wearable,sneakers,Sneakers,24,20267527,sneakers,sneakers_024.png,images/sneakers_024.png,yes,True,5,5,5,functionality,True,3,4,none,A pair of white sneakers with black accents and laces.,Symbolizes casual wear and athletic activity.,Neutral and sporty.,The viewer interprets these as comfortable and practical footwear for everyday use or sports activities.,Modern,"```json
{
  ""recognized_as_product"": ""yes"",
  ""image_quality"": 5,
  ""target_category_recognizability"": 5,
  ""confidence"": 5,
  ""design_intent"": ""functionality"",
  ""function_aesthetic_score"": 3,
  ""form_function_consistency"": 4,
  ""ambiguity_reason"": ""none"",
  ""function"": ""A pair of white sneakers with black accents and laces."",
  ""semantic_meaning"": ""Symbolizes casual wear and athletic activity."",
  ""emotion"": ""Neutral and sporty."",
  ""cognitive_interpretation"": ""The viewer interprets these as comfortable and practical footwear for everyday use or sports activities."",
  ""style_period"": ""Modern""
}
```",
qwen25_vl_7b,Qwen/Qwen2.5-VL-7B-Instruct,Qwen2.5-VL,7B,2025,bf16,sneakers_025,single_wearable,sneakers,Sneakers,25,20267528,sneakers,sneakers_025.png,images/sneakers_025.png,yes,True,5,5,5,functionality,True,3,4,none,A pair of casual sneakers designed for everyday wear.,"The sneakers represent a blend of comfort and style, suitable for various casual settings.",Casual and relaxed,Users would likely associate these shoes with comfort and practicality for daily activities.,Contemporary,"```json
{
  ""recognized_as_product"": ""yes"",
  ""image_quality"": 5,
  ""target_category_recognizability"": 5,
  ""confidence"": 5,
  ""design_intent"": ""functionality"",
  ""function_aesthetic_score"": 3,
  ""form_function_consistency"": 4,
  ""ambiguity_reason"": ""none"",
  ""function"": ""A pair of casual sneakers designed for everyday wear."",
  ""semantic_meaning"": ""The sneakers represent a blend of comfort and style, suitable for various casual settings."",
  ""emotion"": ""Casual and relaxed"",
  ""cognitive_interpretation"": ""Users would likely associate these shoes with comfort and practicality for daily activities."",
  ""style_period"": ""Contemporary""
}
```",
