image_id,category,fold,predictor,human_probs,predicted_probs,predicted_label,image_sha256
broom_001,broom,1,soft_target,"[0.8666666666666667, 0.0, 0.06666666666666667, 0.06666666666666667, 0.0]","[0.8361417651176453, 0.011204306036233902, 0.03242073208093643, 0.0730612501502037, 0.04717189073562622]",functionality,d207dab94c37113ab677178725a70731f0549120184f368fa80ac866d02b45cc
broom_001,broom,1,majority_target,"[0.8666666666666667, 0.0, 0.06666666666666667, 0.06666666666666667, 0.0]","[0.9998441934585571, 1.7229185687028803e-05, 7.721585279796273e-05, 4.3996267777401954e-05, 1.7229185687028803e-05]",functionality,d207dab94c37113ab677178725a70731f0549120184f368fa80ac866d02b45cc
broom_001,broom,1,global_soft_prior,"[0.8666666666666667, 0.0, 0.06666666666666667, 0.06666666666666667, 0.0]","[0.4407142857142857, 0.21642857142857141, 0.16166666666666663, 0.15499999999999997, 0.0261904761904762]",functionality,d207dab94c37113ab677178725a70731f0549120184f368fa80ac866d02b45cc
broom_002,broom,1,soft_target,"[0.3, 0.0, 0.5, 0.13333333333333333, 0.06666666666666667]","[0.7235086560249329, 0.02805347368121147, 0.03834455460309982, 0.11810953915119171, 0.09198379516601562]",functionality,f0d04f91f16bfc04961ab2cf337109ff0fd1dd63324a4ba367e79425dae03c9f
broom_002,broom,1,majority_target,"[0.3, 0.0, 0.5, 0.13333333333333333, 0.06666666666666667]","[0.9735342860221863, 0.0012519258307293057, 0.0008083040593191981, 0.02289533242583275, 0.0015101108001545072]",functionality,f0d04f91f16bfc04961ab2cf337109ff0fd1dd63324a4ba367e79425dae03c9f
broom_002,broom,1,global_soft_prior,"[0.3, 0.0, 0.5, 0.13333333333333333, 0.06666666666666667]","[0.4407142857142857, 0.21642857142857141, 0.16166666666666663, 0.15499999999999997, 0.0261904761904762]",functionality,f0d04f91f16bfc04961ab2cf337109ff0fd1dd63324a4ba367e79425dae03c9f
broom_003,broom,1,soft_target,"[0.4666666666666667, 0.2, 0.0, 0.13333333333333333, 0.2]","[0.34501588344573975, 0.039938487112522125, 0.02071981318295002, 0.05995476618409157, 0.534371018409729]",unclear,1b4a02cc75e05174a4bce4f99d880e0f4a48cd634992b7fd69994484a926988c
broom_003,broom,1,majority_target,"[0.4666666666666667, 0.2, 0.0, 0.13333333333333333, 0.2]","[0.9579126834869385, 0.0011939374962821603, 0.0009298393852077425, 0.00042571150697767735, 0.03953777998685837]",functionality,1b4a02cc75e05174a4bce4f99d880e0f4a48cd634992b7fd69994484a926988c
broom_003,broom,1,global_soft_prior,"[0.4666666666666667, 0.2, 0.0, 0.13333333333333333, 0.2]","[0.4407142857142857, 0.21642857142857141, 0.16166666666666663, 0.15499999999999997, 0.0261904761904762]",functionality,1b4a02cc75e05174a4bce4f99d880e0f4a48cd634992b7fd69994484a926988c
broom_004,broom,1,soft_target,"[0.7666666666666667, 0.0, 0.16666666666666666, 0.06666666666666667, 0.0]","[0.7755622863769531, 0.013767879456281662, 0.03102639690041542, 0.09262770414352417, 0.08701567351818085]",functionality,6a29af9ecb144c8af1ea3f110f05209eac553fd9eea9a4f8081ffa2104e096e3
broom_004,broom,1,majority_target,"[0.7666666666666667, 0.0, 0.16666666666666666, 0.06666666666666667, 0.0]","[0.999442994594574, 4.53746433777269e-05, 0.00010884811490541324, 0.0002867765724658966, 0.0001158682134700939]",functionality,6a29af9ecb144c8af1ea3f110f05209eac553fd9eea9a4f8081ffa2104e096e3
broom_004,broom,1,global_soft_prior,"[0.7666666666666667, 0.0, 0.16666666666666666, 0.06666666666666667, 0.0]","[0.4407142857142857, 0.21642857142857141, 0.16166666666666663, 0.15499999999999997, 0.0261904761904762]",functionality,6a29af9ecb144c8af1ea3f110f05209eac553fd9eea9a4f8081ffa2104e096e3
broom_005,broom,1,soft_target,"[0.23333333333333334, 0.06666666666666667, 0.0, 0.06666666666666667, 0.6333333333333333]","[0.21405889093875885, 0.01757102645933628, 0.010657365433871746, 0.05584060400724411, 0.7018721103668213]",unclear,52c6a3fe80a14c6709eeeeaa9d89de6027bf7e1a860c7f3a5275a6a9ea209fc1
broom_005,broom,1,majority_target,"[0.23333333333333334, 0.06666666666666667, 0.0, 0.06666666666666667, 0.6333333333333333]","[0.18199065327644348, 0.0009853142546489835, 0.00013334777031559497, 0.0012651685392484069, 0.8156254887580872]",unclear,52c6a3fe80a14c6709eeeeaa9d89de6027bf7e1a860c7f3a5275a6a9ea209fc1
broom_005,broom,1,global_soft_prior,"[0.23333333333333334, 0.06666666666666667, 0.0, 0.06666666666666667, 0.6333333333333333]","[0.4407142857142857, 0.21642857142857141, 0.16166666666666663, 0.15499999999999997, 0.0261904761904762]",functionality,52c6a3fe80a14c6709eeeeaa9d89de6027bf7e1a860c7f3a5275a6a9ea209fc1
broom_006,broom,1,soft_target,"[0.7333333333333333, 0.0, 0.16666666666666666, 0.1, 0.0]","[0.8426553010940552, 0.01642916351556778, 0.02708711102604866, 0.06916935741901398, 0.0446590930223465]",functionality,adc5d04728adfb11ae03906658a1a0160e8318592649398a5084d9fb28ee1f65
broom_006,broom,1,majority_target,"[0.7333333333333333, 0.0, 0.16666666666666666, 0.1, 0.0]","[0.9997252821922302, 6.012861194903962e-05, 9.913532267091796e-05, 8.218606672016904e-05, 3.3206171792699024e-05]",functionality,adc5d04728adfb11ae03906658a1a0160e8318592649398a5084d9fb28ee1f65
broom_006,broom,1,global_soft_prior,"[0.7333333333333333, 0.0, 0.16666666666666666, 0.1, 0.0]","[0.4407142857142857, 0.21642857142857141, 0.16166666666666663, 0.15499999999999997, 0.0261904761904762]",functionality,adc5d04728adfb11ae03906658a1a0160e8318592649398a5084d9fb28ee1f65
broom_007,broom,1,soft_target,"[0.8666666666666667, 0.0, 0.13333333333333333, 0.0, 0.0]","[0.8006748557090759, 0.035179197788238525, 0.042434211820364, 0.07927754521369934, 0.042434211820364]",functionality,f7edc93c4eab48a3b32ab2077cc09fe72f7deb038abe0ce017de5cbddb67f14f
broom_007,broom,1,majority_target,"[0.8666666666666667, 0.0, 0.13333333333333333, 0.0, 0.0]","[0.9992197751998901, 0.0002303799701621756, 0.00020330962433945388, 0.0003052038955502212, 4.1304854676127434e-05]",functionality,f7edc93c4eab48a3b32ab2077cc09fe72f7deb038abe0ce017de5cbddb67f14f
broom_007,broom,1,global_soft_prior,"[0.8666666666666667, 0.0, 0.13333333333333333, 0.0, 0.0]","[0.4407142857142857, 0.21642857142857141, 0.16166666666666663, 0.15499999999999997, 0.0261904761904762]",functionality,f7edc93c4eab48a3b32ab2077cc09fe72f7deb038abe0ce017de5cbddb67f14f
broom_008,broom,1,soft_target,"[0.7666666666666667, 0.0, 0.16666666666666666, 0.0, 0.06666666666666667]","[0.8007450699806213, 0.016618933528661728, 0.028269760310649872, 0.0699683278799057, 0.08439791202545166]",functionality,3db837cac5f78be886864921fc2b3dab4287a542261445abc388bdc723ef9224
broom_008,broom,1,majority_target,"[0.7666666666666667, 0.0, 0.16666666666666666, 0.0, 0.06666666666666667]","[0.9996956586837769, 4.682682265411131e-05, 0.0001055258690030314, 7.482905493816361e-05, 7.720437133684754e-05]",functionality,3db837cac5f78be886864921fc2b3dab4287a542261445abc388bdc723ef9224
broom_008,broom,1,global_soft_prior,"[0.7666666666666667, 0.0, 0.16666666666666666, 0.0, 0.06666666666666667]","[0.4407142857142857, 0.21642857142857141, 0.16166666666666663, 0.15499999999999997, 0.0261904761904762]",functionality,3db837cac5f78be886864921fc2b3dab4287a542261445abc388bdc723ef9224
broom_009,broom,1,soft_target,"[0.13333333333333333, 0.06666666666666667, 0.0, 0.26666666666666666, 0.5333333333333333]","[0.43712154030799866, 0.05060049146413803, 0.031664978712797165, 0.1608080416917801, 0.31980493664741516]",functionality,033c6b52a07305f274b171a6b2ac5333535b07b665f6141bb7e9d86ec9990989
broom_009,broom,1,majority_target,"[0.13333333333333333, 0.06666666666666667, 0.0, 0.26666666666666666, 0.5333333333333333]","[0.3247022032737732, 0.013827487826347351, 0.0006171046989038587, 0.2691875994205475, 0.39166560769081116]",unclear,033c6b52a07305f274b171a6b2ac5333535b07b665f6141bb7e9d86ec9990989
broom_009,broom,1,global_soft_prior,"[0.13333333333333333, 0.06666666666666667, 0.0, 0.26666666666666666, 0.5333333333333333]","[0.4407142857142857, 0.21642857142857141, 0.16166666666666663, 0.15499999999999997, 0.0261904761904762]",functionality,033c6b52a07305f274b171a6b2ac5333535b07b665f6141bb7e9d86ec9990989
broom_010,broom,1,soft_target,"[0.6333333333333333, 0.13333333333333333, 0.06666666666666667, 0.0, 0.16666666666666666]","[0.7889770865440369, 0.026997311040759087, 0.041814252734184265, 0.05369056388735771, 0.08852077275514603]",functionality,9fe8f08c2f832fef55d17f5c7679717c2fc46adb9ce4b6c121bcc0c30f1ea663
broom_010,broom,1,majority_target,"[0.6333333333333333, 0.13333333333333333, 0.06666666666666667, 0.0, 0.16666666666666666]","[0.9993348717689514, 0.00015835592057555914, 0.00030523905297741294, 7.027001993265003e-05, 0.00013128168939147145]",functionality,9fe8f08c2f832fef55d17f5c7679717c2fc46adb9ce4b6c121bcc0c30f1ea663
broom_010,broom,1,global_soft_prior,"[0.6333333333333333, 0.13333333333333333, 0.06666666666666667, 0.0, 0.16666666666666666]","[0.4407142857142857, 0.21642857142857141, 0.16166666666666663, 0.15499999999999997, 0.0261904761904762]",functionality,9fe8f08c2f832fef55d17f5c7679717c2fc46adb9ce4b6c121bcc0c30f1ea663
broom_011,broom,1,soft_target,"[0.13333333333333333, 0.0, 0.06666666666666667, 0.2, 0.6]","[0.5866546034812927, 0.051261305809020996, 0.05629953369498253, 0.08996640145778656, 0.21581818163394928]",functionality,8889fd5727f1379d3e3569c1287668c2e7cb967d67b2a51387b8822105e94917
broom_011,broom,1,majority_target,"[0.13333333333333333, 0.0, 0.06666666666666667, 0.2, 0.6]","[0.9700074791908264, 0.004634617827832699, 0.0012869868660345674, 0.002640725579112768, 0.021430255845189095]",functionality,8889fd5727f1379d3e3569c1287668c2e7cb967d67b2a51387b8822105e94917
broom_011,broom,1,global_soft_prior,"[0.13333333333333333, 0.0, 0.06666666666666667, 0.2, 0.6]","[0.4407142857142857, 0.21642857142857141, 0.16166666666666663, 0.15499999999999997, 0.0261904761904762]",functionality,8889fd5727f1379d3e3569c1287668c2e7cb967d67b2a51387b8822105e94917
broom_012,broom,1,soft_target,"[0.6666666666666666, 0.0, 0.26666666666666666, 0.0, 0.06666666666666667]","[0.5026605129241943, 0.035292305052280426, 0.02835816890001297, 0.06593471020460129, 0.3677542805671692]",functionality,55fef1c2cdeff85eb9209f01a937b9283cc249afcde40ddf0fd8cdb3bb78658d
broom_012,broom,1,majority_target,"[0.6666666666666666, 0.0, 0.26666666666666666, 0.0, 0.06666666666666667]","[0.9428013563156128, 0.001937416847795248, 0.0006096352590247989, 0.0014624390751123428, 0.05318921431899071]",functionality,55fef1c2cdeff85eb9209f01a937b9283cc249afcde40ddf0fd8cdb3bb78658d
broom_012,broom,1,global_soft_prior,"[0.6666666666666666, 0.0, 0.26666666666666666, 0.0, 0.06666666666666667]","[0.4407142857142857, 0.21642857142857141, 0.16166666666666663, 0.15499999999999997, 0.0261904761904762]",functionality,55fef1c2cdeff85eb9209f01a937b9283cc249afcde40ddf0fd8cdb3bb78658d
broom_013,broom,1,soft_target,"[0.6666666666666666, 0.13333333333333333, 0.2, 0.0, 0.0]","[0.6199449896812439, 0.10773026943206787, 0.047805022448301315, 0.16685593128204346, 0.05766386166214943]",functionality,a6bef5739cb606606671f6d3eb47359d52e694ec53be4673a61985542a0f683b
broom_013,broom,1,majority_target,"[0.6666666666666666, 0.13333333333333333, 0.2, 0.0, 0.0]","[0.671241819858551, 0.13217534124851227, 0.0017711508553475142, 0.192314013838768, 0.0024977230932563543]",functionality,a6bef5739cb606606671f6d3eb47359d52e694ec53be4673a61985542a0f683b
broom_013,broom,1,global_soft_prior,"[0.6666666666666666, 0.13333333333333333, 0.2, 0.0, 0.0]","[0.4407142857142857, 0.21642857142857141, 0.16166666666666663, 0.15499999999999997, 0.0261904761904762]",functionality,a6bef5739cb606606671f6d3eb47359d52e694ec53be4673a61985542a0f683b
broom_014,broom,1,soft_target,"[0.8, 0.0, 0.06666666666666667, 0.06666666666666667, 0.06666666666666667]","[0.47224533557891846, 0.05640166252851486, 0.03114795684814453, 0.13530056178569794, 0.3049044907093048]",functionality,30c976c713bf0b1be8517864b4f90380805c401f699daadf8c8b9712d8b502ff
broom_014,broom,1,majority_target,"[0.8, 0.0, 0.06666666666666667, 0.06666666666666667, 0.06666666666666667]","[0.6034945249557495, 0.038580115884542465, 0.0009658343624323606, 0.1729040890932083, 0.18405543267726898]",functionality,30c976c713bf0b1be8517864b4f90380805c401f699daadf8c8b9712d8b502ff
broom_014,broom,1,global_soft_prior,"[0.8, 0.0, 0.06666666666666667, 0.06666666666666667, 0.06666666666666667]","[0.4407142857142857, 0.21642857142857141, 0.16166666666666663, 0.15499999999999997, 0.0261904761904762]",functionality,30c976c713bf0b1be8517864b4f90380805c401f699daadf8c8b9712d8b502ff
broom_015,broom,1,soft_target,"[0.7666666666666667, 0.06666666666666667, 0.0, 0.16666666666666666, 0.0]","[0.824043333530426, 0.018783394247293472, 0.02909228950738907, 0.07200410217046738, 0.05607685446739197]",functionality,8d82ccb55677254d9107fc68b5d0d62c380be562415ab1e5e0fc7985729b6b15
broom_015,broom,1,majority_target,"[0.7666666666666667, 0.06666666666666667, 0.0, 0.16666666666666666, 0.0]","[0.9996625185012817, 7.252440263982862e-05, 0.00013979444338474423, 8.748112304601818e-05, 3.76251591660548e-05]",functionality,8d82ccb55677254d9107fc68b5d0d62c380be562415ab1e5e0fc7985729b6b15
broom_015,broom,1,global_soft_prior,"[0.7666666666666667, 0.06666666666666667, 0.0, 0.16666666666666666, 0.0]","[0.4407142857142857, 0.21642857142857141, 0.16166666666666663, 0.15499999999999997, 0.0261904761904762]",functionality,8d82ccb55677254d9107fc68b5d0d62c380be562415ab1e5e0fc7985729b6b15
broom_016,broom,1,soft_target,"[0.3333333333333333, 0.06666666666666667, 0.06666666666666667, 0.06666666666666667, 0.4666666666666667]","[0.4859924018383026, 0.15777863562107086, 0.046639278531074524, 0.13080307841300964, 0.17878663539886475]",functionality,afb5792006d7c92807559b32ca3d4091102c802030990f183914f9cdf4e30435
broom_016,broom,1,majority_target,"[0.3333333333333333, 0.06666666666666667, 0.06666666666666667, 0.06666666666666667, 0.4666666666666667]","[0.2184833288192749, 0.7625817060470581, 0.0009504780173301697, 0.014867977239191532, 0.003116497304290533]",aesthetics,afb5792006d7c92807559b32ca3d4091102c802030990f183914f9cdf4e30435
broom_016,broom,1,global_soft_prior,"[0.3333333333333333, 0.06666666666666667, 0.06666666666666667, 0.06666666666666667, 0.4666666666666667]","[0.4407142857142857, 0.21642857142857141, 0.16166666666666663, 0.15499999999999997, 0.0261904761904762]",functionality,afb5792006d7c92807559b32ca3d4091102c802030990f183914f9cdf4e30435
broom_017,broom,1,soft_target,"[0.8666666666666667, 0.0, 0.13333333333333333, 0.0, 0.0]","[0.7252494692802429, 0.039656929671764374, 0.03725423663854599, 0.08661869913339615, 0.11122061312198639]",functionality,bf265096c8a3fb73c348e13480bdecda45a7361bd14a172caf8fb956fe1bfd1d
broom_017,broom,1,majority_target,"[0.8666666666666667, 0.0, 0.13333333333333333, 0.0, 0.0]","[0.9975529313087463, 0.0007309247157536447, 0.0003346417215652764, 0.0009096505236811936, 0.00047192047350108624]",functionality,bf265096c8a3fb73c348e13480bdecda45a7361bd14a172caf8fb956fe1bfd1d
broom_017,broom,1,global_soft_prior,"[0.8666666666666667, 0.0, 0.13333333333333333, 0.0, 0.0]","[0.4407142857142857, 0.21642857142857141, 0.16166666666666663, 0.15499999999999997, 0.0261904761904762]",functionality,bf265096c8a3fb73c348e13480bdecda45a7361bd14a172caf8fb956fe1bfd1d
broom_018,broom,1,soft_target,"[0.7666666666666667, 0.0, 0.16666666666666666, 0.06666666666666667, 0.0]","[0.8186566233634949, 0.02250898815691471, 0.04205232858657837, 0.057478711009025574, 0.05930328741669655]",functionality,6489da1b0cba55a62b1f969e5dc42d9ee89390774df601e497a234b16330b66b
broom_018,broom,1,majority_target,"[0.7666666666666667, 0.0, 0.16666666666666666, 0.06666666666666667, 0.0]","[0.9998112320899963, 3.023716271854937e-05, 0.00011591090151341632, 2.5863217160804197e-05, 1.6698548279237002e-05]",functionality,6489da1b0cba55a62b1f969e5dc42d9ee89390774df601e497a234b16330b66b
broom_018,broom,1,global_soft_prior,"[0.7666666666666667, 0.0, 0.16666666666666666, 0.06666666666666667, 0.0]","[0.4407142857142857, 0.21642857142857141, 0.16166666666666663, 0.15499999999999997, 0.0261904761904762]",functionality,6489da1b0cba55a62b1f969e5dc42d9ee89390774df601e497a234b16330b66b
broom_019,broom,1,soft_target,"[0.5666666666666667, 0.0, 0.43333333333333335, 0.0, 0.0]","[0.6943729519844055, 0.10648554563522339, 0.07318636775016785, 0.0829310268163681, 0.04302404820919037]",functionality,f87303fe35999f8fc104c2a12ee55ae658f608eaf5c8d3bc98c46cff54dbe106
broom_019,broom,1,majority_target,"[0.5666666666666667, 0.0, 0.43333333333333335, 0.0, 0.0]","[0.9825828075408936, 0.015881972387433052, 0.0011870065936818719, 0.0002648569643497467, 8.334093581652269e-05]",functionality,f87303fe35999f8fc104c2a12ee55ae658f608eaf5c8d3bc98c46cff54dbe106
broom_019,broom,1,global_soft_prior,"[0.5666666666666667, 0.0, 0.43333333333333335, 0.0, 0.0]","[0.4407142857142857, 0.21642857142857141, 0.16166666666666663, 0.15499999999999997, 0.0261904761904762]",functionality,f87303fe35999f8fc104c2a12ee55ae658f608eaf5c8d3bc98c46cff54dbe106
broom_020,broom,1,soft_target,"[0.8666666666666667, 0.0, 0.06666666666666667, 0.06666666666666667, 0.0]","[0.563904881477356, 0.05411630868911743, 0.02721138671040535, 0.13393914699554443, 0.22082830965518951]",functionality,274bcd47fdb4541800247d4c3a9bfd7d74e7a40549f4fa980cbcc2536cbc45c5
broom_020,broom,1,majority_target,"[0.8666666666666667, 0.0, 0.06666666666666667, 0.06666666666666667, 0.0]","[0.7725191712379456, 0.06341223418712616, 0.0009045269107446074, 0.07648976147174835, 0.08667424321174622]",functionality,274bcd47fdb4541800247d4c3a9bfd7d74e7a40549f4fa980cbcc2536cbc45c5
broom_020,broom,1,global_soft_prior,"[0.8666666666666667, 0.0, 0.06666666666666667, 0.06666666666666667, 0.0]","[0.4407142857142857, 0.21642857142857141, 0.16166666666666663, 0.15499999999999997, 0.0261904761904762]",functionality,274bcd47fdb4541800247d4c3a9bfd7d74e7a40549f4fa980cbcc2536cbc45c5
broom_021,broom,1,soft_target,"[0.5666666666666667, 0.0, 0.06666666666666667, 0.3, 0.06666666666666667]","[0.5656794905662537, 0.05778779834508896, 0.0436205193400383, 0.11138889193534851, 0.22152327001094818]",functionality,e635353278851b33a6fd23fbe8ea6880f67e6d8d08318e69dd7899504e5c16e3
broom_021,broom,1,majority_target,"[0.5666666666666667, 0.0, 0.06666666666666667, 0.3, 0.06666666666666667]","[0.9284252524375916, 0.02803601324558258, 0.0017922823317348957, 0.017004702240228653, 0.02474169433116913]",functionality,e635353278851b33a6fd23fbe8ea6880f67e6d8d08318e69dd7899504e5c16e3
broom_021,broom,1,global_soft_prior,"[0.5666666666666667, 0.0, 0.06666666666666667, 0.3, 0.06666666666666667]","[0.4407142857142857, 0.21642857142857141, 0.16166666666666663, 0.15499999999999997, 0.0261904761904762]",functionality,e635353278851b33a6fd23fbe8ea6880f67e6d8d08318e69dd7899504e5c16e3
broom_022,broom,1,soft_target,"[0.8666666666666667, 0.0, 0.13333333333333333, 0.0, 0.0]","[0.800121009349823, 0.05115002393722534, 0.049576304852962494, 0.049576304852962494, 0.049576304852962494]",functionality,4fe912e203b93ed1ad61ea80eadfa9428caec79661b88b963bbd026c3bcde57a
broom_022,broom,1,majority_target,"[0.8666666666666667, 0.0, 0.13333333333333333, 0.0, 0.0]","[0.99947589635849, 0.0002694105205591768, 0.00019710494962055236, 2.839566150214523e-05, 2.9297034416231327e-05]",functionality,4fe912e203b93ed1ad61ea80eadfa9428caec79661b88b963bbd026c3bcde57a
broom_022,broom,1,global_soft_prior,"[0.8666666666666667, 0.0, 0.13333333333333333, 0.0, 0.0]","[0.4407142857142857, 0.21642857142857141, 0.16166666666666663, 0.15499999999999997, 0.0261904761904762]",functionality,4fe912e203b93ed1ad61ea80eadfa9428caec79661b88b963bbd026c3bcde57a
broom_023,broom,1,soft_target,"[0.5666666666666667, 0.0, 0.0, 0.06666666666666667, 0.36666666666666664]","[0.4815775454044342, 0.030786221846938133, 0.027168747037649155, 0.061225708574056625, 0.3992418348789215]",functionality,3ba147f83509ccaf6718898f753c189d9584e9e85146057405dc68144b0bb505
broom_023,broom,1,majority_target,"[0.5666666666666667, 0.0, 0.0, 0.06666666666666667, 0.36666666666666664]","[0.9666646718978882, 0.0008280776673927903, 0.0008280776673927903, 0.0006058345315977931, 0.03107338771224022]",functionality,3ba147f83509ccaf6718898f753c189d9584e9e85146057405dc68144b0bb505
broom_023,broom,1,global_soft_prior,"[0.5666666666666667, 0.0, 0.0, 0.06666666666666667, 0.36666666666666664]","[0.4407142857142857, 0.21642857142857141, 0.16166666666666663, 0.15499999999999997, 0.0261904761904762]",functionality,3ba147f83509ccaf6718898f753c189d9584e9e85146057405dc68144b0bb505
broom_024,broom,1,soft_target,"[0.7, 0.0, 0.23333333333333334, 0.06666666666666667, 0.0]","[0.7772670388221741, 0.03992624953389168, 0.031094595789909363, 0.09881840646266937, 0.052893687039613724]",functionality,25bf27b43cd99723eba6980a0d276cee24e86ca1bf14359a161cbf465ba90589
broom_024,broom,1,majority_target,"[0.7, 0.0, 0.23333333333333334, 0.06666666666666667, 0.0]","[0.9961112141609192, 0.0019229470053687692, 0.00029489348526112735, 0.001497592544183135, 0.00017335893062409014]",functionality,25bf27b43cd99723eba6980a0d276cee24e86ca1bf14359a161cbf465ba90589
broom_024,broom,1,global_soft_prior,"[0.7, 0.0, 0.23333333333333334, 0.06666666666666667, 0.0]","[0.4407142857142857, 0.21642857142857141, 0.16166666666666663, 0.15499999999999997, 0.0261904761904762]",functionality,25bf27b43cd99723eba6980a0d276cee24e86ca1bf14359a161cbf465ba90589
broom_025,broom,1,soft_target,"[0.5666666666666667, 0.13333333333333333, 0.0, 0.23333333333333334, 0.06666666666666667]","[0.703893780708313, 0.0654723197221756, 0.03396659344434738, 0.09526166319847107, 0.10140552371740341]",functionality,417482c31aa5a5859e810197ce380de54f41b65f5bf5d9f8c5c7d1f9560be5ea
broom_025,broom,1,majority_target,"[0.5666666666666667, 0.13333333333333333, 0.0, 0.23333333333333334, 0.06666666666666667]","[0.9682456254959106, 0.027467014268040657, 0.0007319711148738861, 0.0025548303965479136, 0.001000485848635435]",functionality,417482c31aa5a5859e810197ce380de54f41b65f5bf5d9f8c5c7d1f9560be5ea
broom_025,broom,1,global_soft_prior,"[0.5666666666666667, 0.13333333333333333, 0.0, 0.23333333333333334, 0.06666666666666667]","[0.4407142857142857, 0.21642857142857141, 0.16166666666666663, 0.15499999999999997, 0.0261904761904762]",functionality,417482c31aa5a5859e810197ce380de54f41b65f5bf5d9f8c5c7d1f9560be5ea
desk_lamp_001,desk_lamp,2,soft_target,"[0.2, 0.5666666666666667, 0.13333333333333333, 0.0, 0.1]","[0.48313236236572266, 0.27528050541877747, 0.15685011446475983, 0.06142338365316391, 0.02331368811428547]",functionality,32efa85c98394e72791cab2d3560e03ee6429e51e922d381f8540d62ed59ce88
desk_lamp_001,desk_lamp,2,majority_target,"[0.2, 0.5666666666666667, 0.13333333333333333, 0.0, 0.1]","[0.949581503868103, 0.015348555520176888, 0.030524250119924545, 0.001012347056530416, 0.003533438313752413]",functionality,32efa85c98394e72791cab2d3560e03ee6429e51e922d381f8540d62ed59ce88
desk_lamp_001,desk_lamp,2,global_soft_prior,"[0.2, 0.5666666666666667, 0.13333333333333333, 0.0, 0.1]","[0.4623809523809525, 0.17690476190476195, 0.16142857142857137, 0.16357142857142856, 0.03571428571428573]",functionality,32efa85c98394e72791cab2d3560e03ee6429e51e922d381f8540d62ed59ce88
desk_lamp_002,desk_lamp,2,soft_target,"[0.7, 0.16666666666666666, 0.13333333333333333, 0.0, 0.0]","[0.6680872440338135, 0.10906223952770233, 0.1798132359981537, 0.032238736748695374, 0.010798623785376549]",functionality,c15258259cbe75fed861a9fab39c6aa16bc58acf5d266db68c641f0cb39241e8
desk_lamp_002,desk_lamp,2,majority_target,"[0.7, 0.16666666666666666, 0.13333333333333333, 0.0, 0.0]","[0.9944673776626587, 0.0004024064401164651, 0.004605297930538654, 5.445978604257107e-05, 0.00047046077088452876]",functionality,c15258259cbe75fed861a9fab39c6aa16bc58acf5d266db68c641f0cb39241e8
desk_lamp_002,desk_lamp,2,global_soft_prior,"[0.7, 0.16666666666666666, 0.13333333333333333, 0.0, 0.0]","[0.4623809523809525, 0.17690476190476195, 0.16142857142857137, 0.16357142857142856, 0.03571428571428573]",functionality,c15258259cbe75fed861a9fab39c6aa16bc58acf5d266db68c641f0cb39241e8
desk_lamp_003,desk_lamp,2,soft_target,"[0.7, 0.23333333333333334, 0.0, 0.06666666666666667, 0.0]","[0.5752294659614563, 0.23979130387306213, 0.13662897050380707, 0.03564179688692093, 0.012708473950624466]",functionality,447da66b6e70164b64de5dae27224e6cd83de289c3a824c20d2e900862095956
desk_lamp_003,desk_lamp,2,majority_target,"[0.7, 0.23333333333333334, 0.0, 0.06666666666666667, 0.0]","[0.9922659993171692, 0.0017441044328734279, 0.0055427527986466885, 8.157284901244566e-05, 0.0003655841574072838]",functionality,447da66b6e70164b64de5dae27224e6cd83de289c3a824c20d2e900862095956
desk_lamp_003,desk_lamp,2,global_soft_prior,"[0.7, 0.23333333333333334, 0.0, 0.06666666666666667, 0.0]","[0.4623809523809525, 0.17690476190476195, 0.16142857142857137, 0.16357142857142856, 0.03571428571428573]",functionality,447da66b6e70164b64de5dae27224e6cd83de289c3a824c20d2e900862095956
desk_lamp_004,desk_lamp,2,soft_target,"[0.7, 0.06666666666666667, 0.23333333333333334, 0.0, 0.0]","[0.5810078978538513, 0.21374087035655975, 0.1380014717578888, 0.05076790228486061, 0.016481924802064896]",functionality,554c5a8f6af0300627d0357f01cc2e32f2c92e8f374858a38657e08add5fbbaa
desk_lamp_004,desk_lamp,2,majority_target,"[0.7, 0.06666666666666667, 0.23333333333333334, 0.0, 0.0]","[0.9893175959587097, 0.00253011635504663, 0.006460878998041153, 0.00015676856855861843, 0.0015345934079959989]",functionality,554c5a8f6af0300627d0357f01cc2e32f2c92e8f374858a38657e08add5fbbaa
desk_lamp_004,desk_lamp,2,global_soft_prior,"[0.7, 0.06666666666666667, 0.23333333333333334, 0.0, 0.0]","[0.4623809523809525, 0.17690476190476195, 0.16142857142857137, 0.16357142857142856, 0.03571428571428573]",functionality,554c5a8f6af0300627d0357f01cc2e32f2c92e8f374858a38657e08add5fbbaa
desk_lamp_005,desk_lamp,2,soft_target,"[0.5333333333333333, 0.26666666666666666, 0.13333333333333333, 0.06666666666666667, 0.0]","[0.561460018157959, 0.23405134677886963, 0.16086100041866302, 0.03268089145421982, 0.01094672828912735]",functionality,7877add56de8a87572a4adde5100eace99b4a907694884168f8050ad17a76080
desk_lamp_005,desk_lamp,2,majority_target,"[0.5333333333333333, 0.26666666666666666, 0.13333333333333333, 0.06666666666666667, 0.0]","[0.9908100366592407, 0.001973429461941123, 0.006676025688648224, 7.188216841313988e-05, 0.0004687305772677064]",functionality,7877add56de8a87572a4adde5100eace99b4a907694884168f8050ad17a76080
desk_lamp_005,desk_lamp,2,global_soft_prior,"[0.5333333333333333, 0.26666666666666666, 0.13333333333333333, 0.06666666666666667, 0.0]","[0.4623809523809525, 0.17690476190476195, 0.16142857142857137, 0.16357142857142856, 0.03571428571428573]",functionality,7877add56de8a87572a4adde5100eace99b4a907694884168f8050ad17a76080
desk_lamp_006,desk_lamp,2,soft_target,"[0.3, 0.3333333333333333, 0.06666666666666667, 0.0, 0.3]","[0.5743138194084167, 0.23940961062908173, 0.12814673781394958, 0.039082545787096024, 0.019047312438488007]",functionality,3993e9b5f240a00e7c02dcf2003aab3f28f5ecde8c9bf0b09044a22bbf2ec040
desk_lamp_006,desk_lamp,2,majority_target,"[0.3, 0.3333333333333333, 0.06666666666666667, 0.0, 0.3]","[0.9774376153945923, 0.006794982589781284, 0.013097671791911125, 0.0001701090659480542, 0.002499734051525593]",functionality,3993e9b5f240a00e7c02dcf2003aab3f28f5ecde8c9bf0b09044a22bbf2ec040
desk_lamp_006,desk_lamp,2,global_soft_prior,"[0.3, 0.3333333333333333, 0.06666666666666667, 0.0, 0.3]","[0.4623809523809525, 0.17690476190476195, 0.16142857142857137, 0.16357142857142856, 0.03571428571428573]",functionality,3993e9b5f240a00e7c02dcf2003aab3f28f5ecde8c9bf0b09044a22bbf2ec040
desk_lamp_007,desk_lamp,2,soft_target,"[0.7666666666666667, 0.16666666666666666, 0.06666666666666667, 0.0, 0.0]","[0.5948324799537659, 0.2055686116218567, 0.1503971964120865, 0.03685641661286354, 0.01234535314142704]",functionality,b023b2db2c97e5063b3048f85c5d8a3ca48c7984b8cda92a0c3c43c522e82d84
desk_lamp_007,desk_lamp,2,majority_target,"[0.7666666666666667, 0.16666666666666666, 0.06666666666666667, 0.0, 0.0]","[0.9928312301635742, 0.0013172690523788333, 0.005209900438785553, 9.248680726159364e-05, 0.0005491194315254688]",functionality,b023b2db2c97e5063b3048f85c5d8a3ca48c7984b8cda92a0c3c43c522e82d84
desk_lamp_007,desk_lamp,2,global_soft_prior,"[0.7666666666666667, 0.16666666666666666, 0.06666666666666667, 0.0, 0.0]","[0.4623809523809525, 0.17690476190476195, 0.16142857142857137, 0.16357142857142856, 0.03571428571428573]",functionality,b023b2db2c97e5063b3048f85c5d8a3ca48c7984b8cda92a0c3c43c522e82d84
desk_lamp_008,desk_lamp,2,soft_target,"[0.6, 0.26666666666666666, 0.06666666666666667, 0.06666666666666667, 0.0]","[0.6522819399833679, 0.17555931210517883, 0.12066002935171127, 0.03917257487773895, 0.012326197698712349]",functionality,8ba96f2a7e44e1471aaf1c1196e0a2779e4182e6b74ed61c232e37ef70b7ac6b
desk_lamp_008,desk_lamp,2,majority_target,"[0.6, 0.26666666666666666, 0.06666666666666667, 0.06666666666666667, 0.0]","[0.9943147301673889, 0.0012011793442070484, 0.0034757277462631464, 0.00010172865586355329, 0.0009066977072507143]",functionality,8ba96f2a7e44e1471aaf1c1196e0a2779e4182e6b74ed61c232e37ef70b7ac6b
desk_lamp_008,desk_lamp,2,global_soft_prior,"[0.6, 0.26666666666666666, 0.06666666666666667, 0.06666666666666667, 0.0]","[0.4623809523809525, 0.17690476190476195, 0.16142857142857137, 0.16357142857142856, 0.03571428571428573]",functionality,8ba96f2a7e44e1471aaf1c1196e0a2779e4182e6b74ed61c232e37ef70b7ac6b
desk_lamp_009,desk_lamp,2,soft_target,"[0.36666666666666664, 0.3333333333333333, 0.23333333333333334, 0.06666666666666667, 0.0]","[0.6200154423713684, 0.18909402191638947, 0.12996229529380798, 0.04491376876831055, 0.016014497727155685]",functionality,dccc4d96e5eeaa790bcf3d3a2cce645fd45bf4511abb7837f0e250d4490eb9f0
desk_lamp_009,desk_lamp,2,majority_target,"[0.36666666666666664, 0.3333333333333333, 0.23333333333333334, 0.06666666666666667, 0.0]","[0.9931218028068542, 0.0018581908661872149, 0.004187497776001692, 0.00010483195364940912, 0.0007276779506355524]",functionality,dccc4d96e5eeaa790bcf3d3a2cce645fd45bf4511abb7837f0e250d4490eb9f0
desk_lamp_009,desk_lamp,2,global_soft_prior,"[0.36666666666666664, 0.3333333333333333, 0.23333333333333334, 0.06666666666666667, 0.0]","[0.4623809523809525, 0.17690476190476195, 0.16142857142857137, 0.16357142857142856, 0.03571428571428573]",functionality,dccc4d96e5eeaa790bcf3d3a2cce645fd45bf4511abb7837f0e250d4490eb9f0
desk_lamp_010,desk_lamp,2,soft_target,"[0.5666666666666667, 0.23333333333333334, 0.13333333333333333, 0.0, 0.06666666666666667]","[0.5742818117141724, 0.22489199042320251, 0.145201176404953, 0.04032091051340103, 0.01530409138649702]",functionality,fc8c95b1aff40623e7decef96dc291b66cd219d59936db4aa40c55bea2701e92
desk_lamp_010,desk_lamp,2,majority_target,"[0.5666666666666667, 0.23333333333333334, 0.13333333333333333, 0.0, 0.06666666666666667]","[0.9889503121376038, 0.0026922952383756638, 0.007550728507339954, 0.00010439161997055635, 0.0007023271755315363]",functionality,fc8c95b1aff40623e7decef96dc291b66cd219d59936db4aa40c55bea2701e92
desk_lamp_010,desk_lamp,2,global_soft_prior,"[0.5666666666666667, 0.23333333333333334, 0.13333333333333333, 0.0, 0.06666666666666667]","[0.4623809523809525, 0.17690476190476195, 0.16142857142857137, 0.16357142857142856, 0.03571428571428573]",functionality,fc8c95b1aff40623e7decef96dc291b66cd219d59936db4aa40c55bea2701e92
desk_lamp_011,desk_lamp,2,soft_target,"[0.8666666666666667, 0.0, 0.06666666666666667, 0.06666666666666667, 0.0]","[0.7516326308250427, 0.05795968696475029, 0.13061416149139404, 0.045139048248529434, 0.014654504135251045]",functionality,57e9dc516ced57d5e7d46f4f89b94407b8754b274d3c3b1603e52b14ba323a9f
desk_lamp_011,desk_lamp,2,majority_target,"[0.8666666666666667, 0.0, 0.06666666666666667, 0.06666666666666667, 0.0]","[0.9969667792320251, 0.0001790155511116609, 0.0023952017072588205, 6.794663931941614e-05, 0.0003910059167537838]",functionality,57e9dc516ced57d5e7d46f4f89b94407b8754b274d3c3b1603e52b14ba323a9f
desk_lamp_011,desk_lamp,2,global_soft_prior,"[0.8666666666666667, 0.0, 0.06666666666666667, 0.06666666666666667, 0.0]","[0.4623809523809525, 0.17690476190476195, 0.16142857142857137, 0.16357142857142856, 0.03571428571428573]",functionality,57e9dc516ced57d5e7d46f4f89b94407b8754b274d3c3b1603e52b14ba323a9f
desk_lamp_012,desk_lamp,2,soft_target,"[0.5333333333333333, 0.4666666666666667, 0.0, 0.0, 0.0]","[0.3967091739177704, 0.3967091739177704, 0.10677282512187958, 0.07811666280031204, 0.021692214533686638]",functionality,6ca19a0cf89cde8415898f45b043e7f84d3ccd4676051cb62edffee8135b334c
desk_lamp_012,desk_lamp,2,majority_target,"[0.5333333333333333, 0.4666666666666667, 0.0, 0.0, 0.0]","[0.931309700012207, 0.04935760423541069, 0.0150532191619277, 0.0007040484342724085, 0.003575453069061041]",functionality,6ca19a0cf89cde8415898f45b043e7f84d3ccd4676051cb62edffee8135b334c
desk_lamp_012,desk_lamp,2,global_soft_prior,"[0.5333333333333333, 0.4666666666666667, 0.0, 0.0, 0.0]","[0.4623809523809525, 0.17690476190476195, 0.16142857142857137, 0.16357142857142856, 0.03571428571428573]",functionality,6ca19a0cf89cde8415898f45b043e7f84d3ccd4676051cb62edffee8135b334c
desk_lamp_013,desk_lamp,2,soft_target,"[0.8666666666666667, 0.0, 0.06666666666666667, 0.06666666666666667, 0.0]","[0.7803956866264343, 0.06819020956754684, 0.09921617060899734, 0.036499593406915665, 0.015698278322815895]",functionality,5e186132ce67e86bc451eab6b07777b66e28ba3243661b861b7b6f528fb4b757
desk_lamp_013,desk_lamp,2,majority_target,"[0.8666666666666667, 0.0, 0.06666666666666667, 0.06666666666666667, 0.0]","[0.9985107779502869, 0.00011576013639569283, 0.000882510154042393, 3.3165830245707184e-05, 0.0004578402149491012]",functionality,5e186132ce67e86bc451eab6b07777b66e28ba3243661b861b7b6f528fb4b757
desk_lamp_013,desk_lamp,2,global_soft_prior,"[0.8666666666666667, 0.0, 0.06666666666666667, 0.06666666666666667, 0.0]","[0.4623809523809525, 0.17690476190476195, 0.16142857142857137, 0.16357142857142856, 0.03571428571428573]",functionality,5e186132ce67e86bc451eab6b07777b66e28ba3243661b861b7b6f528fb4b757
desk_lamp_014,desk_lamp,2,soft_target,"[0.3333333333333333, 0.5333333333333333, 0.06666666666666667, 0.06666666666666667, 0.0]","[0.6839838027954102, 0.11885855346918106, 0.14337079226970673, 0.04238032549619675, 0.011406510137021542]",functionality,258b6c3c2943ef247428da823beb50adefca75ceef6a24464edb4f8a51fa4c82
desk_lamp_014,desk_lamp,2,majority_target,"[0.3333333333333333, 0.5333333333333333, 0.06666666666666667, 0.06666666666666667, 0.0]","[0.994454562664032, 0.0005674766725860536, 0.004326221067458391, 0.00010174296039622277, 0.0005500172846950591]",functionality,258b6c3c2943ef247428da823beb50adefca75ceef6a24464edb4f8a51fa4c82
desk_lamp_014,desk_lamp,2,global_soft_prior,"[0.3333333333333333, 0.5333333333333333, 0.06666666666666667, 0.06666666666666667, 0.0]","[0.4623809523809525, 0.17690476190476195, 0.16142857142857137, 0.16357142857142856, 0.03571428571428573]",functionality,258b6c3c2943ef247428da823beb50adefca75ceef6a24464edb4f8a51fa4c82
desk_lamp_015,desk_lamp,2,soft_target,"[0.23333333333333334, 0.6333333333333333, 0.0, 0.06666666666666667, 0.06666666666666667]","[0.43253594636917114, 0.3817116320133209, 0.10936220735311508, 0.05853737145662308, 0.017852891236543655]",functionality,025ef989dca78500ce6ed14084a52592e7dcdd4679f9321cf390ef7bd50271de
desk_lamp_015,desk_lamp,2,majority_target,"[0.23333333333333334, 0.6333333333333333, 0.0, 0.06666666666666667, 0.06666666666666667]","[0.9733366966247559, 0.013883901759982109, 0.011510158888995647, 0.0002315359888598323, 0.001037672394886613]",functionality,025ef989dca78500ce6ed14084a52592e7dcdd4679f9321cf390ef7bd50271de
desk_lamp_015,desk_lamp,2,global_soft_prior,"[0.23333333333333334, 0.6333333333333333, 0.0, 0.06666666666666667, 0.06666666666666667]","[0.4623809523809525, 0.17690476190476195, 0.16142857142857137, 0.16357142857142856, 0.03571428571428573]",functionality,025ef989dca78500ce6ed14084a52592e7dcdd4679f9321cf390ef7bd50271de
desk_lamp_016,desk_lamp,2,soft_target,"[0.6333333333333333, 0.3, 0.06666666666666667, 0.0, 0.0]","[0.4631859064102173, 0.38399460911750793, 0.09120670706033707, 0.04308299720287323, 0.018529769033193588]",functionality,b360ab0aecbc2756e6061b195915870670076ac70620e38b81404bbc68e171d7
desk_lamp_016,desk_lamp,2,majority_target,"[0.6333333333333333, 0.3, 0.06666666666666667, 0.0, 0.0]","[0.982234537601471, 0.010250537656247616, 0.005840579979121685, 0.00015085744962561876, 0.0015236063627526164]",functionality,b360ab0aecbc2756e6061b195915870670076ac70620e38b81404bbc68e171d7
desk_lamp_016,desk_lamp,2,global_soft_prior,"[0.6333333333333333, 0.3, 0.06666666666666667, 0.0, 0.0]","[0.4623809523809525, 0.17690476190476195, 0.16142857142857137, 0.16357142857142856, 0.03571428571428573]",functionality,b360ab0aecbc2756e6061b195915870670076ac70620e38b81404bbc68e171d7
desk_lamp_017,desk_lamp,2,soft_target,"[0.7, 0.16666666666666666, 0.13333333333333333, 0.0, 0.0]","[0.5939596891403198, 0.2185055911540985, 0.1325303316116333, 0.039175890386104584, 0.015828490257263184]",functionality,e9ac0bf7b2275e5e07b2482a59cef816f109d12b0a00e059dfdc79436ff81edc
desk_lamp_017,desk_lamp,2,majority_target,"[0.7, 0.16666666666666666, 0.13333333333333333, 0.0, 0.0]","[0.9924492835998535, 0.0014016862260177732, 0.004892365075647831, 0.00013037712778896093, 0.0011262864572927356]",functionality,e9ac0bf7b2275e5e07b2482a59cef816f109d12b0a00e059dfdc79436ff81edc
desk_lamp_017,desk_lamp,2,global_soft_prior,"[0.7, 0.16666666666666666, 0.13333333333333333, 0.0, 0.0]","[0.4623809523809525, 0.17690476190476195, 0.16142857142857137, 0.16357142857142856, 0.03571428571428573]",functionality,e9ac0bf7b2275e5e07b2482a59cef816f109d12b0a00e059dfdc79436ff81edc
desk_lamp_018,desk_lamp,2,soft_target,"[0.8, 0.06666666666666667, 0.13333333333333333, 0.0, 0.0]","[0.7506595253944397, 0.07432536035776138, 0.12254180014133453, 0.037373136729002, 0.01510011125355959]",functionality,c643668a5db54cb9b27dab5f0eab741831d42ac70870a1277a0d04b43d2bd2a1
desk_lamp_018,desk_lamp,2,majority_target,"[0.8, 0.06666666666666667, 0.13333333333333333, 0.0, 0.0]","[0.9970815777778625, 0.00021595883299596608, 0.0021811071783304214, 4.9716549256118014e-05, 0.0004716975090559572]",functionality,c643668a5db54cb9b27dab5f0eab741831d42ac70870a1277a0d04b43d2bd2a1
desk_lamp_018,desk_lamp,2,global_soft_prior,"[0.8, 0.06666666666666667, 0.13333333333333333, 0.0, 0.0]","[0.4623809523809525, 0.17690476190476195, 0.16142857142857137, 0.16357142857142856, 0.03571428571428573]",functionality,c643668a5db54cb9b27dab5f0eab741831d42ac70870a1277a0d04b43d2bd2a1
desk_lamp_019,desk_lamp,2,soft_target,"[0.4, 0.4, 0.13333333333333333, 0.06666666666666667, 0.0]","[0.5431696176528931, 0.25657516717910767, 0.12901408970355988, 0.05378107354044914, 0.017460158094763756]",functionality,dde62f3dea965197a840033b9d30bfb3c4512d22bb3c3e8492ca273cbf82e3a1
desk_lamp_019,desk_lamp,2,majority_target,"[0.4, 0.4, 0.13333333333333333, 0.06666666666666667, 0.0]","[0.9776436686515808, 0.009584481827914715, 0.010860640555620193, 0.00019279945991002023, 0.0017184028401970863]",functionality,dde62f3dea965197a840033b9d30bfb3c4512d22bb3c3e8492ca273cbf82e3a1
desk_lamp_019,desk_lamp,2,global_soft_prior,"[0.4, 0.4, 0.13333333333333333, 0.06666666666666667, 0.0]","[0.4623809523809525, 0.17690476190476195, 0.16142857142857137, 0.16357142857142856, 0.03571428571428573]",functionality,dde62f3dea965197a840033b9d30bfb3c4512d22bb3c3e8492ca273cbf82e3a1
desk_lamp_020,desk_lamp,2,soft_target,"[0.23333333333333334, 0.4666666666666667, 0.23333333333333334, 0.06666666666666667, 0.0]","[0.5139144062995911, 0.27507856488227844, 0.15673503279685974, 0.03722783550620079, 0.017044145613908768]",functionality,b29928d27fd05108ab87947747c7e84693453c2fc7ddb1b5247b21f902e27298
desk_lamp_020,desk_lamp,2,majority_target,"[0.23333333333333334, 0.4666666666666667, 0.23333333333333334, 0.06666666666666667, 0.0]","[0.9764031171798706, 0.007454928942024708, 0.014825897291302681, 0.00013654179929289967, 0.001179541228339076]",functionality,b29928d27fd05108ab87947747c7e84693453c2fc7ddb1b5247b21f902e27298
desk_lamp_020,desk_lamp,2,global_soft_prior,"[0.23333333333333334, 0.4666666666666667, 0.23333333333333334, 0.06666666666666667, 0.0]","[0.4623809523809525, 0.17690476190476195, 0.16142857142857137, 0.16357142857142856, 0.03571428571428573]",functionality,b29928d27fd05108ab87947747c7e84693453c2fc7ddb1b5247b21f902e27298
desk_lamp_021,desk_lamp,2,soft_target,"[0.4666666666666667, 0.23333333333333334, 0.23333333333333334, 0.06666666666666667, 0.0]","[0.5070555210113525, 0.1985657960176468, 0.21137218177318573, 0.06862249970436096, 0.014384058304131031]",functionality,2ff29c507414ca435dea5aaad37397f8ac7976c3fe5c1d269fb6acfdd72e2b58
desk_lamp_021,desk_lamp,2,majority_target,"[0.4666666666666667, 0.23333333333333334, 0.23333333333333334, 0.06666666666666667, 0.0]","[0.9681781530380249, 0.004772718530148268, 0.024237865582108498, 0.0008828641730360687, 0.0019283527508378029]",functionality,2ff29c507414ca435dea5aaad37397f8ac7976c3fe5c1d269fb6acfdd72e2b58
desk_lamp_021,desk_lamp,2,global_soft_prior,"[0.4666666666666667, 0.23333333333333334, 0.23333333333333334, 0.06666666666666667, 0.0]","[0.4623809523809525, 0.17690476190476195, 0.16142857142857137, 0.16357142857142856, 0.03571428571428573]",functionality,2ff29c507414ca435dea5aaad37397f8ac7976c3fe5c1d269fb6acfdd72e2b58
desk_lamp_022,desk_lamp,2,soft_target,"[0.3333333333333333, 0.5333333333333333, 0.0, 0.06666666666666667, 0.06666666666666667]","[0.539208173751831, 0.25470390915870667, 0.14512591063976288, 0.045665889978408813, 0.015296158380806446]",functionality,051b3b7726e125a8026b321d02a87118a192ea9c568b5392d32c0ba85382ab2c
desk_lamp_022,desk_lamp,2,majority_target,"[0.3333333333333333, 0.5333333333333333, 0.0, 0.06666666666666667, 0.06666666666666667]","[0.9817272424697876, 0.006411309354007244, 0.009624515660107136, 0.000155565794557333, 0.0020814475137740374]",functionality,051b3b7726e125a8026b321d02a87118a192ea9c568b5392d32c0ba85382ab2c
desk_lamp_022,desk_lamp,2,global_soft_prior,"[0.3333333333333333, 0.5333333333333333, 0.0, 0.06666666666666667, 0.06666666666666667]","[0.4623809523809525, 0.17690476190476195, 0.16142857142857137, 0.16357142857142856, 0.03571428571428573]",functionality,051b3b7726e125a8026b321d02a87118a192ea9c568b5392d32c0ba85382ab2c
desk_lamp_023,desk_lamp,2,soft_target,"[0.36666666666666664, 0.5, 0.13333333333333333, 0.0, 0.0]","[0.44385915994644165, 0.32473430037498474, 0.16328668594360352, 0.04979961737990379, 0.01832025684416294]",functionality,93f8617c18b4dd8aaabc585778dd28a2852bc2bf84ebd6e45b4d517599ab0eee
desk_lamp_023,desk_lamp,2,majority_target,"[0.36666666666666664, 0.5, 0.13333333333333333, 0.0, 0.0]","[0.9768915772438049, 0.007939701899886131, 0.013934609480202198, 0.0001926511322380975, 0.0010414622956886888]",functionality,93f8617c18b4dd8aaabc585778dd28a2852bc2bf84ebd6e45b4d517599ab0eee
desk_lamp_023,desk_lamp,2,global_soft_prior,"[0.36666666666666664, 0.5, 0.13333333333333333, 0.0, 0.0]","[0.4623809523809525, 0.17690476190476195, 0.16142857142857137, 0.16357142857142856, 0.03571428571428573]",functionality,93f8617c18b4dd8aaabc585778dd28a2852bc2bf84ebd6e45b4d517599ab0eee
desk_lamp_024,desk_lamp,2,soft_target,"[0.23333333333333334, 0.5666666666666667, 0.06666666666666667, 0.13333333333333333, 0.0]","[0.44421088695526123, 0.3920147120952606, 0.11231409758329391, 0.037620510905981064, 0.013839813880622387]",functionality,9a0cb515f8839e3777af0edb96d8e891edb183119d9573b04ad12a4b08e6ec55
desk_lamp_024,desk_lamp,2,majority_target,"[0.23333333333333334, 0.5666666666666667, 0.06666666666666667, 0.13333333333333333, 0.0]","[0.9757330417633057, 0.013918083161115646, 0.009565750136971474, 0.0001322500320384279, 0.0006509574595838785]",functionality,9a0cb515f8839e3777af0edb96d8e891edb183119d9573b04ad12a4b08e6ec55
desk_lamp_024,desk_lamp,2,global_soft_prior,"[0.23333333333333334, 0.5666666666666667, 0.06666666666666667, 0.13333333333333333, 0.0]","[0.4623809523809525, 0.17690476190476195, 0.16142857142857137, 0.16357142857142856, 0.03571428571428573]",functionality,9a0cb515f8839e3777af0edb96d8e891edb183119d9573b04ad12a4b08e6ec55
desk_lamp_025,desk_lamp,2,soft_target,"[0.7333333333333333, 0.06666666666666667, 0.06666666666666667, 0.06666666666666667, 0.06666666666666667]","[0.5458008646965027, 0.2578180730342865, 0.12963907420635223, 0.050767384469509125, 0.01597466692328453]",functionality,ec916d20f26018e099bff112d827812f11ef1b7a6d293c520b898cc9d9b41a22
desk_lamp_025,desk_lamp,2,majority_target,"[0.7333333333333333, 0.06666666666666667, 0.06666666666666667, 0.06666666666666667, 0.06666666666666667]","[0.9896178841590881, 0.002694112481549382, 0.006667993031442165, 0.00017222887254320085, 0.0008477401570416987]",functionality,ec916d20f26018e099bff112d827812f11ef1b7a6d293c520b898cc9d9b41a22
desk_lamp_025,desk_lamp,2,global_soft_prior,"[0.7333333333333333, 0.06666666666666667, 0.06666666666666667, 0.06666666666666667, 0.06666666666666667]","[0.4623809523809525, 0.17690476190476195, 0.16142857142857137, 0.16357142857142856, 0.03571428571428573]",functionality,ec916d20f26018e099bff112d827812f11ef1b7a6d293c520b898cc9d9b41a22
early_automobile_001,early_automobile,3,soft_target,"[0.3, 0.06666666666666667, 0.06666666666666667, 0.5666666666666667, 0.0]","[0.6513758897781372, 0.012699807994067669, 0.08281314373016357, 0.17531543970108032, 0.07779575884342194]",functionality,0188f74b3fb64118bba820fa96eee38fa4ce1569838c595055f88b2f6c98825f
early_automobile_001,early_automobile,3,majority_target,"[0.3, 0.06666666666666667, 0.06666666666666667, 0.5666666666666667, 0.0]","[0.8868291974067688, 0.0014643368776887655, 0.0035127610899508, 0.00869416818022728, 0.09949947893619537]",functionality,0188f74b3fb64118bba820fa96eee38fa4ce1569838c595055f88b2f6c98825f
early_automobile_001,early_automobile,3,global_soft_prior,"[0.3, 0.06666666666666667, 0.06666666666666667, 0.5666666666666667, 0.0]","[0.4995238095238094, 0.22571428571428565, 0.17166666666666663, 0.0666666666666667, 0.03642857142857143]",functionality,0188f74b3fb64118bba820fa96eee38fa4ce1569838c595055f88b2f6c98825f
early_automobile_002,early_automobile,3,soft_target,"[0.2, 0.16666666666666666, 0.06666666666666667, 0.5666666666666667, 0.0]","[0.6030686497688293, 0.02649698778986931, 0.09248358011245728, 0.22185659408569336, 0.05609412118792534]",functionality,9e68febfd46a6b6160ed48a45e074517cd7fd98395b73272b06afa132fe79460
early_automobile_002,early_automobile,3,majority_target,"[0.2, 0.16666666666666666, 0.06666666666666667, 0.5666666666666667, 0.0]","[0.8735112547874451, 0.004306050017476082, 0.004879394080489874, 0.03605411574244499, 0.08124919980764389]",functionality,9e68febfd46a6b6160ed48a45e074517cd7fd98395b73272b06afa132fe79460
early_automobile_002,early_automobile,3,global_soft_prior,"[0.2, 0.16666666666666666, 0.06666666666666667, 0.5666666666666667, 0.0]","[0.4995238095238094, 0.22571428571428565, 0.17166666666666663, 0.0666666666666667, 0.03642857142857143]",functionality,9e68febfd46a6b6160ed48a45e074517cd7fd98395b73272b06afa132fe79460
early_automobile_003,early_automobile,3,soft_target,"[0.23333333333333334, 0.0, 0.0, 0.7666666666666667, 0.0]","[0.54744952917099, 0.01505214162170887, 0.1891935020685196, 0.2143843024969101, 0.0339205227792263]",functionality,5ee0df089cd5d78309e679cf8c92e8d215b2fdfd923a688cc69fd2fb9047ea54
early_automobile_003,early_automobile,3,majority_target,"[0.23333333333333334, 0.0, 0.0, 0.7666666666666667, 0.0]","[0.9322174191474915, 0.001491923350840807, 0.01329736690968275, 0.024842752143740654, 0.02815052680671215]",functionality,5ee0df089cd5d78309e679cf8c92e8d215b2fdfd923a688cc69fd2fb9047ea54
early_automobile_003,early_automobile,3,global_soft_prior,"[0.23333333333333334, 0.0, 0.0, 0.7666666666666667, 0.0]","[0.4995238095238094, 0.22571428571428565, 0.17166666666666663, 0.0666666666666667, 0.03642857142857143]",functionality,5ee0df089cd5d78309e679cf8c92e8d215b2fdfd923a688cc69fd2fb9047ea54
early_automobile_004,early_automobile,3,soft_target,"[0.16666666666666666, 0.0, 0.0, 0.7666666666666667, 0.06666666666666667]","[0.5197924375534058, 0.07034625858068466, 0.11598137766122818, 0.20355364680290222, 0.09032637625932693]",functionality,7832c9117b8f79bb2c4644a62e2ffe631f183d5b9591a67f15e3a7f461b6d25d
early_automobile_004,early_automobile,3,majority_target,"[0.16666666666666666, 0.0, 0.0, 0.7666666666666667, 0.06666666666666667]","[0.7783780097961426, 0.016667526215314865, 0.010430271737277508, 0.04125252366065979, 0.15327170491218567]",functionality,7832c9117b8f79bb2c4644a62e2ffe631f183d5b9591a67f15e3a7f461b6d25d
early_automobile_004,early_automobile,3,global_soft_prior,"[0.16666666666666666, 0.0, 0.0, 0.7666666666666667, 0.06666666666666667]","[0.4995238095238094, 0.22571428571428565, 0.17166666666666663, 0.0666666666666667, 0.03642857142857143]",functionality,7832c9117b8f79bb2c4644a62e2ffe631f183d5b9591a67f15e3a7f461b6d25d
early_automobile_005,early_automobile,3,soft_target,"[0.23333333333333334, 0.06666666666666667, 0.0, 0.7, 0.0]","[0.5498635172843933, 0.04374687373638153, 0.13060404360294342, 0.22921721637248993, 0.04656830057501793]",functionality,ddea627f460dd2c2363348b216beec6c45c6ec928e80d9f0d3d37da6fb8f9188
early_automobile_005,early_automobile,3,majority_target,"[0.23333333333333334, 0.06666666666666667, 0.0, 0.7, 0.0]","[0.8629581928253174, 0.008728698827326298, 0.010863040573894978, 0.05872504413127899, 0.05872504413127899]",functionality,ddea627f460dd2c2363348b216beec6c45c6ec928e80d9f0d3d37da6fb8f9188
early_automobile_005,early_automobile,3,global_soft_prior,"[0.23333333333333334, 0.06666666666666667, 0.0, 0.7, 0.0]","[0.4995238095238094, 0.22571428571428565, 0.17166666666666663, 0.0666666666666667, 0.03642857142857143]",functionality,ddea627f460dd2c2363348b216beec6c45c6ec928e80d9f0d3d37da6fb8f9188
early_automobile_006,early_automobile,3,soft_target,"[0.23333333333333334, 0.06666666666666667, 0.23333333333333334, 0.4666666666666667, 0.0]","[0.56784588098526, 0.030094729736447334, 0.12670354545116425, 0.23671337962150574, 0.03864239901304245]",functionality,a92d40ff7c86369e6b1d2d63e6b8c647904a034dcbab0b1a2f03fb7e527b4032
early_automobile_006,early_automobile,3,majority_target,"[0.23333333333333334, 0.06666666666666667, 0.23333333333333334, 0.4666666666666667, 0.0]","[0.8744276165962219, 0.006470927502959967, 0.00941514503210783, 0.06334332376718521, 0.046342965215444565]",functionality,a92d40ff7c86369e6b1d2d63e6b8c647904a034dcbab0b1a2f03fb7e527b4032
early_automobile_006,early_automobile,3,global_soft_prior,"[0.23333333333333334, 0.06666666666666667, 0.23333333333333334, 0.4666666666666667, 0.0]","[0.4995238095238094, 0.22571428571428565, 0.17166666666666663, 0.0666666666666667, 0.03642857142857143]",functionality,a92d40ff7c86369e6b1d2d63e6b8c647904a034dcbab0b1a2f03fb7e527b4032
early_automobile_007,early_automobile,3,soft_target,"[0.13333333333333333, 0.13333333333333333, 0.0, 0.7333333333333333, 0.0]","[0.6110485792160034, 0.060502003878355026, 0.07768610119819641, 0.18635927140712738, 0.06440404057502747]",functionality,1ca23e8425f2cab62ef0b7f6a0f5876dd57628e26a625eaac163f98a8b311301
early_automobile_007,early_automobile,3,majority_target,"[0.13333333333333333, 0.13333333333333333, 0.0, 0.7333333333333333, 0.0]","[0.8175328373908997, 0.024687353521585464, 0.007297567091882229, 0.03270542994141579, 0.1177767813205719]",functionality,1ca23e8425f2cab62ef0b7f6a0f5876dd57628e26a625eaac163f98a8b311301
early_automobile_007,early_automobile,3,global_soft_prior,"[0.13333333333333333, 0.13333333333333333, 0.0, 0.7333333333333333, 0.0]","[0.4995238095238094, 0.22571428571428565, 0.17166666666666663, 0.0666666666666667, 0.03642857142857143]",functionality,1ca23e8425f2cab62ef0b7f6a0f5876dd57628e26a625eaac163f98a8b311301
early_automobile_008,early_automobile,3,soft_target,"[0.3, 0.13333333333333333, 0.06666666666666667, 0.5, 0.0]","[0.6904662251472473, 0.026772279292345047, 0.0683654174208641, 0.15406383574008942, 0.06033226475119591]",functionality,f911c14b86af8a4027c79f3132021cff4e8439b9c2fd4b820c5c2a39f0235fad
early_automobile_008,early_automobile,3,majority_target,"[0.3, 0.13333333333333333, 0.06666666666666667, 0.5, 0.0]","[0.9138824939727783, 0.004505063407123089, 0.005104905925691128, 0.014317062683403492, 0.06219048425555229]",functionality,f911c14b86af8a4027c79f3132021cff4e8439b9c2fd4b820c5c2a39f0235fad
early_automobile_008,early_automobile,3,global_soft_prior,"[0.3, 0.13333333333333333, 0.06666666666666667, 0.5, 0.0]","[0.4995238095238094, 0.22571428571428565, 0.17166666666666663, 0.0666666666666667, 0.03642857142857143]",functionality,f911c14b86af8a4027c79f3132021cff4e8439b9c2fd4b820c5c2a39f0235fad
early_automobile_009,early_automobile,3,soft_target,"[0.16666666666666666, 0.06666666666666667, 0.0, 0.7666666666666667, 0.0]","[0.6731660962104797, 0.026930034160614014, 0.09697877615690231, 0.15989096462726593, 0.04303406551480293]",functionality,48f5760a2b42a3cd62858206f254e373481624b6c77f5ebe75e615649e6503cb
early_automobile_009,early_automobile,3,majority_target,"[0.16666666666666666, 0.06666666666666667, 0.0, 0.7666666666666667, 0.0]","[0.9140799641609192, 0.004506037104874849, 0.009245788678526878, 0.01727340556681156, 0.054894767701625824]",functionality,48f5760a2b42a3cd62858206f254e373481624b6c77f5ebe75e615649e6503cb
early_automobile_009,early_automobile,3,global_soft_prior,"[0.16666666666666666, 0.06666666666666667, 0.0, 0.7666666666666667, 0.0]","[0.4995238095238094, 0.22571428571428565, 0.17166666666666663, 0.0666666666666667, 0.03642857142857143]",functionality,48f5760a2b42a3cd62858206f254e373481624b6c77f5ebe75e615649e6503cb
early_automobile_010,early_automobile,3,soft_target,"[0.3333333333333333, 0.13333333333333333, 0.0, 0.5333333333333333, 0.0]","[0.34017425775527954, 0.3621135950088501, 0.05553192272782326, 0.20632609724998474, 0.03585410490632057]",aesthetics,c2b49f98fe34881bf9345f43c57f74ec5c37bd8bed11198f20732a03fec37777
early_automobile_010,early_automobile,3,majority_target,"[0.3333333333333333, 0.13333333333333333, 0.0, 0.5333333333333333, 0.0]","[0.2054261416196823, 0.673566460609436, 0.004984517581760883, 0.07557205855846405, 0.0404508076608181]",aesthetics,c2b49f98fe34881bf9345f43c57f74ec5c37bd8bed11198f20732a03fec37777
early_automobile_010,early_automobile,3,global_soft_prior,"[0.3333333333333333, 0.13333333333333333, 0.0, 0.5333333333333333, 0.0]","[0.4995238095238094, 0.22571428571428565, 0.17166666666666663, 0.0666666666666667, 0.03642857142857143]",functionality,c2b49f98fe34881bf9345f43c57f74ec5c37bd8bed11198f20732a03fec37777
early_automobile_011,early_automobile,3,soft_target,"[0.23333333333333334, 0.06666666666666667, 0.0, 0.7, 0.0]","[0.6606276631355286, 0.02058248594403267, 0.10131053626537323, 0.17780552804470062, 0.03967377543449402]",functionality,73fbed3ddd18b9a928016ab53724e1436ed3f12ed82676942ace12294cbf4623
early_automobile_011,early_automobile,3,majority_target,"[0.23333333333333334, 0.06666666666666667, 0.0, 0.7, 0.0]","[0.9067140221595764, 0.002977479249238968, 0.006709853187203407, 0.02914627641439438, 0.054452408105134964]",functionality,73fbed3ddd18b9a928016ab53724e1436ed3f12ed82676942ace12294cbf4623
early_automobile_011,early_automobile,3,global_soft_prior,"[0.23333333333333334, 0.06666666666666667, 0.0, 0.7, 0.0]","[0.4995238095238094, 0.22571428571428565, 0.17166666666666663, 0.0666666666666667, 0.03642857142857143]",functionality,73fbed3ddd18b9a928016ab53724e1436ed3f12ed82676942ace12294cbf4623
early_automobile_012,early_automobile,3,soft_target,"[0.43333333333333335, 0.06666666666666667, 0.0, 0.5, 0.0]","[0.6336657404899597, 0.03057771548628807, 0.058940090239048004, 0.20572113990783691, 0.07109531760215759]",functionality,31c163639b80f393e3c5978d3f23abb12919b99911148901e893136f7c54462b
early_automobile_012,early_automobile,3,majority_target,"[0.43333333333333335, 0.06666666666666667, 0.0, 0.5, 0.0]","[0.9046996831893921, 0.004322582855820656, 0.0040606907568871975, 0.029081525281071663, 0.05783551558852196]",functionality,31c163639b80f393e3c5978d3f23abb12919b99911148901e893136f7c54462b
early_automobile_012,early_automobile,3,global_soft_prior,"[0.43333333333333335, 0.06666666666666667, 0.0, 0.5, 0.0]","[0.4995238095238094, 0.22571428571428565, 0.17166666666666663, 0.0666666666666667, 0.03642857142857143]",functionality,31c163639b80f393e3c5978d3f23abb12919b99911148901e893136f7c54462b
early_automobile_013,early_automobile,3,soft_target,"[0.3, 0.0, 0.0, 0.6333333333333333, 0.06666666666666667]","[0.5192587375640869, 0.022814637050032616, 0.24528047442436218, 0.17945103347301483, 0.03319510072469711]",functionality,98fac63c732c1a4c76d39a513f26028914e8da6c9d1be5b6e3dc8e03d4a8408e
early_automobile_013,early_automobile,3,majority_target,"[0.3, 0.0, 0.0, 0.6333333333333333, 0.06666666666666667]","[0.9364797472953796, 0.0020485410932451487, 0.01943601667881012, 0.020689532160758972, 0.021346289664506912]",functionality,98fac63c732c1a4c76d39a513f26028914e8da6c9d1be5b6e3dc8e03d4a8408e
early_automobile_013,early_automobile,3,global_soft_prior,"[0.3, 0.0, 0.0, 0.6333333333333333, 0.06666666666666667]","[0.4995238095238094, 0.22571428571428565, 0.17166666666666663, 0.0666666666666667, 0.03642857142857143]",functionality,98fac63c732c1a4c76d39a513f26028914e8da6c9d1be5b6e3dc8e03d4a8408e
early_automobile_014,early_automobile,3,soft_target,"[0.06666666666666667, 0.0, 0.06666666666666667, 0.8666666666666667, 0.0]","[0.4487600028514862, 0.12857189774513245, 0.10013189166784286, 0.2721866965293884, 0.05034947395324707]",functionality,bfafab2a21424f0bba692d38b50303f281eeb3bc9b548fb1ed495eb8af6db233
early_automobile_014,early_automobile,3,majority_target,"[0.06666666666666667, 0.0, 0.06666666666666667, 0.8666666666666667, 0.0]","[0.691643476486206, 0.09360376000404358, 0.013912956230342388, 0.12794117629528046, 0.07289867848157883]",functionality,bfafab2a21424f0bba692d38b50303f281eeb3bc9b548fb1ed495eb8af6db233
early_automobile_014,early_automobile,3,global_soft_prior,"[0.06666666666666667, 0.0, 0.06666666666666667, 0.8666666666666667, 0.0]","[0.4995238095238094, 0.22571428571428565, 0.17166666666666663, 0.0666666666666667, 0.03642857142857143]",functionality,bfafab2a21424f0bba692d38b50303f281eeb3bc9b548fb1ed495eb8af6db233
early_automobile_015,early_automobile,3,soft_target,"[0.26666666666666666, 0.06666666666666667, 0.06666666666666667, 0.6, 0.0]","[0.5211697220802307, 0.10924310982227325, 0.08507861942052841, 0.23126767575740814, 0.05324083939194679]",functionality,f5632a9b6391417e960728261cd92703d13948b4eb7a4fa5a9618b92db9fb362
early_automobile_015,early_automobile,3,majority_target,"[0.26666666666666666, 0.06666666666666667, 0.06666666666666667, 0.6, 0.0]","[0.8075761198997498, 0.03548241779208183, 0.009549962356686592, 0.0851178914308548, 0.06227358430624008]",functionality,f5632a9b6391417e960728261cd92703d13948b4eb7a4fa5a9618b92db9fb362
early_automobile_015,early_automobile,3,global_soft_prior,"[0.26666666666666666, 0.06666666666666667, 0.06666666666666667, 0.6, 0.0]","[0.4995238095238094, 0.22571428571428565, 0.17166666666666663, 0.0666666666666667, 0.03642857142857143]",functionality,f5632a9b6391417e960728261cd92703d13948b4eb7a4fa5a9618b92db9fb362
early_automobile_016,early_automobile,3,soft_target,"[0.2, 0.0, 0.06666666666666667, 0.7333333333333333, 0.0]","[0.5814904570579529, 0.0508100688457489, 0.08917444944381714, 0.2277149260044098, 0.0508100688457489]",functionality,905f02241ab6171a5cc11c96040039e236d3b93c92508425a558d5b91946f9f0
early_automobile_016,early_automobile,3,majority_target,"[0.2, 0.0, 0.06666666666666667, 0.7333333333333333, 0.0]","[0.8423829674720764, 0.021088646724820137, 0.009070114232599735, 0.053851738572120667, 0.07360660284757614]",functionality,905f02241ab6171a5cc11c96040039e236d3b93c92508425a558d5b91946f9f0
early_automobile_016,early_automobile,3,global_soft_prior,"[0.2, 0.0, 0.06666666666666667, 0.7333333333333333, 0.0]","[0.4995238095238094, 0.22571428571428565, 0.17166666666666663, 0.0666666666666667, 0.03642857142857143]",functionality,905f02241ab6171a5cc11c96040039e236d3b93c92508425a558d5b91946f9f0
early_automobile_017,early_automobile,3,soft_target,"[0.13333333333333333, 0.0, 0.13333333333333333, 0.7333333333333333, 0.0]","[0.545254111289978, 0.01646524854004383, 0.20058779418468475, 0.20058779418468475, 0.0371050089597702]",functionality,a75c3cf4f3718583c3d79081df68abcf1895561fa2a4bcedce6d5ae3aacb69da
early_automobile_017,early_automobile,3,majority_target,"[0.13333333333333333, 0.0, 0.13333333333333333, 0.7333333333333333, 0.0]","[0.9404211044311523, 0.0017054477939382195, 0.012213937938213348, 0.0235429834574461, 0.022116584703326225]",functionality,a75c3cf4f3718583c3d79081df68abcf1895561fa2a4bcedce6d5ae3aacb69da
early_automobile_017,early_automobile,3,global_soft_prior,"[0.13333333333333333, 0.0, 0.13333333333333333, 0.7333333333333333, 0.0]","[0.4995238095238094, 0.22571428571428565, 0.17166666666666663, 0.0666666666666667, 0.03642857142857143]",functionality,a75c3cf4f3718583c3d79081df68abcf1895561fa2a4bcedce6d5ae3aacb69da
early_automobile_018,early_automobile,3,soft_target,"[0.13333333333333333, 0.06666666666666667, 0.06666666666666667, 0.6666666666666666, 0.06666666666666667]","[0.589043915271759, 0.020155973732471466, 0.13143347203731537, 0.1796482354402542, 0.07971842586994171]",functionality,5c1f61f8561dbf39a7473e1fc981177183987293cd327eebeb28e82a71a79601
early_automobile_018,early_automobile,3,majority_target,"[0.13333333333333333, 0.06666666666666667, 0.06666666666666667, 0.6666666666666666, 0.06666666666666667]","[0.8941328525543213, 0.0015716160414740443, 0.006413174327462912, 0.019753968343138695, 0.07812845706939697]",functionality,5c1f61f8561dbf39a7473e1fc981177183987293cd327eebeb28e82a71a79601
early_automobile_018,early_automobile,3,global_soft_prior,"[0.13333333333333333, 0.06666666666666667, 0.06666666666666667, 0.6666666666666666, 0.06666666666666667]","[0.4995238095238094, 0.22571428571428565, 0.17166666666666663, 0.0666666666666667, 0.03642857142857143]",functionality,5c1f61f8561dbf39a7473e1fc981177183987293cd327eebeb28e82a71a79601
early_automobile_019,early_automobile,3,soft_target,"[0.13333333333333333, 0.0, 0.0, 0.7, 0.16666666666666666]","[0.6172705888748169, 0.013217708095908165, 0.07847714424133301, 0.17685098946094513, 0.11418358236551285]",functionality,33b8ff9e116374dd37317664c1c4911acad5a33ec256070fe3ce97382d08932f
early_automobile_019,early_automobile,3,majority_target,"[0.13333333333333333, 0.0, 0.0, 0.7, 0.16666666666666666]","[0.8637849688529968, 0.0008650862146168947, 0.003115295199677348, 0.015334019437432289, 0.11690058559179306]",functionality,33b8ff9e116374dd37317664c1c4911acad5a33ec256070fe3ce97382d08932f
early_automobile_019,early_automobile,3,global_soft_prior,"[0.13333333333333333, 0.0, 0.0, 0.7, 0.16666666666666666]","[0.4995238095238094, 0.22571428571428565, 0.17166666666666663, 0.0666666666666667, 0.03642857142857143]",functionality,33b8ff9e116374dd37317664c1c4911acad5a33ec256070fe3ce97382d08932f
early_automobile_020,early_automobile,3,soft_target,"[0.16666666666666666, 0.13333333333333333, 0.06666666666666667, 0.6333333333333333, 0.0]","[0.6043900847434998, 0.06781068444252014, 0.10502724349498749, 0.17316065728664398, 0.04961135983467102]",functionality,f46544700653fcd2b28bffdd374b86a4f8efa661873efad02e5eeee66f4b97f0
early_automobile_020,early_automobile,3,majority_target,"[0.16666666666666666, 0.13333333333333333, 0.06666666666666667, 0.6333333333333333, 0.0]","[0.8690718412399292, 0.02244742400944233, 0.009654516354203224, 0.035870879888534546, 0.0629553571343422]",functionality,f46544700653fcd2b28bffdd374b86a4f8efa661873efad02e5eeee66f4b97f0
early_automobile_020,early_automobile,3,global_soft_prior,"[0.16666666666666666, 0.13333333333333333, 0.06666666666666667, 0.6333333333333333, 0.0]","[0.4995238095238094, 0.22571428571428565, 0.17166666666666663, 0.0666666666666667, 0.03642857142857143]",functionality,f46544700653fcd2b28bffdd374b86a4f8efa661873efad02e5eeee66f4b97f0
early_automobile_021,early_automobile,3,soft_target,"[0.26666666666666666, 0.0, 0.06666666666666667, 0.6666666666666666, 0.0]","[0.6576188802719116, 0.03595886379480362, 0.06511308997869492, 0.20056241750717163, 0.04074672609567642]",functionality,e80f3e211496f922f9c081b69b69d588285db9141db07fa5061e690f77ae5b4b
early_automobile_021,early_automobile,3,majority_target,"[0.26666666666666666, 0.0, 0.06666666666666667, 0.6666666666666666, 0.0]","[0.8810640573501587, 0.014241073280572891, 0.008371895179152489, 0.03636585921049118, 0.05995716154575348]",functionality,e80f3e211496f922f9c081b69b69d588285db9141db07fa5061e690f77ae5b4b
early_automobile_021,early_automobile,3,global_soft_prior,"[0.26666666666666666, 0.0, 0.06666666666666667, 0.6666666666666666, 0.0]","[0.4995238095238094, 0.22571428571428565, 0.17166666666666663, 0.0666666666666667, 0.03642857142857143]",functionality,e80f3e211496f922f9c081b69b69d588285db9141db07fa5061e690f77ae5b4b
early_automobile_022,early_automobile,3,soft_target,"[0.2, 0.0, 0.06666666666666667, 0.7333333333333333, 0.0]","[0.5434537529945374, 0.0649062991142273, 0.11391410231590271, 0.21281954646110535, 0.0649062991142273]",functionality,f84e65dc5467f262885a9b2cb3ffdd64a1445ee3b26f45058bb8c5445d243ffc
early_automobile_022,early_automobile,3,majority_target,"[0.2, 0.0, 0.06666666666666667, 0.7333333333333333, 0.0]","[0.8151087760925293, 0.027033358812332153, 0.01745404675602913, 0.04895108565688133, 0.09145266562700272]",functionality,f84e65dc5467f262885a9b2cb3ffdd64a1445ee3b26f45058bb8c5445d243ffc
early_automobile_022,early_automobile,3,global_soft_prior,"[0.2, 0.0, 0.06666666666666667, 0.7333333333333333, 0.0]","[0.4995238095238094, 0.22571428571428565, 0.17166666666666663, 0.0666666666666667, 0.03642857142857143]",functionality,f84e65dc5467f262885a9b2cb3ffdd64a1445ee3b26f45058bb8c5445d243ffc
early_automobile_023,early_automobile,3,soft_target,"[0.13333333333333333, 0.0, 0.0, 0.8666666666666667, 0.0]","[0.39584940671920776, 0.03798851743340492, 0.15501685440540314, 0.32817068696022034, 0.08297454565763474]",functionality,e9d6c0714387476fdd164bef21bfd74d6e4085a26cff30fe32761eaf59070a8f
early_automobile_023,early_automobile,3,majority_target,"[0.13333333333333333, 0.0, 0.0, 0.8666666666666667, 0.0]","[0.8093206882476807, 0.007453585509210825, 0.012288885191082954, 0.09080325812101364, 0.0801336020231247]",functionality,e9d6c0714387476fdd164bef21bfd74d6e4085a26cff30fe32761eaf59070a8f
early_automobile_023,early_automobile,3,global_soft_prior,"[0.13333333333333333, 0.0, 0.0, 0.8666666666666667, 0.0]","[0.4995238095238094, 0.22571428571428565, 0.17166666666666663, 0.0666666666666667, 0.03642857142857143]",functionality,e9d6c0714387476fdd164bef21bfd74d6e4085a26cff30fe32761eaf59070a8f
early_automobile_024,early_automobile,3,soft_target,"[0.23333333333333334, 0.0, 0.0, 0.7666666666666667, 0.0]","[0.6051729321479797, 0.059920232743024826, 0.08718343079090118, 0.19647087156772614, 0.05125248804688454]",functionality,b4c4ebd57557129728cf2c2cca7d977f3447dd55726787af50c4a57b76eb2ae8
early_automobile_024,early_automobile,3,majority_target,"[0.23333333333333334, 0.0, 0.0, 0.7666666666666667, 0.0]","[0.8878402709960938, 0.013909080065786839, 0.0069939251989126205, 0.04705381020903587, 0.04420296475291252]",functionality,b4c4ebd57557129728cf2c2cca7d977f3447dd55726787af50c4a57b76eb2ae8
early_automobile_024,early_automobile,3,global_soft_prior,"[0.23333333333333334, 0.0, 0.0, 0.7666666666666667, 0.0]","[0.4995238095238094, 0.22571428571428565, 0.17166666666666663, 0.0666666666666667, 0.03642857142857143]",functionality,b4c4ebd57557129728cf2c2cca7d977f3447dd55726787af50c4a57b76eb2ae8
early_automobile_025,early_automobile,3,soft_target,"[0.23333333333333334, 0.23333333333333334, 0.06666666666666667, 0.4666666666666667, 0.0]","[0.41054150462150574, 0.28216078877449036, 0.05385132506489754, 0.21974705159664154, 0.03369930014014244]",functionality,44b5b77a61bc00b9673071d81b6475a6189abe61b2ae98155f7c504286d97425
early_automobile_025,early_automobile,3,majority_target,"[0.23333333333333334, 0.23333333333333334, 0.06666666666666667, 0.4666666666666667, 0.0]","[0.22691458463668823, 0.6168177127838135, 0.008011063560843468, 0.10069272667169571, 0.04756387695670128]",aesthetics,44b5b77a61bc00b9673071d81b6475a6189abe61b2ae98155f7c504286d97425
early_automobile_025,early_automobile,3,global_soft_prior,"[0.23333333333333334, 0.23333333333333334, 0.06666666666666667, 0.4666666666666667, 0.0]","[0.4995238095238094, 0.22571428571428565, 0.17166666666666663, 0.0666666666666667, 0.03642857142857143]",functionality,44b5b77a61bc00b9673071d81b6475a6189abe61b2ae98155f7c504286d97425
electric_kettle_001,electric_kettle,4,soft_target,"[0.9333333333333333, 0.0, 0.06666666666666667, 0.0, 0.0]","[0.8019287586212158, 0.08452266454696655, 0.07940170168876648, 0.02577796019613743, 0.008368877694010735]",functionality,dfa78d337ac21ab56b88b49819a1558eb3b88e2ea43317d4b4c36eca67b03f07
electric_kettle_001,electric_kettle,4,majority_target,"[0.9333333333333333, 0.0, 0.06666666666666667, 0.0, 0.0]","[0.9987971782684326, 0.0008292793063446879, 0.00033505912870168686, 1.0117908459505998e-05, 2.8376380214467645e-05]",functionality,dfa78d337ac21ab56b88b49819a1558eb3b88e2ea43317d4b4c36eca67b03f07
electric_kettle_001,electric_kettle,4,global_soft_prior,"[0.9333333333333333, 0.0, 0.06666666666666667, 0.0, 0.0]","[0.4095238095238095, 0.22047619047619044, 0.16023809523809512, 0.16261904761904764, 0.047142857142857146]",functionality,dfa78d337ac21ab56b88b49819a1558eb3b88e2ea43317d4b4c36eca67b03f07
electric_kettle_002,electric_kettle,4,soft_target,"[0.7, 0.06666666666666667, 0.23333333333333334, 0.0, 0.0]","[0.6915320158004761, 0.14495298266410828, 0.13617072999477386, 0.02154533937573433, 0.005798849742859602]",functionality,f982e33f365450310df73d536eca2eb2a56e7efbaace6e7bec0241163c8c815c
electric_kettle_002,electric_kettle,4,majority_target,"[0.7, 0.06666666666666667, 0.23333333333333334, 0.0, 0.0]","[0.9863693714141846, 0.010957574471831322, 0.002602651948109269, 1.647404678806197e-05, 5.401631642598659e-05]",functionality,f982e33f365450310df73d536eca2eb2a56e7efbaace6e7bec0241163c8c815c
electric_kettle_002,electric_kettle,4,global_soft_prior,"[0.7, 0.06666666666666667, 0.23333333333333334, 0.0, 0.0]","[0.4095238095238095, 0.22047619047619044, 0.16023809523809512, 0.16261904761904764, 0.047142857142857146]",functionality,f982e33f365450310df73d536eca2eb2a56e7efbaace6e7bec0241163c8c815c
electric_kettle_003,electric_kettle,4,soft_target,"[0.7, 0.16666666666666666, 0.13333333333333333, 0.0, 0.0]","[0.7279183268547058, 0.1116298958659172, 0.12649323046207428, 0.028224457055330276, 0.005734146572649479]",functionality,c7e13bc954c2ae53d6e94023c995342b7096f38439c6000102971163fb33b0b1
electric_kettle_003,electric_kettle,4,majority_target,"[0.7, 0.16666666666666666, 0.13333333333333333, 0.0, 0.0]","[0.9896413683891296, 0.008043326437473297, 0.0022335508838295937, 1.843909194576554e-05, 6.336095975711942e-05]",functionality,c7e13bc954c2ae53d6e94023c995342b7096f38439c6000102971163fb33b0b1
electric_kettle_003,electric_kettle,4,global_soft_prior,"[0.7, 0.16666666666666666, 0.13333333333333333, 0.0, 0.0]","[0.4095238095238095, 0.22047619047619044, 0.16023809523809512, 0.16261904761904764, 0.047142857142857146]",functionality,c7e13bc954c2ae53d6e94023c995342b7096f38439c6000102971163fb33b0b1
electric_kettle_004,electric_kettle,4,soft_target,"[0.9333333333333333, 0.0, 0.0, 0.06666666666666667, 0.0]","[0.7260010838508606, 0.1342967003583908, 0.1113358810544014, 0.021248823031783104, 0.0071174646727740765]",functionality,a5893b54bbb2c6ce04fbb52c182ba5796aabbcae3e90244ffcd2c064e7b48fab
electric_kettle_004,electric_kettle,4,majority_target,"[0.9333333333333333, 0.0, 0.0, 0.06666666666666667, 0.0]","[0.9943647384643555, 0.004604822490364313, 0.0009652231237851083, 1.3984986253490206e-05, 5.115495514473878e-05]",functionality,a5893b54bbb2c6ce04fbb52c182ba5796aabbcae3e90244ffcd2c064e7b48fab
electric_kettle_004,electric_kettle,4,global_soft_prior,"[0.9333333333333333, 0.0, 0.0, 0.06666666666666667, 0.0]","[0.4095238095238095, 0.22047619047619044, 0.16023809523809512, 0.16261904761904764, 0.047142857142857146]",functionality,a5893b54bbb2c6ce04fbb52c182ba5796aabbcae3e90244ffcd2c064e7b48fab
electric_kettle_005,electric_kettle,4,soft_target,"[0.8, 0.06666666666666667, 0.06666666666666667, 0.06666666666666667, 0.0]","[0.672098696231842, 0.1408795267343521, 0.14996549487113953, 0.030467336997389793, 0.006589023862034082]",functionality,ef8ec30877e92f0e9d0285c23cb4ae70b62e5c8d6dd19c7e3d6e9f4ea69792ff
electric_kettle_005,electric_kettle,4,majority_target,"[0.8, 0.06666666666666667, 0.06666666666666667, 0.06666666666666667, 0.0]","[0.9782096147537231, 0.01791653409600258, 0.0037555096205323935, 2.736060559982434e-05, 9.112473344430327e-05]",functionality,ef8ec30877e92f0e9d0285c23cb4ae70b62e5c8d6dd19c7e3d6e9f4ea69792ff
electric_kettle_005,electric_kettle,4,global_soft_prior,"[0.8, 0.06666666666666667, 0.06666666666666667, 0.06666666666666667, 0.0]","[0.4095238095238095, 0.22047619047619044, 0.16023809523809512, 0.16261904761904764, 0.047142857142857146]",functionality,ef8ec30877e92f0e9d0285c23cb4ae70b62e5c8d6dd19c7e3d6e9f4ea69792ff
electric_kettle_006,electric_kettle,4,soft_target,"[0.8666666666666667, 0.0, 0.13333333333333333, 0.0, 0.0]","[0.6318198442459106, 0.23243357241153717, 0.09689272195100784, 0.028641432523727417, 0.010212416760623455]",functionality,be4aab566c896e132b5f29b1eb80c15b592fcb46f54d472973383a3d41a9f87c
electric_kettle_006,electric_kettle,4,majority_target,"[0.8666666666666667, 0.0, 0.13333333333333333, 0.0, 0.0]","[0.9499890208244324, 0.0472971647977829, 0.0024295360781252384, 2.828497235896066e-05, 0.0002560712455306202]",functionality,be4aab566c896e132b5f29b1eb80c15b592fcb46f54d472973383a3d41a9f87c
electric_kettle_006,electric_kettle,4,global_soft_prior,"[0.8666666666666667, 0.0, 0.13333333333333333, 0.0, 0.0]","[0.4095238095238095, 0.22047619047619044, 0.16023809523809512, 0.16261904761904764, 0.047142857142857146]",functionality,be4aab566c896e132b5f29b1eb80c15b592fcb46f54d472973383a3d41a9f87c
electric_kettle_007,electric_kettle,4,soft_target,"[0.7333333333333333, 0.0, 0.26666666666666666, 0.0, 0.0]","[0.7296305894851685, 0.11189247667789459, 0.12679077684879303, 0.024966584518551826, 0.006719665136188269]",functionality,6cb75448f92ab6b7336891949f55bc0ecb25ff233dfa7a371420ff06e22a2434
electric_kettle_007,electric_kettle,4,majority_target,"[0.7333333333333333, 0.0, 0.26666666666666666, 0.0, 0.0]","[0.9935420751571655, 0.0046010129153728485, 0.0018017824040725827, 1.3973416571388952e-05, 4.107015411136672e-05]",functionality,6cb75448f92ab6b7336891949f55bc0ecb25ff233dfa7a371420ff06e22a2434
electric_kettle_007,electric_kettle,4,global_soft_prior,"[0.7333333333333333, 0.0, 0.26666666666666666, 0.0, 0.0]","[0.4095238095238095, 0.22047619047619044, 0.16023809523809512, 0.16261904761904764, 0.047142857142857146]",functionality,6cb75448f92ab6b7336891949f55bc0ecb25ff233dfa7a371420ff06e22a2434
electric_kettle_008,electric_kettle,4,soft_target,"[0.9333333333333333, 0.0, 0.06666666666666667, 0.0, 0.0]","[0.8360388278961182, 0.06056245416402817, 0.06862624734640121, 0.026047587394714355, 0.008724848739802837]",functionality,07491b4ea24f8a8546e9bac4f558aaa9d88a110e02b5a99e1b9e71d981e6c9dc
electric_kettle_008,electric_kettle,4,majority_target,"[0.9333333333333333, 0.0, 0.06666666666666667, 0.0, 0.0]","[0.9993657469749451, 0.00031493810820393264, 0.0002867543953470886, 7.5232715062156785e-06, 2.505632073734887e-05]",functionality,07491b4ea24f8a8546e9bac4f558aaa9d88a110e02b5a99e1b9e71d981e6c9dc
electric_kettle_008,electric_kettle,4,global_soft_prior,"[0.9333333333333333, 0.0, 0.06666666666666667, 0.0, 0.0]","[0.4095238095238095, 0.22047619047619044, 0.16023809523809512, 0.16261904761904764, 0.047142857142857146]",functionality,07491b4ea24f8a8546e9bac4f558aaa9d88a110e02b5a99e1b9e71d981e6c9dc
electric_kettle_009,electric_kettle,4,soft_target,"[0.8666666666666667, 0.0, 0.0, 0.13333333333333333, 0.0]","[0.6776247024536133, 0.17133034765720367, 0.11775350570678711, 0.023923078551888466, 0.0093684121966362]",functionality,e66f023e7e1cdc4dd48f6fd325fe5f794a3c9ae8ce5c4b78bff19049d65a92bd
electric_kettle_009,electric_kettle,4,majority_target,"[0.8666666666666667, 0.0, 0.0, 0.13333333333333333, 0.0]","[0.9752110242843628, 0.02154521644115448, 0.0030083865858614445, 2.4071634470601566e-05, 0.00021122186444699764]",functionality,e66f023e7e1cdc4dd48f6fd325fe5f794a3c9ae8ce5c4b78bff19049d65a92bd
electric_kettle_009,electric_kettle,4,global_soft_prior,"[0.8666666666666667, 0.0, 0.0, 0.13333333333333333, 0.0]","[0.4095238095238095, 0.22047619047619044, 0.16023809523809512, 0.16261904761904764, 0.047142857142857146]",functionality,e66f023e7e1cdc4dd48f6fd325fe5f794a3c9ae8ce5c4b78bff19049d65a92bd
electric_kettle_010,electric_kettle,4,soft_target,"[0.9333333333333333, 0.0, 0.0, 0.06666666666666667, 0.0]","[0.820307195186615, 0.06733491271734238, 0.07630044966936111, 0.02896038629114628, 0.007097047753632069]",functionality,031d563cca0e5823fbdf23c873fa2f9f5d338560bfc85c7f9551be096a365411
electric_kettle_010,electric_kettle,4,majority_target,"[0.9333333333333333, 0.0, 0.0, 0.06666666666666667, 0.0]","[0.9985055923461914, 0.0010000098263844848, 0.00045783782843500376, 1.0767313142423518e-05, 2.5829442165559158e-05]",functionality,031d563cca0e5823fbdf23c873fa2f9f5d338560bfc85c7f9551be096a365411
electric_kettle_010,electric_kettle,4,global_soft_prior,"[0.9333333333333333, 0.0, 0.0, 0.06666666666666667, 0.0]","[0.4095238095238095, 0.22047619047619044, 0.16023809523809512, 0.16261904761904764, 0.047142857142857146]",functionality,031d563cca0e5823fbdf23c873fa2f9f5d338560bfc85c7f9551be096a365411
electric_kettle_011,electric_kettle,4,soft_target,"[0.7666666666666667, 0.0, 0.23333333333333334, 0.0, 0.0]","[0.7268396615982056, 0.12630578875541687, 0.1114644780755043, 0.027315545827150345, 0.008074460551142693]",functionality,33745869165848132efc9733ad07eb33e8f213a74efe9b1a44cb128960a7ad2a
electric_kettle_011,electric_kettle,4,majority_target,"[0.7666666666666667, 0.0, 0.23333333333333334, 0.0, 0.0]","[0.9941281080245972, 0.004603726789355278, 0.0012009538477286696, 1.442548273189459e-05, 5.276622687233612e-05]",functionality,33745869165848132efc9733ad07eb33e8f213a74efe9b1a44cb128960a7ad2a
electric_kettle_011,electric_kettle,4,global_soft_prior,"[0.7666666666666667, 0.0, 0.23333333333333334, 0.0, 0.0]","[0.4095238095238095, 0.22047619047619044, 0.16023809523809512, 0.16261904761904764, 0.047142857142857146]",functionality,33745869165848132efc9733ad07eb33e8f213a74efe9b1a44cb128960a7ad2a
electric_kettle_012,electric_kettle,4,soft_target,"[0.8666666666666667, 0.0, 0.06666666666666667, 0.06666666666666667, 0.0]","[0.7182059288024902, 0.12480546534061432, 0.12480546534061432, 0.026160649955272675, 0.0060225240886211395]",functionality,e9bace599f8e76705a738b573d158a5fd64d04c625f43b644d44cdc7835850cd
electric_kettle_012,electric_kettle,4,majority_target,"[0.8666666666666667, 0.0, 0.06666666666666667, 0.06666666666666667, 0.0]","[0.9912692308425903, 0.0066791195422410965, 0.0019743440207093954, 1.7623646272113547e-05, 5.96200225118082e-05]",functionality,e9bace599f8e76705a738b573d158a5fd64d04c625f43b644d44cdc7835850cd
electric_kettle_012,electric_kettle,4,global_soft_prior,"[0.8666666666666667, 0.0, 0.06666666666666667, 0.06666666666666667, 0.0]","[0.4095238095238095, 0.22047619047619044, 0.16023809523809512, 0.16261904761904764, 0.047142857142857146]",functionality,e9bace599f8e76705a738b573d158a5fd64d04c625f43b644d44cdc7835850cd
electric_kettle_013,electric_kettle,4,soft_target,"[0.8666666666666667, 0.0, 0.06666666666666667, 0.06666666666666667, 0.0]","[0.7582632303237915, 0.10261977463960648, 0.10261977463960648, 0.030334347859025, 0.006162796635180712]",functionality,cf7a75e68f4a6e27a72eb2c3efabc89bcc14cedea055e5661402066e1bbbda0a
electric_kettle_013,electric_kettle,4,majority_target,"[0.8666666666666667, 0.0, 0.06666666666666667, 0.06666666666666667, 0.0]","[0.9968512654304504, 0.0023212400265038013, 0.0007775180856697261, 1.3588609363068826e-05, 3.636500332504511e-05]",functionality,cf7a75e68f4a6e27a72eb2c3efabc89bcc14cedea055e5661402066e1bbbda0a
electric_kettle_013,electric_kettle,4,global_soft_prior,"[0.8666666666666667, 0.0, 0.06666666666666667, 0.06666666666666667, 0.0]","[0.4095238095238095, 0.22047619047619044, 0.16023809523809512, 0.16261904761904764, 0.047142857142857146]",functionality,cf7a75e68f4a6e27a72eb2c3efabc89bcc14cedea055e5661402066e1bbbda0a
electric_kettle_014,electric_kettle,4,soft_target,"[0.8666666666666667, 0.0, 0.06666666666666667, 0.06666666666666667, 0.0]","[0.7998291254043579, 0.0656539723277092, 0.08973833918571472, 0.03406083583831787, 0.010717716999351978]",functionality,30e0bd57b85d4ba9586ba7816e7d43f64024d58de1f475e2befc2d06f1cd766a
electric_kettle_014,electric_kettle,4,majority_target,"[0.8666666666666667, 0.0, 0.06666666666666667, 0.06666666666666667, 0.0]","[0.9988192915916443, 0.000687511928845197, 0.00044389106915332377, 1.2790518667316064e-05, 3.6436798836803064e-05]",functionality,30e0bd57b85d4ba9586ba7816e7d43f64024d58de1f475e2befc2d06f1cd766a
electric_kettle_014,electric_kettle,4,global_soft_prior,"[0.8666666666666667, 0.0, 0.06666666666666667, 0.06666666666666667, 0.0]","[0.4095238095238095, 0.22047619047619044, 0.16023809523809512, 0.16261904761904764, 0.047142857142857146]",functionality,30e0bd57b85d4ba9586ba7816e7d43f64024d58de1f475e2befc2d06f1cd766a
electric_kettle_015,electric_kettle,4,soft_target,"[0.6333333333333333, 0.23333333333333334, 0.06666666666666667, 0.0, 0.06666666666666667]","[0.7085662484169006, 0.09008408337831497, 0.15810249745845795, 0.03314008563756943, 0.01010715402662754]",functionality,794131c12a16300fb8453d7eb9605a574af4a5550b753f0cafdb93ac082aa030
electric_kettle_015,electric_kettle,4,majority_target,"[0.6333333333333333, 0.23333333333333334, 0.06666666666666667, 0.0, 0.06666666666666667]","[0.9952604174613953, 0.0031676958315074444, 0.0014963134890422225, 1.5615432857885025e-05, 5.986007090541534e-05]",functionality,794131c12a16300fb8453d7eb9605a574af4a5550b753f0cafdb93ac082aa030
electric_kettle_015,electric_kettle,4,global_soft_prior,"[0.6333333333333333, 0.23333333333333334, 0.06666666666666667, 0.0, 0.06666666666666667]","[0.4095238095238095, 0.22047619047619044, 0.16023809523809512, 0.16261904761904764, 0.047142857142857146]",functionality,794131c12a16300fb8453d7eb9605a574af4a5550b753f0cafdb93ac082aa030
electric_kettle_016,electric_kettle,4,soft_target,"[0.9333333333333333, 0.0, 0.06666666666666667, 0.0, 0.0]","[0.8125435709953308, 0.0666976347565651, 0.09116485714912415, 0.022340910509228706, 0.007253031246364117]",functionality,e2dc63d309541506f9a799e10dd92ae0bc6ffb1db7ffa0aa60f648049f0f8ef4
electric_kettle_016,electric_kettle,4,majority_target,"[0.9333333333333333, 0.0, 0.06666666666666667, 0.0, 0.0]","[0.9982495903968811, 0.0010980142978951335, 0.0006063810433261096, 9.49968489294406e-06, 3.641601506387815e-05]",functionality,e2dc63d309541506f9a799e10dd92ae0bc6ffb1db7ffa0aa60f648049f0f8ef4
electric_kettle_016,electric_kettle,4,global_soft_prior,"[0.9333333333333333, 0.0, 0.06666666666666667, 0.0, 0.0]","[0.4095238095238095, 0.22047619047619044, 0.16023809523809512, 0.16261904761904764, 0.047142857142857146]",functionality,e2dc63d309541506f9a799e10dd92ae0bc6ffb1db7ffa0aa60f648049f0f8ef4
electric_kettle_017,electric_kettle,4,soft_target,"[0.8666666666666667, 0.0, 0.13333333333333333, 0.0, 0.0]","[0.7926214337348938, 0.04760061576962471, 0.12155243754386902, 0.03271539509296417, 0.0055101714096963406]",functionality,ae0111e860dcff2aa742d75883c47bb74ed486db643675940d07ab91d1d0c790
electric_kettle_017,electric_kettle,4,majority_target,"[0.8666666666666667, 0.0, 0.13333333333333333, 0.0, 0.0]","[0.9990615248680115, 0.0003918274596799165, 0.0005190870724618435, 1.0606283467495814e-05, 1.694879392744042e-05]",functionality,ae0111e860dcff2aa742d75883c47bb74ed486db643675940d07ab91d1d0c790
electric_kettle_017,electric_kettle,4,global_soft_prior,"[0.8666666666666667, 0.0, 0.13333333333333333, 0.0, 0.0]","[0.4095238095238095, 0.22047619047619044, 0.16023809523809512, 0.16261904761904764, 0.047142857142857146]",functionality,ae0111e860dcff2aa742d75883c47bb74ed486db643675940d07ab91d1d0c790
electric_kettle_018,electric_kettle,4,soft_target,"[0.7333333333333333, 0.0, 0.26666666666666666, 0.0, 0.0]","[0.7405527234077454, 0.10022290796041489, 0.12089190632104874, 0.028714343905448914, 0.009618100710213184]",functionality,3deb37fc735c7aed205d8b96ac06a8b14b7bc42c69419b2f418d72ec68da4c11
electric_kettle_018,electric_kettle,4,majority_target,"[0.7333333333333333, 0.0, 0.26666666666666666, 0.0, 0.0]","[0.9940840601921082, 0.004603522829711437, 0.0012390213087201118, 1.5355166397057474e-05, 5.794979369966313e-05]",functionality,3deb37fc735c7aed205d8b96ac06a8b14b7bc42c69419b2f418d72ec68da4c11
electric_kettle_018,electric_kettle,4,global_soft_prior,"[0.7333333333333333, 0.0, 0.26666666666666666, 0.0, 0.0]","[0.4095238095238095, 0.22047619047619044, 0.16023809523809512, 0.16261904761904764, 0.047142857142857146]",functionality,3deb37fc735c7aed205d8b96ac06a8b14b7bc42c69419b2f418d72ec68da4c11
electric_kettle_019,electric_kettle,4,soft_target,"[0.9333333333333333, 0.0, 0.0, 0.06666666666666667, 0.0]","[0.7640084624290466, 0.09713276475667953, 0.11006585508584976, 0.023803411051630974, 0.004989465698599815]",functionality,7d7cd831d0f7cd7ec62bdaeed1519b9db78e3d87d4a310f851bfd4a8ddd2900a
electric_kettle_019,electric_kettle,4,majority_target,"[0.9333333333333333, 0.0, 0.0, 0.06666666666666667, 0.0]","[0.9971829652786255, 0.0019250159384682775, 0.0008542206487618387, 1.1626820196397603e-05, 2.620144368847832e-05]",functionality,7d7cd831d0f7cd7ec62bdaeed1519b9db78e3d87d4a310f851bfd4a8ddd2900a
electric_kettle_019,electric_kettle,4,global_soft_prior,"[0.9333333333333333, 0.0, 0.0, 0.06666666666666667, 0.0]","[0.4095238095238095, 0.22047619047619044, 0.16023809523809512, 0.16261904761904764, 0.047142857142857146]",functionality,7d7cd831d0f7cd7ec62bdaeed1519b9db78e3d87d4a310f851bfd4a8ddd2900a
electric_kettle_020,electric_kettle,4,soft_target,"[0.8666666666666667, 0.0, 0.13333333333333333, 0.0, 0.0]","[0.8375394940376282, 0.05029815435409546, 0.07318338006734848, 0.030507374554872513, 0.008471592329442501]",functionality,f74bc2c84eb01a265815d2ba92f821bc92657b416643eb300d69284184d6d707
electric_kettle_020,electric_kettle,4,majority_target,"[0.8666666666666667, 0.0, 0.13333333333333333, 0.0, 0.0]","[0.999455988407135, 0.00027795700589194894, 0.00023774920555297285, 7.642435775778722e-06, 2.0774295990122482e-05]",functionality,f74bc2c84eb01a265815d2ba92f821bc92657b416643eb300d69284184d6d707
electric_kettle_020,electric_kettle,4,global_soft_prior,"[0.8666666666666667, 0.0, 0.13333333333333333, 0.0, 0.0]","[0.4095238095238095, 0.22047619047619044, 0.16023809523809512, 0.16261904761904764, 0.047142857142857146]",functionality,f74bc2c84eb01a265815d2ba92f821bc92657b416643eb300d69284184d6d707
electric_kettle_021,electric_kettle,4,soft_target,"[0.8666666666666667, 0.0, 0.06666666666666667, 0.06666666666666667, 0.0]","[0.694667637348175, 0.17563949525356293, 0.0940130427479744, 0.026935188099741936, 0.008744575083255768]",functionality,19f67eb241bc3dc59ebf3b629f165798f7c2674d037954a2898d79df957e7011
electric_kettle_021,electric_kettle,4,majority_target,"[0.8666666666666667, 0.0, 0.06666666666666667, 0.06666666666666667, 0.0]","[0.9833877086639404, 0.014931953512132168, 0.0015738164074718952, 2.0440305888769217e-05, 8.605690527474508e-05]",functionality,19f67eb241bc3dc59ebf3b629f165798f7c2674d037954a2898d79df957e7011
electric_kettle_021,electric_kettle,4,global_soft_prior,"[0.8666666666666667, 0.0, 0.06666666666666667, 0.06666666666666667, 0.0]","[0.4095238095238095, 0.22047619047619044, 0.16023809523809512, 0.16261904761904764, 0.047142857142857146]",functionality,19f67eb241bc3dc59ebf3b629f165798f7c2674d037954a2898d79df957e7011
electric_kettle_022,electric_kettle,4,soft_target,"[0.8666666666666667, 0.0, 0.13333333333333333, 0.0, 0.0]","[0.779379665851593, 0.10547756403684616, 0.07249359786510468, 0.03117910958826542, 0.011470152996480465]",functionality,e0f0fab101c017458216869f98b5b2eaf072d615c6c3c7cd7adf07fd160a32ff
electric_kettle_022,electric_kettle,4,majority_target,"[0.8666666666666667, 0.0, 0.13333333333333333, 0.0, 0.0]","[0.9979372024536133, 0.0015479637077078223, 0.00044349904055707157, 1.4940424080123194e-05, 5.638457150780596e-05]",functionality,e0f0fab101c017458216869f98b5b2eaf072d615c6c3c7cd7adf07fd160a32ff
electric_kettle_022,electric_kettle,4,global_soft_prior,"[0.8666666666666667, 0.0, 0.13333333333333333, 0.0, 0.0]","[0.4095238095238095, 0.22047619047619044, 0.16023809523809512, 0.16261904761904764, 0.047142857142857146]",functionality,e0f0fab101c017458216869f98b5b2eaf072d615c6c3c7cd7adf07fd160a32ff
electric_kettle_023,electric_kettle,4,soft_target,"[0.9333333333333333, 0.0, 0.06666666666666667, 0.0, 0.0]","[0.7869030833244324, 0.06067945063114166, 0.12067550420761108, 0.02609790861606598, 0.005644067656248808]",functionality,8cf99606d3ec96f7b8525b49c4d101adad842b44fb7809a8d17da4a8909f0af1
electric_kettle_023,electric_kettle,4,majority_target,"[0.9333333333333333, 0.0, 0.06666666666666667, 0.0, 0.0]","[0.9979888200759888, 0.0008820488001219928, 0.0010639539686962962, 1.5415480447700247e-05, 4.97617875225842e-05]",functionality,8cf99606d3ec96f7b8525b49c4d101adad842b44fb7809a8d17da4a8909f0af1
electric_kettle_023,electric_kettle,4,global_soft_prior,"[0.9333333333333333, 0.0, 0.06666666666666667, 0.0, 0.0]","[0.4095238095238095, 0.22047619047619044, 0.16023809523809512, 0.16261904761904764, 0.047142857142857146]",functionality,8cf99606d3ec96f7b8525b49c4d101adad842b44fb7809a8d17da4a8909f0af1
electric_kettle_024,electric_kettle,4,soft_target,"[0.9333333333333333, 0.0, 0.06666666666666667, 0.0, 0.0]","[0.7786089777946472, 0.07242191582918167, 0.10537327080965042, 0.032137032598257065, 0.011458811350166798]",functionality,7e554f82732a74501a46503fba06467196e6fd73bc3c17145a287f5c401ac210
electric_kettle_024,electric_kettle,4,majority_target,"[0.9333333333333333, 0.0, 0.06666666666666667, 0.0, 0.0]","[0.9983969330787659, 0.0008034429629333317, 0.0007090359576977789, 1.591132786415983e-05, 7.47318408684805e-05]",functionality,7e554f82732a74501a46503fba06467196e6fd73bc3c17145a287f5c401ac210
electric_kettle_024,electric_kettle,4,global_soft_prior,"[0.9333333333333333, 0.0, 0.06666666666666667, 0.0, 0.0]","[0.4095238095238095, 0.22047619047619044, 0.16023809523809512, 0.16261904761904764, 0.047142857142857146]",functionality,7e554f82732a74501a46503fba06467196e6fd73bc3c17145a287f5c401ac210
electric_kettle_025,electric_kettle,4,soft_target,"[0.9333333333333333, 0.0, 0.06666666666666667, 0.0, 0.0]","[0.8245216012001038, 0.052709903568029404, 0.08163870126008987, 0.03197017312049866, 0.009159608744084835]",functionality,c74e4fe735d4f66358641099ab60d33b9648d4e96582b4f33e01c271bf8c7568
electric_kettle_025,electric_kettle,4,majority_target,"[0.9333333333333333, 0.0, 0.06666666666666667, 0.0, 0.0]","[0.9990166425704956, 0.0005355406319722533, 0.0004042472573928535, 1.2399445040500723e-05, 3.11722033075057e-05]",functionality,c74e4fe735d4f66358641099ab60d33b9648d4e96582b4f33e01c271bf8c7568
electric_kettle_025,electric_kettle,4,global_soft_prior,"[0.9333333333333333, 0.0, 0.06666666666666667, 0.0, 0.0]","[0.4095238095238095, 0.22047619047619044, 0.16023809523809512, 0.16261904761904764, 0.047142857142857146]",functionality,c74e4fe735d4f66358641099ab60d33b9648d4e96582b4f33e01c271bf8c7568
lounge_chair_001,lounge_chair,5,soft_target,"[0.5, 0.36666666666666664, 0.0, 0.06666666666666667, 0.06666666666666667]","[0.40755775570869446, 0.13231462240219116, 0.40755775570869446, 0.05022097006440163, 0.002348866080865264]",functionality,d7e001b4fb966854702fb25d44e4b9243565248eb651e3459c0e135607f1607e
lounge_chair_001,lounge_chair,5,majority_target,"[0.5, 0.36666666666666664, 0.0, 0.06666666666666667, 0.06666666666666667]","[0.375216007232666, 0.07864955067634583, 0.5459360480308533, 0.00018030178034678102, 1.813342714740429e-05]",usability,d7e001b4fb966854702fb25d44e4b9243565248eb651e3459c0e135607f1607e
lounge_chair_001,lounge_chair,5,global_soft_prior,"[0.5, 0.36666666666666664, 0.0, 0.06666666666666667, 0.06666666666666667]","[0.4788095238095238, 0.18214285714285713, 0.1307142857142857, 0.16595238095238093, 0.04238095238095238]",functionality,d7e001b4fb966854702fb25d44e4b9243565248eb651e3459c0e135607f1607e
lounge_chair_002,lounge_chair,5,soft_target,"[0.5333333333333333, 0.06666666666666667, 0.3333333333333333, 0.06666666666666667, 0.0]","[0.1940363198518753, 0.34054434299468994, 0.4107748866081238, 0.05061739683151245, 0.004027095623314381]",usability,81d67c0dbfa6a4655b7c4c79e32d4850a7e64484e0b71d589db6917ca14b168f
lounge_chair_002,lounge_chair,5,majority_target,"[0.5333333333333333, 0.06666666666666667, 0.3333333333333333, 0.06666666666666667, 0.0]","[0.12392335385084152, 0.2464510202407837, 0.6293347477912903, 0.0002627409412525594, 2.8128790290793404e-05]",usability,81d67c0dbfa6a4655b7c4c79e32d4850a7e64484e0b71d589db6917ca14b168f
lounge_chair_002,lounge_chair,5,global_soft_prior,"[0.5333333333333333, 0.06666666666666667, 0.3333333333333333, 0.06666666666666667, 0.0]","[0.4788095238095238, 0.18214285714285713, 0.1307142857142857, 0.16595238095238093, 0.04238095238095238]",functionality,81d67c0dbfa6a4655b7c4c79e32d4850a7e64484e0b71d589db6917ca14b168f
lounge_chair_003,lounge_chair,5,soft_target,"[0.4, 0.3333333333333333, 0.26666666666666666, 0.0, 0.0]","[0.2373184859752655, 0.39127203822135925, 0.3243759274482727, 0.04254886135458946, 0.004484617151319981]",aesthetics,86fe70f7b2ce7711852a61b0dc34ef7369eb595bbcec9191cfccfb3277ef7957
lounge_chair_003,lounge_chair,5,majority_target,"[0.4, 0.3333333333333333, 0.26666666666666666, 0.0, 0.0]","[0.11365702003240585, 0.30895185470581055, 0.5771980285644531, 0.0001605235447641462, 3.261233723605983e-05]",usability,86fe70f7b2ce7711852a61b0dc34ef7369eb595bbcec9191cfccfb3277ef7957
lounge_chair_003,lounge_chair,5,global_soft_prior,"[0.4, 0.3333333333333333, 0.26666666666666666, 0.0, 0.0]","[0.4788095238095238, 0.18214285714285713, 0.1307142857142857, 0.16595238095238093, 0.04238095238095238]",functionality,86fe70f7b2ce7711852a61b0dc34ef7369eb595bbcec9191cfccfb3277ef7957
lounge_chair_004,lounge_chair,5,soft_target,"[0.13333333333333333, 0.2, 0.6, 0.06666666666666667, 0.0]","[0.3507382869720459, 0.21273350715637207, 0.37335896492004395, 0.0609491728246212, 0.0022200734820216894]",usability,51cae23614995196235bc17a321ea04700ba4c4237dfba98d83139725ef3d0f2
lounge_chair_004,lounge_chair,5,majority_target,"[0.13333333333333333, 0.2, 0.6, 0.06666666666666667, 0.0]","[0.39973777532577515, 0.14705531299114227, 0.4529622495174408, 0.00022457035083789378, 2.0088078599656e-05]",usability,51cae23614995196235bc17a321ea04700ba4c4237dfba98d83139725ef3d0f2
lounge_chair_004,lounge_chair,5,global_soft_prior,"[0.13333333333333333, 0.2, 0.6, 0.06666666666666667, 0.0]","[0.4788095238095238, 0.18214285714285713, 0.1307142857142857, 0.16595238095238093, 0.04238095238095238]",functionality,51cae23614995196235bc17a321ea04700ba4c4237dfba98d83139725ef3d0f2
lounge_chair_005,lounge_chair,5,soft_target,"[0.26666666666666666, 0.0, 0.7333333333333333, 0.0, 0.0]","[0.20647436380386353, 0.49530625343322754, 0.21979083120822906, 0.05733586475253105, 0.02109268680214882]",aesthetics,1e7add59a005bb000e2755d32a846ffa00184aae32662d00de024e3323bd06a4
lounge_chair_005,lounge_chair,5,majority_target,"[0.26666666666666666, 0.0, 0.7333333333333333, 0.0, 0.0]","[0.12866677343845367, 0.42188212275505066, 0.4490911662578583, 0.0002727978862822056, 8.719143806956708e-05]",usability,1e7add59a005bb000e2755d32a846ffa00184aae32662d00de024e3323bd06a4
lounge_chair_005,lounge_chair,5,global_soft_prior,"[0.26666666666666666, 0.0, 0.7333333333333333, 0.0, 0.0]","[0.4788095238095238, 0.18214285714285713, 0.1307142857142857, 0.16595238095238093, 0.04238095238095238]",functionality,1e7add59a005bb000e2755d32a846ffa00184aae32662d00de024e3323bd06a4
lounge_chair_006,lounge_chair,5,soft_target,"[0.4, 0.23333333333333334, 0.36666666666666664, 0.0, 0.0]","[0.25015804171562195, 0.2207636833190918, 0.46735671162605286, 0.0594177320599556, 0.0023038757499307394]",usability,e1726b9d60ba46df4e35a1988981f8454d041abeb54dd7146600ad9ef34f496e
lounge_chair_006,lounge_chair,5,majority_target,"[0.4, 0.23333333333333334, 0.36666666666666664, 0.0, 0.0]","[0.15272735059261322, 0.16257742047309875, 0.6844764351844788, 0.00019640118989627808, 2.238261185993906e-05]",usability,e1726b9d60ba46df4e35a1988981f8454d041abeb54dd7146600ad9ef34f496e
lounge_chair_006,lounge_chair,5,global_soft_prior,"[0.4, 0.23333333333333334, 0.36666666666666664, 0.0, 0.0]","[0.4788095238095238, 0.18214285714285713, 0.1307142857142857, 0.16595238095238093, 0.04238095238095238]",functionality,e1726b9d60ba46df4e35a1988981f8454d041abeb54dd7146600ad9ef34f496e
lounge_chair_007,lounge_chair,5,soft_target,"[0.23333333333333334, 0.5666666666666667, 0.06666666666666667, 0.0, 0.13333333333333333]","[0.25299566984176636, 0.3918473720550537, 0.25299566984176636, 0.09907452762126923, 0.0030867615714669228]",aesthetics,2dea5a59156e7861090786e3143950d934462eb2b3dfd749201ab8d995f91f01
lounge_chair_007,lounge_chair,5,majority_target,"[0.23333333333333334, 0.5666666666666667, 0.06666666666666667, 0.0, 0.13333333333333333]","[0.27365225553512573, 0.351376473903656, 0.37403830885887146, 0.0008986229659058154, 3.4303197026019916e-05]",usability,2dea5a59156e7861090786e3143950d934462eb2b3dfd749201ab8d995f91f01
lounge_chair_007,lounge_chair,5,global_soft_prior,"[0.23333333333333334, 0.5666666666666667, 0.06666666666666667, 0.0, 0.13333333333333333]","[0.4788095238095238, 0.18214285714285713, 0.1307142857142857, 0.16595238095238093, 0.04238095238095238]",functionality,2dea5a59156e7861090786e3143950d934462eb2b3dfd749201ab8d995f91f01
lounge_chair_008,lounge_chair,5,soft_target,"[0.2, 0.1, 0.13333333333333333, 0.16666666666666666, 0.4]","[0.4486857056617737, 0.16506226360797882, 0.3282654583454132, 0.053587865084409714, 0.004398759920150042]",functionality,34f4ccf56444e76acf4af95a9e382c791a4970e42316b506911d33260ed438d7
lounge_chair_008,lounge_chair,5,majority_target,"[0.2, 0.1, 0.13333333333333333, 0.16666666666666666, 0.4]","[0.3138115108013153, 0.06179315224289894, 0.624088704586029, 0.0002861590764950961, 2.0407913325470872e-05]",usability,34f4ccf56444e76acf4af95a9e382c791a4970e42316b506911d33260ed438d7
lounge_chair_008,lounge_chair,5,global_soft_prior,"[0.2, 0.1, 0.13333333333333333, 0.16666666666666666, 0.4]","[0.4788095238095238, 0.18214285714285713, 0.1307142857142857, 0.16595238095238093, 0.04238095238095238]",functionality,34f4ccf56444e76acf4af95a9e382c791a4970e42316b506911d33260ed438d7
lounge_chair_009,lounge_chair,5,soft_target,"[0.23333333333333334, 0.23333333333333334, 0.4666666666666667, 0.06666666666666667, 0.0]","[0.36953917145729065, 0.1858159601688385, 0.36953917145729065, 0.07276657223701477, 0.0023390776477754116]",functionality,904ae942ea0208a08b171a29468b68b332c3db0d5f8e10c15dcaabff903e5aea
lounge_chair_009,lounge_chair,5,majority_target,"[0.23333333333333334, 0.23333333333333334, 0.4666666666666667, 0.06666666666666667, 0.0]","[0.3052330017089844, 0.08745072782039642, 0.6070283055305481, 0.0002697729505598545, 1.8215416275779717e-05]",usability,904ae942ea0208a08b171a29468b68b332c3db0d5f8e10c15dcaabff903e5aea
lounge_chair_009,lounge_chair,5,global_soft_prior,"[0.23333333333333334, 0.23333333333333334, 0.4666666666666667, 0.06666666666666667, 0.0]","[0.4788095238095238, 0.18214285714285713, 0.1307142857142857, 0.16595238095238093, 0.04238095238095238]",functionality,904ae942ea0208a08b171a29468b68b332c3db0d5f8e10c15dcaabff903e5aea
lounge_chair_010,lounge_chair,5,soft_target,"[0.23333333333333334, 0.4666666666666667, 0.23333333333333334, 0.06666666666666667, 0.0]","[0.1432788074016571, 0.3894721269607544, 0.3894721269607544, 0.07204510271549225, 0.005731872748583555]",aesthetics,3e2aef7a433026a8cfa210a49dce69ddbbd69dfa935dcd5bab2291ad50202113
lounge_chair_010,lounge_chair,5,majority_target,"[0.23333333333333334, 0.4666666666666667, 0.23333333333333334, 0.06666666666666667, 0.0]","[0.07932942360639572, 0.33398935198783875, 0.5861696004867554, 0.0004717100237030536, 3.994943108409643e-05]",usability,3e2aef7a433026a8cfa210a49dce69ddbbd69dfa935dcd5bab2291ad50202113
lounge_chair_010,lounge_chair,5,global_soft_prior,"[0.23333333333333334, 0.4666666666666667, 0.23333333333333334, 0.06666666666666667, 0.0]","[0.4788095238095238, 0.18214285714285713, 0.1307142857142857, 0.16595238095238093, 0.04238095238095238]",functionality,3e2aef7a433026a8cfa210a49dce69ddbbd69dfa935dcd5bab2291ad50202113
lounge_chair_011,lounge_chair,5,soft_target,"[0.4, 0.2, 0.4, 0.0, 0.0]","[0.3257235586643219, 0.2536737620830536, 0.3690931499004364, 0.04841448366641998, 0.0030950347427278757]",usability,737c48a07c13d1449a3b6de4e59a33dee9e342f24ff5bce19b22053395ac3c1c
lounge_chair_011,lounge_chair,5,majority_target,"[0.4, 0.2, 0.4, 0.0, 0.0]","[0.216495543718338, 0.2304583042860031, 0.5528407096862793, 0.00017696470604278147, 2.8440816095098853e-05]",usability,737c48a07c13d1449a3b6de4e59a33dee9e342f24ff5bce19b22053395ac3c1c
lounge_chair_011,lounge_chair,5,global_soft_prior,"[0.4, 0.2, 0.4, 0.0, 0.0]","[0.4788095238095238, 0.18214285714285713, 0.1307142857142857, 0.16595238095238093, 0.04238095238095238]",functionality,737c48a07c13d1449a3b6de4e59a33dee9e342f24ff5bce19b22053395ac3c1c
lounge_chair_012,lounge_chair,5,soft_target,"[0.4666666666666667, 0.2, 0.26666666666666666, 0.06666666666666667, 0.0]","[0.25376248359680176, 0.34685221314430237, 0.34685221314430237, 0.04843141883611679, 0.0041016885079443455]",aesthetics,8c1733bfeeec228777aaddba2f97626a9b2772a2a134c2859039c22964dbefad
lounge_chair_012,lounge_chair,5,majority_target,"[0.4666666666666667, 0.2, 0.26666666666666666, 0.06666666666666667, 0.0]","[0.1490020900964737, 0.2615067958831787, 0.5893146991729736, 0.00014922654372639954, 2.7176172807230614e-05]",usability,8c1733bfeeec228777aaddba2f97626a9b2772a2a134c2859039c22964dbefad
lounge_chair_012,lounge_chair,5,global_soft_prior,"[0.4666666666666667, 0.2, 0.26666666666666666, 0.06666666666666667, 0.0]","[0.4788095238095238, 0.18214285714285713, 0.1307142857142857, 0.16595238095238093, 0.04238095238095238]",functionality,8c1733bfeeec228777aaddba2f97626a9b2772a2a134c2859039c22964dbefad
lounge_chair_013,lounge_chair,5,soft_target,"[0.4, 0.26666666666666666, 0.2, 0.0, 0.13333333333333333]","[0.39729732275009155, 0.2730582058429718, 0.25651443004608154, 0.05723610892891884, 0.01589389331638813]",functionality,3580ffb0d05c1b5adf47e9bb3af7a9ff010499b2026a96e3d4ba864d3e4b3105
lounge_chair_013,lounge_chair,5,majority_target,"[0.4, 0.26666666666666666, 0.2, 0.0, 0.13333333333333333]","[0.3034374415874481, 0.19591392576694489, 0.5002837777137756, 0.00029918309883214533, 6.572180427610874e-05]",usability,3580ffb0d05c1b5adf47e9bb3af7a9ff010499b2026a96e3d4ba864d3e4b3105
lounge_chair_013,lounge_chair,5,global_soft_prior,"[0.4, 0.26666666666666666, 0.2, 0.0, 0.13333333333333333]","[0.4788095238095238, 0.18214285714285713, 0.1307142857142857, 0.16595238095238093, 0.04238095238095238]",functionality,3580ffb0d05c1b5adf47e9bb3af7a9ff010499b2026a96e3d4ba864d3e4b3105
lounge_chair_014,lounge_chair,5,soft_target,"[0.4666666666666667, 0.3, 0.23333333333333334, 0.0, 0.0]","[0.35324791073799133, 0.27510976791381836, 0.3117401897907257, 0.05766613781452179, 0.002235958818346262]",functionality,59ecc137154f00e191c8c611acfbf11ce3218755cd62f55d4cb1261d75be5ae8
lounge_chair_014,lounge_chair,5,majority_target,"[0.4666666666666667, 0.3, 0.23333333333333334, 0.0, 0.0]","[0.34549039602279663, 0.23745183646678925, 0.41674095392227173, 0.0002868530573323369, 2.999880598508753e-05]",usability,59ecc137154f00e191c8c611acfbf11ce3218755cd62f55d4cb1261d75be5ae8
lounge_chair_014,lounge_chair,5,global_soft_prior,"[0.4666666666666667, 0.3, 0.23333333333333334, 0.0, 0.0]","[0.4788095238095238, 0.18214285714285713, 0.1307142857142857, 0.16595238095238093, 0.04238095238095238]",functionality,59ecc137154f00e191c8c611acfbf11ce3218755cd62f55d4cb1261d75be5ae8
lounge_chair_015,lounge_chair,5,soft_target,"[0.4666666666666667, 0.0, 0.5333333333333333, 0.0, 0.0]","[0.29594042897224426, 0.3150269687175751, 0.33534446358680725, 0.04984450340270996, 0.003843595739454031]",usability,8e27c00850a9620dff830de3271b637fdb514a07427e149a64e206812caa3d81
lounge_chair_015,lounge_chair,5,majority_target,"[0.4666666666666667, 0.0, 0.5333333333333333, 0.0, 0.0]","[0.16284529864788055, 0.26848649978637695, 0.568385899066925, 0.00024482799926772714, 3.754558565560728e-05]",usability,8e27c00850a9620dff830de3271b637fdb514a07427e149a64e206812caa3d81
lounge_chair_015,lounge_chair,5,global_soft_prior,"[0.4666666666666667, 0.0, 0.5333333333333333, 0.0, 0.0]","[0.4788095238095238, 0.18214285714285713, 0.1307142857142857, 0.16595238095238093, 0.04238095238095238]",functionality,8e27c00850a9620dff830de3271b637fdb514a07427e149a64e206812caa3d81
lounge_chair_016,lounge_chair,5,soft_target,"[0.3, 0.4, 0.23333333333333334, 0.06666666666666667, 0.0]","[0.23603135347366333, 0.26745855808258057, 0.44096460938453674, 0.05266571044921875, 0.0028797818813472986]",usability,f172018d3ee7f68dfe4f96c4dc0162875eff56f31e3708e60ede605f0810b1dc
lounge_chair_016,lounge_chair,5,majority_target,"[0.3, 0.4, 0.23333333333333334, 0.06666666666666667, 0.0]","[0.1519990712404251, 0.2077580839395523, 0.6399399638175964, 0.0002756493631750345, 2.7292981030768715e-05]",usability,f172018d3ee7f68dfe4f96c4dc0162875eff56f31e3708e60ede605f0810b1dc
lounge_chair_016,lounge_chair,5,global_soft_prior,"[0.3, 0.4, 0.23333333333333334, 0.06666666666666667, 0.0]","[0.4788095238095238, 0.18214285714285713, 0.1307142857142857, 0.16595238095238093, 0.04238095238095238]",functionality,f172018d3ee7f68dfe4f96c4dc0162875eff56f31e3708e60ede605f0810b1dc
lounge_chair_017,lounge_chair,5,soft_target,"[0.3, 0.4, 0.23333333333333334, 0.0, 0.06666666666666667]","[0.2995816171169281, 0.409479558467865, 0.24836190044879913, 0.036915700882673264, 0.005661206319928169]",aesthetics,1a92d9331cc482edd35da18d3277677fbe5e7a39c6bcfb49ce196e03c11278c5
lounge_chair_017,lounge_chair,5,majority_target,"[0.3, 0.4, 0.23333333333333334, 0.0, 0.06666666666666667]","[0.19325366616249084, 0.2811824083328247, 0.525317907333374, 0.00020283318008296192, 4.318567516747862e-05]",usability,1a92d9331cc482edd35da18d3277677fbe5e7a39c6bcfb49ce196e03c11278c5
lounge_chair_017,lounge_chair,5,global_soft_prior,"[0.3, 0.4, 0.23333333333333334, 0.0, 0.06666666666666667]","[0.4788095238095238, 0.18214285714285713, 0.1307142857142857, 0.16595238095238093, 0.04238095238095238]",functionality,1a92d9331cc482edd35da18d3277677fbe5e7a39c6bcfb49ce196e03c11278c5
lounge_chair_018,lounge_chair,5,soft_target,"[0.43333333333333335, 0.13333333333333333, 0.43333333333333335, 0.0, 0.0]","[0.3571384847164154, 0.2454574555158615, 0.335500568151474, 0.05145068094134331, 0.010452838614583015]",functionality,f000d05c384a78e2993fe758eb608c20bca711a0ea55181a898fa2cba767aefc
lounge_chair_018,lounge_chair,5,majority_target,"[0.43333333333333335, 0.13333333333333333, 0.43333333333333335, 0.0, 0.0]","[0.3106082081794739, 0.17697922885417938, 0.5121063590049744, 0.00025389291113242507, 5.2393763326108456e-05]",usability,f000d05c384a78e2993fe758eb608c20bca711a0ea55181a898fa2cba767aefc
lounge_chair_018,lounge_chair,5,global_soft_prior,"[0.43333333333333335, 0.13333333333333333, 0.43333333333333335, 0.0, 0.0]","[0.4788095238095238, 0.18214285714285713, 0.1307142857142857, 0.16595238095238093, 0.04238095238095238]",functionality,f000d05c384a78e2993fe758eb608c20bca711a0ea55181a898fa2cba767aefc
lounge_chair_019,lounge_chair,5,soft_target,"[0.5666666666666667, 0.3, 0.06666666666666667, 0.06666666666666667, 0.0]","[0.2343243509531021, 0.41125208139419556, 0.3008784353733063, 0.049117058515548706, 0.004428036976605654]",aesthetics,e3c1c3323c137f23c62a9e53bb0f5c0a0da8b12783698613c8b4a91e5ba00bf1
lounge_chair_019,lounge_chair,5,majority_target,"[0.5666666666666667, 0.3, 0.06666666666666667, 0.06666666666666667, 0.0]","[0.12686169147491455, 0.3043254017829895, 0.568554699420929, 0.0002229845995316282, 3.528128581820056e-05]",usability,e3c1c3323c137f23c62a9e53bb0f5c0a0da8b12783698613c8b4a91e5ba00bf1
lounge_chair_019,lounge_chair,5,global_soft_prior,"[0.5666666666666667, 0.3, 0.06666666666666667, 0.06666666666666667, 0.0]","[0.4788095238095238, 0.18214285714285713, 0.1307142857142857, 0.16595238095238093, 0.04238095238095238]",functionality,e3c1c3323c137f23c62a9e53bb0f5c0a0da8b12783698613c8b4a91e5ba00bf1
lounge_chair_020,lounge_chair,5,soft_target,"[0.26666666666666666, 0.3333333333333333, 0.4, 0.0, 0.0]","[0.12235180288553238, 0.6213537454605103, 0.18950217962265015, 0.05429328233003616, 0.012499023228883743]",aesthetics,28b44cad634c2bbdfbb43aba50ac965e8aeb91b77983c993590844c67c3b0ca2
lounge_chair_020,lounge_chair,5,majority_target,"[0.26666666666666666, 0.3333333333333333, 0.4, 0.0, 0.0]","[0.05777755007147789, 0.5149657130241394, 0.4269216060638428, 0.00028481948538683355, 5.027362931286916e-05]",aesthetics,28b44cad634c2bbdfbb43aba50ac965e8aeb91b77983c993590844c67c3b0ca2
lounge_chair_020,lounge_chair,5,global_soft_prior,"[0.26666666666666666, 0.3333333333333333, 0.4, 0.0, 0.0]","[0.4788095238095238, 0.18214285714285713, 0.1307142857142857, 0.16595238095238093, 0.04238095238095238]",functionality,28b44cad634c2bbdfbb43aba50ac965e8aeb91b77983c993590844c67c3b0ca2
lounge_chair_021,lounge_chair,5,soft_target,"[0.36666666666666664, 0.23333333333333334, 0.4, 0.0, 0.0]","[0.3045804500579834, 0.23720750212669373, 0.3910890519618988, 0.06384353339672089, 0.0032794815488159657]",usability,e300061b0d5548af5776d7d16929b4a8bce1f86213babf1bf2eab85a617d67ea
lounge_chair_021,lounge_chair,5,majority_target,"[0.36666666666666664, 0.23333333333333334, 0.4, 0.0, 0.0]","[0.24712327122688293, 0.15955477952957153, 0.5928179621696472, 0.00047706018085591495, 2.6913892725133337e-05]",usability,e300061b0d5548af5776d7d16929b4a8bce1f86213babf1bf2eab85a617d67ea
lounge_chair_021,lounge_chair,5,global_soft_prior,"[0.36666666666666664, 0.23333333333333334, 0.4, 0.0, 0.0]","[0.4788095238095238, 0.18214285714285713, 0.1307142857142857, 0.16595238095238093, 0.04238095238095238]",functionality,e300061b0d5548af5776d7d16929b4a8bce1f86213babf1bf2eab85a617d67ea
lounge_chair_022,lounge_chair,5,soft_target,"[0.6333333333333333, 0.0, 0.3, 0.0, 0.06666666666666667]","[0.46611538529396057, 0.16108517348766327, 0.3203561305999756, 0.04335548356175423, 0.009087803773581982]",functionality,afe58e99636ca29eb5fa10d91b7b72255cc3b61bf7c417c351c68b4ebbad433a
lounge_chair_022,lounge_chair,5,majority_target,"[0.6333333333333333, 0.0, 0.3, 0.0, 0.06666666666666667]","[0.42195186018943787, 0.06888174265623093, 0.508971095085144, 0.00016039612819440663, 3.496015415294096e-05]",usability,afe58e99636ca29eb5fa10d91b7b72255cc3b61bf7c417c351c68b4ebbad433a
lounge_chair_022,lounge_chair,5,global_soft_prior,"[0.6333333333333333, 0.0, 0.3, 0.0, 0.06666666666666667]","[0.4788095238095238, 0.18214285714285713, 0.1307142857142857, 0.16595238095238093, 0.04238095238095238]",functionality,afe58e99636ca29eb5fa10d91b7b72255cc3b61bf7c417c351c68b4ebbad433a
lounge_chair_023,lounge_chair,5,soft_target,"[0.26666666666666666, 0.13333333333333333, 0.5333333333333333, 0.06666666666666667, 0.0]","[0.28292274475097656, 0.3632799983024597, 0.28292274475097656, 0.06720004230737686, 0.0036745250690728426]",aesthetics,ba802c034a7bce71d0ecc07fb8429729035e56227e6782d5be0dc63c9457eb7c
lounge_chair_023,lounge_chair,5,majority_target,"[0.26666666666666666, 0.13333333333333333, 0.5333333333333333, 0.06666666666666667, 0.0]","[0.1713106334209442, 0.30065950751304626, 0.5276739001274109, 0.00032053253380581737, 3.540519901434891e-05]",usability,ba802c034a7bce71d0ecc07fb8429729035e56227e6782d5be0dc63c9457eb7c
lounge_chair_023,lounge_chair,5,global_soft_prior,"[0.26666666666666666, 0.13333333333333333, 0.5333333333333333, 0.06666666666666667, 0.0]","[0.4788095238095238, 0.18214285714285713, 0.1307142857142857, 0.16595238095238093, 0.04238095238095238]",functionality,ba802c034a7bce71d0ecc07fb8429729035e56227e6782d5be0dc63c9457eb7c
lounge_chair_024,lounge_chair,5,soft_target,"[0.26666666666666666, 0.6, 0.06666666666666667, 0.06666666666666667, 0.0]","[0.34958988428115845, 0.24026939272880554, 0.34958988428115845, 0.05888054519891739, 0.0016703124856576324]",functionality,e15c267bb4215a6788e6463b64fb588136d1b99c6c81fc1af83c61186da83a7c
lounge_chair_024,lounge_chair,5,majority_target,"[0.26666666666666666, 0.6, 0.06666666666666667, 0.06666666666666667, 0.0]","[0.3811286985874176, 0.15887808799743652, 0.4597289562225342, 0.00024262508668471128, 2.1703095626435243e-05]",usability,e15c267bb4215a6788e6463b64fb588136d1b99c6c81fc1af83c61186da83a7c
lounge_chair_024,lounge_chair,5,global_soft_prior,"[0.26666666666666666, 0.6, 0.06666666666666667, 0.06666666666666667, 0.0]","[0.4788095238095238, 0.18214285714285713, 0.1307142857142857, 0.16595238095238093, 0.04238095238095238]",functionality,e15c267bb4215a6788e6463b64fb588136d1b99c6c81fc1af83c61186da83a7c
lounge_chair_025,lounge_chair,5,soft_target,"[0.3, 0.4, 0.3, 0.0, 0.0]","[0.35865145921707153, 0.159150630235672, 0.4326162338256836, 0.045597415417432785, 0.0039842575788497925]",usability,b3d75367839228ac01d000bdef02513d7ee2e548f7ad0ad92f88ce7a20f0a89e
lounge_chair_025,lounge_chair,5,majority_target,"[0.3, 0.4, 0.3, 0.0, 0.0]","[0.3816542625427246, 0.0964973196387291, 0.5216595530509949, 0.00016439474711660296, 2.4435097657260485e-05]",usability,b3d75367839228ac01d000bdef02513d7ee2e548f7ad0ad92f88ce7a20f0a89e
lounge_chair_025,lounge_chair,5,global_soft_prior,"[0.3, 0.4, 0.3, 0.0, 0.0]","[0.4788095238095238, 0.18214285714285713, 0.1307142857142857, 0.16595238095238093, 0.04238095238095238]",functionality,b3d75367839228ac01d000bdef02513d7ee2e548f7ad0ad92f88ce7a20f0a89e
sneakers_001,sneakers,6,soft_target,"[0.6333333333333333, 0.23333333333333334, 0.06666666666666667, 0.06666666666666667, 0.0]","[0.45040684938430786, 0.37340041995048523, 0.1138806864619255, 0.04189436137676239, 0.020417682826519012]",functionality,df178846eb7dccf792c9e322f6a51b7be479bad89858aefb9f53b0bf61e54dfb
sneakers_001,sneakers,6,majority_target,"[0.6333333333333333, 0.23333333333333334, 0.06666666666666667, 0.06666666666666667, 0.0]","[0.21512295305728912, 0.7508528828620911, 0.027349814772605896, 0.00037812130176462233, 0.006296285428106785]",aesthetics,df178846eb7dccf792c9e322f6a51b7be479bad89858aefb9f53b0bf61e54dfb
sneakers_001,sneakers,6,global_soft_prior,"[0.6333333333333333, 0.23333333333333334, 0.06666666666666667, 0.06666666666666667, 0.0]","[0.48000000000000015, 0.21047619047619046, 0.1233333333333333, 0.1495238095238095, 0.036666666666666674]",functionality,df178846eb7dccf792c9e322f6a51b7be479bad89858aefb9f53b0bf61e54dfb
sneakers_002,sneakers,6,soft_target,"[0.23333333333333334, 0.0, 0.7, 0.06666666666666667, 0.0]","[0.5638304948806763, 0.19485461711883545, 0.1719585806131363, 0.06131372228264809, 0.008042609319090843]",functionality,8b1f085bdb5b311d91468f8842bce187083a18d8fbb7a23914d66abaf6c148a6
sneakers_002,sneakers,6,majority_target,"[0.23333333333333334, 0.0, 0.7, 0.06666666666666667, 0.0]","[0.3901829719543457, 0.5333169102668762, 0.07217659801244736, 0.0007300559664145112, 0.0035934611223638058]",aesthetics,8b1f085bdb5b311d91468f8842bce187083a18d8fbb7a23914d66abaf6c148a6
sneakers_002,sneakers,6,global_soft_prior,"[0.23333333333333334, 0.0, 0.7, 0.06666666666666667, 0.0]","[0.48000000000000015, 0.21047619047619046, 0.1233333333333333, 0.1495238095238095, 0.036666666666666674]",functionality,8b1f085bdb5b311d91468f8842bce187083a18d8fbb7a23914d66abaf6c148a6
sneakers_003,sneakers,6,soft_target,"[0.2, 0.13333333333333333, 0.6, 0.06666666666666667, 0.0]","[0.5984789133071899, 0.1942976415157318, 0.12544798851013184, 0.07147811353206635, 0.010297398082911968]",functionality,d2e13e9d4252db9c974635957892cf8700df3acafd4f5eb66cd1bfbab6a2281d
sneakers_003,sneakers,6,majority_target,"[0.2, 0.13333333333333333, 0.6, 0.06666666666666667, 0.0]","[0.40386584401130676, 0.5520191788673401, 0.036409612745046616, 0.0009702832321636379, 0.006735100410878658]",aesthetics,d2e13e9d4252db9c974635957892cf8700df3acafd4f5eb66cd1bfbab6a2281d
sneakers_003,sneakers,6,global_soft_prior,"[0.2, 0.13333333333333333, 0.6, 0.06666666666666667, 0.0]","[0.48000000000000015, 0.21047619047619046, 0.1233333333333333, 0.1495238095238095, 0.036666666666666674]",functionality,d2e13e9d4252db9c974635957892cf8700df3acafd4f5eb66cd1bfbab6a2281d
sneakers_004,sneakers,6,soft_target,"[0.6333333333333333, 0.13333333333333333, 0.16666666666666666, 0.06666666666666667, 0.0]","[0.5972495675086975, 0.2489706575870514, 0.0808289423584938, 0.04751688614487648, 0.02543395571410656]",functionality,77e7a7cd0cccf28634f6793e04b7377eaa4fdcbbfd850b460cbfa4d9617ee4a6
sneakers_004,sneakers,6,majority_target,"[0.6333333333333333, 0.13333333333333333, 0.16666666666666666, 0.06666666666666667, 0.0]","[0.3772607445716858, 0.5843128561973572, 0.024117473512887955, 0.000567188544664532, 0.013741721399128437]",aesthetics,77e7a7cd0cccf28634f6793e04b7377eaa4fdcbbfd850b460cbfa4d9617ee4a6
sneakers_004,sneakers,6,global_soft_prior,"[0.6333333333333333, 0.13333333333333333, 0.16666666666666666, 0.06666666666666667, 0.0]","[0.48000000000000015, 0.21047619047619046, 0.1233333333333333, 0.1495238095238095, 0.036666666666666674]",functionality,77e7a7cd0cccf28634f6793e04b7377eaa4fdcbbfd850b460cbfa4d9617ee4a6
sneakers_005,sneakers,6,soft_target,"[0.6, 0.06666666666666667, 0.06666666666666667, 0.06666666666666667, 0.2]","[0.6081418991088867, 0.1854727864265442, 0.09927643090486526, 0.06823161989450455, 0.0388772077858448]",functionality,94ae848e8846da5563f97cd4c0c25599b689c580050241026adcdcdc671d7425
sneakers_005,sneakers,6,majority_target,"[0.6, 0.06666666666666667, 0.06666666666666667, 0.06666666666666667, 0.2]","[0.40301257371902466, 0.517478346824646, 0.025763729587197304, 0.0008815864566713572, 0.05286374315619469]",aesthetics,94ae848e8846da5563f97cd4c0c25599b689c580050241026adcdcdc671d7425
sneakers_005,sneakers,6,global_soft_prior,"[0.6, 0.06666666666666667, 0.06666666666666667, 0.06666666666666667, 0.2]","[0.48000000000000015, 0.21047619047619046, 0.1233333333333333, 0.1495238095238095, 0.036666666666666674]",functionality,94ae848e8846da5563f97cd4c0c25599b689c580050241026adcdcdc671d7425
sneakers_006,sneakers,6,soft_target,"[0.13333333333333333, 0.23333333333333334, 0.5, 0.13333333333333333, 0.0]","[0.27879762649536133, 0.4596595764160156, 0.08502847701311111, 0.1162201389670372, 0.06029421463608742]",aesthetics,cea64a8de68c992dff16ffa5506b86ead5d83e0d4d5509f5fe989271d8cda808
sneakers_006,sneakers,6,majority_target,"[0.13333333333333333, 0.23333333333333334, 0.5, 0.13333333333333333, 0.0]","[0.11511065810918808, 0.8505591154098511, 0.017109671607613564, 0.0016419654712080956, 0.015578534454107285]",aesthetics,cea64a8de68c992dff16ffa5506b86ead5d83e0d4d5509f5fe989271d8cda808
sneakers_006,sneakers,6,global_soft_prior,"[0.13333333333333333, 0.23333333333333334, 0.5, 0.13333333333333333, 0.0]","[0.48000000000000015, 0.21047619047619046, 0.1233333333333333, 0.1495238095238095, 0.036666666666666674]",functionality,cea64a8de68c992dff16ffa5506b86ead5d83e0d4d5509f5fe989271d8cda808
sneakers_007,sneakers,6,soft_target,"[0.4, 0.2, 0.26666666666666666, 0.13333333333333333, 0.0]","[0.66082364320755, 0.18932916224002838, 0.08943275362253189, 0.0422450415790081, 0.01816936768591404]",functionality,11d287ee66ad3cc1fc3fd19fc95a381523554a8989e03c62107e0b3640fe9bf6
sneakers_007,sneakers,6,majority_target,"[0.4, 0.2, 0.26666666666666666, 0.13333333333333333, 0.0]","[0.3599667549133301, 0.5934848189353943, 0.02690364234149456, 0.0005671603139489889, 0.019077539443969727]",aesthetics,11d287ee66ad3cc1fc3fd19fc95a381523554a8989e03c62107e0b3640fe9bf6
sneakers_007,sneakers,6,global_soft_prior,"[0.4, 0.2, 0.26666666666666666, 0.13333333333333333, 0.0]","[0.48000000000000015, 0.21047619047619046, 0.1233333333333333, 0.1495238095238095, 0.036666666666666674]",functionality,11d287ee66ad3cc1fc3fd19fc95a381523554a8989e03c62107e0b3640fe9bf6
sneakers_008,sneakers,6,soft_target,"[0.5, 0.06666666666666667, 0.36666666666666664, 0.06666666666666667, 0.0]","[0.6847522258758545, 0.14353185892105103, 0.12666642665863037, 0.03744252771139145, 0.00760691100731492]",functionality,ca6858ed684ecdb505e599bf265a7e74edda8f40509a589728a4cc5b7be7ae3f
sneakers_008,sneakers,6,majority_target,"[0.5, 0.06666666666666667, 0.36666666666666664, 0.06666666666666667, 0.0]","[0.4485313892364502, 0.5082526803016663, 0.039192236959934235, 0.0003782703133765608, 0.0036454456858336926]",aesthetics,ca6858ed684ecdb505e599bf265a7e74edda8f40509a589728a4cc5b7be7ae3f
sneakers_008,sneakers,6,global_soft_prior,"[0.5, 0.06666666666666667, 0.36666666666666664, 0.06666666666666667, 0.0]","[0.48000000000000015, 0.21047619047619046, 0.1233333333333333, 0.1495238095238095, 0.036666666666666674]",functionality,ca6858ed684ecdb505e599bf265a7e74edda8f40509a589728a4cc5b7be7ae3f
sneakers_009,sneakers,6,soft_target,"[0.36666666666666664, 0.0, 0.5, 0.13333333333333333, 0.0]","[0.5883084535598755, 0.21642661094665527, 0.12331615388393402, 0.0530376173555851, 0.018911145627498627]",functionality,0d0df19f7d9a4fad34999c00258f9ab95fd73461f3a0983017affe386ecf390c
sneakers_009,sneakers,6,majority_target,"[0.36666666666666664, 0.0, 0.5, 0.13333333333333333, 0.0]","[0.4152127504348755, 0.5331436991691589, 0.04376310110092163, 0.0005094956723041832, 0.007370909210294485]",aesthetics,0d0df19f7d9a4fad34999c00258f9ab95fd73461f3a0983017affe386ecf390c
sneakers_009,sneakers,6,global_soft_prior,"[0.36666666666666664, 0.0, 0.5, 0.13333333333333333, 0.0]","[0.48000000000000015, 0.21047619047619046, 0.1233333333333333, 0.1495238095238095, 0.036666666666666674]",functionality,0d0df19f7d9a4fad34999c00258f9ab95fd73461f3a0983017affe386ecf390c
sneakers_010,sneakers,6,soft_target,"[0.13333333333333333, 0.0, 0.5666666666666667, 0.2, 0.1]","[0.5042123794555664, 0.18548940122127533, 0.18548940122127533, 0.06823772937059402, 0.05657106265425682]",functionality,a69f85c085b32dedb4425002e93e0530832500dc3ed5889dae785c5818e8f69c
sneakers_010,sneakers,6,majority_target,"[0.13333333333333333, 0.0, 0.5666666666666667, 0.2, 0.1]","[0.4433239698410034, 0.4719159007072449, 0.06798593699932098, 0.0006261287489905953, 0.016148073598742485]",aesthetics,a69f85c085b32dedb4425002e93e0530832500dc3ed5889dae785c5818e8f69c
sneakers_010,sneakers,6,global_soft_prior,"[0.13333333333333333, 0.0, 0.5666666666666667, 0.2, 0.1]","[0.48000000000000015, 0.21047619047619046, 0.1233333333333333, 0.1495238095238095, 0.036666666666666674]",functionality,a69f85c085b32dedb4425002e93e0530832500dc3ed5889dae785c5818e8f69c
sneakers_011,sneakers,6,soft_target,"[0.4, 0.43333333333333335, 0.0, 0.16666666666666666, 0.0]","[0.3999312222003937, 0.4257245659828186, 0.11458221822977066, 0.03719939664006233, 0.022562576457858086]",aesthetics,4b39f5ae40e324af83466d250dff96b9644aad00fba6885d460e66e38d96a3c0
sneakers_011,sneakers,6,majority_target,"[0.4, 0.43333333333333335, 0.0, 0.16666666666666666, 0.0]","[0.2142372876405716, 0.747761607170105, 0.0328543521463871, 0.00041357523878104985, 0.00473311822861433]",aesthetics,4b39f5ae40e324af83466d250dff96b9644aad00fba6885d460e66e38d96a3c0
sneakers_011,sneakers,6,global_soft_prior,"[0.4, 0.43333333333333335, 0.0, 0.16666666666666666, 0.0]","[0.48000000000000015, 0.21047619047619046, 0.1233333333333333, 0.1495238095238095, 0.036666666666666674]",functionality,4b39f5ae40e324af83466d250dff96b9644aad00fba6885d460e66e38d96a3c0
sneakers_012,sneakers,6,soft_target,"[0.16666666666666666, 0.06666666666666667, 0.6666666666666666, 0.1, 0.0]","[0.5270185470581055, 0.21969401836395264, 0.19387930631637573, 0.04192933812737465, 0.01747874915599823]",functionality,5bcbe9ecda41194a772b8b90eba210a3a9524a24a21906477503d5678707a7b2
sneakers_012,sneakers,6,majority_target,"[0.16666666666666666, 0.06666666666666667, 0.6666666666666666, 0.1, 0.0]","[0.48833101987838745, 0.4309506118297577, 0.07488799095153809, 0.00040545049705542624, 0.00542486784979701]",functionality,5bcbe9ecda41194a772b8b90eba210a3a9524a24a21906477503d5678707a7b2
sneakers_012,sneakers,6,global_soft_prior,"[0.16666666666666666, 0.06666666666666667, 0.6666666666666666, 0.1, 0.0]","[0.48000000000000015, 0.21047619047619046, 0.1233333333333333, 0.1495238095238095, 0.036666666666666674]",functionality,5bcbe9ecda41194a772b8b90eba210a3a9524a24a21906477503d5678707a7b2
sneakers_013,sneakers,6,soft_target,"[0.23333333333333334, 0.0, 0.3, 0.0, 0.4666666666666667]","[0.34350618720054626, 0.2513144910335541, 0.09841617196798325, 0.09841617196798325, 0.20834703743457794]",functionality,1438a003012193f7c8ebbdd9b5dbd8c7372a69d79d04fb83fb16e83ea81fccfb
sneakers_013,sneakers,6,majority_target,"[0.23333333333333334, 0.0, 0.3, 0.0, 0.4666666666666667]","[0.3324393332004547, 0.5480997562408447, 0.03396081551909447, 0.0014462259132415056, 0.08405382931232452]",aesthetics,1438a003012193f7c8ebbdd9b5dbd8c7372a69d79d04fb83fb16e83ea81fccfb
sneakers_013,sneakers,6,global_soft_prior,"[0.23333333333333334, 0.0, 0.3, 0.0, 0.4666666666666667]","[0.48000000000000015, 0.21047619047619046, 0.1233333333333333, 0.1495238095238095, 0.036666666666666674]",functionality,1438a003012193f7c8ebbdd9b5dbd8c7372a69d79d04fb83fb16e83ea81fccfb
sneakers_014,sneakers,6,soft_target,"[0.3333333333333333, 0.0, 0.6, 0.06666666666666667, 0.0]","[0.5621909499168396, 0.20681852102279663, 0.16107040643692017, 0.050683051347732544, 0.01923711597919464]",functionality,f3c0a31861247ba38f774b4195b73b692d9e8e0c98d763b3802b5bda2ee55863
sneakers_014,sneakers,6,majority_target,"[0.3333333333333333, 0.0, 0.6, 0.06666666666666667, 0.0]","[0.409956693649292, 0.49450215697288513, 0.08593158423900604, 0.000552488025277853, 0.009057123214006424]",aesthetics,f3c0a31861247ba38f774b4195b73b692d9e8e0c98d763b3802b5bda2ee55863
sneakers_014,sneakers,6,global_soft_prior,"[0.3333333333333333, 0.0, 0.6, 0.06666666666666667, 0.0]","[0.48000000000000015, 0.21047619047619046, 0.1233333333333333, 0.1495238095238095, 0.036666666666666674]",functionality,f3c0a31861247ba38f774b4195b73b692d9e8e0c98d763b3802b5bda2ee55863
sneakers_015,sneakers,6,soft_target,"[0.16666666666666666, 0.2, 0.5666666666666667, 0.06666666666666667, 0.0]","[0.43036431074142456, 0.3351680636405945, 0.1233014464378357, 0.05645151063799858, 0.05471467971801758]",functionality,a205018e1d497a7cbd5ad012040fc366e9c9ff7f550b957de11504aa827bfa8c
sneakers_015,sneakers,6,majority_target,"[0.16666666666666666, 0.2, 0.5666666666666667, 0.06666666666666667, 0.0]","[0.3158043920993805, 0.6280519962310791, 0.03771745413541794, 0.0006096458528190851, 0.017816465348005295]",aesthetics,a205018e1d497a7cbd5ad012040fc366e9c9ff7f550b957de11504aa827bfa8c
sneakers_015,sneakers,6,global_soft_prior,"[0.16666666666666666, 0.2, 0.5666666666666667, 0.06666666666666667, 0.0]","[0.48000000000000015, 0.21047619047619046, 0.1233333333333333, 0.1495238095238095, 0.036666666666666674]",functionality,a205018e1d497a7cbd5ad012040fc366e9c9ff7f550b957de11504aa827bfa8c
sneakers_016,sneakers,6,soft_target,"[0.3333333333333333, 0.3, 0.13333333333333333, 0.23333333333333334, 0.0]","[0.24741078913211823, 0.43421947956085205, 0.06454095989465714, 0.20511077344417572, 0.04871807247400284]",aesthetics,fdee538c208d958f68a9bff8339c199e3045a86f826ffbc35680050a17992bc0
sneakers_016,sneakers,6,majority_target,"[0.3333333333333333, 0.3, 0.13333333333333333, 0.23333333333333334, 0.0]","[0.09172103554010391, 0.8702250123023987, 0.010617480613291264, 0.008802201598882675, 0.018634259700775146]",aesthetics,fdee538c208d958f68a9bff8339c199e3045a86f826ffbc35680050a17992bc0
sneakers_016,sneakers,6,global_soft_prior,"[0.3333333333333333, 0.3, 0.13333333333333333, 0.23333333333333334, 0.0]","[0.48000000000000015, 0.21047619047619046, 0.1233333333333333, 0.1495238095238095, 0.036666666666666674]",functionality,fdee538c208d958f68a9bff8339c199e3045a86f826ffbc35680050a17992bc0
sneakers_017,sneakers,6,soft_target,"[0.4, 0.36666666666666664, 0.16666666666666666, 0.06666666666666667, 0.0]","[0.5397530794143677, 0.30754202604293823, 0.11313839256763458, 0.026872722432017326, 0.012693775817751884]",functionality,025125e86f2ca54c2aa17a7b19ca5d199527c15e1e35c0e505c42d3f487c2c5f
sneakers_017,sneakers,6,majority_target,"[0.4, 0.36666666666666664, 0.16666666666666666, 0.06666666666666667, 0.0]","[0.4215453267097473, 0.541274905204773, 0.03460254520177841, 0.00022247339074965566, 0.002354732947424054]",aesthetics,025125e86f2ca54c2aa17a7b19ca5d199527c15e1e35c0e505c42d3f487c2c5f
sneakers_017,sneakers,6,global_soft_prior,"[0.4, 0.36666666666666664, 0.16666666666666666, 0.06666666666666667, 0.0]","[0.48000000000000015, 0.21047619047619046, 0.1233333333333333, 0.1495238095238095, 0.036666666666666674]",functionality,025125e86f2ca54c2aa17a7b19ca5d199527c15e1e35c0e505c42d3f487c2c5f
sneakers_018,sneakers,6,soft_target,"[0.5333333333333333, 0.26666666666666666, 0.13333333333333333, 0.06666666666666667, 0.0]","[0.31197819113731384, 0.45392557978630066, 0.057710155844688416, 0.12217240780591965, 0.05421368032693863]",aesthetics,259f93bbfce40c4c84b15d76d787ea854ef36ffd79bcdcd2c0470ce1b3b92f2e
sneakers_018,sneakers,6,majority_target,"[0.5333333333333333, 0.26666666666666666, 0.13333333333333333, 0.06666666666666667, 0.0]","[0.12140543758869171, 0.8427206873893738, 0.008523999713361263, 0.0019019613973796368, 0.025447960942983627]",aesthetics,259f93bbfce40c4c84b15d76d787ea854ef36ffd79bcdcd2c0470ce1b3b92f2e
sneakers_018,sneakers,6,global_soft_prior,"[0.5333333333333333, 0.26666666666666666, 0.13333333333333333, 0.06666666666666667, 0.0]","[0.48000000000000015, 0.21047619047619046, 0.1233333333333333, 0.1495238095238095, 0.036666666666666674]",functionality,259f93bbfce40c4c84b15d76d787ea854ef36ffd79bcdcd2c0470ce1b3b92f2e
sneakers_019,sneakers,6,soft_target,"[0.4, 0.0, 0.43333333333333335, 0.16666666666666666, 0.0]","[0.598412036895752, 0.17144791781902313, 0.11069510132074356, 0.1039884090423584, 0.01545649953186512]",functionality,231758555387c9f931d53a88a1a937e1a111f62d98293de45e1739febc8d5160
sneakers_019,sneakers,6,majority_target,"[0.4, 0.0, 0.43333333333333335, 0.16666666666666666, 0.0]","[0.4921712279319763, 0.46235209703445435, 0.0356527678668499, 0.0016161982202902436, 0.008207732811570168]",functionality,231758555387c9f931d53a88a1a937e1a111f62d98293de45e1739febc8d5160
sneakers_019,sneakers,6,global_soft_prior,"[0.4, 0.0, 0.43333333333333335, 0.16666666666666666, 0.0]","[0.48000000000000015, 0.21047619047619046, 0.1233333333333333, 0.1495238095238095, 0.036666666666666674]",functionality,231758555387c9f931d53a88a1a937e1a111f62d98293de45e1739febc8d5160
sneakers_020,sneakers,6,soft_target,"[0.36666666666666664, 0.06666666666666667, 0.5, 0.06666666666666667, 0.0]","[0.6423755884170532, 0.15257757902145386, 0.15257757902145386, 0.04106569662690163, 0.011403531767427921]",functionality,1f399d06808f95bd2ac350647a09f81f2092df3882d3cfd94888ed24be13ebe3
sneakers_020,sneakers,6,majority_target,"[0.36666666666666664, 0.06666666666666667, 0.5, 0.06666666666666667, 0.0]","[0.5751965045928955, 0.3488743007183075, 0.07312802225351334, 0.00029885751428082585, 0.002502303570508957]",functionality,1f399d06808f95bd2ac350647a09f81f2092df3882d3cfd94888ed24be13ebe3
sneakers_020,sneakers,6,global_soft_prior,"[0.36666666666666664, 0.06666666666666667, 0.5, 0.06666666666666667, 0.0]","[0.48000000000000015, 0.21047619047619046, 0.1233333333333333, 0.1495238095238095, 0.036666666666666674]",functionality,1f399d06808f95bd2ac350647a09f81f2092df3882d3cfd94888ed24be13ebe3
sneakers_021,sneakers,6,soft_target,"[0.16666666666666666, 0.36666666666666664, 0.4, 0.0, 0.06666666666666667]","[0.4810631573200226, 0.3306295573711395, 0.09472694247961044, 0.08359623700380325, 0.009984146803617477]",functionality,e724f8805a753605552f6ab5d4b85f0576bb4f7ea0f3889ba4617efa15ab8e87
sneakers_021,sneakers,6,majority_target,"[0.16666666666666666, 0.36666666666666664, 0.4, 0.0, 0.06666666666666667]","[0.18777579069137573, 0.790565550327301, 0.015413574874401093, 0.001082202885299921, 0.0051629007793962955]",aesthetics,e724f8805a753605552f6ab5d4b85f0576bb4f7ea0f3889ba4617efa15ab8e87
sneakers_021,sneakers,6,global_soft_prior,"[0.16666666666666666, 0.36666666666666664, 0.4, 0.0, 0.06666666666666667]","[0.48000000000000015, 0.21047619047619046, 0.1233333333333333, 0.1495238095238095, 0.036666666666666674]",functionality,e724f8805a753605552f6ab5d4b85f0576bb4f7ea0f3889ba4617efa15ab8e87
sneakers_022,sneakers,6,soft_target,"[0.5666666666666667, 0.23333333333333334, 0.13333333333333333, 0.06666666666666667, 0.0]","[0.3939528167247772, 0.30681076645851135, 0.08790275454521179, 0.1361464560031891, 0.07518720626831055]",functionality,bce5679c1c4c4a05892f3b547944f36ca6ce0be5469b0adb2a35a92ddb2cecaa
sneakers_022,sneakers,6,majority_target,"[0.5666666666666667, 0.23333333333333334, 0.13333333333333333, 0.06666666666666667, 0.0]","[0.2506624758243561, 0.6813712120056152, 0.025606783106923103, 0.002698934869840741, 0.03966055437922478]",aesthetics,bce5679c1c4c4a05892f3b547944f36ca6ce0be5469b0adb2a35a92ddb2cecaa
sneakers_022,sneakers,6,global_soft_prior,"[0.5666666666666667, 0.23333333333333334, 0.13333333333333333, 0.06666666666666667, 0.0]","[0.48000000000000015, 0.21047619047619046, 0.1233333333333333, 0.1495238095238095, 0.036666666666666674]",functionality,bce5679c1c4c4a05892f3b547944f36ca6ce0be5469b0adb2a35a92ddb2cecaa
sneakers_023,sneakers,6,soft_target,"[0.3, 0.0, 0.5666666666666667, 0.13333333333333333, 0.0]","[0.6420969367027283, 0.08689837157726288, 0.15251140296459198, 0.11157970875501633, 0.006913592107594013]",functionality,fcc3302bc476ac7f5edc08ed8982249ce1759072ca610bd9d96869c551eddb8d
sneakers_023,sneakers,6,majority_target,"[0.3, 0.0, 0.5666666666666667, 0.13333333333333333, 0.0]","[0.6301526427268982, 0.29766303300857544, 0.06641759723424911, 0.002134990179911256, 0.0036317408084869385]",functionality,fcc3302bc476ac7f5edc08ed8982249ce1759072ca610bd9d96869c551eddb8d
sneakers_023,sneakers,6,global_soft_prior,"[0.3, 0.0, 0.5666666666666667, 0.13333333333333333, 0.0]","[0.48000000000000015, 0.21047619047619046, 0.1233333333333333, 0.1495238095238095, 0.036666666666666674]",functionality,fcc3302bc476ac7f5edc08ed8982249ce1759072ca610bd9d96869c551eddb8d
sneakers_024,sneakers,6,soft_target,"[0.6, 0.13333333333333333, 0.26666666666666666, 0.0, 0.0]","[0.557681679725647, 0.2804199457168579, 0.09691053628921509, 0.05187247321009636, 0.013115416280925274]",functionality,aa4d47a7e6e4820658fae244c73716ed7fcc8af6f8fa13f6cb08fd5f001add6c
sneakers_024,sneakers,6,majority_target,"[0.6, 0.13333333333333333, 0.26666666666666666, 0.0, 0.0]","[0.2617543935775757, 0.7115221619606018, 0.020184330642223358, 0.0005725853843614459, 0.00596647709608078]",aesthetics,aa4d47a7e6e4820658fae244c73716ed7fcc8af6f8fa13f6cb08fd5f001add6c
sneakers_024,sneakers,6,global_soft_prior,"[0.6, 0.13333333333333333, 0.26666666666666666, 0.0, 0.0]","[0.48000000000000015, 0.21047619047619046, 0.1233333333333333, 0.1495238095238095, 0.036666666666666674]",functionality,aa4d47a7e6e4820658fae244c73716ed7fcc8af6f8fa13f6cb08fd5f001add6c
sneakers_025,sneakers,6,soft_target,"[0.6666666666666666, 0.2, 0.13333333333333333, 0.0, 0.0]","[0.5077811479568481, 0.3079848289489746, 0.09998802840709686, 0.06455712020397186, 0.019688811153173447]",functionality,ed02d1532085b5212ac62cb7d0aeeb9b0c69fdc6f0bf247ac6d2412b13986a2b
sneakers_025,sneakers,6,majority_target,"[0.6666666666666666, 0.2, 0.13333333333333333, 0.0, 0.0]","[0.2602218985557556, 0.7073563933372498, 0.02345971390604973, 0.0008545200107619166, 0.008107461035251617]",aesthetics,ed02d1532085b5212ac62cb7d0aeeb9b0c69fdc6f0bf247ac6d2412b13986a2b
sneakers_025,sneakers,6,global_soft_prior,"[0.6666666666666666, 0.2, 0.13333333333333333, 0.0, 0.0]","[0.48000000000000015, 0.21047619047619046, 0.1233333333333333, 0.1495238095238095, 0.036666666666666674]",functionality,ed02d1532085b5212ac62cb7d0aeeb9b0c69fdc6f0bf247ac6d2412b13986a2b
sports_car_001,sports_car,7,soft_target,"[0.06666666666666667, 0.5333333333333333, 0.06666666666666667, 0.3333333333333333, 0.0]","[0.28772076964378357, 0.28772076964378357, 0.1977473944425583, 0.22407715022563934, 0.0027339307125657797]",functionality,d6902ae83ff35b104aa71a416413173507b731431f721cceb1e8e417bd8eaff5
sports_car_001,sports_car,7,majority_target,"[0.06666666666666667, 0.5333333333333333, 0.06666666666666667, 0.3333333333333333, 0.0]","[0.21400082111358643, 0.7469362616539001, 0.011701649986207485, 0.013680615462362766, 0.013680615462362766]",aesthetics,d6902ae83ff35b104aa71a416413173507b731431f721cceb1e8e417bd8eaff5
sports_car_001,sports_car,7,global_soft_prior,"[0.06666666666666667, 0.5333333333333333, 0.06666666666666667, 0.3333333333333333, 0.0]","[0.5176190476190474, 0.12190476190476185, 0.17119047619047617, 0.1407142857142857, 0.04857142857142857]",functionality,d6902ae83ff35b104aa71a416413173507b731431f721cceb1e8e417bd8eaff5
sports_car_002,sports_car,7,soft_target,"[0.0, 0.7666666666666667, 0.0, 0.23333333333333334, 0.0]","[0.16253283619880676, 0.3440820276737213, 0.09858115017414093, 0.3898960053920746, 0.004908066708594561]",symbolism,0add7d8b9dda5f058e318e8f548043c06faaa7d51190c11bb69c13a59f1d58a2
sports_car_002,sports_car,7,majority_target,"[0.0, 0.7666666666666667, 0.0, 0.23333333333333334, 0.0]","[0.02846902422606945, 0.445330411195755, 0.0031941356137394905, 0.5046254992485046, 0.01838098280131817]",symbolism,0add7d8b9dda5f058e318e8f548043c06faaa7d51190c11bb69c13a59f1d58a2
sports_car_002,sports_car,7,global_soft_prior,"[0.0, 0.7666666666666667, 0.0, 0.23333333333333334, 0.0]","[0.5176190476190474, 0.12190476190476185, 0.17119047619047617, 0.1407142857142857, 0.04857142857142857]",functionality,0add7d8b9dda5f058e318e8f548043c06faaa7d51190c11bb69c13a59f1d58a2
sports_car_003,sports_car,7,soft_target,"[0.0, 0.9333333333333333, 0.0, 0.06666666666666667, 0.0]","[0.1680738627910614, 0.5510930418968201, 0.058084774762392044, 0.2158111184835434, 0.006937237456440926]",aesthetics,c835b773f70504b56bb0b408f597eeada0488ef7f2cdfe1c1ae551605d39ff27
sports_car_003,sports_car,7,majority_target,"[0.0, 0.9333333333333333, 0.0, 0.06666666666666667, 0.0]","[0.015620778314769268, 0.9664233922958374, 0.0007081155781634152, 0.006511709652841091, 0.010735994204878807]",aesthetics,c835b773f70504b56bb0b408f597eeada0488ef7f2cdfe1c1ae551605d39ff27
sports_car_003,sports_car,7,global_soft_prior,"[0.0, 0.9333333333333333, 0.0, 0.06666666666666667, 0.0]","[0.5176190476190474, 0.12190476190476185, 0.17119047619047617, 0.1407142857142857, 0.04857142857142857]",functionality,c835b773f70504b56bb0b408f597eeada0488ef7f2cdfe1c1ae551605d39ff27
sports_car_004,sports_car,7,soft_target,"[0.0, 0.7666666666666667, 0.0, 0.16666666666666666, 0.06666666666666667]","[0.26921576261520386, 0.36797434091567993, 0.17381878197193146, 0.18502911925315857, 0.003962056711316109]",aesthetics,d659054105a690b74aff1dcbe924a877265d088296e86714920f6d408a78d571
sports_car_004,sports_car,7,majority_target,"[0.0, 0.7666666666666667, 0.0, 0.16666666666666666, 0.06666666666666667]","[0.10361653566360474, 0.8675706386566162, 0.006834251806139946, 0.0070511940866708755, 0.014927376993000507]",aesthetics,d659054105a690b74aff1dcbe924a877265d088296e86714920f6d408a78d571
sports_car_004,sports_car,7,global_soft_prior,"[0.0, 0.7666666666666667, 0.0, 0.16666666666666666, 0.06666666666666667]","[0.5176190476190474, 0.12190476190476185, 0.17119047619047617, 0.1407142857142857, 0.04857142857142857]",functionality,d659054105a690b74aff1dcbe924a877265d088296e86714920f6d408a78d571
sports_car_005,sports_car,7,soft_target,"[0.0, 0.7666666666666667, 0.06666666666666667, 0.16666666666666666, 0.0]","[0.31985166668891907, 0.24910074472427368, 0.19399985671043396, 0.23400847613811493, 0.0030392396729439497]",functionality,ab3c2cd358082248c351dc4a63c3cc8994f24289ad4a31a091f6fcd1d82c07d4
sports_car_005,sports_car,7,majority_target,"[0.0, 0.7666666666666667, 0.06666666666666667, 0.16666666666666666, 0.0]","[0.20935159921646118, 0.7307088971138, 0.011447428725659847, 0.025003481656312943, 0.023488599807024002]",aesthetics,ab3c2cd358082248c351dc4a63c3cc8994f24289ad4a31a091f6fcd1d82c07d4
sports_car_005,sports_car,7,global_soft_prior,"[0.0, 0.7666666666666667, 0.06666666666666667, 0.16666666666666666, 0.0]","[0.5176190476190474, 0.12190476190476185, 0.17119047619047617, 0.1407142857142857, 0.04857142857142857]",functionality,ab3c2cd358082248c351dc4a63c3cc8994f24289ad4a31a091f6fcd1d82c07d4
sports_car_006,sports_car,7,soft_target,"[0.16666666666666666, 0.6333333333333333, 0.0, 0.06666666666666667, 0.13333333333333333]","[0.1282675862312317, 0.6119304299354553, 0.04432809352874756, 0.21147751808166504, 0.003996298648416996]",aesthetics,09d5eeed3cb0eb35e3cf59b51142b659ef6275795ee44a5dda754f8cd2790578
sports_car_006,sports_car,7,majority_target,"[0.16666666666666666, 0.6333333333333333, 0.0, 0.06666666666666667, 0.13333333333333333]","[0.01299341581761837, 0.969657301902771, 0.0005708907847292721, 0.008389179594814777, 0.008389179594814777]",aesthetics,09d5eeed3cb0eb35e3cf59b51142b659ef6275795ee44a5dda754f8cd2790578
sports_car_006,sports_car,7,global_soft_prior,"[0.16666666666666666, 0.6333333333333333, 0.0, 0.06666666666666667, 0.13333333333333333]","[0.5176190476190474, 0.12190476190476185, 0.17119047619047617, 0.1407142857142857, 0.04857142857142857]",functionality,09d5eeed3cb0eb35e3cf59b51142b659ef6275795ee44a5dda754f8cd2790578
sports_car_007,sports_car,7,soft_target,"[0.16666666666666666, 0.7, 0.0, 0.13333333333333333, 0.0]","[0.16831156611442566, 0.4297986328601837, 0.06191837042570114, 0.33472752571105957, 0.0052439067512750626]",aesthetics,0e7b15f5ad030e41468a879344c67fca5b032421a76d38da1313482247007e7b
sports_car_007,sports_car,7,majority_target,"[0.16666666666666666, 0.7, 0.0, 0.13333333333333333, 0.0]","[0.03004772961139679, 0.8249205350875854, 0.0014053510967642069, 0.12650567293167114, 0.01712067984044552]",aesthetics,0e7b15f5ad030e41468a879344c67fca5b032421a76d38da1313482247007e7b
sports_car_007,sports_car,7,global_soft_prior,"[0.16666666666666666, 0.7, 0.0, 0.13333333333333333, 0.0]","[0.5176190476190474, 0.12190476190476185, 0.17119047619047617, 0.1407142857142857, 0.04857142857142857]",functionality,0e7b15f5ad030e41468a879344c67fca5b032421a76d38da1313482247007e7b
sports_car_008,sports_car,7,soft_target,"[0.1, 0.6666666666666666, 0.06666666666666667, 0.16666666666666666, 0.0]","[0.221092090010643, 0.38802871108055115, 0.15195421874523163, 0.2353513091802597, 0.003573620691895485]",aesthetics,2f24d01f8d55af04eebb9edd29bca32a19d721be6e5c28bbbb6bcac3a7052c32
sports_car_008,sports_car,7,majority_target,"[0.1, 0.6666666666666666, 0.06666666666666667, 0.16666666666666666, 0.0]","[0.07361751794815063, 0.8968449831008911, 0.005502116866409779, 0.012017729692161083, 0.012017729692161083]",aesthetics,2f24d01f8d55af04eebb9edd29bca32a19d721be6e5c28bbbb6bcac3a7052c32
sports_car_008,sports_car,7,global_soft_prior,"[0.1, 0.6666666666666666, 0.06666666666666667, 0.16666666666666666, 0.0]","[0.5176190476190474, 0.12190476190476185, 0.17119047619047617, 0.1407142857142857, 0.04857142857142857]",functionality,2f24d01f8d55af04eebb9edd29bca32a19d721be6e5c28bbbb6bcac3a7052c32
sports_car_009,sports_car,7,soft_target,"[0.36666666666666664, 0.4, 0.06666666666666667, 0.16666666666666666, 0.0]","[0.20630192756652832, 0.4367411732673645, 0.06697642803192139, 0.28198128938674927, 0.007999193854629993]",aesthetics,5c499f3926ecdbf61ee06b8524417eb7ca728adaf676b80cbdd69d5c53bb8afb
sports_car_009,sports_car,7,majority_target,"[0.36666666666666664, 0.4, 0.06666666666666667, 0.16666666666666666, 0.0]","[0.031224770471453667, 0.9125215411186218, 0.0015545899514108896, 0.033238597214221954, 0.021460451185703278]",aesthetics,5c499f3926ecdbf61ee06b8524417eb7ca728adaf676b80cbdd69d5c53bb8afb
sports_car_009,sports_car,7,global_soft_prior,"[0.36666666666666664, 0.4, 0.06666666666666667, 0.16666666666666666, 0.0]","[0.5176190476190474, 0.12190476190476185, 0.17119047619047617, 0.1407142857142857, 0.04857142857142857]",functionality,5c499f3926ecdbf61ee06b8524417eb7ca728adaf676b80cbdd69d5c53bb8afb
sports_car_010,sports_car,7,soft_target,"[0.13333333333333333, 0.7, 0.0, 0.16666666666666666, 0.0]","[0.23507016897201538, 0.3420250713825226, 0.11820070445537567, 0.3018360435962677, 0.002868054900318384]",aesthetics,8bdc20e390e4bf681374c533b9b62e7929f2f83119537c1332770e5f36cc8764
sports_car_010,sports_car,7,majority_target,"[0.13333333333333333, 0.7, 0.0, 0.16666666666666666, 0.0]","[0.055721260607242584, 0.8716272115707397, 0.0033463218715041876, 0.059314973652362823, 0.009990273043513298]",aesthetics,8bdc20e390e4bf681374c533b9b62e7929f2f83119537c1332770e5f36cc8764
sports_car_010,sports_car,7,global_soft_prior,"[0.13333333333333333, 0.7, 0.0, 0.16666666666666666, 0.0]","[0.5176190476190474, 0.12190476190476185, 0.17119047619047617, 0.1407142857142857, 0.04857142857142857]",functionality,8bdc20e390e4bf681374c533b9b62e7929f2f83119537c1332770e5f36cc8764
sports_car_011,sports_car,7,soft_target,"[0.0, 0.9333333333333333, 0.0, 0.06666666666666667, 0.0]","[0.2557012438774109, 0.3960378170013428, 0.14569419622421265, 0.19914032518863678, 0.003426398616284132]",aesthetics,73f70bd3c297ea73a523103f73826ae386c815b4dc8e4a2ef882bafc720eecc7
sports_car_011,sports_car,7,majority_target,"[0.0, 0.9333333333333333, 0.0, 0.06666666666666667, 0.0]","[0.05490542948246002, 0.9142575263977051, 0.004949874710291624, 0.01573066972196102, 0.010156484320759773]",aesthetics,73f70bd3c297ea73a523103f73826ae386c815b4dc8e4a2ef882bafc720eecc7
sports_car_011,sports_car,7,global_soft_prior,"[0.0, 0.9333333333333333, 0.0, 0.06666666666666667, 0.0]","[0.5176190476190474, 0.12190476190476185, 0.17119047619047617, 0.1407142857142857, 0.04857142857142857]",functionality,73f70bd3c297ea73a523103f73826ae386c815b4dc8e4a2ef882bafc720eecc7
sports_car_012,sports_car,7,soft_target,"[0.13333333333333333, 0.6666666666666666, 0.0, 0.2, 0.0]","[0.23599621653556824, 0.36551809310913086, 0.12631967663764954, 0.2674187421798706, 0.0047472515143454075]",aesthetics,5d20653b6caaa8e90d3927cbc5c1306a10f1a5e8d98d86d884b73095202fda5f
sports_car_012,sports_car,7,majority_target,"[0.13333333333333333, 0.6666666666666666, 0.0, 0.2, 0.0]","[0.08583509922027588, 0.8669037222862244, 0.003771330928429961, 0.023102201521396637, 0.020387623459100723]",aesthetics,5d20653b6caaa8e90d3927cbc5c1306a10f1a5e8d98d86d884b73095202fda5f
sports_car_012,sports_car,7,global_soft_prior,"[0.13333333333333333, 0.6666666666666666, 0.0, 0.2, 0.0]","[0.5176190476190474, 0.12190476190476185, 0.17119047619047617, 0.1407142857142857, 0.04857142857142857]",functionality,5d20653b6caaa8e90d3927cbc5c1306a10f1a5e8d98d86d884b73095202fda5f
sports_car_013,sports_car,7,soft_target,"[0.16666666666666666, 0.7666666666666667, 0.0, 0.06666666666666667, 0.0]","[0.1865638643503189, 0.5398404598236084, 0.05689876154065132, 0.21140454709529877, 0.005292409565299749]",aesthetics,96b0d75e90694b0239e99b0a7f6cb11fae6d315fa10c525f8bbec944c3e2ecf1
sports_car_013,sports_car,7,majority_target,"[0.16666666666666666, 0.7666666666666667, 0.0, 0.06666666666666667, 0.0]","[0.026983778923749924, 0.9512109756469727, 0.0009526439826004207, 0.006409209221601486, 0.01444337610155344]",aesthetics,96b0d75e90694b0239e99b0a7f6cb11fae6d315fa10c525f8bbec944c3e2ecf1
sports_car_013,sports_car,7,global_soft_prior,"[0.16666666666666666, 0.7666666666666667, 0.0, 0.06666666666666667, 0.0]","[0.5176190476190474, 0.12190476190476185, 0.17119047619047617, 0.1407142857142857, 0.04857142857142857]",functionality,96b0d75e90694b0239e99b0a7f6cb11fae6d315fa10c525f8bbec944c3e2ecf1
sports_car_014,sports_car,7,soft_target,"[0.06666666666666667, 0.6333333333333333, 0.06666666666666667, 0.23333333333333334, 0.0]","[0.2128874957561493, 0.37362921237945557, 0.13745051622390747, 0.2733529508113861, 0.002679858123883605]",aesthetics,f1112e0b03db873317fb283510916b59d39cfb3ac7d43c43c75675326ca915b5
sports_car_014,sports_car,7,majority_target,"[0.06666666666666667, 0.6333333333333333, 0.06666666666666667, 0.23333333333333334, 0.0]","[0.06456329673528671, 0.8912687301635742, 0.004978586453944445, 0.028649788349866867, 0.010539666749536991]",aesthetics,f1112e0b03db873317fb283510916b59d39cfb3ac7d43c43c75675326ca915b5
sports_car_014,sports_car,7,global_soft_prior,"[0.06666666666666667, 0.6333333333333333, 0.06666666666666667, 0.23333333333333334, 0.0]","[0.5176190476190474, 0.12190476190476185, 0.17119047619047617, 0.1407142857142857, 0.04857142857142857]",functionality,f1112e0b03db873317fb283510916b59d39cfb3ac7d43c43c75675326ca915b5
sports_car_015,sports_car,7,soft_target,"[0.06666666666666667, 0.8333333333333334, 0.0, 0.1, 0.0]","[0.32637515664100647, 0.3066011071205139, 0.15416871011257172, 0.2107236534357071, 0.0021314392797648907]",functionality,e10f1881a85335e61c260f16e026ca79c245b2ace58b02de1ad028fc48bd1fc4
sports_car_015,sports_car,7,majority_target,"[0.06666666666666667, 0.8333333333333334, 0.0, 0.1, 0.0]","[0.19728603959083557, 0.7802814245223999, 0.008142967708408833, 0.008142967708408833, 0.006146634463220835]",aesthetics,e10f1881a85335e61c260f16e026ca79c245b2ace58b02de1ad028fc48bd1fc4
sports_car_015,sports_car,7,global_soft_prior,"[0.06666666666666667, 0.8333333333333334, 0.0, 0.1, 0.0]","[0.5176190476190474, 0.12190476190476185, 0.17119047619047617, 0.1407142857142857, 0.04857142857142857]",functionality,e10f1881a85335e61c260f16e026ca79c245b2ace58b02de1ad028fc48bd1fc4
sports_car_016,sports_car,7,soft_target,"[0.16666666666666666, 0.7666666666666667, 0.0, 0.06666666666666667, 0.0]","[0.2314821481704712, 0.4900476932525635, 0.07999809086322784, 0.1919054239988327, 0.0065666427835822105]",aesthetics,c48ea59e81c8aec5cab4eac148341cf62664fd3e16ce9bd5809db6dfb4a17ce2
sports_car_016,sports_car,7,majority_target,"[0.16666666666666666, 0.7666666666666667, 0.0, 0.06666666666666667, 0.0]","[0.046058539301157, 0.9251105189323425, 0.0019614093471318483, 0.006431213580071926, 0.02043835259974003]",aesthetics,c48ea59e81c8aec5cab4eac148341cf62664fd3e16ce9bd5809db6dfb4a17ce2
sports_car_016,sports_car,7,global_soft_prior,"[0.16666666666666666, 0.7666666666666667, 0.0, 0.06666666666666667, 0.0]","[0.5176190476190474, 0.12190476190476185, 0.17119047619047617, 0.1407142857142857, 0.04857142857142857]",functionality,c48ea59e81c8aec5cab4eac148341cf62664fd3e16ce9bd5809db6dfb4a17ce2
sports_car_017,sports_car,7,soft_target,"[0.2, 0.6, 0.0, 0.2, 0.0]","[0.2416161447763443, 0.42404958605766296, 0.07368876039981842, 0.25719907879829407, 0.003446469781920314]",aesthetics,af962dbb87bb7c273de99e9f9c3d47c76a1c718549ed4ea0d2f5b46b9fac8fbf
sports_car_017,sports_car,7,majority_target,"[0.2, 0.6, 0.0, 0.2, 0.0]","[0.04836388677358627, 0.9125595688819885, 0.0019962158985435963, 0.02755691111087799, 0.009523414075374603]",aesthetics,af962dbb87bb7c273de99e9f9c3d47c76a1c718549ed4ea0d2f5b46b9fac8fbf
sports_car_017,sports_car,7,global_soft_prior,"[0.2, 0.6, 0.0, 0.2, 0.0]","[0.5176190476190474, 0.12190476190476185, 0.17119047619047617, 0.1407142857142857, 0.04857142857142857]",functionality,af962dbb87bb7c273de99e9f9c3d47c76a1c718549ed4ea0d2f5b46b9fac8fbf
sports_car_018,sports_car,7,soft_target,"[0.06666666666666667, 0.8, 0.06666666666666667, 0.06666666666666667, 0.0]","[0.3292440176010132, 0.2262858897447586, 0.1996965855360031, 0.2408800572156906, 0.003893463406711817]",functionality,fb340954cc04b3b8f8e41ca26c78480eaae36cf450dc0988a3ada687a535567a
sports_car_018,sports_car,7,majority_target,"[0.06666666666666667, 0.8, 0.06666666666666667, 0.06666666666666667, 0.0]","[0.23126935958862305, 0.7123597860336304, 0.010483819991350174, 0.02151140198111534, 0.024375611916184425]",aesthetics,fb340954cc04b3b8f8e41ca26c78480eaae36cf450dc0988a3ada687a535567a
sports_car_018,sports_car,7,global_soft_prior,"[0.06666666666666667, 0.8, 0.06666666666666667, 0.06666666666666667, 0.0]","[0.5176190476190474, 0.12190476190476185, 0.17119047619047617, 0.1407142857142857, 0.04857142857142857]",functionality,fb340954cc04b3b8f8e41ca26c78480eaae36cf450dc0988a3ada687a535567a
sports_car_019,sports_car,7,soft_target,"[0.06666666666666667, 0.6333333333333333, 0.16666666666666666, 0.13333333333333333, 0.0]","[0.22300539910793304, 0.416628897190094, 0.10534028708934784, 0.25269821286201477, 0.002327270107343793]",aesthetics,6d6e33a4328cf18b68ed8d4b47316947027ffffe15e436b0e171ffe6c748fa4f
sports_car_019,sports_car,7,majority_target,"[0.06666666666666667, 0.6333333333333333, 0.16666666666666666, 0.13333333333333333, 0.0]","[0.04840431362390518, 0.9133224487304688, 0.0025653347838670015, 0.029358701780438423, 0.006349264644086361]",aesthetics,6d6e33a4328cf18b68ed8d4b47316947027ffffe15e436b0e171ffe6c748fa4f
sports_car_019,sports_car,7,global_soft_prior,"[0.06666666666666667, 0.6333333333333333, 0.16666666666666666, 0.13333333333333333, 0.0]","[0.5176190476190474, 0.12190476190476185, 0.17119047619047617, 0.1407142857142857, 0.04857142857142857]",functionality,6d6e33a4328cf18b68ed8d4b47316947027ffffe15e436b0e171ffe6c748fa4f
sports_car_020,sports_car,7,soft_target,"[0.06666666666666667, 0.6666666666666666, 0.0, 0.2, 0.06666666666666667]","[0.15766651928424835, 0.623583197593689, 0.04517221450805664, 0.16783513128757477, 0.0057430025190114975]",aesthetics,1074d9ac2e51fd657d7a04b72d70ac2e954f522ba1da4e1ea9009adb42690f3f
sports_car_020,sports_car,7,majority_target,"[0.06666666666666667, 0.6666666666666666, 0.0, 0.2, 0.06666666666666667]","[0.01779310591518879, 0.9714705944061279, 0.0006481138407252729, 0.002192540792748332, 0.007895642891526222]",aesthetics,1074d9ac2e51fd657d7a04b72d70ac2e954f522ba1da4e1ea9009adb42690f3f
sports_car_020,sports_car,7,global_soft_prior,"[0.06666666666666667, 0.6666666666666666, 0.0, 0.2, 0.06666666666666667]","[0.5176190476190474, 0.12190476190476185, 0.17119047619047617, 0.1407142857142857, 0.04857142857142857]",functionality,1074d9ac2e51fd657d7a04b72d70ac2e954f522ba1da4e1ea9009adb42690f3f
sports_car_021,sports_car,7,soft_target,"[0.06666666666666667, 0.8666666666666667, 0.06666666666666667, 0.0, 0.0]","[0.2712070643901825, 0.2547754645347595, 0.16449540853500366, 0.307317852973938, 0.0022042393684387207]",symbolism,7ea09733f38d264f4a3bc59a65b86ac9f74d566df7bfe3489e6b517824e13822
sports_car_021,sports_car,7,majority_target,"[0.06666666666666667, 0.8666666666666667, 0.06666666666666667, 0.0, 0.0]","[0.14425943791866302, 0.7798591256141663, 0.008938460610806942, 0.05649280920624733, 0.010450119152665138]",aesthetics,7ea09733f38d264f4a3bc59a65b86ac9f74d566df7bfe3489e6b517824e13822
sports_car_021,sports_car,7,global_soft_prior,"[0.06666666666666667, 0.8666666666666667, 0.06666666666666667, 0.0, 0.0]","[0.5176190476190474, 0.12190476190476185, 0.17119047619047617, 0.1407142857142857, 0.04857142857142857]",functionality,7ea09733f38d264f4a3bc59a65b86ac9f74d566df7bfe3489e6b517824e13822
sports_car_022,sports_car,7,soft_target,"[0.06666666666666667, 0.5333333333333333, 0.13333333333333333, 0.2, 0.06666666666666667]","[0.21395756304264069, 0.4255054295063019, 0.11452323198318481, 0.2424456775188446, 0.003568080486729741]",aesthetics,da9dc50fcbd705e8d683c2f644970eade5c297652577578a435ec46759ae9d44
sports_car_022,sports_car,7,majority_target,"[0.06666666666666667, 0.5333333333333333, 0.13333333333333333, 0.2, 0.06666666666666667]","[0.04100516065955162, 0.9332731366157532, 0.002041526837274432, 0.013312425464391708, 0.010367728769779205]",aesthetics,da9dc50fcbd705e8d683c2f644970eade5c297652577578a435ec46759ae9d44
sports_car_022,sports_car,7,global_soft_prior,"[0.06666666666666667, 0.5333333333333333, 0.13333333333333333, 0.2, 0.06666666666666667]","[0.5176190476190474, 0.12190476190476185, 0.17119047619047617, 0.1407142857142857, 0.04857142857142857]",functionality,da9dc50fcbd705e8d683c2f644970eade5c297652577578a435ec46759ae9d44
sports_car_023,sports_car,7,soft_target,"[0.06666666666666667, 0.6666666666666666, 0.0, 0.2, 0.06666666666666667]","[0.16962255537509918, 0.40690335631370544, 0.04565328732132912, 0.2976968288421631, 0.08012401312589645]",aesthetics,33bb721909caeb41d533b884371b867e3d0c370e6e208e0bd4200f700ec20c0b
sports_car_023,sports_car,7,majority_target,"[0.06666666666666667, 0.6666666666666666, 0.0, 0.2, 0.06666666666666667]","[0.033983711153268814, 0.4993869960308075, 0.0010587949072942138, 0.02486301399767399, 0.4407074749469757]",aesthetics,33bb721909caeb41d533b884371b867e3d0c370e6e208e0bd4200f700ec20c0b
sports_car_023,sports_car,7,global_soft_prior,"[0.06666666666666667, 0.6666666666666666, 0.0, 0.2, 0.06666666666666667]","[0.5176190476190474, 0.12190476190476185, 0.17119047619047617, 0.1407142857142857, 0.04857142857142857]",functionality,33bb721909caeb41d533b884371b867e3d0c370e6e208e0bd4200f700ec20c0b
sports_car_024,sports_car,7,soft_target,"[0.06666666666666667, 0.8, 0.0, 0.13333333333333333, 0.0]","[0.14567050337791443, 0.6132956743240356, 0.0503423735499382, 0.18704460561275482, 0.003646789351478219]",aesthetics,6b474446b88f2dc7900ab60a4ff9c86c7845e94e2dbe2b5ea6714b903433bc9f
sports_car_024,sports_car,7,majority_target,"[0.06666666666666667, 0.8, 0.0, 0.13333333333333333, 0.0]","[0.021344128996133804, 0.966109037399292, 0.0009675644687376916, 0.004202908370643854, 0.007376333232969046]",aesthetics,6b474446b88f2dc7900ab60a4ff9c86c7845e94e2dbe2b5ea6714b903433bc9f
sports_car_024,sports_car,7,global_soft_prior,"[0.06666666666666667, 0.8, 0.0, 0.13333333333333333, 0.0]","[0.5176190476190474, 0.12190476190476185, 0.17119047619047617, 0.1407142857142857, 0.04857142857142857]",functionality,6b474446b88f2dc7900ab60a4ff9c86c7845e94e2dbe2b5ea6714b903433bc9f
sports_car_025,sports_car,7,soft_target,"[0.06666666666666667, 0.7333333333333333, 0.06666666666666667, 0.13333333333333333, 0.0]","[0.26026999950408936, 0.40311405062675476, 0.08449729532003403, 0.2445010244846344, 0.0076176621951162815]",aesthetics,3a9e3ce6961b1897030837d665599897103e0fe4720311bd98dcc667d42e9646
sports_car_025,sports_car,7,majority_target,"[0.06666666666666667, 0.7333333333333333, 0.06666666666666667, 0.13333333333333333, 0.0]","[0.06104477122426033, 0.8970463871955872, 0.0019622810650616884, 0.014499403536319733, 0.025447247549891472]",aesthetics,3a9e3ce6961b1897030837d665599897103e0fe4720311bd98dcc667d42e9646
sports_car_025,sports_car,7,global_soft_prior,"[0.06666666666666667, 0.7333333333333333, 0.06666666666666667, 0.13333333333333333, 0.0]","[0.5176190476190474, 0.12190476190476185, 0.17119047619047617, 0.1407142857142857, 0.04857142857142857]",functionality,3a9e3ce6961b1897030837d665599897103e0fe4720311bd98dcc667d42e9646
vacuum_cleaner_001,vacuum_cleaner,8,soft_target,"[0.5333333333333333, 0.06666666666666667, 0.3333333333333333, 0.0, 0.06666666666666667]","[0.6737716794013977, 0.03684210404753685, 0.23284927010536194, 0.018525371327996254, 0.03801159933209419]",functionality,02193e9f85a1cd99a2cd0913ffa067292635daae376b3db0becd03011f1058e4
vacuum_cleaner_001,vacuum_cleaner,8,majority_target,"[0.5333333333333333, 0.06666666666666667, 0.3333333333333333, 0.0, 0.06666666666666667]","[0.9073309898376465, 0.0023204409517347813, 0.0898379385471344, 2.4215978555730544e-05, 0.00048639089800417423]",functionality,02193e9f85a1cd99a2cd0913ffa067292635daae376b3db0becd03011f1058e4
vacuum_cleaner_001,vacuum_cleaner,8,global_soft_prior,"[0.5333333333333333, 0.06666666666666667, 0.3333333333333333, 0.0, 0.06666666666666667]","[0.4354761904761905, 0.22714285714285706, 0.14928571428571424, 0.15142857142857138, 0.036666666666666674]",functionality,02193e9f85a1cd99a2cd0913ffa067292635daae376b3db0becd03011f1058e4
vacuum_cleaner_002,vacuum_cleaner,8,soft_target,"[0.9333333333333333, 0.0, 0.06666666666666667, 0.0, 0.0]","[0.8304877281188965, 0.02841772697865963, 0.09918761998414993, 0.018347863107919693, 0.023559125140309334]",functionality,6bc7ac69fda66f1a0d294f911371be042fb183b79369abf5fc76ecc6d8618ee9
vacuum_cleaner_002,vacuum_cleaner,8,majority_target,"[0.9333333333333333, 0.0, 0.06666666666666667, 0.0, 0.0]","[0.9659721851348877, 0.0006054005352780223, 0.03305375203490257, 1.276255352422595e-05, 0.0003558966564014554]",functionality,6bc7ac69fda66f1a0d294f911371be042fb183b79369abf5fc76ecc6d8618ee9
vacuum_cleaner_002,vacuum_cleaner,8,global_soft_prior,"[0.9333333333333333, 0.0, 0.06666666666666667, 0.0, 0.0]","[0.4354761904761905, 0.22714285714285706, 0.14928571428571424, 0.15142857142857138, 0.036666666666666674]",functionality,6bc7ac69fda66f1a0d294f911371be042fb183b79369abf5fc76ecc6d8618ee9
vacuum_cleaner_003,vacuum_cleaner,8,soft_target,"[0.8666666666666667, 0.0, 0.06666666666666667, 0.06666666666666667, 0.0]","[0.8205693364143372, 0.021867431700229645, 0.11105198413133621, 0.01368428859859705, 0.03282690420746803]",functionality,46199e6dc06bd98edc000358d2fc6f62e87ab932c593f6929808670f77392417
vacuum_cleaner_003,vacuum_cleaner,8,majority_target,"[0.8666666666666667, 0.0, 0.06666666666666667, 0.06666666666666667, 0.0]","[0.937861442565918, 0.001597759546712041, 0.059955473989248276, 1.5541983884759247e-05, 0.0005696986336261034]",functionality,46199e6dc06bd98edc000358d2fc6f62e87ab932c593f6929808670f77392417
vacuum_cleaner_003,vacuum_cleaner,8,global_soft_prior,"[0.8666666666666667, 0.0, 0.06666666666666667, 0.06666666666666667, 0.0]","[0.4354761904761905, 0.22714285714285706, 0.14928571428571424, 0.15142857142857138, 0.036666666666666674]",functionality,46199e6dc06bd98edc000358d2fc6f62e87ab932c593f6929808670f77392417
vacuum_cleaner_004,vacuum_cleaner,8,soft_target,"[0.8, 0.06666666666666667, 0.06666666666666667, 0.0, 0.06666666666666667]","[0.8636662364006042, 0.012710601091384888, 0.09690066426992416, 0.012319536879658699, 0.014402997680008411]",functionality,b89c8f5902ea4eec3a3daef402ff76bc5935e4f7a10c0632a4c1d0368c1dfc50
vacuum_cleaner_004,vacuum_cleaner,8,majority_target,"[0.8, 0.06666666666666667, 0.06666666666666667, 0.0, 0.06666666666666667]","[0.9643306136131287, 0.0003443606256041676, 0.0351257398724556, 9.105485332838725e-06, 0.0001901740179164335]",functionality,b89c8f5902ea4eec3a3daef402ff76bc5935e4f7a10c0632a4c1d0368c1dfc50
vacuum_cleaner_004,vacuum_cleaner,8,global_soft_prior,"[0.8, 0.06666666666666667, 0.06666666666666667, 0.0, 0.06666666666666667]","[0.4354761904761905, 0.22714285714285706, 0.14928571428571424, 0.15142857142857138, 0.036666666666666674]",functionality,b89c8f5902ea4eec3a3daef402ff76bc5935e4f7a10c0632a4c1d0368c1dfc50
vacuum_cleaner_005,vacuum_cleaner,8,soft_target,"[0.6666666666666666, 0.0, 0.26666666666666666, 0.06666666666666667, 0.0]","[0.5674332976341248, 0.028250839561223984, 0.17305736243724823, 0.03515873849391937, 0.19609971344470978]",functionality,18cbadc0560a055ccd0bf3c58af9bdc6c0f771b7102cb23198b8a483a3ee9c12
vacuum_cleaner_005,vacuum_cleaner,8,majority_target,"[0.6666666666666666, 0.0, 0.26666666666666666, 0.06666666666666667, 0.0]","[0.9186847805976868, 0.0017189146019518375, 0.07541023939847946, 6.261145608732477e-05, 0.004123461898416281]",functionality,18cbadc0560a055ccd0bf3c58af9bdc6c0f771b7102cb23198b8a483a3ee9c12
vacuum_cleaner_005,vacuum_cleaner,8,global_soft_prior,"[0.6666666666666666, 0.0, 0.26666666666666666, 0.06666666666666667, 0.0]","[0.4354761904761905, 0.22714285714285706, 0.14928571428571424, 0.15142857142857138, 0.036666666666666674]",functionality,18cbadc0560a055ccd0bf3c58af9bdc6c0f771b7102cb23198b8a483a3ee9c12
vacuum_cleaner_006,vacuum_cleaner,8,soft_target,"[0.6666666666666666, 0.0, 0.06666666666666667, 0.06666666666666667, 0.2]","[0.8434546589851379, 0.018634339794516563, 0.11414917558431625, 0.012807182036340237, 0.010954564437270164]",functionality,55f0d64d04b9924a6ecfec079a49857c145d381a1f4c9cbd814fb69d445f40a3
vacuum_cleaner_006,vacuum_cleaner,8,majority_target,"[0.6666666666666666, 0.0, 0.06666666666666667, 0.06666666666666667, 0.2]","[0.96185302734375, 0.0006620671483688056, 0.03729508817195892, 1.1570884453249164e-05, 0.00017819294589571655]",functionality,55f0d64d04b9924a6ecfec079a49857c145d381a1f4c9cbd814fb69d445f40a3
vacuum_cleaner_006,vacuum_cleaner,8,global_soft_prior,"[0.6666666666666666, 0.0, 0.06666666666666667, 0.06666666666666667, 0.2]","[0.4354761904761905, 0.22714285714285706, 0.14928571428571424, 0.15142857142857138, 0.036666666666666674]",functionality,55f0d64d04b9924a6ecfec079a49857c145d381a1f4c9cbd814fb69d445f40a3
vacuum_cleaner_007,vacuum_cleaner,8,soft_target,"[0.8666666666666667, 0.0, 0.06666666666666667, 0.06666666666666667, 0.0]","[0.8003115653991699, 0.039845164865255356, 0.11529581993818283, 0.01882152445614338, 0.025725973770022392]",functionality,a558ac8b140d842eb33a11284700431ad801fcbb5e8869d300ebe080d5d31f53
vacuum_cleaner_007,vacuum_cleaner,8,majority_target,"[0.8666666666666667, 0.0, 0.06666666666666667, 0.06666666666666667, 0.0]","[0.9324060082435608, 0.0036932923831045628, 0.06345102936029434, 2.213336483691819e-05, 0.00042752965237013996]",functionality,a558ac8b140d842eb33a11284700431ad801fcbb5e8869d300ebe080d5d31f53
vacuum_cleaner_007,vacuum_cleaner,8,global_soft_prior,"[0.8666666666666667, 0.0, 0.06666666666666667, 0.06666666666666667, 0.0]","[0.4354761904761905, 0.22714285714285706, 0.14928571428571424, 0.15142857142857138, 0.036666666666666674]",functionality,a558ac8b140d842eb33a11284700431ad801fcbb5e8869d300ebe080d5d31f53
vacuum_cleaner_008,vacuum_cleaner,8,soft_target,"[0.7333333333333333, 0.0, 0.16666666666666666, 0.1, 0.0]","[0.7310290336608887, 0.023498890921473503, 0.1736346185207367, 0.018881889060139656, 0.052955567836761475]",functionality,d1f8305488f8a7275d920057a5c7c523e29bc565869dfafc6b877a89f4d0a124
vacuum_cleaner_008,vacuum_cleaner,8,majority_target,"[0.7333333333333333, 0.0, 0.16666666666666666, 0.1, 0.0]","[0.9301835298538208, 0.0016868819948285818, 0.06738226860761642, 2.1738278519478627e-05, 0.0007255190284922719]",functionality,d1f8305488f8a7275d920057a5c7c523e29bc565869dfafc6b877a89f4d0a124
vacuum_cleaner_008,vacuum_cleaner,8,global_soft_prior,"[0.7333333333333333, 0.0, 0.16666666666666666, 0.1, 0.0]","[0.4354761904761905, 0.22714285714285706, 0.14928571428571424, 0.15142857142857138, 0.036666666666666674]",functionality,d1f8305488f8a7275d920057a5c7c523e29bc565869dfafc6b877a89f4d0a124
vacuum_cleaner_009,vacuum_cleaner,8,soft_target,"[0.6, 0.06666666666666667, 0.3333333333333333, 0.0, 0.0]","[0.8025880455970764, 0.02138824760913849, 0.13946887850761414, 0.015166538767516613, 0.02138824760913849]",functionality,6c7bc93061c97d742a4c111db8b3154c31ae29272ddc0a44899927a1081eea5f
vacuum_cleaner_009,vacuum_cleaner,8,majority_target,"[0.6, 0.06666666666666667, 0.3333333333333333, 0.0, 0.0]","[0.9509155750274658, 0.0013017054880037904, 0.04734329506754875, 1.6906204109545797e-05, 0.0004226018791086972]",functionality,6c7bc93061c97d742a4c111db8b3154c31ae29272ddc0a44899927a1081eea5f
vacuum_cleaner_009,vacuum_cleaner,8,global_soft_prior,"[0.6, 0.06666666666666667, 0.3333333333333333, 0.0, 0.0]","[0.4354761904761905, 0.22714285714285706, 0.14928571428571424, 0.15142857142857138, 0.036666666666666674]",functionality,6c7bc93061c97d742a4c111db8b3154c31ae29272ddc0a44899927a1081eea5f
vacuum_cleaner_010,vacuum_cleaner,8,soft_target,"[0.43333333333333335, 0.0, 0.4, 0.16666666666666666, 0.0]","[0.6530342698097229, 0.01740277372300625, 0.25573188066482544, 0.018525157123804092, 0.05530589818954468]",functionality,07d9d872e32b62c8582a13395c01260cc53cd08e9a011a4c3fe1e81519d6d35f
vacuum_cleaner_010,vacuum_cleaner,8,majority_target,"[0.43333333333333335, 0.0, 0.4, 0.16666666666666666, 0.0]","[0.9083607792854309, 0.00096840166952461, 0.0899398997426033, 2.2421534595196135e-05, 0.0007084978278726339]",functionality,07d9d872e32b62c8582a13395c01260cc53cd08e9a011a4c3fe1e81519d6d35f
vacuum_cleaner_010,vacuum_cleaner,8,global_soft_prior,"[0.43333333333333335, 0.0, 0.4, 0.16666666666666666, 0.0]","[0.4354761904761905, 0.22714285714285706, 0.14928571428571424, 0.15142857142857138, 0.036666666666666674]",functionality,07d9d872e32b62c8582a13395c01260cc53cd08e9a011a4c3fe1e81519d6d35f
vacuum_cleaner_011,vacuum_cleaner,8,soft_target,"[0.5, 0.0, 0.06666666666666667, 0.13333333333333333, 0.3]","[0.8485633730888367, 0.013293759897351265, 0.10788271576166153, 0.01371574867516756, 0.01654435321688652]",functionality,0994e6c264f6487d8b40abae58647c47254e8672dc50ddaed6470b1ededeb05f
vacuum_cleaner_011,vacuum_cleaner,8,majority_target,"[0.5, 0.0, 0.06666666666666667, 0.13333333333333333, 0.3]","[0.957414448261261, 0.0003211767761968076, 0.042065855115652084, 9.698697795101907e-06, 0.00018881009600590914]",functionality,0994e6c264f6487d8b40abae58647c47254e8672dc50ddaed6470b1ededeb05f
vacuum_cleaner_011,vacuum_cleaner,8,global_soft_prior,"[0.5, 0.0, 0.06666666666666667, 0.13333333333333333, 0.3]","[0.4354761904761905, 0.22714285714285706, 0.14928571428571424, 0.15142857142857138, 0.036666666666666674]",functionality,0994e6c264f6487d8b40abae58647c47254e8672dc50ddaed6470b1ededeb05f
vacuum_cleaner_012,vacuum_cleaner,8,soft_target,"[0.9333333333333333, 0.0, 0.06666666666666667, 0.0, 0.0]","[0.6934168934822083, 0.07083699107170105, 0.12049777805805206, 0.03243153914809227, 0.08281683921813965]",functionality,d887a39dc83fc5ed1443377b725c4c61ebab4f98c55bbc14f8bde7523c9197cf
vacuum_cleaner_012,vacuum_cleaner,8,majority_target,"[0.9333333333333333, 0.0, 0.06666666666666667, 0.0, 0.0]","[0.9499068856239319, 0.0023545839358121157, 0.047293078154325485, 2.326457433809992e-05, 0.00042215362191200256]",functionality,d887a39dc83fc5ed1443377b725c4c61ebab4f98c55bbc14f8bde7523c9197cf
vacuum_cleaner_012,vacuum_cleaner,8,global_soft_prior,"[0.9333333333333333, 0.0, 0.06666666666666667, 0.0, 0.0]","[0.4354761904761905, 0.22714285714285706, 0.14928571428571424, 0.15142857142857138, 0.036666666666666674]",functionality,d887a39dc83fc5ed1443377b725c4c61ebab4f98c55bbc14f8bde7523c9197cf
vacuum_cleaner_013,vacuum_cleaner,8,soft_target,"[0.7333333333333333, 0.13333333333333333, 0.13333333333333333, 0.0, 0.0]","[0.7823352217674255, 0.04553736746311188, 0.10587755590677261, 0.01623684912919998, 0.05001301318407059]",functionality,01488c358d0114599a9d4de435fba62da7c6466c7ae8018aa76224e300d3781e
vacuum_cleaner_013,vacuum_cleaner,8,majority_target,"[0.7333333333333333, 0.13333333333333333, 0.13333333333333333, 0.0, 0.0]","[0.9588459134101868, 0.001233037211932242, 0.039576299488544464, 1.2968820556125138e-05, 0.0003318674280308187]",functionality,01488c358d0114599a9d4de435fba62da7c6466c7ae8018aa76224e300d3781e
vacuum_cleaner_013,vacuum_cleaner,8,global_soft_prior,"[0.7333333333333333, 0.13333333333333333, 0.13333333333333333, 0.0, 0.0]","[0.4354761904761905, 0.22714285714285706, 0.14928571428571424, 0.15142857142857138, 0.036666666666666674]",functionality,01488c358d0114599a9d4de435fba62da7c6466c7ae8018aa76224e300d3781e
vacuum_cleaner_014,vacuum_cleaner,8,soft_target,"[0.5666666666666667, 0.0, 0.3, 0.06666666666666667, 0.06666666666666667]","[0.552758514881134, 0.020773358643054962, 0.24528510868549347, 0.022815069183707237, 0.15836797654628754]",functionality,463b80c8ffd749da7a4c27a377341669ce337367ffd3fc20236b7b6bf2ac6a33
vacuum_cleaner_014,vacuum_cleaner,8,majority_target,"[0.5666666666666667, 0.0, 0.3, 0.06666666666666667, 0.06666666666666667]","[0.8958333730697632, 0.0017293653218075633, 0.10050971806049347, 2.817182212311309e-05, 0.0018993362318724394]",functionality,463b80c8ffd749da7a4c27a377341669ce337367ffd3fc20236b7b6bf2ac6a33
vacuum_cleaner_014,vacuum_cleaner,8,global_soft_prior,"[0.5666666666666667, 0.0, 0.3, 0.06666666666666667, 0.06666666666666667]","[0.4354761904761905, 0.22714285714285706, 0.14928571428571424, 0.15142857142857138, 0.036666666666666674]",functionality,463b80c8ffd749da7a4c27a377341669ce337367ffd3fc20236b7b6bf2ac6a33
vacuum_cleaner_015,vacuum_cleaner,8,soft_target,"[0.7333333333333333, 0.06666666666666667, 0.2, 0.0, 0.0]","[0.786435067653656, 0.015819765627384186, 0.17547738552093506, 0.013531362637877464, 0.008736505173146725]",functionality,b1629fe3132ff80085e73ed9bea63a93531a0693f3c9f9f9a0f0f3159d2d72b3
vacuum_cleaner_015,vacuum_cleaner,8,majority_target,"[0.7333333333333333, 0.06666666666666667, 0.2, 0.0, 0.0]","[0.934812605381012, 0.0013202829286456108, 0.06361479312181473, 1.5612959032296203e-05, 0.00023671367671340704]",functionality,b1629fe3132ff80085e73ed9bea63a93531a0693f3c9f9f9a0f0f3159d2d72b3
vacuum_cleaner_015,vacuum_cleaner,8,global_soft_prior,"[0.7333333333333333, 0.06666666666666667, 0.2, 0.0, 0.0]","[0.4354761904761905, 0.22714285714285706, 0.14928571428571424, 0.15142857142857138, 0.036666666666666674]",functionality,b1629fe3132ff80085e73ed9bea63a93531a0693f3c9f9f9a0f0f3159d2d72b3
vacuum_cleaner_016,vacuum_cleaner,8,soft_target,"[0.7, 0.2, 0.1, 0.0, 0.0]","[0.8575376272201538, 0.016204923391342163, 0.09038379788398743, 0.013021021150052547, 0.02285260334610939]",functionality,defa8a47a8aed084c2d294734a64d3c57f17fdeb3d7bf29b4a8fdc671be2c33f
vacuum_cleaner_016,vacuum_cleaner,8,majority_target,"[0.7, 0.2, 0.1, 0.0, 0.0]","[0.954171359539032, 0.0008977114339359105, 0.04462718963623047, 1.241119116457412e-05, 0.00029144418658688664]",functionality,defa8a47a8aed084c2d294734a64d3c57f17fdeb3d7bf29b4a8fdc671be2c33f
vacuum_cleaner_016,vacuum_cleaner,8,global_soft_prior,"[0.7, 0.2, 0.1, 0.0, 0.0]","[0.4354761904761905, 0.22714285714285706, 0.14928571428571424, 0.15142857142857138, 0.036666666666666674]",functionality,defa8a47a8aed084c2d294734a64d3c57f17fdeb3d7bf29b4a8fdc671be2c33f
vacuum_cleaner_017,vacuum_cleaner,8,soft_target,"[0.7333333333333333, 0.0, 0.13333333333333333, 0.13333333333333333, 0.0]","[0.8657880425453186, 0.016880180686712265, 0.08053082972764969, 0.014438382349908352, 0.0223626047372818]",functionality,a9ab370c2712c16028bfdf6a52004a95a8c0eacc9dfbadff257c5f0c6dbcdf77
vacuum_cleaner_017,vacuum_cleaner,8,majority_target,"[0.7333333333333333, 0.0, 0.13333333333333333, 0.13333333333333333, 0.0]","[0.9635800719261169, 0.0008516374509781599, 0.035098399966955185, 1.4091873708821367e-05, 0.0004558486398309469]",functionality,a9ab370c2712c16028bfdf6a52004a95a8c0eacc9dfbadff257c5f0c6dbcdf77
vacuum_cleaner_017,vacuum_cleaner,8,global_soft_prior,"[0.7333333333333333, 0.0, 0.13333333333333333, 0.13333333333333333, 0.0]","[0.4354761904761905, 0.22714285714285706, 0.14928571428571424, 0.15142857142857138, 0.036666666666666674]",functionality,a9ab370c2712c16028bfdf6a52004a95a8c0eacc9dfbadff257c5f0c6dbcdf77
vacuum_cleaner_018,vacuum_cleaner,8,soft_target,"[0.5, 0.0, 0.43333333333333335, 0.0, 0.06666666666666667]","[0.605038583278656, 0.009478652849793434, 0.30423250794410706, 0.02497292496263981, 0.05627734959125519]",functionality,9e78a199ded5e719bcd02dc2bda0fb41fbe0559aa846223c615598e5ec0fde8b
vacuum_cleaner_018,vacuum_cleaner,8,majority_target,"[0.5, 0.0, 0.43333333333333335, 0.0, 0.06666666666666667]","[0.8801057934761047, 0.000391132925869897, 0.1191093698143959, 2.620427039801143e-05, 0.0003674353356473148]",functionality,9e78a199ded5e719bcd02dc2bda0fb41fbe0559aa846223c615598e5ec0fde8b
vacuum_cleaner_018,vacuum_cleaner,8,global_soft_prior,"[0.5, 0.0, 0.43333333333333335, 0.0, 0.06666666666666667]","[0.4354761904761905, 0.22714285714285706, 0.14928571428571424, 0.15142857142857138, 0.036666666666666674]",functionality,9e78a199ded5e719bcd02dc2bda0fb41fbe0559aa846223c615598e5ec0fde8b
vacuum_cleaner_019,vacuum_cleaner,8,soft_target,"[0.8666666666666667, 0.0, 0.13333333333333333, 0.0, 0.0]","[0.8935816884040833, 0.007493139244616032, 0.07808029651641846, 0.012354097329080105, 0.00849083811044693]",functionality,002f09c79a3139a95ec6ada696305efc49487a2f95db70b6f8f2e2cb0466be38
vacuum_cleaner_019,vacuum_cleaner,8,majority_target,"[0.8666666666666667, 0.0, 0.13333333333333333, 0.0, 0.0]","[0.9683189392089844, 0.00033514617825858295, 0.031126562505960464, 9.657083865022287e-06, 0.00020972911443095654]",functionality,002f09c79a3139a95ec6ada696305efc49487a2f95db70b6f8f2e2cb0466be38
vacuum_cleaner_019,vacuum_cleaner,8,global_soft_prior,"[0.8666666666666667, 0.0, 0.13333333333333333, 0.0, 0.0]","[0.4354761904761905, 0.22714285714285706, 0.14928571428571424, 0.15142857142857138, 0.036666666666666674]",functionality,002f09c79a3139a95ec6ada696305efc49487a2f95db70b6f8f2e2cb0466be38
vacuum_cleaner_020,vacuum_cleaner,8,soft_target,"[0.7666666666666667, 0.0, 0.16666666666666666, 0.06666666666666667, 0.0]","[0.893238365650177, 0.008226441219449043, 0.0830841064453125, 0.009617684409022331, 0.005833419971168041]",functionality,b3d9591be53de2b1d1907dd95244ddbcaecb640f73112a4db58aa3df3100e676
vacuum_cleaner_020,vacuum_cleaner,8,majority_target,"[0.7666666666666667, 0.0, 0.16666666666666666, 0.06666666666666667, 0.0]","[0.9620161652565002, 0.00046955555444583297, 0.03730141371488571, 1.0871684025914874e-05, 0.00020195331308059394]",functionality,b3d9591be53de2b1d1907dd95244ddbcaecb640f73112a4db58aa3df3100e676
vacuum_cleaner_020,vacuum_cleaner,8,global_soft_prior,"[0.7666666666666667, 0.0, 0.16666666666666666, 0.06666666666666667, 0.0]","[0.4354761904761905, 0.22714285714285706, 0.14928571428571424, 0.15142857142857138, 0.036666666666666674]",functionality,b3d9591be53de2b1d1907dd95244ddbcaecb640f73112a4db58aa3df3100e676
vacuum_cleaner_021,vacuum_cleaner,8,soft_target,"[0.4, 0.26666666666666666, 0.26666666666666666, 0.06666666666666667, 0.0]","[0.7128616571426392, 0.05496998876333237, 0.13186615705490112, 0.02516709454357624, 0.07513505965471268]",functionality,e3098ff071ebd8501d0e25737aca21130e4c4bc40b5106d67aeaa486bf304d90
vacuum_cleaner_021,vacuum_cleaner,8,majority_target,"[0.4, 0.26666666666666666, 0.26666666666666666, 0.06666666666666667, 0.0]","[0.9289761185646057, 0.0064580864273011684, 0.06321761757135391, 3.607457620091736e-05, 0.001312039908953011]",functionality,e3098ff071ebd8501d0e25737aca21130e4c4bc40b5106d67aeaa486bf304d90
vacuum_cleaner_021,vacuum_cleaner,8,global_soft_prior,"[0.4, 0.26666666666666666, 0.26666666666666666, 0.06666666666666667, 0.0]","[0.4354761904761905, 0.22714285714285706, 0.14928571428571424, 0.15142857142857138, 0.036666666666666674]",functionality,e3098ff071ebd8501d0e25737aca21130e4c4bc40b5106d67aeaa486bf304d90
vacuum_cleaner_022,vacuum_cleaner,8,soft_target,"[0.6333333333333333, 0.03333333333333333, 0.06666666666666667, 0.06666666666666667, 0.2]","[0.7616515159606934, 0.023729978129267693, 0.12433619052171707, 0.023729978129267693, 0.06655236333608627]",functionality,042d2f0a218a5bb30cba281a09f6999e3276830cb381181aa9d25dc2370172be
vacuum_cleaner_022,vacuum_cleaner,8,majority_target,"[0.6333333333333333, 0.03333333333333333, 0.06666666666666667, 0.06666666666666667, 0.2]","[0.9555625915527344, 0.0013080667704343796, 0.04198449105024338, 2.5904861104208976e-05, 0.0011188487987965345]",functionality,042d2f0a218a5bb30cba281a09f6999e3276830cb381181aa9d25dc2370172be
vacuum_cleaner_022,vacuum_cleaner,8,global_soft_prior,"[0.6333333333333333, 0.03333333333333333, 0.06666666666666667, 0.06666666666666667, 0.2]","[0.4354761904761905, 0.22714285714285706, 0.14928571428571424, 0.15142857142857138, 0.036666666666666674]",functionality,042d2f0a218a5bb30cba281a09f6999e3276830cb381181aa9d25dc2370172be
vacuum_cleaner_023,vacuum_cleaner,8,soft_target,"[0.5, 0.0, 0.43333333333333335, 0.06666666666666667, 0.0]","[0.42008769512176514, 0.01019312534481287, 0.44718101620674133, 0.03448290005326271, 0.08805515617132187]",usability,89661159f9bd5cb322bb7fb4077ed5046895f4e19dca597ae9fb23f31b5ea03f
vacuum_cleaner_023,vacuum_cleaner,8,majority_target,"[0.5, 0.0, 0.43333333333333335, 0.06666666666666667, 0.0]","[0.8071837425231934, 0.0005914378562010825, 0.19172295928001404, 4.1202303691534325e-05, 0.0004606122674886137]",functionality,89661159f9bd5cb322bb7fb4077ed5046895f4e19dca597ae9fb23f31b5ea03f
vacuum_cleaner_023,vacuum_cleaner,8,global_soft_prior,"[0.5, 0.0, 0.43333333333333335, 0.06666666666666667, 0.0]","[0.4354761904761905, 0.22714285714285706, 0.14928571428571424, 0.15142857142857138, 0.036666666666666674]",functionality,89661159f9bd5cb322bb7fb4077ed5046895f4e19dca597ae9fb23f31b5ea03f
vacuum_cleaner_024,vacuum_cleaner,8,soft_target,"[0.7, 0.06666666666666667, 0.23333333333333334, 0.0, 0.0]","[0.8439643979072571, 0.01407443918287754, 0.11421816051006317, 0.01452120952308178, 0.013221711851656437]",functionality,406623f2442a957d8bc8fa3dd7de5be0540490e05bd1271e73ec1b1d761da871
vacuum_cleaner_024,vacuum_cleaner,8,majority_target,"[0.7, 0.06666666666666667, 0.23333333333333334, 0.0, 0.0]","[0.9596514701843262, 0.00048326997784897685, 0.03960954770445824, 1.2778485142916907e-05, 0.00024300339282490313]",functionality,406623f2442a957d8bc8fa3dd7de5be0540490e05bd1271e73ec1b1d761da871
vacuum_cleaner_024,vacuum_cleaner,8,global_soft_prior,"[0.7, 0.06666666666666667, 0.23333333333333334, 0.0, 0.0]","[0.4354761904761905, 0.22714285714285706, 0.14928571428571424, 0.15142857142857138, 0.036666666666666674]",functionality,406623f2442a957d8bc8fa3dd7de5be0540490e05bd1271e73ec1b1d761da871
vacuum_cleaner_025,vacuum_cleaner,8,soft_target,"[0.13333333333333333, 0.06666666666666667, 0.0, 0.5333333333333333, 0.26666666666666666]","[0.44275563955307007, 0.009189100004732609, 0.012958708219230175, 0.1191660687327385, 0.41593044996261597]",functionality,577338886e34fce514e5164441005d27f3734635c9bb315aa432c22e469ade0a
vacuum_cleaner_025,vacuum_cleaner,8,majority_target,"[0.13333333333333333, 0.06666666666666667, 0.0, 0.5333333333333333, 0.26666666666666666]","[0.949386715888977, 0.0009809989714995027, 0.0048286463133990765, 0.010222245007753372, 0.03458140790462494]",functionality,577338886e34fce514e5164441005d27f3734635c9bb315aa432c22e469ade0a
vacuum_cleaner_025,vacuum_cleaner,8,global_soft_prior,"[0.13333333333333333, 0.06666666666666667, 0.0, 0.5333333333333333, 0.26666666666666666]","[0.4354761904761905, 0.22714285714285706, 0.14928571428571424, 0.15142857142857138, 0.036666666666666674]",functionality,577338886e34fce514e5164441005d27f3734635c9bb315aa432c22e469ade0a
