image_id,category,fold,predictor,human_probs,predicted_probs,predicted_label,image_sha256
broom_001,broom,1,soft_target,"[0.8666666666666667, 0.0, 0.06666666666666667, 0.06666666666666667, 0.0]","[0.8805750608444214, 0.006315930280834436, 0.04666876792907715, 0.05992388352751732, 0.006516419816762209]",functionality,d207dab94c37113ab677178725a70731f0549120184f368fa80ac866d02b45cc
broom_001,broom,1,majority_target,"[0.8666666666666667, 0.0, 0.06666666666666667, 0.06666666666666667, 0.0]","[0.983741044998169, 8.88205468072556e-05, 0.00022681120026391, 4.2616560676833615e-05, 0.015900693833827972]",functionality,d207dab94c37113ab677178725a70731f0549120184f368fa80ac866d02b45cc
broom_001,broom,1,soft_ce_only,"[0.8666666666666667, 0.0, 0.06666666666666667, 0.06666666666666667, 0.0]","[0.8632363677024841, 0.008462871424853802, 0.04297800734639168, 0.07542874664068222, 0.00989410001784563]",functionality,d207dab94c37113ab677178725a70731f0549120184f368fa80ac866d02b45cc
broom_001,broom,1,category_prior,"[0.8666666666666667, 0.0, 0.06666666666666667, 0.06666666666666667, 0.0]","[0.6044444444444445, 0.05333333333333333, 0.08888888888888888, 0.08444444444444446, 0.16888888888888892]",functionality,d207dab94c37113ab677178725a70731f0549120184f368fa80ac866d02b45cc
broom_002,broom,1,soft_target,"[0.3, 0.0, 0.5, 0.13333333333333333, 0.06666666666666667]","[0.603108286857605, 0.02568344958126545, 0.052699014544487, 0.13457165658473969, 0.18393762409687042]",functionality,f0d04f91f16bfc04961ab2cf337109ff0fd1dd63324a4ba367e79425dae03c9f
broom_002,broom,1,majority_target,"[0.3, 0.0, 0.5, 0.13333333333333333, 0.06666666666666667]","[0.6911529302597046, 0.0007843586499802768, 0.0005561935831792653, 0.0008092568605206907, 0.3066972494125366]",functionality,f0d04f91f16bfc04961ab2cf337109ff0fd1dd63324a4ba367e79425dae03c9f
broom_002,broom,1,soft_ce_only,"[0.3, 0.0, 0.5, 0.13333333333333333, 0.06666666666666667]","[0.7012057900428772, 0.02554141916334629, 0.06127067655324936, 0.138075590133667, 0.0739065408706665]",functionality,f0d04f91f16bfc04961ab2cf337109ff0fd1dd63324a4ba367e79425dae03c9f
broom_002,broom,1,category_prior,"[0.3, 0.0, 0.5, 0.13333333333333333, 0.06666666666666667]","[0.6044444444444445, 0.05333333333333333, 0.08888888888888888, 0.08444444444444446, 0.16888888888888892]",functionality,f0d04f91f16bfc04961ab2cf337109ff0fd1dd63324a4ba367e79425dae03c9f
broom_003,broom,5,soft_target,"[0.4666666666666667, 0.2, 0.0, 0.13333333333333333, 0.2]","[0.40457576513290405, 0.028405677527189255, 0.06604517996311188, 0.07030472904443741, 0.4306686520576477]",unclear,1b4a02cc75e05174a4bce4f99d880e0f4a48cd634992b7fd69994484a926988c
broom_003,broom,5,majority_target,"[0.4666666666666667, 0.2, 0.0, 0.13333333333333333, 0.2]","[0.06737133115530014, 0.0020990180782973766, 0.00042644134373404086, 7.071091386023909e-05, 0.9300325512886047]",unclear,1b4a02cc75e05174a4bce4f99d880e0f4a48cd634992b7fd69994484a926988c
broom_003,broom,5,soft_ce_only,"[0.4666666666666667, 0.2, 0.0, 0.13333333333333333, 0.2]","[0.17443832755088806, 0.021495020017027855, 0.049977418035268784, 0.06417227536439896, 0.6899169683456421]",unclear,1b4a02cc75e05174a4bce4f99d880e0f4a48cd634992b7fd69994484a926988c
broom_003,broom,5,category_prior,"[0.4666666666666667, 0.2, 0.0, 0.13333333333333333, 0.2]","[0.6088888888888888, 0.03111111111111111, 0.1, 0.1, 0.16000000000000003]",functionality,1b4a02cc75e05174a4bce4f99d880e0f4a48cd634992b7fd69994484a926988c
broom_004,broom,2,soft_target,"[0.7666666666666667, 0.0, 0.16666666666666666, 0.06666666666666667, 0.0]","[0.8535557985305786, 0.007157501764595509, 0.07939305156469345, 0.05126000940799713, 0.008633594959974289]",functionality,6a29af9ecb144c8af1ea3f110f05209eac553fd9eea9a4f8081ffa2104e096e3
broom_004,broom,2,majority_target,"[0.7666666666666667, 0.0, 0.16666666666666666, 0.06666666666666667, 0.0]","[0.9929278492927551, 1.938817513291724e-05, 0.006690295413136482, 4.9509435484651476e-05, 0.00031290928018279374]",functionality,6a29af9ecb144c8af1ea3f110f05209eac553fd9eea9a4f8081ffa2104e096e3
broom_004,broom,2,soft_ce_only,"[0.7666666666666667, 0.0, 0.16666666666666666, 0.06666666666666667, 0.0]","[0.8264269828796387, 0.009180774912238121, 0.08182734996080399, 0.06372720748186111, 0.01883772574365139]",functionality,6a29af9ecb144c8af1ea3f110f05209eac553fd9eea9a4f8081ffa2104e096e3
broom_004,broom,2,category_prior,"[0.7666666666666667, 0.0, 0.16666666666666666, 0.06666666666666667, 0.0]","[0.6222222222222221, 0.05333333333333333, 0.1288888888888889, 0.09111111111111111, 0.10444444444444444]",functionality,6a29af9ecb144c8af1ea3f110f05209eac553fd9eea9a4f8081ffa2104e096e3
broom_005,broom,2,soft_target,"[0.23333333333333334, 0.06666666666666667, 0.0, 0.06666666666666667, 0.6333333333333333]","[0.14098338782787323, 0.01271003857254982, 0.007241961546242237, 0.027761274948716164, 0.811303436756134]",unclear,52c6a3fe80a14c6709eeeeaa9d89de6027bf7e1a860c7f3a5275a6a9ea209fc1
broom_005,broom,2,majority_target,"[0.23333333333333334, 0.06666666666666667, 0.0, 0.06666666666666667, 0.6333333333333333]","[0.10647176206111908, 0.00011529685434652492, 0.001890100073069334, 4.586191789712757e-05, 0.891477108001709]",unclear,52c6a3fe80a14c6709eeeeaa9d89de6027bf7e1a860c7f3a5275a6a9ea209fc1
broom_005,broom,2,soft_ce_only,"[0.23333333333333334, 0.06666666666666667, 0.0, 0.06666666666666667, 0.6333333333333333]","[0.16910795867443085, 0.02019706554710865, 0.012639000080525875, 0.04016666114330292, 0.7578892707824707]",unclear,52c6a3fe80a14c6709eeeeaa9d89de6027bf7e1a860c7f3a5275a6a9ea209fc1
broom_005,broom,2,category_prior,"[0.23333333333333334, 0.06666666666666667, 0.0, 0.06666666666666667, 0.6333333333333333]","[0.6222222222222221, 0.05333333333333333, 0.1288888888888889, 0.09111111111111111, 0.10444444444444444]",functionality,52c6a3fe80a14c6709eeeeaa9d89de6027bf7e1a860c7f3a5275a6a9ea209fc1
broom_006,broom,1,soft_target,"[0.7333333333333333, 0.0, 0.16666666666666666, 0.1, 0.0]","[0.8807125091552734, 0.011438459157943726, 0.041191473603248596, 0.05993323773145676, 0.006724322680383921]",functionality,adc5d04728adfb11ae03906658a1a0160e8318592649398a5084d9fb28ee1f65
broom_006,broom,1,majority_target,"[0.7333333333333333, 0.0, 0.16666666666666666, 0.1, 0.0]","[0.9779219031333923, 0.00018692080629989505, 0.0002254695282317698, 6.0684298659907654e-05, 0.021605107933282852]",functionality,adc5d04728adfb11ae03906658a1a0160e8318592649398a5084d9fb28ee1f65
broom_006,broom,1,soft_ce_only,"[0.7333333333333333, 0.0, 0.16666666666666666, 0.1, 0.0]","[0.8524426221847534, 0.016108641400933266, 0.045177802443504333, 0.07448559999465942, 0.011785333976149559]",functionality,adc5d04728adfb11ae03906658a1a0160e8318592649398a5084d9fb28ee1f65
broom_006,broom,1,category_prior,"[0.7333333333333333, 0.0, 0.16666666666666666, 0.1, 0.0]","[0.6044444444444445, 0.05333333333333333, 0.08888888888888888, 0.08444444444444446, 0.16888888888888892]",functionality,adc5d04728adfb11ae03906658a1a0160e8318592649398a5084d9fb28ee1f65
broom_007,broom,2,soft_target,"[0.8666666666666667, 0.0, 0.13333333333333333, 0.0, 0.0]","[0.8384170532226562, 0.016865422949194908, 0.10013463348150253, 0.04174232482910156, 0.002840600907802582]",functionality,f7edc93c4eab48a3b32ab2077cc09fe72f7deb038abe0ce017de5cbddb67f14f
broom_007,broom,2,majority_target,"[0.8666666666666667, 0.0, 0.13333333333333333, 0.0, 0.0]","[0.9950559139251709, 1.4215092051017564e-05, 0.004905214998871088, 1.2350285032880493e-05, 1.2350285032880493e-05]",functionality,f7edc93c4eab48a3b32ab2077cc09fe72f7deb038abe0ce017de5cbddb67f14f
broom_007,broom,2,soft_ce_only,"[0.8666666666666667, 0.0, 0.13333333333333333, 0.0, 0.0]","[0.7870984673500061, 0.025301238521933556, 0.12070546299219131, 0.06069451570510864, 0.006200335454195738]",functionality,f7edc93c4eab48a3b32ab2077cc09fe72f7deb038abe0ce017de5cbddb67f14f
broom_007,broom,2,category_prior,"[0.8666666666666667, 0.0, 0.13333333333333333, 0.0, 0.0]","[0.6222222222222221, 0.05333333333333333, 0.1288888888888889, 0.09111111111111111, 0.10444444444444444]",functionality,f7edc93c4eab48a3b32ab2077cc09fe72f7deb038abe0ce017de5cbddb67f14f
broom_008,broom,3,soft_target,"[0.7666666666666667, 0.0, 0.16666666666666666, 0.0, 0.06666666666666667]","[0.8187019228935242, 0.01204886008054018, 0.03379186615347862, 0.04916686937212944, 0.08629054576158524]",functionality,3db837cac5f78be886864921fc2b3dab4287a542261445abc388bdc723ef9224
broom_008,broom,3,majority_target,"[0.7666666666666667, 0.0, 0.16666666666666666, 0.0, 0.06666666666666667]","[0.9988155364990234, 5.6434200814692304e-05, 0.00023759684700053185, 0.0001353786065010354, 0.0007550812442786992]",functionality,3db837cac5f78be886864921fc2b3dab4287a542261445abc388bdc723ef9224
broom_008,broom,3,soft_ce_only,"[0.7666666666666667, 0.0, 0.16666666666666666, 0.0, 0.06666666666666667]","[0.7869659066200256, 0.01909516006708145, 0.05030904710292816, 0.06068429723381996, 0.08294559270143509]",functionality,3db837cac5f78be886864921fc2b3dab4287a542261445abc388bdc723ef9224
broom_008,broom,3,category_prior,"[0.7666666666666667, 0.0, 0.16666666666666666, 0.0, 0.06666666666666667]","[0.631111111111111, 0.03111111111111111, 0.1511111111111111, 0.07555555555555556, 0.11111111111111112]",functionality,3db837cac5f78be886864921fc2b3dab4287a542261445abc388bdc723ef9224
broom_009,broom,4,soft_target,"[0.13333333333333333, 0.06666666666666667, 0.0, 0.26666666666666666, 0.5333333333333333]","[0.330405056476593, 0.0217925775796175, 0.05741579085588455, 0.16613809764385223, 0.42424851655960083]",unclear,033c6b52a07305f274b171a6b2ac5333535b07b665f6141bb7e9d86ec9990989
broom_009,broom,4,majority_target,"[0.13333333333333333, 0.06666666666666667, 0.0, 0.26666666666666666, 0.5333333333333333]","[0.22384439408779144, 0.0031929691322147846, 0.010801674798130989, 0.07267163693904877, 0.6894893050193787]",unclear,033c6b52a07305f274b171a6b2ac5333535b07b665f6141bb7e9d86ec9990989
broom_009,broom,4,soft_ce_only,"[0.13333333333333333, 0.06666666666666667, 0.0, 0.26666666666666666, 0.5333333333333333]","[0.4122849106788635, 0.038348469883203506, 0.09199320524930954, 0.20730988681316376, 0.2500634491443634]",functionality,033c6b52a07305f274b171a6b2ac5333535b07b665f6141bb7e9d86ec9990989
broom_009,broom,4,category_prior,"[0.13333333333333333, 0.06666666666666667, 0.0, 0.26666666666666666, 0.5333333333333333]","[0.6266666666666667, 0.0044444444444444444, 0.16444444444444445, 0.07555555555555556, 0.1288888888888889]",functionality,033c6b52a07305f274b171a6b2ac5333535b07b665f6141bb7e9d86ec9990989
broom_010,broom,5,soft_target,"[0.6333333333333333, 0.13333333333333333, 0.06666666666666667, 0.0, 0.16666666666666666]","[0.7546510696411133, 0.014713354408740997, 0.13959641754627228, 0.04977463558316231, 0.041264623403549194]",functionality,9fe8f08c2f832fef55d17f5c7679717c2fc46adb9ce4b6c121bcc0c30f1ea663
broom_010,broom,5,majority_target,"[0.6333333333333333, 0.13333333333333333, 0.06666666666666667, 0.0, 0.16666666666666666]","[0.7526445984840393, 0.001167474896647036, 0.001646403456106782, 0.00019358631107024848, 0.2443479299545288]",functionality,9fe8f08c2f832fef55d17f5c7679717c2fc46adb9ce4b6c121bcc0c30f1ea663
broom_010,broom,5,soft_ce_only,"[0.6333333333333333, 0.13333333333333333, 0.06666666666666667, 0.0, 0.16666666666666666]","[0.7065199017524719, 0.01610454171895981, 0.15764589607715607, 0.061735015362501144, 0.05799468234181404]",functionality,9fe8f08c2f832fef55d17f5c7679717c2fc46adb9ce4b6c121bcc0c30f1ea663
broom_010,broom,5,category_prior,"[0.6333333333333333, 0.13333333333333333, 0.06666666666666667, 0.0, 0.16666666666666666]","[0.6088888888888888, 0.03111111111111111, 0.1, 0.1, 0.16000000000000003]",functionality,9fe8f08c2f832fef55d17f5c7679717c2fc46adb9ce4b6c121bcc0c30f1ea663
broom_011,broom,3,soft_target,"[0.13333333333333333, 0.0, 0.06666666666666667, 0.2, 0.6]","[0.5180594325065613, 0.03311842679977417, 0.05996973067522049, 0.07463353872299194, 0.3142189085483551]",functionality,8889fd5727f1379d3e3569c1287668c2e7cb967d67b2a51387b8822105e94917
broom_011,broom,3,majority_target,"[0.13333333333333333, 0.0, 0.06666666666666667, 0.2, 0.6]","[0.9570723176002502, 0.0005293417489156127, 0.0019062330247834325, 0.0009889405919238925, 0.03950309380888939]",functionality,8889fd5727f1379d3e3569c1287668c2e7cb967d67b2a51387b8822105e94917
broom_011,broom,3,soft_ce_only,"[0.13333333333333333, 0.0, 0.06666666666666667, 0.2, 0.6]","[0.541448712348938, 0.04175204038619995, 0.07800308614969254, 0.08303385227918625, 0.2557622790336609]",functionality,8889fd5727f1379d3e3569c1287668c2e7cb967d67b2a51387b8822105e94917
broom_011,broom,3,category_prior,"[0.13333333333333333, 0.0, 0.06666666666666667, 0.2, 0.6]","[0.631111111111111, 0.03111111111111111, 0.1511111111111111, 0.07555555555555556, 0.11111111111111112]",functionality,8889fd5727f1379d3e3569c1287668c2e7cb967d67b2a51387b8822105e94917
broom_012,broom,3,soft_target,"[0.6666666666666666, 0.0, 0.26666666666666666, 0.0, 0.06666666666666667]","[0.4946960210800171, 0.025411289185285568, 0.033664487302303314, 0.060958512127399445, 0.3852696418762207]",functionality,55fef1c2cdeff85eb9209f01a937b9283cc249afcde40ddf0fd8cdb3bb78658d
broom_012,broom,3,majority_target,"[0.6666666666666666, 0.0, 0.26666666666666666, 0.0, 0.06666666666666667]","[0.9646099805831909, 0.0005011869361624122, 0.0011294421274214983, 0.0007523707463406026, 0.03300713747739792]",functionality,55fef1c2cdeff85eb9209f01a937b9283cc249afcde40ddf0fd8cdb3bb78658d
broom_012,broom,3,soft_ce_only,"[0.6666666666666666, 0.0, 0.26666666666666666, 0.0, 0.06666666666666667]","[0.4970477223396301, 0.03954487666487694, 0.05238844454288483, 0.06940341740846634, 0.34161558747291565]",functionality,55fef1c2cdeff85eb9209f01a937b9283cc249afcde40ddf0fd8cdb3bb78658d
broom_012,broom,3,category_prior,"[0.6666666666666666, 0.0, 0.26666666666666666, 0.0, 0.06666666666666667]","[0.631111111111111, 0.03111111111111111, 0.1511111111111111, 0.07555555555555556, 0.11111111111111112]",functionality,55fef1c2cdeff85eb9209f01a937b9283cc249afcde40ddf0fd8cdb3bb78658d
broom_013,broom,4,soft_target,"[0.6666666666666666, 0.13333333333333333, 0.2, 0.0, 0.0]","[0.6716528534889221, 0.022982697933912277, 0.18077293038368225, 0.10300131142139435, 0.021590247750282288]",functionality,a6bef5739cb606606671f6d3eb47359d52e694ec53be4673a61985542a0f683b
broom_013,broom,4,majority_target,"[0.6666666666666666, 0.13333333333333333, 0.2, 0.0, 0.0]","[0.8866404294967651, 0.006561304908245802, 0.03895626217126846, 0.04699022322893143, 0.02085178531706333]",functionality,a6bef5739cb606606671f6d3eb47359d52e694ec53be4673a61985542a0f683b
broom_013,broom,4,soft_ce_only,"[0.6666666666666666, 0.13333333333333333, 0.2, 0.0, 0.0]","[0.5924439430236816, 0.055105868726968765, 0.11665911972522736, 0.18068517744541168, 0.055105868726968765]",functionality,a6bef5739cb606606671f6d3eb47359d52e694ec53be4673a61985542a0f683b
broom_013,broom,4,category_prior,"[0.6666666666666666, 0.13333333333333333, 0.2, 0.0, 0.0]","[0.6266666666666667, 0.0044444444444444444, 0.16444444444444445, 0.07555555555555556, 0.1288888888888889]",functionality,a6bef5739cb606606671f6d3eb47359d52e694ec53be4673a61985542a0f683b
broom_014,broom,1,soft_target,"[0.8, 0.0, 0.06666666666666667, 0.06666666666666667, 0.06666666666666667]","[0.5349045395851135, 0.03997835889458656, 0.05816816911101341, 0.14396759867668152, 0.22298137843608856]",functionality,30c976c713bf0b1be8517864b4f90380805c401f699daadf8c8b9712d8b502ff
broom_014,broom,1,majority_target,"[0.8, 0.0, 0.06666666666666667, 0.06666666666666667, 0.06666666666666667]","[0.30567997694015503, 0.001996286679059267, 0.0006480994052253664, 0.0028152153827250004, 0.6888604760169983]",unclear,30c976c713bf0b1be8517864b4f90380805c401f699daadf8c8b9712d8b502ff
broom_014,broom,1,soft_ce_only,"[0.8, 0.0, 0.06666666666666667, 0.06666666666666667, 0.06666666666666667]","[0.5485110878944397, 0.06154123321175575, 0.06551031023263931, 0.16728641092777252, 0.15715105831623077]",functionality,30c976c713bf0b1be8517864b4f90380805c401f699daadf8c8b9712d8b502ff
broom_014,broom,1,category_prior,"[0.8, 0.0, 0.06666666666666667, 0.06666666666666667, 0.06666666666666667]","[0.6044444444444445, 0.05333333333333333, 0.08888888888888888, 0.08444444444444446, 0.16888888888888892]",functionality,30c976c713bf0b1be8517864b4f90380805c401f699daadf8c8b9712d8b502ff
broom_015,broom,4,soft_target,"[0.7666666666666667, 0.06666666666666667, 0.0, 0.16666666666666666, 0.0]","[0.8362593650817871, 0.003753500524908304, 0.09987694025039673, 0.041634902358055115, 0.018475376069545746]",functionality,8d82ccb55677254d9107fc68b5d0d62c380be562415ab1e5e0fc7985729b6b15
broom_015,broom,4,majority_target,"[0.7666666666666667, 0.06666666666666667, 0.0, 0.16666666666666666, 0.0]","[0.9874994158744812, 0.00042535801185294986, 0.00909455493092537, 0.00029234401881694794, 0.002688345266506076]",functionality,8d82ccb55677254d9107fc68b5d0d62c380be562415ab1e5e0fc7985729b6b15
broom_015,broom,4,soft_ce_only,"[0.7666666666666667, 0.06666666666666667, 0.0, 0.16666666666666666, 0.0]","[0.7431582808494568, 0.014043491333723068, 0.09448196738958359, 0.09448196738958359, 0.053834207355976105]",functionality,8d82ccb55677254d9107fc68b5d0d62c380be562415ab1e5e0fc7985729b6b15
broom_015,broom,4,category_prior,"[0.7666666666666667, 0.06666666666666667, 0.0, 0.16666666666666666, 0.0]","[0.6266666666666667, 0.0044444444444444444, 0.16444444444444445, 0.07555555555555556, 0.1288888888888889]",functionality,8d82ccb55677254d9107fc68b5d0d62c380be562415ab1e5e0fc7985729b6b15
broom_016,broom,5,soft_target,"[0.3333333333333333, 0.06666666666666667, 0.06666666666666667, 0.06666666666666667, 0.4666666666666667]","[0.5011690855026245, 0.08709012717008591, 0.12671539187431335, 0.11182594299316406, 0.17319941520690918]",functionality,afb5792006d7c92807559b32ca3d4091102c802030990f183914f9cdf4e30435
broom_016,broom,5,majority_target,"[0.3333333333333333, 0.06666666666666667, 0.06666666666666667, 0.06666666666666667, 0.4666666666666667]","[0.6002497673034668, 0.031812071800231934, 0.0027797080110758543, 0.0010885491501539946, 0.3640698790550232]",functionality,afb5792006d7c92807559b32ca3d4091102c802030990f183914f9cdf4e30435
broom_016,broom,5,soft_ce_only,"[0.3333333333333333, 0.06666666666666667, 0.06666666666666667, 0.06666666666666667, 0.4666666666666667]","[0.47933506965637207, 0.08866807073354721, 0.1373317986726761, 0.12901128828525543, 0.1656537652015686]",functionality,afb5792006d7c92807559b32ca3d4091102c802030990f183914f9cdf4e30435
broom_016,broom,5,category_prior,"[0.3333333333333333, 0.06666666666666667, 0.06666666666666667, 0.06666666666666667, 0.4666666666666667]","[0.6088888888888888, 0.03111111111111111, 0.1, 0.1, 0.16000000000000003]",functionality,afb5792006d7c92807559b32ca3d4091102c802030990f183914f9cdf4e30435
broom_017,broom,3,soft_target,"[0.8666666666666667, 0.0, 0.13333333333333333, 0.0, 0.0]","[0.7610050439834595, 0.020923856645822525, 0.04429580271244049, 0.07078449428081512, 0.10299082845449448]",functionality,bf265096c8a3fb73c348e13480bdecda45a7361bd14a172caf8fb956fe1bfd1d
broom_017,broom,3,majority_target,"[0.8666666666666667, 0.0, 0.13333333333333333, 0.0, 0.0]","[0.9975712895393372, 0.00020297420269344002, 0.0005023659905418754, 0.0005183127941563725, 0.001205113367177546]",functionality,bf265096c8a3fb73c348e13480bdecda45a7361bd14a172caf8fb956fe1bfd1d
broom_017,broom,3,soft_ce_only,"[0.8666666666666667, 0.0, 0.13333333333333333, 0.0, 0.0]","[0.7376210689544678, 0.032408807426691055, 0.06445261090993881, 0.08275878429412842, 0.08275878429412842]",functionality,bf265096c8a3fb73c348e13480bdecda45a7361bd14a172caf8fb956fe1bfd1d
broom_017,broom,3,category_prior,"[0.8666666666666667, 0.0, 0.13333333333333333, 0.0, 0.0]","[0.631111111111111, 0.03111111111111111, 0.1511111111111111, 0.07555555555555556, 0.11111111111111112]",functionality,bf265096c8a3fb73c348e13480bdecda45a7361bd14a172caf8fb956fe1bfd1d
broom_018,broom,5,soft_target,"[0.7666666666666667, 0.0, 0.16666666666666666, 0.06666666666666667, 0.0]","[0.781178891658783, 0.010145742446184158, 0.14450356364250183, 0.04691343754529953, 0.01725848764181137]",functionality,6489da1b0cba55a62b1f969e5dc42d9ee89390774df601e497a234b16330b66b
broom_018,broom,5,majority_target,"[0.7666666666666667, 0.0, 0.16666666666666666, 0.06666666666666667, 0.0]","[0.8786677122116089, 0.0007526964764110744, 0.001496915821917355, 0.00016794927068985999, 0.11891473829746246]",functionality,6489da1b0cba55a62b1f969e5dc42d9ee89390774df601e497a234b16330b66b
broom_018,broom,5,soft_ce_only,"[0.7666666666666667, 0.0, 0.16666666666666666, 0.06666666666666667, 0.0]","[0.7258486747741699, 0.013294382952153683, 0.1521461457014084, 0.05774816870689392, 0.050962574779987335]",functionality,6489da1b0cba55a62b1f969e5dc42d9ee89390774df601e497a234b16330b66b
broom_018,broom,5,category_prior,"[0.7666666666666667, 0.0, 0.16666666666666666, 0.06666666666666667, 0.0]","[0.6088888888888888, 0.03111111111111111, 0.1, 0.1, 0.16000000000000003]",functionality,6489da1b0cba55a62b1f969e5dc42d9ee89390774df601e497a234b16330b66b
broom_019,broom,1,soft_target,"[0.5666666666666667, 0.0, 0.43333333333333335, 0.0, 0.0]","[0.6528406739234924, 0.10011635720729828, 0.09405061602592468, 0.08835237473249435, 0.06463997811079025]",functionality,f87303fe35999f8fc104c2a12ee55ae658f608eaf5c8d3bc98c46cff54dbe106
broom_019,broom,1,majority_target,"[0.5666666666666667, 0.0, 0.43333333333333335, 0.0, 0.0]","[0.9398657083511353, 0.005416701547801495, 0.0015519110020250082, 0.00014211225789040327, 0.053023599088191986]",functionality,f87303fe35999f8fc104c2a12ee55ae658f608eaf5c8d3bc98c46cff54dbe106
broom_019,broom,1,soft_ce_only,"[0.5666666666666667, 0.0, 0.43333333333333335, 0.0, 0.0]","[0.6222858428955078, 0.13885074853897095, 0.10813705623149872, 0.08421722799539566, 0.04650917276740074]",functionality,f87303fe35999f8fc104c2a12ee55ae658f608eaf5c8d3bc98c46cff54dbe106
broom_019,broom,1,category_prior,"[0.5666666666666667, 0.0, 0.43333333333333335, 0.0, 0.0]","[0.6044444444444445, 0.05333333333333333, 0.08888888888888888, 0.08444444444444446, 0.16888888888888892]",functionality,f87303fe35999f8fc104c2a12ee55ae658f608eaf5c8d3bc98c46cff54dbe106
broom_020,broom,4,soft_target,"[0.8666666666666667, 0.0, 0.06666666666666667, 0.06666666666666667, 0.0]","[0.6506849527359009, 0.014375502243638039, 0.0937400534749031, 0.12812745571136475, 0.11307207494974136]",functionality,274bcd47fdb4541800247d4c3a9bfd7d74e7a40549f4fa980cbcc2536cbc45c5
broom_020,broom,4,majority_target,"[0.8666666666666667, 0.0, 0.06666666666666667, 0.06666666666666667, 0.0]","[0.5632450580596924, 0.008289294317364693, 0.018105482682585716, 0.02324790135025978, 0.3871122896671295]",functionality,274bcd47fdb4541800247d4c3a9bfd7d74e7a40549f4fa980cbcc2536cbc45c5
broom_020,broom,4,soft_ce_only,"[0.8666666666666667, 0.0, 0.06666666666666667, 0.06666666666666667, 0.0]","[0.5288400650024414, 0.04077976569533348, 0.08633076399564743, 0.1827622354030609, 0.1612870991230011]",functionality,274bcd47fdb4541800247d4c3a9bfd7d74e7a40549f4fa980cbcc2536cbc45c5
broom_020,broom,4,category_prior,"[0.8666666666666667, 0.0, 0.06666666666666667, 0.06666666666666667, 0.0]","[0.6266666666666667, 0.0044444444444444444, 0.16444444444444445, 0.07555555555555556, 0.1288888888888889]",functionality,274bcd47fdb4541800247d4c3a9bfd7d74e7a40549f4fa980cbcc2536cbc45c5
broom_021,broom,2,soft_target,"[0.5666666666666667, 0.0, 0.06666666666666667, 0.3, 0.06666666666666667]","[0.6505845785140991, 0.03557422757148743, 0.11305464059114456, 0.06441660225391388, 0.13636994361877441]",functionality,e635353278851b33a6fd23fbe8ea6880f67e6d8d08318e69dd7899504e5c16e3
broom_021,broom,2,majority_target,"[0.5666666666666667, 0.0, 0.06666666666666667, 0.3, 0.06666666666666667]","[0.7758581042289734, 0.0009084364282898605, 0.05982775241136551, 0.0007770268712192774, 0.16262869536876678]",functionality,e635353278851b33a6fd23fbe8ea6880f67e6d8d08318e69dd7899504e5c16e3
broom_021,broom,2,soft_ce_only,"[0.5666666666666667, 0.0, 0.06666666666666667, 0.3, 0.06666666666666667]","[0.5282543897628784, 0.05230426788330078, 0.10401945561170578, 0.08101043850183487, 0.23441146314144135]",functionality,e635353278851b33a6fd23fbe8ea6880f67e6d8d08318e69dd7899504e5c16e3
broom_021,broom,2,category_prior,"[0.5666666666666667, 0.0, 0.06666666666666667, 0.3, 0.06666666666666667]","[0.6222222222222221, 0.05333333333333333, 0.1288888888888889, 0.09111111111111111, 0.10444444444444444]",functionality,e635353278851b33a6fd23fbe8ea6880f67e6d8d08318e69dd7899504e5c16e3
broom_022,broom,5,soft_target,"[0.8666666666666667, 0.0, 0.13333333333333333, 0.0, 0.0]","[0.7916232943534851, 0.019817901775240898, 0.13756349682807922, 0.038200002163648605, 0.012795398943126202]",functionality,4fe912e203b93ed1ad61ea80eadfa9428caec79661b88b963bbd026c3bcde57a
broom_022,broom,5,majority_target,"[0.8666666666666667, 0.0, 0.13333333333333333, 0.0, 0.0]","[0.9360968470573425, 0.0020477036014199257, 0.0018644554074853659, 0.00014833513705525547, 0.05984266474843025]",functionality,4fe912e203b93ed1ad61ea80eadfa9428caec79661b88b963bbd026c3bcde57a
broom_022,broom,5,soft_ce_only,"[0.8666666666666667, 0.0, 0.13333333333333333, 0.0, 0.0]","[0.7188748717308044, 0.026185017079114914, 0.1707477569580078, 0.05543367937207222, 0.028758615255355835]",functionality,4fe912e203b93ed1ad61ea80eadfa9428caec79661b88b963bbd026c3bcde57a
broom_022,broom,5,category_prior,"[0.8666666666666667, 0.0, 0.13333333333333333, 0.0, 0.0]","[0.6088888888888888, 0.03111111111111111, 0.1, 0.1, 0.16000000000000003]",functionality,4fe912e203b93ed1ad61ea80eadfa9428caec79661b88b963bbd026c3bcde57a
broom_023,broom,3,soft_target,"[0.5666666666666667, 0.0, 0.0, 0.06666666666666667, 0.36666666666666664]","[0.399649977684021, 0.028059830889105797, 0.03081769496202469, 0.05940266326069832, 0.48206987977027893]",unclear,3ba147f83509ccaf6718898f753c189d9584e9e85146057405dc68144b0bb505
broom_023,broom,3,majority_target,"[0.5666666666666667, 0.0, 0.0, 0.06666666666666667, 0.36666666666666664]","[0.9926983714103699, 0.00018390735203865916, 0.000963605591095984, 0.00025137155898846686, 0.005902800243347883]",functionality,3ba147f83509ccaf6718898f753c189d9584e9e85146057405dc68144b0bb505
broom_023,broom,3,soft_ce_only,"[0.5666666666666667, 0.0, 0.0, 0.06666666666666667, 0.36666666666666664]","[0.42356541752815247, 0.04326993227005005, 0.04464346542954445, 0.06495586037635803, 0.42356541752815247]",functionality,3ba147f83509ccaf6718898f753c189d9584e9e85146057405dc68144b0bb505
broom_023,broom,3,category_prior,"[0.5666666666666667, 0.0, 0.0, 0.06666666666666667, 0.36666666666666664]","[0.631111111111111, 0.03111111111111111, 0.1511111111111111, 0.07555555555555556, 0.11111111111111112]",functionality,3ba147f83509ccaf6718898f753c189d9584e9e85146057405dc68144b0bb505
broom_024,broom,2,soft_target,"[0.7, 0.0, 0.23333333333333334, 0.06666666666666667, 0.0]","[0.8437316417694092, 0.032715026289224625, 0.057416658848524094, 0.061119720339775085, 0.005017011426389217]",functionality,25bf27b43cd99723eba6980a0d276cee24e86ca1bf14359a161cbf465ba90589
broom_024,broom,2,majority_target,"[0.7, 0.0, 0.23333333333333334, 0.06666666666666667, 0.0]","[0.9938470721244812, 7.210249896161258e-05, 0.005909630563110113, 8.429634908679873e-05, 8.697221346665174e-05]",functionality,25bf27b43cd99723eba6980a0d276cee24e86ca1bf14359a161cbf465ba90589
broom_024,broom,2,soft_ce_only,"[0.7, 0.0, 0.23333333333333334, 0.06666666666666667, 0.0]","[0.7975605130195618, 0.050986334681510925, 0.06969005614519119, 0.07418467849493027, 0.0075784423388540745]",functionality,25bf27b43cd99723eba6980a0d276cee24e86ca1bf14359a161cbf465ba90589
broom_024,broom,2,category_prior,"[0.7, 0.0, 0.23333333333333334, 0.06666666666666667, 0.0]","[0.6222222222222221, 0.05333333333333333, 0.1288888888888889, 0.09111111111111111, 0.10444444444444444]",functionality,25bf27b43cd99723eba6980a0d276cee24e86ca1bf14359a161cbf465ba90589
broom_025,broom,4,soft_target,"[0.5666666666666667, 0.13333333333333333, 0.0, 0.23333333333333334, 0.06666666666666667]","[0.7769278287887573, 0.008904863148927689, 0.12682998180389404, 0.06788719445466995, 0.019450008869171143]",functionality,417482c31aa5a5859e810197ce380de54f41b65f5bf5d9f8c5c7d1f9560be5ea
broom_025,broom,4,majority_target,"[0.5666666666666667, 0.13333333333333333, 0.0, 0.23333333333333334, 0.06666666666666667]","[0.9409963488578796, 0.007184595335274935, 0.02213011309504509, 0.002994985319674015, 0.02669401280581951]",functionality,417482c31aa5a5859e810197ce380de54f41b65f5bf5d9f8c5c7d1f9560be5ea
broom_025,broom,4,soft_ce_only,"[0.5666666666666667, 0.13333333333333333, 0.0, 0.23333333333333334, 0.06666666666666667]","[0.648317813873291, 0.038934510201215744, 0.1126607283949852, 0.1358947902917862, 0.06419215351343155]",functionality,417482c31aa5a5859e810197ce380de54f41b65f5bf5d9f8c5c7d1f9560be5ea
broom_025,broom,4,category_prior,"[0.5666666666666667, 0.13333333333333333, 0.0, 0.23333333333333334, 0.06666666666666667]","[0.6266666666666667, 0.0044444444444444444, 0.16444444444444445, 0.07555555555555556, 0.1288888888888889]",functionality,417482c31aa5a5859e810197ce380de54f41b65f5bf5d9f8c5c7d1f9560be5ea
desk_lamp_001,desk_lamp,3,soft_target,"[0.2, 0.5666666666666667, 0.13333333333333333, 0.0, 0.1]","[0.5587718486785889, 0.2809681296348572, 0.0856904461979866, 0.04586678743362427, 0.02870270237326622]",functionality,32efa85c98394e72791cab2d3560e03ee6429e51e922d381f8540d62ed59ce88
desk_lamp_001,desk_lamp,3,majority_target,"[0.2, 0.5666666666666667, 0.13333333333333333, 0.0, 0.1]","[0.8608696460723877, 0.13201864063739777, 0.004660827573388815, 0.0003825840540230274, 0.002068229950964451]",functionality,32efa85c98394e72791cab2d3560e03ee6429e51e922d381f8540d62ed59ce88
desk_lamp_001,desk_lamp,3,soft_ce_only,"[0.2, 0.5666666666666667, 0.13333333333333333, 0.0, 0.1]","[0.5027583241462708, 0.32460519671440125, 0.09300094842910767, 0.05299033969640732, 0.026645217090845108]",functionality,32efa85c98394e72791cab2d3560e03ee6429e51e922d381f8540d62ed59ce88
desk_lamp_001,desk_lamp,3,category_prior,"[0.2, 0.5666666666666667, 0.13333333333333333, 0.0, 0.1]","[0.5577777777777778, 0.2822222222222222, 0.10222222222222221, 0.04444444444444444, 0.013333333333333334]",functionality,32efa85c98394e72791cab2d3560e03ee6429e51e922d381f8540d62ed59ce88
desk_lamp_002,desk_lamp,5,soft_target,"[0.7, 0.16666666666666666, 0.13333333333333333, 0.0, 0.0]","[0.7102437019348145, 0.0703236535191536, 0.19115950167179108, 0.02212831936776638, 0.006144811864942312]",functionality,c15258259cbe75fed861a9fab39c6aa16bc58acf5d266db68c641f0cb39241e8
desk_lamp_002,desk_lamp,5,majority_target,"[0.7, 0.16666666666666666, 0.13333333333333333, 0.0, 0.0]","[0.834827721118927, 0.14507129788398743, 0.011541802436113358, 0.00011493373312987387, 0.008444163016974926]",functionality,c15258259cbe75fed861a9fab39c6aa16bc58acf5d266db68c641f0cb39241e8
desk_lamp_002,desk_lamp,5,soft_ce_only,"[0.7, 0.16666666666666666, 0.13333333333333333, 0.0, 0.0]","[0.5500925183296204, 0.1576041579246521, 0.24410207569599152, 0.03984856978058815, 0.008352713659405708]",functionality,c15258259cbe75fed861a9fab39c6aa16bc58acf5d266db68c641f0cb39241e8
desk_lamp_002,desk_lamp,5,category_prior,"[0.7, 0.16666666666666666, 0.13333333333333333, 0.0, 0.0]","[0.4955555555555555, 0.3244444444444444, 0.11333333333333333, 0.03111111111111111, 0.035555555555555556]",functionality,c15258259cbe75fed861a9fab39c6aa16bc58acf5d266db68c641f0cb39241e8
desk_lamp_003,desk_lamp,1,soft_target,"[0.7, 0.23333333333333334, 0.0, 0.06666666666666667, 0.0]","[0.6211614608764648, 0.27563872933387756, 0.06969238072633743, 0.029052110388875008, 0.004455284681171179]",functionality,447da66b6e70164b64de5dae27224e6cd83de289c3a824c20d2e900862095956
desk_lamp_003,desk_lamp,1,majority_target,"[0.7, 0.23333333333333334, 0.0, 0.06666666666666667, 0.0]","[0.5442914366722107, 0.451233446598053, 0.0037838229909539223, 3.377564644324593e-05, 0.00065752980299294]",functionality,447da66b6e70164b64de5dae27224e6cd83de289c3a824c20d2e900862095956
desk_lamp_003,desk_lamp,1,soft_ce_only,"[0.7, 0.23333333333333334, 0.0, 0.06666666666666667, 0.0]","[0.5027936100959778, 0.3678516745567322, 0.07243429124355316, 0.04393361508846283, 0.012986753135919571]",functionality,447da66b6e70164b64de5dae27224e6cd83de289c3a824c20d2e900862095956
desk_lamp_003,desk_lamp,1,category_prior,"[0.7, 0.23333333333333334, 0.0, 0.06666666666666667, 0.0]","[0.5111111111111112, 0.3088888888888889, 0.10888888888888888, 0.04, 0.03111111111111111]",functionality,447da66b6e70164b64de5dae27224e6cd83de289c3a824c20d2e900862095956
desk_lamp_004,desk_lamp,2,soft_target,"[0.7, 0.06666666666666667, 0.23333333333333334, 0.0, 0.0]","[0.687450647354126, 0.19695790112018585, 0.07245676219463348, 0.03878331184387207, 0.004351366776973009]",functionality,554c5a8f6af0300627d0357f01cc2e32f2c92e8f374858a38657e08add5fbbaa
desk_lamp_004,desk_lamp,2,majority_target,"[0.7, 0.06666666666666667, 0.23333333333333334, 0.0, 0.0]","[0.9890660047531128, 0.007551611866801977, 0.0033510075882077217, 1.7043457773979753e-05, 1.4352028301800601e-05]",functionality,554c5a8f6af0300627d0357f01cc2e32f2c92e8f374858a38657e08add5fbbaa
desk_lamp_004,desk_lamp,2,soft_ce_only,"[0.7, 0.06666666666666667, 0.23333333333333334, 0.0, 0.0]","[0.6120525002479553, 0.2551414370536804, 0.08283229917287827, 0.04433693736791611, 0.0056368084624409676]",functionality,554c5a8f6af0300627d0357f01cc2e32f2c92e8f374858a38657e08add5fbbaa
desk_lamp_004,desk_lamp,2,category_prior,"[0.7, 0.06666666666666667, 0.23333333333333334, 0.0, 0.0]","[0.5399999999999999, 0.27999999999999997, 0.09333333333333332, 0.05333333333333333, 0.03333333333333333]",functionality,554c5a8f6af0300627d0357f01cc2e32f2c92e8f374858a38657e08add5fbbaa
desk_lamp_005,desk_lamp,2,soft_target,"[0.5333333333333333, 0.26666666666666666, 0.13333333333333333, 0.06666666666666667, 0.0]","[0.6938560009002686, 0.19879308342933655, 0.0828692838549614, 0.020952636376023293, 0.0035289993975311518]",functionality,7877add56de8a87572a4adde5100eace99b4a907694884168f8050ad17a76080
desk_lamp_005,desk_lamp,2,majority_target,"[0.5333333333333333, 0.26666666666666666, 0.13333333333333333, 0.06666666666666667, 0.0]","[0.8888380527496338, 0.10615656524896622, 0.004965008702129126, 1.708661329757888e-05, 2.335463068448007e-05]",functionality,7877add56de8a87572a4adde5100eace99b4a907694884168f8050ad17a76080
desk_lamp_005,desk_lamp,2,soft_ce_only,"[0.5333333333333333, 0.26666666666666666, 0.13333333333333333, 0.06666666666666667, 0.0]","[0.5960155129432678, 0.281537801027298, 0.09140193462371826, 0.02538140118122101, 0.005663355812430382]",functionality,7877add56de8a87572a4adde5100eace99b4a907694884168f8050ad17a76080
desk_lamp_005,desk_lamp,2,category_prior,"[0.5333333333333333, 0.26666666666666666, 0.13333333333333333, 0.06666666666666667, 0.0]","[0.5399999999999999, 0.27999999999999997, 0.09333333333333332, 0.05333333333333333, 0.03333333333333333]",functionality,7877add56de8a87572a4adde5100eace99b4a907694884168f8050ad17a76080
desk_lamp_006,desk_lamp,4,soft_target,"[0.3, 0.3333333333333333, 0.06666666666666667, 0.0, 0.3]","[0.4411432147026062, 0.4144156873226166, 0.06355270743370056, 0.02820133976638317, 0.05268704518675804]",functionality,3993e9b5f240a00e7c02dcf2003aab3f28f5ecde8c9bf0b09044a22bbf2ec040
desk_lamp_006,desk_lamp,4,majority_target,"[0.3, 0.3333333333333333, 0.06666666666666667, 0.0, 0.3]","[0.4620235562324524, 0.523541271686554, 0.009588993154466152, 0.00017290566756855696, 0.004673302173614502]",aesthetics,3993e9b5f240a00e7c02dcf2003aab3f28f5ecde8c9bf0b09044a22bbf2ec040
desk_lamp_006,desk_lamp,4,soft_ce_only,"[0.3, 0.3333333333333333, 0.06666666666666667, 0.0, 0.3]","[0.27540427446365356, 0.5830308198928833, 0.0577278696000576, 0.05094466358423233, 0.03289235010743141]",aesthetics,3993e9b5f240a00e7c02dcf2003aab3f28f5ecde8c9bf0b09044a22bbf2ec040
desk_lamp_006,desk_lamp,4,category_prior,"[0.3, 0.3333333333333333, 0.06666666666666667, 0.0, 0.3]","[0.5288888888888889, 0.31777777777777777, 0.10222222222222221, 0.031111111111111107, 0.02]",functionality,3993e9b5f240a00e7c02dcf2003aab3f28f5ecde8c9bf0b09044a22bbf2ec040
desk_lamp_007,desk_lamp,3,soft_target,"[0.7666666666666667, 0.16666666666666666, 0.06666666666666667, 0.0, 0.0]","[0.6234086751937866, 0.27663591504096985, 0.06570678949356079, 0.02417217567563057, 0.010076462291181087]",functionality,b023b2db2c97e5063b3048f85c5d8a3ca48c7984b8cda92a0c3c43c522e82d84
desk_lamp_007,desk_lamp,3,majority_target,"[0.7666666666666667, 0.16666666666666666, 0.06666666666666667, 0.0, 0.0]","[0.6499361991882324, 0.34788578748703003, 0.0015614646254107356, 0.00010963201930280775, 0.0005069333710707724]",functionality,b023b2db2c97e5063b3048f85c5d8a3ca48c7984b8cda92a0c3c43c522e82d84
desk_lamp_007,desk_lamp,3,soft_ce_only,"[0.7666666666666667, 0.16666666666666666, 0.06666666666666667, 0.0, 0.0]","[0.5802928805351257, 0.3106083869934082, 0.06930609792470932, 0.029808182269334793, 0.009984489530324936]",functionality,b023b2db2c97e5063b3048f85c5d8a3ca48c7984b8cda92a0c3c43c522e82d84
desk_lamp_007,desk_lamp,3,category_prior,"[0.7666666666666667, 0.16666666666666666, 0.06666666666666667, 0.0, 0.0]","[0.5577777777777778, 0.2822222222222222, 0.10222222222222221, 0.04444444444444444, 0.013333333333333334]",functionality,b023b2db2c97e5063b3048f85c5d8a3ca48c7984b8cda92a0c3c43c522e82d84
desk_lamp_008,desk_lamp,5,soft_target,"[0.6, 0.26666666666666666, 0.06666666666666667, 0.06666666666666667, 0.0]","[0.7709122896194458, 0.06736156344413757, 0.1258479654788971, 0.028080478310585022, 0.007797667291015387]",functionality,8ba96f2a7e44e1471aaf1c1196e0a2779e4182e6b74ed61c232e37ef70b7ac6b
desk_lamp_008,desk_lamp,5,majority_target,"[0.6, 0.26666666666666666, 0.06666666666666667, 0.06666666666666667, 0.0]","[0.6687163710594177, 0.3158792555332184, 0.005435002967715263, 0.00012781900295522064, 0.009841518476605415]",functionality,8ba96f2a7e44e1471aaf1c1196e0a2779e4182e6b74ed61c232e37ef70b7ac6b
desk_lamp_008,desk_lamp,5,soft_ce_only,"[0.6, 0.26666666666666666, 0.06666666666666667, 0.06666666666666667, 0.0]","[0.4945776164531708, 0.28180181980133057, 0.1605658382177353, 0.05212809517979622, 0.010926642455160618]",functionality,8ba96f2a7e44e1471aaf1c1196e0a2779e4182e6b74ed61c232e37ef70b7ac6b
desk_lamp_008,desk_lamp,5,category_prior,"[0.6, 0.26666666666666666, 0.06666666666666667, 0.06666666666666667, 0.0]","[0.4955555555555555, 0.3244444444444444, 0.11333333333333333, 0.03111111111111111, 0.035555555555555556]",functionality,8ba96f2a7e44e1471aaf1c1196e0a2779e4182e6b74ed61c232e37ef70b7ac6b
desk_lamp_009,desk_lamp,5,soft_target,"[0.36666666666666664, 0.3333333333333333, 0.23333333333333334, 0.06666666666666667, 0.0]","[0.7130604982376099, 0.10935137420892715, 0.13190293312072754, 0.029431523755192757, 0.016253631561994553]",functionality,dccc4d96e5eeaa790bcf3d3a2cce645fd45bf4511abb7837f0e250d4490eb9f0
desk_lamp_009,desk_lamp,5,majority_target,"[0.36666666666666664, 0.3333333333333333, 0.23333333333333334, 0.06666666666666667, 0.0]","[0.6811904907226562, 0.3022764325141907, 0.005040936637669802, 0.0001322537282248959, 0.01135992631316185]",functionality,dccc4d96e5eeaa790bcf3d3a2cce645fd45bf4511abb7837f0e250d4490eb9f0
desk_lamp_009,desk_lamp,5,soft_ce_only,"[0.36666666666666664, 0.3333333333333333, 0.23333333333333334, 0.06666666666666667, 0.0]","[0.5261917114257812, 0.23349614441394806, 0.1708294302225113, 0.05546019598841667, 0.014022533781826496]",functionality,dccc4d96e5eeaa790bcf3d3a2cce645fd45bf4511abb7837f0e250d4490eb9f0
desk_lamp_009,desk_lamp,5,category_prior,"[0.36666666666666664, 0.3333333333333333, 0.23333333333333334, 0.06666666666666667, 0.0]","[0.4955555555555555, 0.3244444444444444, 0.11333333333333333, 0.03111111111111111, 0.035555555555555556]",functionality,dccc4d96e5eeaa790bcf3d3a2cce645fd45bf4511abb7837f0e250d4490eb9f0
desk_lamp_010,desk_lamp,1,soft_target,"[0.5666666666666667, 0.23333333333333334, 0.13333333333333333, 0.0, 0.06666666666666667]","[0.6096112728118896, 0.2541237771511078, 0.08250191807746887, 0.03897114470601082, 0.014791779220104218]",functionality,fc8c95b1aff40623e7decef96dc291b66cd219d59936db4aa40c55bea2701e92
desk_lamp_010,desk_lamp,1,majority_target,"[0.5666666666666667, 0.23333333333333334, 0.13333333333333333, 0.0, 0.06666666666666667]","[0.48214542865753174, 0.5132411122322083, 0.0033517940901219845, 2.8549118724185973e-05, 0.0012330561876296997]",aesthetics,fc8c95b1aff40623e7decef96dc291b66cd219d59936db4aa40c55bea2701e92
desk_lamp_010,desk_lamp,1,soft_ce_only,"[0.5666666666666667, 0.23333333333333334, 0.13333333333333333, 0.0, 0.06666666666666667]","[0.5018428564071655, 0.34491121768951416, 0.07696009427309036, 0.049689169973134995, 0.02659669518470764]",functionality,fc8c95b1aff40623e7decef96dc291b66cd219d59936db4aa40c55bea2701e92
desk_lamp_010,desk_lamp,1,category_prior,"[0.5666666666666667, 0.23333333333333334, 0.13333333333333333, 0.0, 0.06666666666666667]","[0.5111111111111112, 0.3088888888888889, 0.10888888888888888, 0.04, 0.03111111111111111]",functionality,fc8c95b1aff40623e7decef96dc291b66cd219d59936db4aa40c55bea2701e92
desk_lamp_011,desk_lamp,5,soft_target,"[0.8666666666666667, 0.0, 0.06666666666666667, 0.06666666666666667, 0.0]","[0.8029496073722839, 0.017739467322826385, 0.1395317018032074, 0.031133733689785004, 0.008645526133477688]",functionality,57e9dc516ced57d5e7d46f4f89b94407b8754b274d3c3b1603e52b14ba323a9f
desk_lamp_011,desk_lamp,5,majority_target,"[0.8666666666666667, 0.0, 0.06666666666666667, 0.06666666666666667, 0.0]","[0.956877589225769, 0.02114017866551876, 0.007305850274860859, 0.00014696297876071185, 0.01452941820025444]",functionality,57e9dc516ced57d5e7d46f4f89b94407b8754b274d3c3b1603e52b14ba323a9f
desk_lamp_011,desk_lamp,5,soft_ce_only,"[0.8666666666666667, 0.0, 0.06666666666666667, 0.06666666666666667, 0.0]","[0.6408131122589111, 0.0765342190861702, 0.22145910561084747, 0.047893885523080826, 0.013299652375280857]",functionality,57e9dc516ced57d5e7d46f4f89b94407b8754b274d3c3b1603e52b14ba323a9f
desk_lamp_011,desk_lamp,5,category_prior,"[0.8666666666666667, 0.0, 0.06666666666666667, 0.06666666666666667, 0.0]","[0.4955555555555555, 0.3244444444444444, 0.11333333333333333, 0.03111111111111111, 0.035555555555555556]",functionality,57e9dc516ced57d5e7d46f4f89b94407b8754b274d3c3b1603e52b14ba323a9f
desk_lamp_012,desk_lamp,3,soft_target,"[0.5333333333333333, 0.4666666666666667, 0.0, 0.0, 0.0]","[0.36668381094932556, 0.501197338104248, 0.05282581225037575, 0.059859491884708405, 0.019433530047535896]",aesthetics,6ca19a0cf89cde8415898f45b043e7f84d3ccd4676051cb62edffee8135b334c
desk_lamp_012,desk_lamp,3,majority_target,"[0.5333333333333333, 0.4666666666666667, 0.0, 0.0, 0.0]","[0.024375146254897118, 0.9736617207527161, 0.0006701953243464231, 0.0003476927522569895, 0.0009451268706470728]",aesthetics,6ca19a0cf89cde8415898f45b043e7f84d3ccd4676051cb62edffee8135b334c
desk_lamp_012,desk_lamp,3,soft_ce_only,"[0.5333333333333333, 0.4666666666666667, 0.0, 0.0, 0.0]","[0.3652735948562622, 0.49926984310150146, 0.05262265354394913, 0.06347503513097763, 0.019358791410923004]",aesthetics,6ca19a0cf89cde8415898f45b043e7f84d3ccd4676051cb62edffee8135b334c
desk_lamp_012,desk_lamp,3,category_prior,"[0.5333333333333333, 0.4666666666666667, 0.0, 0.0, 0.0]","[0.5577777777777778, 0.2822222222222222, 0.10222222222222221, 0.04444444444444444, 0.013333333333333334]",functionality,6ca19a0cf89cde8415898f45b043e7f84d3ccd4676051cb62edffee8135b334c
desk_lamp_013,desk_lamp,1,soft_target,"[0.8666666666666667, 0.0, 0.06666666666666667, 0.06666666666666667, 0.0]","[0.8486104011535645, 0.04497470334172249, 0.06543780863285065, 0.03728533908724785, 0.003691748483106494]",functionality,5e186132ce67e86bc451eab6b07777b66e28ba3243661b861b7b6f528fb4b757
desk_lamp_013,desk_lamp,1,majority_target,"[0.8666666666666667, 0.0, 0.06666666666666667, 0.06666666666666667, 0.0]","[0.977927565574646, 0.01791136898100376, 0.0028339901473373175, 2.9575339794973843e-05, 0.0012974952114745975]",functionality,5e186132ce67e86bc451eab6b07777b66e28ba3243661b861b7b6f528fb4b757
desk_lamp_013,desk_lamp,1,soft_ce_only,"[0.8666666666666667, 0.0, 0.06666666666666667, 0.06666666666666667, 0.0]","[0.7525720596313477, 0.13077740371227264, 0.07000010460615158, 0.037468355149030685, 0.009182015433907509]",functionality,5e186132ce67e86bc451eab6b07777b66e28ba3243661b861b7b6f528fb4b757
desk_lamp_013,desk_lamp,1,category_prior,"[0.8666666666666667, 0.0, 0.06666666666666667, 0.06666666666666667, 0.0]","[0.5111111111111112, 0.3088888888888889, 0.10888888888888888, 0.04, 0.03111111111111111]",functionality,5e186132ce67e86bc451eab6b07777b66e28ba3243661b861b7b6f528fb4b757
desk_lamp_014,desk_lamp,5,soft_target,"[0.3333333333333333, 0.5333333333333333, 0.06666666666666667, 0.06666666666666667, 0.0]","[0.7467832565307617, 0.06525319069623947, 0.14705033600330353, 0.031801868230104446, 0.009111386723816395]",functionality,258b6c3c2943ef247428da823beb50adefca75ceef6a24464edb4f8a51fa4c82
desk_lamp_014,desk_lamp,5,majority_target,"[0.3333333333333333, 0.5333333333333333, 0.06666666666666667, 0.06666666666666667, 0.0]","[0.7641586661338806, 0.21893511712551117, 0.00682113179937005, 0.00016041765047702938, 0.009924688376486301]",functionality,258b6c3c2943ef247428da823beb50adefca75ceef6a24464edb4f8a51fa4c82
desk_lamp_014,desk_lamp,5,soft_ce_only,"[0.3333333333333333, 0.5333333333333333, 0.06666666666666667, 0.06666666666666667, 0.0]","[0.5393853783607483, 0.21122634410858154, 0.18640659749507904, 0.05340638384222984, 0.009575236588716507]",functionality,258b6c3c2943ef247428da823beb50adefca75ceef6a24464edb4f8a51fa4c82
desk_lamp_014,desk_lamp,5,category_prior,"[0.3333333333333333, 0.5333333333333333, 0.06666666666666667, 0.06666666666666667, 0.0]","[0.4955555555555555, 0.3244444444444444, 0.11333333333333333, 0.03111111111111111, 0.035555555555555556]",functionality,258b6c3c2943ef247428da823beb50adefca75ceef6a24464edb4f8a51fa4c82
desk_lamp_015,desk_lamp,2,soft_target,"[0.23333333333333334, 0.6333333333333333, 0.0, 0.06666666666666667, 0.06666666666666667]","[0.41391435265541077, 0.4690264165401459, 0.036167435348033905, 0.05963001400232315, 0.02126173861324787]",aesthetics,025ef989dca78500ce6ed14084a52592e7dcdd4679f9321cf390ef7bd50271de
desk_lamp_015,desk_lamp,2,majority_target,"[0.23333333333333334, 0.6333333333333333, 0.0, 0.06666666666666667, 0.06666666666666667]","[0.05330412834882736, 0.9448382258415222, 0.0016096452018246055, 0.00010290116915712133, 0.00014511389599647373]",aesthetics,025ef989dca78500ce6ed14084a52592e7dcdd4679f9321cf390ef7bd50271de
desk_lamp_015,desk_lamp,2,soft_ce_only,"[0.23333333333333334, 0.6333333333333333, 0.0, 0.06666666666666667, 0.06666666666666667]","[0.3894856572151184, 0.4698093831539154, 0.041051484644412994, 0.06768245995044708, 0.031970929354429245]",aesthetics,025ef989dca78500ce6ed14084a52592e7dcdd4679f9321cf390ef7bd50271de
desk_lamp_015,desk_lamp,2,category_prior,"[0.23333333333333334, 0.6333333333333333, 0.0, 0.06666666666666667, 0.06666666666666667]","[0.5399999999999999, 0.27999999999999997, 0.09333333333333332, 0.05333333333333333, 0.03333333333333333]",functionality,025ef989dca78500ce6ed14084a52592e7dcdd4679f9321cf390ef7bd50271de
desk_lamp_016,desk_lamp,4,soft_target,"[0.6333333333333333, 0.3, 0.06666666666666667, 0.0, 0.0]","[0.3088701665401459, 0.5420840978622437, 0.03255467861890793, 0.04312794655561447, 0.07336310297250748]",aesthetics,b360ab0aecbc2756e6061b195915870670076ac70620e38b81404bbc68e171d7
desk_lamp_016,desk_lamp,4,majority_target,"[0.6333333333333333, 0.3, 0.06666666666666667, 0.0, 0.0]","[0.08479662239551544, 0.9116496443748474, 0.0016024052165448666, 0.00019138000789098442, 0.0017598978010937572]",aesthetics,b360ab0aecbc2756e6061b195915870670076ac70620e38b81404bbc68e171d7
desk_lamp_016,desk_lamp,4,soft_ce_only,"[0.6333333333333333, 0.3, 0.06666666666666667, 0.0, 0.0]","[0.17989550530910492, 0.7115005254745483, 0.032253485172986984, 0.0548650287091732, 0.021485453471541405]",aesthetics,b360ab0aecbc2756e6061b195915870670076ac70620e38b81404bbc68e171d7
desk_lamp_016,desk_lamp,4,category_prior,"[0.6333333333333333, 0.3, 0.06666666666666667, 0.0, 0.0]","[0.5288888888888889, 0.31777777777777777, 0.10222222222222221, 0.031111111111111107, 0.02]",functionality,b360ab0aecbc2756e6061b195915870670076ac70620e38b81404bbc68e171d7
desk_lamp_017,desk_lamp,3,soft_target,"[0.7, 0.16666666666666666, 0.13333333333333333, 0.0, 0.0]","[0.5925427079200745, 0.2979491651058197, 0.06245353817939758, 0.028593312948942184, 0.018461233004927635]",functionality,e9ac0bf7b2275e5e07b2482a59cef816f109d12b0a00e059dfdc79436ff81edc
desk_lamp_017,desk_lamp,3,majority_target,"[0.7, 0.16666666666666666, 0.13333333333333333, 0.0, 0.0]","[0.8914855718612671, 0.10647276788949966, 0.0014720254112035036, 0.00012083120236638933, 0.00044894235907122493]",functionality,e9ac0bf7b2275e5e07b2482a59cef816f109d12b0a00e059dfdc79436ff81edc
desk_lamp_017,desk_lamp,3,soft_ce_only,"[0.7, 0.16666666666666666, 0.13333333333333333, 0.0, 0.0]","[0.5536180138587952, 0.33578628301620483, 0.06211421266198158, 0.031232992187142372, 0.017248496413230896]",functionality,e9ac0bf7b2275e5e07b2482a59cef816f109d12b0a00e059dfdc79436ff81edc
desk_lamp_017,desk_lamp,3,category_prior,"[0.7, 0.16666666666666666, 0.13333333333333333, 0.0, 0.0]","[0.5577777777777778, 0.2822222222222222, 0.10222222222222221, 0.04444444444444444, 0.013333333333333334]",functionality,e9ac0bf7b2275e5e07b2482a59cef816f109d12b0a00e059dfdc79436ff81edc
desk_lamp_018,desk_lamp,2,soft_target,"[0.8, 0.06666666666666667, 0.13333333333333333, 0.0, 0.0]","[0.8854197263717651, 0.028461771085858345, 0.04692552611231804, 0.036545637995004654, 0.0026473570615053177]",functionality,c643668a5db54cb9b27dab5f0eab741831d42ac70870a1277a0d04b43d2bd2a1
desk_lamp_018,desk_lamp,2,majority_target,"[0.8, 0.06666666666666667, 0.13333333333333333, 0.0, 0.0]","[0.9995790123939514, 3.762201959034428e-05, 0.0003799689293373376, 2.2243496005103225e-06, 1.209357833431568e-06]",functionality,c643668a5db54cb9b27dab5f0eab741831d42ac70870a1277a0d04b43d2bd2a1
desk_lamp_018,desk_lamp,2,soft_ce_only,"[0.8, 0.06666666666666667, 0.13333333333333333, 0.0, 0.0]","[0.8248679041862488, 0.06770928204059601, 0.0561329647898674, 0.04653586447238922, 0.004753937944769859]",functionality,c643668a5db54cb9b27dab5f0eab741831d42ac70870a1277a0d04b43d2bd2a1
desk_lamp_018,desk_lamp,2,category_prior,"[0.8, 0.06666666666666667, 0.13333333333333333, 0.0, 0.0]","[0.5399999999999999, 0.27999999999999997, 0.09333333333333332, 0.05333333333333333, 0.03333333333333333]",functionality,c643668a5db54cb9b27dab5f0eab741831d42ac70870a1277a0d04b43d2bd2a1
desk_lamp_019,desk_lamp,1,soft_target,"[0.4, 0.4, 0.13333333333333333, 0.06666666666666667, 0.0]","[0.6571842432022095, 0.20042985677719116, 0.07848946750164032, 0.0506766103208065, 0.013219782151281834]",functionality,dde62f3dea965197a840033b9d30bfb3c4512d22bb3c3e8492ca273cbf82e3a1
desk_lamp_019,desk_lamp,1,majority_target,"[0.4, 0.4, 0.13333333333333333, 0.06666666666666667, 0.0]","[0.5129157304763794, 0.48183977603912354, 0.0037956724409013987, 5.2476574637694284e-05, 0.0013963498640805483]",functionality,dde62f3dea965197a840033b9d30bfb3c4512d22bb3c3e8492ca273cbf82e3a1
desk_lamp_019,desk_lamp,1,soft_ce_only,"[0.4, 0.4, 0.13333333333333333, 0.06666666666666667, 0.0]","[0.48487618565559387, 0.35474297404289246, 0.0698530375957489, 0.06562085449695587, 0.024906868115067482]",functionality,dde62f3dea965197a840033b9d30bfb3c4512d22bb3c3e8492ca273cbf82e3a1
desk_lamp_019,desk_lamp,1,category_prior,"[0.4, 0.4, 0.13333333333333333, 0.06666666666666667, 0.0]","[0.5111111111111112, 0.3088888888888889, 0.10888888888888888, 0.04, 0.03111111111111111]",functionality,dde62f3dea965197a840033b9d30bfb3c4512d22bb3c3e8492ca273cbf82e3a1
desk_lamp_020,desk_lamp,3,soft_target,"[0.23333333333333334, 0.4666666666666667, 0.23333333333333334, 0.06666666666666667, 0.0]","[0.5174350142478943, 0.35562756657600403, 0.08446894586086273, 0.024200759828090668, 0.018267691135406494]",functionality,b29928d27fd05108ab87947747c7e84693453c2fc7ddb1b5247b21f902e27298
desk_lamp_020,desk_lamp,3,majority_target,"[0.23333333333333334, 0.4666666666666667, 0.23333333333333334, 0.06666666666666667, 0.0]","[0.26742908358573914, 0.726947546005249, 0.0033664351794868708, 0.0001502400846220553, 0.002106661209836602]",aesthetics,b29928d27fd05108ab87947747c7e84693453c2fc7ddb1b5247b21f902e27298
desk_lamp_020,desk_lamp,3,soft_ce_only,"[0.23333333333333334, 0.4666666666666667, 0.23333333333333334, 0.06666666666666667, 0.0]","[0.4587318003177643, 0.40482938289642334, 0.08485685288906097, 0.03323042020201683, 0.018351580947637558]",functionality,b29928d27fd05108ab87947747c7e84693453c2fc7ddb1b5247b21f902e27298
desk_lamp_020,desk_lamp,3,category_prior,"[0.23333333333333334, 0.4666666666666667, 0.23333333333333334, 0.06666666666666667, 0.0]","[0.5577777777777778, 0.2822222222222222, 0.10222222222222221, 0.04444444444444444, 0.013333333333333334]",functionality,b29928d27fd05108ab87947747c7e84693453c2fc7ddb1b5247b21f902e27298
desk_lamp_021,desk_lamp,4,soft_target,"[0.4666666666666667, 0.23333333333333334, 0.23333333333333334, 0.06666666666666667, 0.0]","[0.5651037096977234, 0.2355702668428421, 0.1619049310684204, 0.03188097104430199, 0.005540082231163979]",functionality,2ff29c507414ca435dea5aaad37397f8ac7976c3fe5c1d269fb6acfdd72e2b58
desk_lamp_021,desk_lamp,4,majority_target,"[0.4666666666666667, 0.23333333333333334, 0.23333333333333334, 0.06666666666666667, 0.0]","[0.7658207416534424, 0.20611785352230072, 0.026204943656921387, 0.00042356346966698766, 0.001432896824553609]",functionality,2ff29c507414ca435dea5aaad37397f8ac7976c3fe5c1d269fb6acfdd72e2b58
desk_lamp_021,desk_lamp,4,soft_ce_only,"[0.4666666666666667, 0.23333333333333334, 0.23333333333333334, 0.06666666666666667, 0.0]","[0.35409778356552124, 0.4546705484390259, 0.10145071893930435, 0.07422292977571487, 0.0155579699203372]",aesthetics,2ff29c507414ca435dea5aaad37397f8ac7976c3fe5c1d269fb6acfdd72e2b58
desk_lamp_021,desk_lamp,4,category_prior,"[0.4666666666666667, 0.23333333333333334, 0.23333333333333334, 0.06666666666666667, 0.0]","[0.5288888888888889, 0.31777777777777777, 0.10222222222222221, 0.031111111111111107, 0.02]",functionality,2ff29c507414ca435dea5aaad37397f8ac7976c3fe5c1d269fb6acfdd72e2b58
desk_lamp_022,desk_lamp,1,soft_target,"[0.3333333333333333, 0.5333333333333333, 0.0, 0.06666666666666667, 0.06666666666666667]","[0.6377057433128357, 0.23459884524345398, 0.07616309076547623, 0.03829720616340637, 0.01323515921831131]",functionality,051b3b7726e125a8026b321d02a87118a192ea9c568b5392d32c0ba85382ab2c
desk_lamp_022,desk_lamp,1,majority_target,"[0.3333333333333333, 0.5333333333333333, 0.0, 0.06666666666666667, 0.06666666666666667]","[0.4807564318180084, 0.5117625594139099, 0.004291390534490347, 4.996091593056917e-05, 0.003139647888019681]",aesthetics,051b3b7726e125a8026b321d02a87118a192ea9c568b5392d32c0ba85382ab2c
desk_lamp_022,desk_lamp,1,soft_ce_only,"[0.3333333333333333, 0.5333333333333333, 0.0, 0.06666666666666667, 0.06666666666666667]","[0.47679200768470764, 0.3713259994983673, 0.0731184259057045, 0.05349457636475563, 0.025269050151109695]",functionality,051b3b7726e125a8026b321d02a87118a192ea9c568b5392d32c0ba85382ab2c
desk_lamp_022,desk_lamp,1,category_prior,"[0.3333333333333333, 0.5333333333333333, 0.0, 0.06666666666666667, 0.06666666666666667]","[0.5111111111111112, 0.3088888888888889, 0.10888888888888888, 0.04, 0.03111111111111111]",functionality,051b3b7726e125a8026b321d02a87118a192ea9c568b5392d32c0ba85382ab2c
desk_lamp_023,desk_lamp,2,soft_target,"[0.36666666666666664, 0.5, 0.13333333333333333, 0.0, 0.0]","[0.4881812632083893, 0.33552175760269165, 0.07486502081155777, 0.0660681501030922, 0.035363733768463135]",functionality,93f8617c18b4dd8aaabc585778dd28a2852bc2bf84ebd6e45b4d517599ab0eee
desk_lamp_023,desk_lamp,2,majority_target,"[0.36666666666666664, 0.5, 0.13333333333333333, 0.0, 0.0]","[0.45756569504737854, 0.5184898376464844, 0.022780854254961014, 0.00022333563538268209, 0.00094027811428532]",aesthetics,93f8617c18b4dd8aaabc585778dd28a2852bc2bf84ebd6e45b4d517599ab0eee
desk_lamp_023,desk_lamp,2,soft_ce_only,"[0.36666666666666664, 0.5, 0.13333333333333333, 0.0, 0.0]","[0.41564494371414185, 0.36680537462234497, 0.08184533566236496, 0.06785217672586441, 0.06785217672586441]",functionality,93f8617c18b4dd8aaabc585778dd28a2852bc2bf84ebd6e45b4d517599ab0eee
desk_lamp_023,desk_lamp,2,category_prior,"[0.36666666666666664, 0.5, 0.13333333333333333, 0.0, 0.0]","[0.5399999999999999, 0.27999999999999997, 0.09333333333333332, 0.05333333333333333, 0.03333333333333333]",functionality,93f8617c18b4dd8aaabc585778dd28a2852bc2bf84ebd6e45b4d517599ab0eee
desk_lamp_024,desk_lamp,4,soft_target,"[0.23333333333333334, 0.5666666666666667, 0.06666666666666667, 0.13333333333333333, 0.0]","[0.29619133472442627, 0.6270370483398438, 0.03649792820215225, 0.028424618765711784, 0.011849143542349339]",aesthetics,9a0cb515f8839e3777af0edb96d8e891edb183119d9573b04ad12a4b08e6ec55
desk_lamp_024,desk_lamp,4,majority_target,"[0.23333333333333334, 0.5666666666666667, 0.06666666666666667, 0.13333333333333333, 0.0]","[0.0673743188381195, 0.9300737977027893, 0.0013135900953784585, 0.00011478022497612983, 0.0011235731653869152]",aesthetics,9a0cb515f8839e3777af0edb96d8e891edb183119d9573b04ad12a4b08e6ec55
desk_lamp_024,desk_lamp,4,soft_ce_only,"[0.23333333333333334, 0.5666666666666667, 0.06666666666666667, 0.13333333333333333, 0.0]","[0.17162944376468658, 0.7225869297981262, 0.035975486040115356, 0.055719923228025436, 0.014088203199207783]",aesthetics,9a0cb515f8839e3777af0edb96d8e891edb183119d9573b04ad12a4b08e6ec55
desk_lamp_024,desk_lamp,4,category_prior,"[0.23333333333333334, 0.5666666666666667, 0.06666666666666667, 0.13333333333333333, 0.0]","[0.5288888888888889, 0.31777777777777777, 0.10222222222222221, 0.031111111111111107, 0.02]",functionality,9a0cb515f8839e3777af0edb96d8e891edb183119d9573b04ad12a4b08e6ec55
desk_lamp_025,desk_lamp,4,soft_target,"[0.7333333333333333, 0.06666666666666667, 0.06666666666666667, 0.06666666666666667, 0.06666666666666667]","[0.6284607648849487, 0.2461087554693222, 0.09637758135795593, 0.022891681641340256, 0.006161212921142578]",functionality,ec916d20f26018e099bff112d827812f11ef1b7a6d293c520b898cc9d9b41a22
desk_lamp_025,desk_lamp,4,majority_target,"[0.7333333333333333, 0.06666666666666667, 0.06666666666666667, 0.06666666666666667, 0.06666666666666667]","[0.5257411003112793, 0.46396487951278687, 0.008767562918365002, 0.00018196494784206152, 0.0013445491204038262]",functionality,ec916d20f26018e099bff112d827812f11ef1b7a6d293c520b898cc9d9b41a22
desk_lamp_025,desk_lamp,4,soft_ce_only,"[0.7333333333333333, 0.06666666666666667, 0.06666666666666667, 0.06666666666666667, 0.06666666666666667]","[0.268942654132843, 0.6060715913772583, 0.056373439729213715, 0.05295794457197189, 0.015654340386390686]",aesthetics,ec916d20f26018e099bff112d827812f11ef1b7a6d293c520b898cc9d9b41a22
desk_lamp_025,desk_lamp,4,category_prior,"[0.7333333333333333, 0.06666666666666667, 0.06666666666666667, 0.06666666666666667, 0.06666666666666667]","[0.5288888888888889, 0.31777777777777777, 0.10222222222222221, 0.031111111111111107, 0.02]",functionality,ec916d20f26018e099bff112d827812f11ef1b7a6d293c520b898cc9d9b41a22
early_automobile_001,early_automobile,4,soft_target,"[0.3, 0.06666666666666667, 0.06666666666666667, 0.5666666666666667, 0.0]","[0.19404740631580353, 0.014502954669296741, 0.011294913478195667, 0.720973551273346, 0.05918111279606819]",symbolism,0188f74b3fb64118bba820fa96eee38fa4ce1569838c595055f88b2f6c98825f
early_automobile_001,early_automobile,4,majority_target,"[0.3, 0.06666666666666667, 0.06666666666666667, 0.5666666666666667, 0.0]","[2.812898401316488e-06, 3.0893643270246685e-06, 2.812898401316488e-06, 0.9999548196792603, 3.647822086350061e-05]",symbolism,0188f74b3fb64118bba820fa96eee38fa4ce1569838c595055f88b2f6c98825f
early_automobile_001,early_automobile,4,soft_ce_only,"[0.3, 0.06666666666666667, 0.06666666666666667, 0.5666666666666667, 0.0]","[0.2044690102338791, 0.020245175808668137, 0.01962229609489441, 0.6704281568527222, 0.0852353647351265]",symbolism,0188f74b3fb64118bba820fa96eee38fa4ce1569838c595055f88b2f6c98825f
early_automobile_001,early_automobile,4,category_prior,"[0.3, 0.06666666666666667, 0.06666666666666667, 0.5666666666666667, 0.0]","[0.22666666666666666, 0.05333333333333333, 0.02222222222222222, 0.6822222222222223, 0.015555555555555555]",symbolism,0188f74b3fb64118bba820fa96eee38fa4ce1569838c595055f88b2f6c98825f
early_automobile_002,early_automobile,5,soft_target,"[0.2, 0.16666666666666666, 0.06666666666666667, 0.5666666666666667, 0.0]","[0.17872817814350128, 0.0363108329474926, 0.05802454426884651, 0.7068836688995361, 0.020052745938301086]",symbolism,9e68febfd46a6b6160ed48a45e074517cd7fd98395b73272b06afa132fe79460
early_automobile_002,early_automobile,5,majority_target,"[0.2, 0.16666666666666666, 0.06666666666666667, 0.5666666666666667, 0.0]","[0.0005571499932557344, 0.00011319189798086882, 9.890596629702486e-06, 0.9763579964637756, 0.02296173945069313]",symbolism,9e68febfd46a6b6160ed48a45e074517cd7fd98395b73272b06afa132fe79460
early_automobile_002,early_automobile,5,soft_ce_only,"[0.2, 0.16666666666666666, 0.06666666666666667, 0.5666666666666667, 0.0]","[0.07534559816122055, 0.015307387337088585, 0.028597967699170113, 0.862284779548645, 0.018464233726263046]",symbolism,9e68febfd46a6b6160ed48a45e074517cd7fd98395b73272b06afa132fe79460
early_automobile_002,early_automobile,5,category_prior,"[0.2, 0.16666666666666666, 0.06666666666666667, 0.5666666666666667, 0.0]","[0.21333333333333332, 0.05333333333333333, 0.05111111111111111, 0.6622222222222223, 0.02]",symbolism,9e68febfd46a6b6160ed48a45e074517cd7fd98395b73272b06afa132fe79460
early_automobile_003,early_automobile,3,soft_target,"[0.23333333333333334, 0.0, 0.0, 0.7666666666666667, 0.0]","[0.2614666819572449, 0.018940584734082222, 0.04268326610326767, 0.6676785945892334, 0.009230904281139374]",symbolism,5ee0df089cd5d78309e679cf8c92e8d215b2fdfd923a688cc69fd2fb9047ea54
early_automobile_003,early_automobile,3,majority_target,"[0.23333333333333334, 0.0, 0.0, 0.7666666666666667, 0.0]","[2.260277142340783e-06, 3.966909844166366e-06, 1.287867121391173e-06, 0.9999768733978271, 1.568943480378948e-05]",symbolism,5ee0df089cd5d78309e679cf8c92e8d215b2fdfd923a688cc69fd2fb9047ea54
early_automobile_003,early_automobile,3,soft_ce_only,"[0.23333333333333334, 0.0, 0.0, 0.7666666666666667, 0.0]","[0.29397687315940857, 0.0273441094905138, 0.047990407794713974, 0.6223490238189697, 0.008339482359588146]",symbolism,5ee0df089cd5d78309e679cf8c92e8d215b2fdfd923a688cc69fd2fb9047ea54
early_automobile_003,early_automobile,3,category_prior,"[0.23333333333333334, 0.0, 0.0, 0.7666666666666667, 0.0]","[0.21333333333333335, 0.07555555555555556, 0.031111111111111107, 0.6755555555555557, 0.0044444444444444444]",symbolism,5ee0df089cd5d78309e679cf8c92e8d215b2fdfd923a688cc69fd2fb9047ea54
early_automobile_004,early_automobile,4,soft_target,"[0.16666666666666666, 0.0, 0.0, 0.7666666666666667, 0.06666666666666667]","[0.15549686551094055, 0.05048244073987007, 0.01638924703001976, 0.7418340444564819, 0.03579740971326828]",symbolism,7832c9117b8f79bb2c4644a62e2ffe631f183d5b9591a67f15e3a7f461b6d25d
early_automobile_004,early_automobile,4,majority_target,"[0.16666666666666666, 0.0, 0.0, 0.7666666666666667, 0.06666666666666667]","[3.089326128247194e-06, 1.2218521078466438e-05, 3.3929611618077615e-06, 0.999942421913147, 3.883038152707741e-05]",symbolism,7832c9117b8f79bb2c4644a62e2ffe631f183d5b9591a67f15e3a7f461b6d25d
early_automobile_004,early_automobile,4,soft_ce_only,"[0.16666666666666666, 0.0, 0.0, 0.7666666666666667, 0.06666666666666667]","[0.1610662341117859, 0.07608228921890259, 0.02548437938094139, 0.678114116191864, 0.05925295129418373]",symbolism,7832c9117b8f79bb2c4644a62e2ffe631f183d5b9591a67f15e3a7f461b6d25d
early_automobile_004,early_automobile,4,category_prior,"[0.16666666666666666, 0.0, 0.0, 0.7666666666666667, 0.06666666666666667]","[0.22666666666666666, 0.05333333333333333, 0.02222222222222222, 0.6822222222222223, 0.015555555555555555]",symbolism,7832c9117b8f79bb2c4644a62e2ffe631f183d5b9591a67f15e3a7f461b6d25d
early_automobile_005,early_automobile,1,soft_target,"[0.23333333333333334, 0.06666666666666667, 0.0, 0.7, 0.0]","[0.15129758417606354, 0.028875652700662613, 0.0382540188729763, 0.7683525681495667, 0.013220235705375671]",symbolism,ddea627f460dd2c2363348b216beec6c45c6ec928e80d9f0d3d37da6fb8f9188
early_automobile_005,early_automobile,1,majority_target,"[0.23333333333333334, 0.06666666666666667, 0.0, 0.7, 0.0]","[3.3914407140400726e-06, 1.3413407941698097e-05, 9.565998198013403e-07, 0.9994943141937256, 0.00048784847604110837]",symbolism,ddea627f460dd2c2363348b216beec6c45c6ec928e80d9f0d3d37da6fb8f9188
early_automobile_005,early_automobile,1,soft_ce_only,"[0.23333333333333334, 0.06666666666666667, 0.0, 0.7, 0.0]","[0.1728566586971283, 0.038569532334804535, 0.04370500519871712, 0.7277536988258362, 0.01711512729525566]",symbolism,ddea627f460dd2c2363348b216beec6c45c6ec928e80d9f0d3d37da6fb8f9188
early_automobile_005,early_automobile,1,category_prior,"[0.23333333333333334, 0.06666666666666667, 0.0, 0.7, 0.0]","[0.22000000000000003, 0.05333333333333334, 0.05999999999999999, 0.6466666666666666, 0.02]",symbolism,ddea627f460dd2c2363348b216beec6c45c6ec928e80d9f0d3d37da6fb8f9188
early_automobile_006,early_automobile,4,soft_target,"[0.23333333333333334, 0.06666666666666667, 0.23333333333333334, 0.4666666666666667, 0.0]","[0.140590637922287, 0.025206517428159714, 0.015288524329662323, 0.8090433478355408, 0.009871012531220913]",symbolism,a92d40ff7c86369e6b1d2d63e6b8c647904a034dcbab0b1a2f03fb7e527b4032
early_automobile_006,early_automobile,4,majority_target,"[0.23333333333333334, 0.06666666666666667, 0.23333333333333334, 0.4666666666666667, 0.0]","[1.6027751144065405e-06, 5.255297310213791e-06, 2.332023996132193e-06, 0.9999760389328003, 1.4738845493411645e-05]",symbolism,a92d40ff7c86369e6b1d2d63e6b8c647904a034dcbab0b1a2f03fb7e527b4032
early_automobile_006,early_automobile,4,soft_ce_only,"[0.23333333333333334, 0.06666666666666667, 0.23333333333333334, 0.4666666666666667, 0.0]","[0.15601089596748352, 0.04332265630364418, 0.02468450926244259, 0.7442863583564758, 0.03169553726911545]",symbolism,a92d40ff7c86369e6b1d2d63e6b8c647904a034dcbab0b1a2f03fb7e527b4032
early_automobile_006,early_automobile,4,category_prior,"[0.23333333333333334, 0.06666666666666667, 0.23333333333333334, 0.4666666666666667, 0.0]","[0.22666666666666666, 0.05333333333333333, 0.02222222222222222, 0.6822222222222223, 0.015555555555555555]",symbolism,a92d40ff7c86369e6b1d2d63e6b8c647904a034dcbab0b1a2f03fb7e527b4032
early_automobile_007,early_automobile,2,soft_target,"[0.13333333333333333, 0.13333333333333333, 0.0, 0.7333333333333333, 0.0]","[0.23120932281017303, 0.054917026311159134, 0.034366197884082794, 0.6690263152122498, 0.010481097735464573]",symbolism,1ca23e8425f2cab62ef0b7f6a0f5876dd57628e26a625eaac163f98a8b311301
early_automobile_007,early_automobile,2,majority_target,"[0.13333333333333333, 0.13333333333333333, 0.0, 0.7333333333333333, 0.0]","[2.006125896514277e-07, 1.1189272299816366e-06, 1.9947035525547108e-06, 0.999984860420227, 1.1843099855468608e-05]",symbolism,1ca23e8425f2cab62ef0b7f6a0f5876dd57628e26a625eaac163f98a8b311301
early_automobile_007,early_automobile,2,soft_ce_only,"[0.13333333333333333, 0.13333333333333333, 0.0, 0.7333333333333333, 0.0]","[0.2693992555141449, 0.06811479479074478, 0.037616562098264694, 0.6071006059646606, 0.017768805846571922]",symbolism,1ca23e8425f2cab62ef0b7f6a0f5876dd57628e26a625eaac163f98a8b311301
early_automobile_007,early_automobile,2,category_prior,"[0.13333333333333333, 0.13333333333333333, 0.0, 0.7333333333333333, 0.0]","[0.21333333333333335, 0.05777777777777778, 0.05555555555555555, 0.6600000000000001, 0.013333333333333334]",symbolism,1ca23e8425f2cab62ef0b7f6a0f5876dd57628e26a625eaac163f98a8b311301
early_automobile_008,early_automobile,2,soft_target,"[0.3, 0.13333333333333333, 0.06666666666666667, 0.5, 0.0]","[0.2509906589984894, 0.023345762863755226, 0.03396788612008095, 0.6822632551193237, 0.009432542137801647]",symbolism,f911c14b86af8a4027c79f3132021cff4e8439b9c2fd4b820c5c2a39f0235fad
early_automobile_008,early_automobile,2,majority_target,"[0.3, 0.13333333333333333, 0.06666666666666667, 0.5, 0.0]","[2.3823454853300063e-07, 8.579155519328197e-07, 1.933342446136521e-06, 0.9999898672103882, 7.183239176811185e-06]",symbolism,f911c14b86af8a4027c79f3132021cff4e8439b9c2fd4b820c5c2a39f0235fad
early_automobile_008,early_automobile,2,soft_ce_only,"[0.3, 0.13333333333333333, 0.06666666666666667, 0.5, 0.0]","[0.3070838749408722, 0.03137059137225151, 0.03554753586649895, 0.6107091903686523, 0.015288806520402431]",symbolism,f911c14b86af8a4027c79f3132021cff4e8439b9c2fd4b820c5c2a39f0235fad
early_automobile_008,early_automobile,2,category_prior,"[0.3, 0.13333333333333333, 0.06666666666666667, 0.5, 0.0]","[0.21333333333333335, 0.05777777777777778, 0.05555555555555555, 0.6600000000000001, 0.013333333333333334]",symbolism,f911c14b86af8a4027c79f3132021cff4e8439b9c2fd4b820c5c2a39f0235fad
early_automobile_009,early_automobile,5,soft_target,"[0.16666666666666666, 0.06666666666666667, 0.0, 0.7666666666666667, 0.0]","[0.2745911777019501, 0.046248700469732285, 0.083745576441288, 0.5813094973564148, 0.01410505548119545]",symbolism,48f5760a2b42a3cd62858206f254e373481624b6c77f5ebe75e615649e6503cb
early_automobile_009,early_automobile,5,majority_target,"[0.16666666666666666, 0.06666666666666667, 0.0, 0.7666666666666667, 0.0]","[0.0008825556142255664, 0.000153365166625008, 1.3193138329370413e-05, 0.967839777469635, 0.031111160293221474]",symbolism,48f5760a2b42a3cd62858206f254e373481624b6c77f5ebe75e615649e6503cb
early_automobile_009,early_automobile,5,soft_ce_only,"[0.16666666666666666, 0.06666666666666667, 0.0, 0.7666666666666667, 0.0]","[0.10975702106952667, 0.020947495475411415, 0.04037735238671303, 0.8110008239746094, 0.017917340621352196]",symbolism,48f5760a2b42a3cd62858206f254e373481624b6c77f5ebe75e615649e6503cb
early_automobile_009,early_automobile,5,category_prior,"[0.16666666666666666, 0.06666666666666667, 0.0, 0.7666666666666667, 0.0]","[0.21333333333333332, 0.05333333333333333, 0.05111111111111111, 0.6622222222222223, 0.02]",symbolism,48f5760a2b42a3cd62858206f254e373481624b6c77f5ebe75e615649e6503cb
early_automobile_010,early_automobile,1,soft_target,"[0.3333333333333333, 0.13333333333333333, 0.0, 0.5333333333333333, 0.0]","[0.18348369002342224, 0.16192379593849182, 0.03968113288283348, 0.6016198992729187, 0.013291513547301292]",symbolism,c2b49f98fe34881bf9345f43c57f74ec5c37bd8bed11198f20732a03fec37777
early_automobile_010,early_automobile,1,majority_target,"[0.3333333333333333, 0.13333333333333333, 0.0, 0.5333333333333333, 0.0]","[5.859607426828006e-06, 0.00020981109992135316, 1.8728429722614237e-06, 0.9994471669197083, 0.0003352771745994687]",symbolism,c2b49f98fe34881bf9345f43c57f74ec5c37bd8bed11198f20732a03fec37777
early_automobile_010,early_automobile,1,soft_ce_only,"[0.3333333333333333, 0.13333333333333333, 0.0, 0.5333333333333333, 0.0]","[0.17613308131694794, 0.22615934908390045, 0.03930060565471649, 0.5425280928611755, 0.01587887853384018]",symbolism,c2b49f98fe34881bf9345f43c57f74ec5c37bd8bed11198f20732a03fec37777
early_automobile_010,early_automobile,1,category_prior,"[0.3333333333333333, 0.13333333333333333, 0.0, 0.5333333333333333, 0.0]","[0.22000000000000003, 0.05333333333333334, 0.05999999999999999, 0.6466666666666666, 0.02]",symbolism,c2b49f98fe34881bf9345f43c57f74ec5c37bd8bed11198f20732a03fec37777
early_automobile_011,early_automobile,2,soft_target,"[0.23333333333333334, 0.06666666666666667, 0.0, 0.7, 0.0]","[0.20927740633487701, 0.01717853546142578, 0.03636695817112923, 0.730449914932251, 0.006727210711687803]",symbolism,73fbed3ddd18b9a928016ab53724e1436ed3f12ed82676942ace12294cbf4623
early_automobile_011,early_automobile,2,majority_target,"[0.23333333333333334, 0.06666666666666667, 0.0, 0.7, 0.0]","[1.9750373780880182e-07, 6.893557724652055e-07, 2.9022962735325564e-06, 0.9999916553497314, 4.495164375839522e-06]",symbolism,73fbed3ddd18b9a928016ab53724e1436ed3f12ed82676942ace12294cbf4623
early_automobile_011,early_automobile,2,soft_ce_only,"[0.23333333333333334, 0.06666666666666667, 0.0, 0.7, 0.0]","[0.2489590048789978, 0.020435797050595284, 0.043262582272291183, 0.6767406463623047, 0.010601951740682125]",symbolism,73fbed3ddd18b9a928016ab53724e1436ed3f12ed82676942ace12294cbf4623
early_automobile_011,early_automobile,2,category_prior,"[0.23333333333333334, 0.06666666666666667, 0.0, 0.7, 0.0]","[0.21333333333333335, 0.05777777777777778, 0.05555555555555555, 0.6600000000000001, 0.013333333333333334]",symbolism,73fbed3ddd18b9a928016ab53724e1436ed3f12ed82676942ace12294cbf4623
early_automobile_012,early_automobile,3,soft_target,"[0.43333333333333335, 0.06666666666666667, 0.0, 0.5, 0.0]","[0.22485780715942383, 0.0442771278321743, 0.020915035158395767, 0.6926108002662659, 0.017339173704385757]",symbolism,31c163639b80f393e3c5978d3f23abb12919b99911148901e893136f7c54462b
early_automobile_012,early_automobile,3,majority_target,"[0.43333333333333335, 0.06666666666666667, 0.0, 0.5, 0.0]","[9.72134785115486e-07, 5.255310952634318e-06, 3.4662537018448347e-07, 0.9999786615371704, 1.473888369218912e-05]",symbolism,31c163639b80f393e3c5978d3f23abb12919b99911148901e893136f7c54462b
early_automobile_012,early_automobile,3,soft_ce_only,"[0.43333333333333335, 0.06666666666666667, 0.0, 0.5, 0.0]","[0.25523295998573303, 0.056950170546770096, 0.023740364238619804, 0.6517602205276489, 0.01231633871793747]",symbolism,31c163639b80f393e3c5978d3f23abb12919b99911148901e893136f7c54462b
early_automobile_012,early_automobile,3,category_prior,"[0.43333333333333335, 0.06666666666666667, 0.0, 0.5, 0.0]","[0.21333333333333335, 0.07555555555555556, 0.031111111111111107, 0.6755555555555557, 0.0044444444444444444]",symbolism,31c163639b80f393e3c5978d3f23abb12919b99911148901e893136f7c54462b
early_automobile_013,early_automobile,1,soft_target,"[0.3, 0.0, 0.0, 0.6333333333333333, 0.06666666666666667]","[0.1673414558172226, 0.014622134156525135, 0.054327815771102905, 0.7499723434448242, 0.013736222870647907]",symbolism,98fac63c732c1a4c76d39a513f26028914e8da6c9d1be5b6e3dc8e03d4a8408e
early_automobile_013,early_automobile,1,majority_target,"[0.3, 0.0, 0.0, 0.6333333333333333, 0.06666666666666667]","[3.9651272345508914e-06, 8.66063328430755e-06, 1.552766207169043e-06, 0.9995274543762207, 0.0004583063710015267]",symbolism,98fac63c732c1a4c76d39a513f26028914e8da6c9d1be5b6e3dc8e03d4a8408e
early_automobile_013,early_automobile,1,soft_ce_only,"[0.3, 0.0, 0.0, 0.6333333333333333, 0.06666666666666667]","[0.19809697568416595, 0.020236879587173462, 0.07757588475942612, 0.6914263367652893, 0.012663915753364563]",symbolism,98fac63c732c1a4c76d39a513f26028914e8da6c9d1be5b6e3dc8e03d4a8408e
early_automobile_013,early_automobile,1,category_prior,"[0.3, 0.0, 0.0, 0.6333333333333333, 0.06666666666666667]","[0.22000000000000003, 0.05333333333333334, 0.05999999999999999, 0.6466666666666666, 0.02]",symbolism,98fac63c732c1a4c76d39a513f26028914e8da6c9d1be5b6e3dc8e03d4a8408e
early_automobile_014,early_automobile,1,soft_target,"[0.06666666666666667, 0.0, 0.06666666666666667, 0.8666666666666667, 0.0]","[0.17666326463222504, 0.06499078124761581, 0.04466746747493744, 0.6987168192863464, 0.0149617288261652]",symbolism,bfafab2a21424f0bba692d38b50303f281eeb3bc9b548fb1ed495eb8af6db233
early_automobile_014,early_automobile,1,majority_target,"[0.06666666666666667, 0.0, 0.06666666666666667, 0.8666666666666667, 0.0]","[6.140939603938023e-06, 6.60213190712966e-05, 2.224101081083063e-06, 0.9994673132896423, 0.00045827878057025373]",symbolism,bfafab2a21424f0bba692d38b50303f281eeb3bc9b548fb1ed495eb8af6db233
early_automobile_014,early_automobile,1,soft_ce_only,"[0.06666666666666667, 0.0, 0.06666666666666667, 0.8666666666666667, 0.0]","[0.18816223740577698, 0.08888154476881027, 0.04757486283779144, 0.6567507386207581, 0.018630584701895714]",symbolism,bfafab2a21424f0bba692d38b50303f281eeb3bc9b548fb1ed495eb8af6db233
early_automobile_014,early_automobile,1,category_prior,"[0.06666666666666667, 0.0, 0.06666666666666667, 0.8666666666666667, 0.0]","[0.22000000000000003, 0.05333333333333334, 0.05999999999999999, 0.6466666666666666, 0.02]",symbolism,bfafab2a21424f0bba692d38b50303f281eeb3bc9b548fb1ed495eb8af6db233
early_automobile_015,early_automobile,3,soft_target,"[0.26666666666666666, 0.06666666666666667, 0.06666666666666667, 0.6, 0.0]","[0.16299881041049957, 0.07699517905712128, 0.021380789577960968, 0.7305099368095398, 0.008115232922136784]",symbolism,f5632a9b6391417e960728261cd92703d13948b4eb7a4fa5a9618b92db9fb362
early_automobile_015,early_automobile,3,majority_target,"[0.26666666666666666, 0.06666666666666667, 0.06666666666666667, 0.6, 0.0]","[1.6536394014110556e-06, 1.6701165804988705e-05, 6.577723183909256e-07, 0.9999679327011108, 1.300688018091023e-05]",symbolism,f5632a9b6391417e960728261cd92703d13948b4eb7a4fa5a9618b92db9fb362
early_automobile_015,early_automobile,3,soft_ce_only,"[0.26666666666666666, 0.06666666666666667, 0.06666666666666667, 0.6, 0.0]","[0.19725915789604187, 0.11964374035596848, 0.028417879715561867, 0.6467879414558411, 0.007891359739005566]",symbolism,f5632a9b6391417e960728261cd92703d13948b4eb7a4fa5a9618b92db9fb362
early_automobile_015,early_automobile,3,category_prior,"[0.26666666666666666, 0.06666666666666667, 0.06666666666666667, 0.6, 0.0]","[0.21333333333333335, 0.07555555555555556, 0.031111111111111107, 0.6755555555555557, 0.0044444444444444444]",symbolism,f5632a9b6391417e960728261cd92703d13948b4eb7a4fa5a9618b92db9fb362
early_automobile_016,early_automobile,3,soft_target,"[0.2, 0.0, 0.06666666666666667, 0.7333333333333333, 0.0]","[0.2020496428012848, 0.05788819119334221, 0.02413138747215271, 0.7052225470542908, 0.010708237998187542]",symbolism,905f02241ab6171a5cc11c96040039e236d3b93c92508425a558d5b91946f9f0
early_automobile_016,early_automobile,3,majority_target,"[0.2, 0.0, 0.06666666666666667, 0.7333333333333333, 0.0]","[9.132362492891843e-07, 8.139585588651244e-06, 3.927780198864639e-07, 0.99997878074646, 1.1843028005387168e-05]",symbolism,905f02241ab6171a5cc11c96040039e236d3b93c92508425a558d5b91946f9f0
early_automobile_016,early_automobile,3,soft_ce_only,"[0.2, 0.0, 0.06666666666666667, 0.7333333333333333, 0.0]","[0.2352575659751892, 0.0865464136004448, 0.028989417478442192, 0.6394962668418884, 0.009710238315165043]",symbolism,905f02241ab6171a5cc11c96040039e236d3b93c92508425a558d5b91946f9f0
early_automobile_016,early_automobile,3,category_prior,"[0.2, 0.0, 0.06666666666666667, 0.7333333333333333, 0.0]","[0.21333333333333335, 0.07555555555555556, 0.031111111111111107, 0.6755555555555557, 0.0044444444444444444]",symbolism,905f02241ab6171a5cc11c96040039e236d3b93c92508425a558d5b91946f9f0
early_automobile_017,early_automobile,4,soft_target,"[0.13333333333333333, 0.0, 0.13333333333333333, 0.7333333333333333, 0.0]","[0.1717413067817688, 0.01754448004066944, 0.020511573180556297, 0.7696911096572876, 0.020511573180556297]",symbolism,a75c3cf4f3718583c3d79081df68abcf1895561fa2a4bcedce6d5ae3aacb69da
early_automobile_017,early_automobile,4,majority_target,"[0.13333333333333333, 0.0, 0.13333333333333333, 0.7333333333333333, 0.0]","[2.9022403396083973e-06, 2.9022403396083973e-06, 6.144042345113121e-06, 0.9999723434448242, 1.568936204421334e-05]",symbolism,a75c3cf4f3718583c3d79081df68abcf1895561fa2a4bcedce6d5ae3aacb69da
early_automobile_017,early_automobile,4,soft_ce_only,"[0.13333333333333333, 0.0, 0.13333333333333333, 0.7333333333333333, 0.0]","[0.18189330399036407, 0.027036027982831, 0.034714940935373306, 0.7194019556045532, 0.036953866481781006]",symbolism,a75c3cf4f3718583c3d79081df68abcf1895561fa2a4bcedce6d5ae3aacb69da
early_automobile_017,early_automobile,4,category_prior,"[0.13333333333333333, 0.0, 0.13333333333333333, 0.7333333333333333, 0.0]","[0.22666666666666666, 0.05333333333333333, 0.02222222222222222, 0.6822222222222223, 0.015555555555555555]",symbolism,a75c3cf4f3718583c3d79081df68abcf1895561fa2a4bcedce6d5ae3aacb69da
early_automobile_018,early_automobile,4,soft_target,"[0.13333333333333333, 0.06666666666666667, 0.06666666666666667, 0.6666666666666666, 0.06666666666666667]","[0.12394990026950836, 0.013064222410321236, 0.011895110830664635, 0.8082548379898071, 0.042835939675569534]",symbolism,5c1f61f8561dbf39a7473e1fc981177183987293cd327eebeb28e82a71a79601
early_automobile_018,early_automobile,4,majority_target,"[0.13333333333333333, 0.06666666666666667, 0.06666666666666667, 0.6666666666666666, 0.06666666666666667]","[4.637674010155024e-06, 4.222650204610545e-06, 5.594103186012944e-06, 0.9999524354934692, 3.321371696074493e-05]",symbolism,5c1f61f8561dbf39a7473e1fc981177183987293cd327eebeb28e82a71a79601
early_automobile_018,early_automobile,4,soft_ce_only,"[0.13333333333333333, 0.06666666666666667, 0.06666666666666667, 0.6666666666666666, 0.06666666666666667]","[0.1948004812002182, 0.02806367166340351, 0.025552263483405113, 0.679920494556427, 0.07166308909654617]",symbolism,5c1f61f8561dbf39a7473e1fc981177183987293cd327eebeb28e82a71a79601
early_automobile_018,early_automobile,4,category_prior,"[0.13333333333333333, 0.06666666666666667, 0.06666666666666667, 0.6666666666666666, 0.06666666666666667]","[0.22666666666666666, 0.05333333333333333, 0.02222222222222222, 0.6822222222222223, 0.015555555555555555]",symbolism,5c1f61f8561dbf39a7473e1fc981177183987293cd327eebeb28e82a71a79601
early_automobile_019,early_automobile,3,soft_target,"[0.13333333333333333, 0.0, 0.0, 0.7, 0.16666666666666666]","[0.32436370849609375, 0.014703938737511635, 0.027470573782920837, 0.6059911251068115, 0.027470573782920837]",symbolism,33b8ff9e116374dd37317664c1c4911acad5a33ec256070fe3ce97382d08932f
early_automobile_019,early_automobile,3,majority_target,"[0.13333333333333333, 0.0, 0.0, 0.7, 0.16666666666666666]","[5.255108590063173e-06, 3.966764325014083e-06, 8.314789852192916e-07, 0.9999401569366455, 4.985908526577987e-05]",symbolism,33b8ff9e116374dd37317664c1c4911acad5a33ec256070fe3ce97382d08932f
early_automobile_019,early_automobile,3,soft_ce_only,"[0.13333333333333333, 0.0, 0.0, 0.7, 0.16666666666666666]","[0.3617725372314453, 0.02105768956243992, 0.03063875436782837, 0.5603242516517639, 0.026206716895103455]",symbolism,33b8ff9e116374dd37317664c1c4911acad5a33ec256070fe3ce97382d08932f
early_automobile_019,early_automobile,3,category_prior,"[0.13333333333333333, 0.0, 0.0, 0.7, 0.16666666666666666]","[0.21333333333333335, 0.07555555555555556, 0.031111111111111107, 0.6755555555555557, 0.0044444444444444444]",symbolism,33b8ff9e116374dd37317664c1c4911acad5a33ec256070fe3ce97382d08932f
early_automobile_020,early_automobile,2,soft_target,"[0.16666666666666666, 0.13333333333333333, 0.06666666666666667, 0.6333333333333333, 0.0]","[0.21471676230430603, 0.039718613028526306, 0.03505155071616173, 0.7040292024612427, 0.0064838845282793045]",symbolism,f46544700653fcd2b28bffdd374b86a4f8efa661873efad02e5eeee66f4b97f0
early_automobile_020,early_automobile,2,majority_target,"[0.16666666666666666, 0.13333333333333333, 0.06666666666666667, 0.6333333333333333, 0.0]","[2.5359989308526565e-07, 1.5534876638412243e-06, 2.7264557047601556e-06, 0.9999918937683105, 3.611966576499981e-06]",symbolism,f46544700653fcd2b28bffdd374b86a4f8efa661873efad02e5eeee66f4b97f0
early_automobile_020,early_automobile,2,soft_ce_only,"[0.16666666666666666, 0.13333333333333333, 0.06666666666666667, 0.6333333333333333, 0.0]","[0.2504333257675171, 0.05587923154234886, 0.0435187891125679, 0.6395039558410645, 0.010664737783372402]",symbolism,f46544700653fcd2b28bffdd374b86a4f8efa661873efad02e5eeee66f4b97f0
early_automobile_020,early_automobile,2,category_prior,"[0.16666666666666666, 0.13333333333333333, 0.06666666666666667, 0.6333333333333333, 0.0]","[0.21333333333333335, 0.05777777777777778, 0.05555555555555555, 0.6600000000000001, 0.013333333333333334]",symbolism,f46544700653fcd2b28bffdd374b86a4f8efa661873efad02e5eeee66f4b97f0
early_automobile_021,early_automobile,5,soft_target,"[0.26666666666666666, 0.0, 0.06666666666666667, 0.6666666666666666, 0.0]","[0.2831229865550995, 0.07620152086019516, 0.06517861783504486, 0.5630573034286499, 0.012439555488526821]",symbolism,e80f3e211496f922f9c081b69b69d588285db9141db07fa5061e690f77ae5b4b
early_automobile_021,early_automobile,5,majority_target,"[0.26666666666666666, 0.0, 0.06666666666666667, 0.6666666666666666, 0.0]","[0.0008290880941785872, 0.00020317677990533412, 1.2201713616377674e-05, 0.9678442478179932, 0.031111303716897964]",symbolism,e80f3e211496f922f9c081b69b69d588285db9141db07fa5061e690f77ae5b4b
early_automobile_021,early_automobile,5,soft_ce_only,"[0.26666666666666666, 0.0, 0.06666666666666667, 0.6666666666666666, 0.0]","[0.08764490485191345, 0.034322239458560944, 0.03125075623393059, 0.831551730632782, 0.015230401419103146]",symbolism,e80f3e211496f922f9c081b69b69d588285db9141db07fa5061e690f77ae5b4b
early_automobile_021,early_automobile,5,category_prior,"[0.26666666666666666, 0.0, 0.06666666666666667, 0.6666666666666666, 0.0]","[0.21333333333333332, 0.05333333333333333, 0.05111111111111111, 0.6622222222222223, 0.02]",symbolism,e80f3e211496f922f9c081b69b69d588285db9141db07fa5061e690f77ae5b4b
early_automobile_022,early_automobile,5,soft_target,"[0.2, 0.0, 0.06666666666666667, 0.7333333333333333, 0.0]","[0.17603299021720886, 0.07112375646829605, 0.07571084797382355, 0.6540418863296509, 0.023090504109859467]",symbolism,f84e65dc5467f262885a9b2cb3ffdd64a1445ee3b26f45058bb8c5445d243ffc
early_automobile_022,early_automobile,5,majority_target,"[0.2, 0.0, 0.06666666666666667, 0.7333333333333333, 0.0]","[0.0008569716010242701, 0.00023065076675266027, 1.7238666259800084e-05, 0.9696153998374939, 0.02927984669804573]",symbolism,f84e65dc5467f262885a9b2cb3ffdd64a1445ee3b26f45058bb8c5445d243ffc
early_automobile_022,early_automobile,5,soft_ce_only,"[0.2, 0.0, 0.06666666666666667, 0.7333333333333333, 0.0]","[0.09051031619310379, 0.03773031756281853, 0.041438646614551544, 0.8067097067832947, 0.023611027747392654]",symbolism,f84e65dc5467f262885a9b2cb3ffdd64a1445ee3b26f45058bb8c5445d243ffc
early_automobile_022,early_automobile,5,category_prior,"[0.2, 0.0, 0.06666666666666667, 0.7333333333333333, 0.0]","[0.21333333333333332, 0.05333333333333333, 0.05111111111111111, 0.6622222222222223, 0.02]",symbolism,f84e65dc5467f262885a9b2cb3ffdd64a1445ee3b26f45058bb8c5445d243ffc
early_automobile_023,early_automobile,2,soft_target,"[0.13333333333333333, 0.0, 0.0, 0.8666666666666667, 0.0]","[0.12436479330062866, 0.016830943524837494, 0.04037533327937126, 0.8109602928161621, 0.007468685507774353]",symbolism,e9d6c0714387476fdd164bef21bfd74d6e4085a26cff30fe32761eaf59070a8f
early_automobile_023,early_automobile,2,majority_target,"[0.13333333333333333, 0.0, 0.0, 0.8666666666666667, 0.0]","[2.1691360529985104e-07, 1.5534743624812108e-06, 5.955075266683707e-06, 0.9999833106994629, 8.939627150539309e-06]",symbolism,e9d6c0714387476fdd164bef21bfd74d6e4085a26cff30fe32761eaf59070a8f
early_automobile_023,early_automobile,2,soft_ce_only,"[0.13333333333333333, 0.0, 0.0, 0.8666666666666667, 0.0]","[0.16655050218105316, 0.019279619678854942, 0.054071031510829926, 0.7464275360107422, 0.013671297580003738]",symbolism,e9d6c0714387476fdd164bef21bfd74d6e4085a26cff30fe32761eaf59070a8f
early_automobile_023,early_automobile,2,category_prior,"[0.13333333333333333, 0.0, 0.0, 0.8666666666666667, 0.0]","[0.21333333333333335, 0.05777777777777778, 0.05555555555555555, 0.6600000000000001, 0.013333333333333334]",symbolism,e9d6c0714387476fdd164bef21bfd74d6e4085a26cff30fe32761eaf59070a8f
early_automobile_024,early_automobile,1,soft_target,"[0.23333333333333334, 0.0, 0.0, 0.7666666666666667, 0.0]","[0.20151612162590027, 0.044964320957660675, 0.0372767336666584, 0.7033603191375732, 0.012882494367659092]",symbolism,b4c4ebd57557129728cf2c2cca7d977f3447dd55726787af50c4a57b76eb2ae8
early_automobile_024,early_automobile,1,majority_target,"[0.23333333333333334, 0.0, 0.0, 0.7666666666666667, 0.0]","[2.9011446258664364e-06, 2.143671918020118e-05, 8.056186970861745e-07, 0.9995948672294617, 0.00037997495383024216]",symbolism,b4c4ebd57557129728cf2c2cca7d977f3447dd55726787af50c4a57b76eb2ae8
early_automobile_024,early_automobile,1,soft_ce_only,"[0.23333333333333334, 0.0, 0.0, 0.7666666666666667, 0.0]","[0.22402499616146088, 0.07273025810718536, 0.03773196041584015, 0.6482377648353577, 0.017274951562285423]",symbolism,b4c4ebd57557129728cf2c2cca7d977f3447dd55726787af50c4a57b76eb2ae8
early_automobile_024,early_automobile,1,category_prior,"[0.23333333333333334, 0.0, 0.0, 0.7666666666666667, 0.0]","[0.22000000000000003, 0.05333333333333334, 0.05999999999999999, 0.6466666666666666, 0.02]",symbolism,b4c4ebd57557129728cf2c2cca7d977f3447dd55726787af50c4a57b76eb2ae8
early_automobile_025,early_automobile,5,soft_target,"[0.23333333333333334, 0.23333333333333334, 0.06666666666666667, 0.4666666666666667, 0.0]","[0.19217292964458466, 0.24675492942333221, 0.06046989560127258, 0.49073079228401184, 0.009871439076960087]",symbolism,44b5b77a61bc00b9673071d81b6475a6189abe61b2ae98155f7c504286d97425
early_automobile_025,early_automobile,5,majority_target,"[0.23333333333333334, 0.23333333333333334, 0.06666666666666667, 0.4666666666666667, 0.0]","[0.0010184939019382, 0.0016275487141683698, 2.4713019229238853e-05, 0.9856733083724976, 0.011656044982373714]",symbolism,44b5b77a61bc00b9673071d81b6475a6189abe61b2ae98155f7c504286d97425
early_automobile_025,early_automobile,5,soft_ce_only,"[0.23333333333333334, 0.23333333333333334, 0.06666666666666667, 0.4666666666666667, 0.0]","[0.05571664124727249, 0.18268783390522003, 0.030769651755690575, 0.7225443720817566, 0.008281540125608444]",symbolism,44b5b77a61bc00b9673071d81b6475a6189abe61b2ae98155f7c504286d97425
early_automobile_025,early_automobile,5,category_prior,"[0.23333333333333334, 0.23333333333333334, 0.06666666666666667, 0.4666666666666667, 0.0]","[0.21333333333333332, 0.05333333333333333, 0.05111111111111111, 0.6622222222222223, 0.02]",symbolism,44b5b77a61bc00b9673071d81b6475a6189abe61b2ae98155f7c504286d97425
electric_kettle_001,electric_kettle,1,soft_target,"[0.9333333333333333, 0.0, 0.06666666666666667, 0.0, 0.0]","[0.9304765462875366, 0.008569392375648022, 0.046325698494911194, 0.013272535055875778, 0.0013558747014030814]",functionality,dfa78d337ac21ab56b88b49819a1558eb3b88e2ea43317d4b4c36eca67b03f07
electric_kettle_001,electric_kettle,1,majority_target,"[0.9333333333333333, 0.0, 0.06666666666666667, 0.0, 0.0]","[0.9952007532119751, 0.0009075056295841932, 0.0009967000223696232, 1.098617121897405e-05, 0.002884047105908394]",functionality,dfa78d337ac21ab56b88b49819a1558eb3b88e2ea43317d4b4c36eca67b03f07
electric_kettle_001,electric_kettle,1,soft_ce_only,"[0.9333333333333333, 0.0, 0.06666666666666667, 0.0, 0.0]","[0.9048216938972473, 0.019375083968043327, 0.054338764399290085, 0.018201205879449844, 0.0032632965594530106]",functionality,dfa78d337ac21ab56b88b49819a1558eb3b88e2ea43317d4b4c36eca67b03f07
electric_kettle_001,electric_kettle,1,category_prior,"[0.9333333333333333, 0.0, 0.06666666666666667, 0.0, 0.0]","[0.8400000000000001, 0.035555555555555556, 0.10222222222222221, 0.017777777777777778, 0.0044444444444444444]",functionality,dfa78d337ac21ab56b88b49819a1558eb3b88e2ea43317d4b4c36eca67b03f07
electric_kettle_002,electric_kettle,3,soft_target,"[0.7, 0.06666666666666667, 0.23333333333333334, 0.0, 0.0]","[0.8689906001091003, 0.033694423735141754, 0.07133109122514725, 0.012788960710167885, 0.013194925151765347]",functionality,f982e33f365450310df73d536eca2eb2a56e7efbaace6e7bec0241163c8c815c
electric_kettle_002,electric_kettle,3,majority_target,"[0.7, 0.06666666666666667, 0.23333333333333334, 0.0, 0.0]","[0.9983659386634827, 0.0010316091356799006, 0.0005351917934603989, 1.7474631022196263e-05, 4.978058859705925e-05]",functionality,f982e33f365450310df73d536eca2eb2a56e7efbaace6e7bec0241163c8c815c
electric_kettle_002,electric_kettle,3,soft_ce_only,"[0.7, 0.06666666666666667, 0.23333333333333334, 0.0, 0.0]","[0.8321430087089539, 0.04694629833102226, 0.09336385130882263, 0.016739215701818466, 0.010807651095092297]",functionality,f982e33f365450310df73d536eca2eb2a56e7efbaace6e7bec0241163c8c815c
electric_kettle_002,electric_kettle,3,category_prior,"[0.7, 0.06666666666666667, 0.23333333333333334, 0.0, 0.0]","[0.8488888888888889, 0.015555555555555555, 0.10444444444444442, 0.026666666666666665, 0.0044444444444444444]",functionality,f982e33f365450310df73d536eca2eb2a56e7efbaace6e7bec0241163c8c815c
electric_kettle_003,electric_kettle,4,soft_target,"[0.7, 0.16666666666666666, 0.13333333333333333, 0.0, 0.0]","[0.8658362030982971, 0.00682058883830905, 0.11007870733737946, 0.01537043321877718, 0.001894008950330317]",functionality,c7e13bc954c2ae53d6e94023c995342b7096f38439c6000102971163fb33b0b1
electric_kettle_003,electric_kettle,4,majority_target,"[0.7, 0.16666666666666666, 0.13333333333333333, 0.0, 0.0]","[0.9913445711135864, 0.0017424848629161716, 0.006679627113044262, 2.5246623408747837e-05, 0.0002081101411022246]",functionality,c7e13bc954c2ae53d6e94023c995342b7096f38439c6000102971163fb33b0b1
electric_kettle_003,electric_kettle,4,soft_ce_only,"[0.7, 0.16666666666666666, 0.13333333333333333, 0.0, 0.0]","[0.7588043808937073, 0.04556974396109581, 0.14036469161510468, 0.03439784795045853, 0.020863348618149757]",functionality,c7e13bc954c2ae53d6e94023c995342b7096f38439c6000102971163fb33b0b1
electric_kettle_003,electric_kettle,4,category_prior,"[0.7, 0.16666666666666666, 0.13333333333333333, 0.0, 0.0]","[0.8644444444444446, 0.0044444444444444444, 0.09999999999999999, 0.031111111111111107, 0.0]",functionality,c7e13bc954c2ae53d6e94023c995342b7096f38439c6000102971163fb33b0b1
electric_kettle_004,electric_kettle,2,soft_target,"[0.9333333333333333, 0.0, 0.0, 0.06666666666666667, 0.0]","[0.9158695936203003, 0.011174383573234081, 0.06232570856809616, 0.009557956829667091, 0.0010723730083554983]",functionality,a5893b54bbb2c6ce04fbb52c182ba5796aabbcae3e90244ffcd2c064e7b48fab
electric_kettle_004,electric_kettle,2,majority_target,"[0.9333333333333333, 0.0, 0.0, 0.06666666666666667, 0.0]","[0.9997261166572571, 1.1475755854917224e-05, 0.00026118700043298304, 7.000256232458923e-07, 4.663175730001967e-07]",functionality,a5893b54bbb2c6ce04fbb52c182ba5796aabbcae3e90244ffcd2c064e7b48fab
electric_kettle_004,electric_kettle,2,soft_ce_only,"[0.9333333333333333, 0.0, 0.0, 0.06666666666666667, 0.0]","[0.884636402130127, 0.015221009962260723, 0.08759086579084396, 0.011135929264128208, 0.0014157745754346251]",functionality,a5893b54bbb2c6ce04fbb52c182ba5796aabbcae3e90244ffcd2c064e7b48fab
electric_kettle_004,electric_kettle,2,category_prior,"[0.9333333333333333, 0.0, 0.0, 0.06666666666666667, 0.0]","[0.8422222222222223, 0.03111111111111111, 0.09555555555555556, 0.026666666666666665, 0.0044444444444444444]",functionality,a5893b54bbb2c6ce04fbb52c182ba5796aabbcae3e90244ffcd2c064e7b48fab
electric_kettle_005,electric_kettle,4,soft_target,"[0.8, 0.06666666666666667, 0.06666666666666667, 0.06666666666666667, 0.0]","[0.8336908221244812, 0.011891961097717285, 0.1360962837934494, 0.016254384070634842, 0.002066513057798147]",functionality,ef8ec30877e92f0e9d0285c23cb4ae70b62e5c8d6dd19c7e3d6e9f4ea69792ff
electric_kettle_005,electric_kettle,4,majority_target,"[0.8, 0.06666666666666667, 0.06666666666666667, 0.06666666666666667, 0.0]","[0.9919439554214478, 0.0015386672457680106, 0.006278722546994686, 3.0471654099528678e-05, 0.00020823597151320428]",functionality,ef8ec30877e92f0e9d0285c23cb4ae70b62e5c8d6dd19c7e3d6e9f4ea69792ff
electric_kettle_005,electric_kettle,4,soft_ce_only,"[0.8, 0.06666666666666667, 0.06666666666666667, 0.06666666666666667, 0.0]","[0.7490414381027222, 0.05775987356901169, 0.13016387820243835, 0.03969774395227432, 0.023337099701166153]",functionality,ef8ec30877e92f0e9d0285c23cb4ae70b62e5c8d6dd19c7e3d6e9f4ea69792ff
electric_kettle_005,electric_kettle,4,category_prior,"[0.8, 0.06666666666666667, 0.06666666666666667, 0.06666666666666667, 0.0]","[0.8644444444444446, 0.0044444444444444444, 0.09999999999999999, 0.031111111111111107, 0.0]",functionality,ef8ec30877e92f0e9d0285c23cb4ae70b62e5c8d6dd19c7e3d6e9f4ea69792ff
electric_kettle_006,electric_kettle,5,soft_target,"[0.8666666666666667, 0.0, 0.13333333333333333, 0.0, 0.0]","[0.8244162797927856, 0.028209973126649857, 0.11876843124628067, 0.023386890068650246, 0.0052183205261826515]",functionality,be4aab566c896e132b5f29b1eb80c15b592fcb46f54d472973383a3d41a9f87c
electric_kettle_006,electric_kettle,5,majority_target,"[0.8666666666666667, 0.0, 0.13333333333333333, 0.0, 0.0]","[0.9008249640464783, 0.04484943300485611, 0.009400952607393265, 7.522181113017723e-05, 0.04484943300485611]",functionality,be4aab566c896e132b5f29b1eb80c15b592fcb46f54d472973383a3d41a9f87c
electric_kettle_006,electric_kettle,5,soft_ce_only,"[0.8666666666666667, 0.0, 0.13333333333333333, 0.0, 0.0]","[0.6213498115539551, 0.1149381622672081, 0.21473276615142822, 0.03293033316731453, 0.016048964112997055]",functionality,be4aab566c896e132b5f29b1eb80c15b592fcb46f54d472973383a3d41a9f87c
electric_kettle_006,electric_kettle,5,category_prior,"[0.8666666666666667, 0.0, 0.13333333333333333, 0.0, 0.0]","[0.857777777777778, 0.02, 0.0911111111111111, 0.031111111111111107, 0.0]",functionality,be4aab566c896e132b5f29b1eb80c15b592fcb46f54d472973383a3d41a9f87c
electric_kettle_007,electric_kettle,1,soft_target,"[0.7333333333333333, 0.0, 0.26666666666666666, 0.0, 0.0]","[0.8672019243240356, 0.02787616103887558, 0.08586461842060089, 0.016907745972275734, 0.0021495786495506763]",functionality,6cb75448f92ab6b7336891949f55bc0ecb25ff233dfa7a371420ff06e22a2434
electric_kettle_007,electric_kettle,1,majority_target,"[0.7333333333333333, 0.0, 0.26666666666666666, 0.0, 0.0]","[0.9882388114929199, 0.005350416526198387, 0.004299180582165718, 1.6376823623431846e-05, 0.0020952532067894936]",functionality,6cb75448f92ab6b7336891949f55bc0ecb25ff233dfa7a371420ff06e22a2434
electric_kettle_007,electric_kettle,1,soft_ce_only,"[0.7333333333333333, 0.0, 0.26666666666666666, 0.0, 0.0]","[0.8324357867240906, 0.049991656094789505, 0.09339670836925507, 0.020198455080389977, 0.00397731177508831]",functionality,6cb75448f92ab6b7336891949f55bc0ecb25ff233dfa7a371420ff06e22a2434
electric_kettle_007,electric_kettle,1,category_prior,"[0.7333333333333333, 0.0, 0.26666666666666666, 0.0, 0.0]","[0.8400000000000001, 0.035555555555555556, 0.10222222222222221, 0.017777777777777778, 0.0044444444444444444]",functionality,6cb75448f92ab6b7336891949f55bc0ecb25ff233dfa7a371420ff06e22a2434
electric_kettle_008,electric_kettle,3,soft_target,"[0.9333333333333333, 0.0, 0.06666666666666667, 0.0, 0.0]","[0.9307977557182312, 0.010668464004993439, 0.03185014799237251, 0.010668464004993439, 0.01601525954902172]",functionality,07491b4ea24f8a8546e9bac4f558aaa9d88a110e02b5a99e1b9e71d981e6c9dc
electric_kettle_008,electric_kettle,3,majority_target,"[0.9333333333333333, 0.0, 0.06666666666666667, 0.0, 0.0]","[0.9997631907463074, 9.313254849985242e-05, 0.0001055329994414933, 8.937659004004672e-06, 2.9305456337169744e-05]",functionality,07491b4ea24f8a8546e9bac4f558aaa9d88a110e02b5a99e1b9e71d981e6c9dc
electric_kettle_008,electric_kettle,3,soft_ce_only,"[0.9333333333333333, 0.0, 0.06666666666666667, 0.0, 0.0]","[0.9113661050796509, 0.016692252829670906, 0.04537424445152283, 0.014730860479176044, 0.011836579069495201]",functionality,07491b4ea24f8a8546e9bac4f558aaa9d88a110e02b5a99e1b9e71d981e6c9dc
electric_kettle_008,electric_kettle,3,category_prior,"[0.9333333333333333, 0.0, 0.06666666666666667, 0.0, 0.0]","[0.8488888888888889, 0.015555555555555555, 0.10444444444444442, 0.026666666666666665, 0.0044444444444444444]",functionality,07491b4ea24f8a8546e9bac4f558aaa9d88a110e02b5a99e1b9e71d981e6c9dc
electric_kettle_009,electric_kettle,1,soft_target,"[0.8666666666666667, 0.0, 0.0, 0.13333333333333333, 0.0]","[0.868972897529602, 0.02624070830643177, 0.08082706481218338, 0.019807524979114532, 0.004151883069425821]",functionality,e66f023e7e1cdc4dd48f6fd325fe5f794a3c9ae8ce5c4b78bff19049d65a92bd
electric_kettle_009,electric_kettle,1,majority_target,"[0.8666666666666667, 0.0, 0.0, 0.13333333333333333, 0.0]","[0.9737182259559631, 0.013047832064330578, 0.004236010834574699, 3.038282011402771e-05, 0.008967634290456772]",functionality,e66f023e7e1cdc4dd48f6fd325fe5f794a3c9ae8ce5c4b78bff19049d65a92bd
electric_kettle_009,electric_kettle,1,soft_ce_only,"[0.8666666666666667, 0.0, 0.0, 0.13333333333333333, 0.0]","[0.8227115273475647, 0.05959702655673027, 0.08671315759420395, 0.024079374969005585, 0.006898856721818447]",functionality,e66f023e7e1cdc4dd48f6fd325fe5f794a3c9ae8ce5c4b78bff19049d65a92bd
electric_kettle_009,electric_kettle,1,category_prior,"[0.8666666666666667, 0.0, 0.0, 0.13333333333333333, 0.0]","[0.8400000000000001, 0.035555555555555556, 0.10222222222222221, 0.017777777777777778, 0.0044444444444444444]",functionality,e66f023e7e1cdc4dd48f6fd325fe5f794a3c9ae8ce5c4b78bff19049d65a92bd
electric_kettle_010,electric_kettle,4,soft_target,"[0.9333333333333333, 0.0, 0.0, 0.06666666666666667, 0.0]","[0.9125303030014038, 0.003847683547064662, 0.06610347330570221, 0.01570095121860504, 0.0018175170989707112]",functionality,031d563cca0e5823fbdf23c873fa2f9f5d338560bfc85c7f9551be096a365411
electric_kettle_010,electric_kettle,4,majority_target,"[0.9333333333333333, 0.0, 0.0, 0.06666666666666667, 0.0]","[0.9976184964179993, 0.00032436722540296614, 0.0019258568063378334, 1.2001134564343374e-05, 0.00011932802590308711]",functionality,031d563cca0e5823fbdf23c873fa2f9f5d338560bfc85c7f9551be096a365411
electric_kettle_010,electric_kettle,4,soft_ce_only,"[0.9333333333333333, 0.0, 0.0, 0.06666666666666667, 0.0]","[0.8270440697669983, 0.02497456781566143, 0.09279176592826843, 0.03633778169751167, 0.018851792439818382]",functionality,031d563cca0e5823fbdf23c873fa2f9f5d338560bfc85c7f9551be096a365411
electric_kettle_010,electric_kettle,4,category_prior,"[0.9333333333333333, 0.0, 0.0, 0.06666666666666667, 0.0]","[0.8644444444444446, 0.0044444444444444444, 0.09999999999999999, 0.031111111111111107, 0.0]",functionality,031d563cca0e5823fbdf23c873fa2f9f5d338560bfc85c7f9551be096a365411
electric_kettle_011,electric_kettle,5,soft_target,"[0.7666666666666667, 0.0, 0.23333333333333334, 0.0, 0.0]","[0.8288069367408752, 0.013396416790783405, 0.13529901206493378, 0.01889197528362274, 0.0036055967211723328]",functionality,33745869165848132efc9733ad07eb33e8f213a74efe9b1a44cb128960a7ad2a
electric_kettle_011,electric_kettle,5,majority_target,"[0.7666666666666667, 0.0, 0.23333333333333334, 0.0, 0.0]","[0.9458565711975098, 0.017323967069387436, 0.01307681668549776, 6.346389272948727e-05, 0.023679057136178017]",functionality,33745869165848132efc9733ad07eb33e8f213a74efe9b1a44cb128960a7ad2a
electric_kettle_011,electric_kettle,5,soft_ce_only,"[0.7666666666666667, 0.0, 0.23333333333333334, 0.0, 0.0]","[0.6634646058082581, 0.05797289311885834, 0.24407503008842468, 0.023423166945576668, 0.011064319871366024]",functionality,33745869165848132efc9733ad07eb33e8f213a74efe9b1a44cb128960a7ad2a
electric_kettle_011,electric_kettle,5,category_prior,"[0.7666666666666667, 0.0, 0.23333333333333334, 0.0, 0.0]","[0.857777777777778, 0.02, 0.0911111111111111, 0.031111111111111107, 0.0]",functionality,33745869165848132efc9733ad07eb33e8f213a74efe9b1a44cb128960a7ad2a
electric_kettle_012,electric_kettle,2,soft_target,"[0.8666666666666667, 0.0, 0.06666666666666667, 0.06666666666666667, 0.0]","[0.9005413055419922, 0.017557760700583458, 0.06944228708744049, 0.01133614219725132, 0.0011224300833418965]",functionality,e9bace599f8e76705a738b573d158a5fd64d04c625f43b644d44cdc7835850cd
electric_kettle_012,electric_kettle,2,majority_target,"[0.8666666666666667, 0.0, 0.06666666666666667, 0.06666666666666667, 0.0]","[0.999265730381012, 2.2811756934970617e-05, 0.0007096529006958008, 1.1007876992152887e-06, 6.676614816569781e-07]",functionality,e9bace599f8e76705a738b573d158a5fd64d04c625f43b644d44cdc7835850cd
electric_kettle_012,electric_kettle,2,soft_ce_only,"[0.8666666666666667, 0.0, 0.06666666666666667, 0.06666666666666667, 0.0]","[0.8635631203651428, 0.022305138409137726, 0.09688909351825714, 0.015816710889339447, 0.0014259197050705552]",functionality,e9bace599f8e76705a738b573d158a5fd64d04c625f43b644d44cdc7835850cd
electric_kettle_012,electric_kettle,2,category_prior,"[0.8666666666666667, 0.0, 0.06666666666666667, 0.06666666666666667, 0.0]","[0.8422222222222223, 0.03111111111111111, 0.09555555555555556, 0.026666666666666665, 0.0044444444444444444]",functionality,e9bace599f8e76705a738b573d158a5fd64d04c625f43b644d44cdc7835850cd
electric_kettle_013,electric_kettle,3,soft_target,"[0.8666666666666667, 0.0, 0.06666666666666667, 0.06666666666666667, 0.0]","[0.8997341394424438, 0.021159717813134193, 0.05403323099017143, 0.014095410704612732, 0.010977516882121563]",functionality,cf7a75e68f4a6e27a72eb2c3efabc89bcc14cedea055e5661402066e1bbbda0a
electric_kettle_013,electric_kettle,3,majority_target,"[0.8666666666666667, 0.0, 0.06666666666666667, 0.06666666666666667, 0.0]","[0.9991024732589722, 0.0005525879678316414, 0.0002866788418032229, 1.8326765712117776e-05, 4.002933201263659e-05]",functionality,cf7a75e68f4a6e27a72eb2c3efabc89bcc14cedea055e5661402066e1bbbda0a
electric_kettle_013,electric_kettle,3,soft_ce_only,"[0.8666666666666667, 0.0, 0.06666666666666667, 0.06666666666666667, 0.0]","[0.8722870945930481, 0.03177305683493614, 0.06726355850696564, 0.018678415566682816, 0.00999783631414175]",functionality,cf7a75e68f4a6e27a72eb2c3efabc89bcc14cedea055e5661402066e1bbbda0a
electric_kettle_013,electric_kettle,3,category_prior,"[0.8666666666666667, 0.0, 0.06666666666666667, 0.06666666666666667, 0.0]","[0.8488888888888889, 0.015555555555555555, 0.10444444444444442, 0.026666666666666665, 0.0044444444444444444]",functionality,cf7a75e68f4a6e27a72eb2c3efabc89bcc14cedea055e5661402066e1bbbda0a
electric_kettle_014,electric_kettle,4,soft_target,"[0.8666666666666667, 0.0, 0.06666666666666667, 0.06666666666666667, 0.0]","[0.9031172394752502, 0.00392887182533741, 0.06964092701673508, 0.019952457398176193, 0.003360542468726635]",functionality,30e0bd57b85d4ba9586ba7816e7d43f64024d58de1f475e2befc2d06f1cd766a
electric_kettle_014,electric_kettle,4,majority_target,"[0.8666666666666667, 0.0, 0.06666666666666667, 0.06666666666666667, 0.0]","[0.9968036413192749, 0.00036725596874020994, 0.0025492615532130003, 1.9463854187051766e-05, 0.00026042346144095063]",functionality,30e0bd57b85d4ba9586ba7816e7d43f64024d58de1f475e2befc2d06f1cd766a
electric_kettle_014,electric_kettle,4,soft_ce_only,"[0.8666666666666667, 0.0, 0.06666666666666667, 0.06666666666666667, 0.0]","[0.8112917542457581, 0.026078931987285614, 0.09102440625429153, 0.03914910927414894, 0.03245575353503227]",functionality,30e0bd57b85d4ba9586ba7816e7d43f64024d58de1f475e2befc2d06f1cd766a
electric_kettle_014,electric_kettle,4,category_prior,"[0.8666666666666667, 0.0, 0.06666666666666667, 0.06666666666666667, 0.0]","[0.8644444444444446, 0.0044444444444444444, 0.09999999999999999, 0.031111111111111107, 0.0]",functionality,30e0bd57b85d4ba9586ba7816e7d43f64024d58de1f475e2befc2d06f1cd766a
electric_kettle_015,electric_kettle,5,soft_target,"[0.6333333333333333, 0.23333333333333334, 0.06666666666666667, 0.0, 0.06666666666666667]","[0.7735651731491089, 0.021944355219602585, 0.1837378442287445, 0.016564467921853065, 0.004188153427094221]",functionality,794131c12a16300fb8453d7eb9605a574af4a5550b753f0cafdb93ac082aa030
electric_kettle_015,electric_kettle,5,majority_target,"[0.6333333333333333, 0.23333333333333334, 0.06666666666666667, 0.0, 0.06666666666666667]","[0.950221836566925, 0.009029034525156021, 0.020347245037555695, 5.4534080845769495e-05, 0.020347245037555695]",functionality,794131c12a16300fb8453d7eb9605a574af4a5550b753f0cafdb93ac082aa030
electric_kettle_015,electric_kettle,5,soft_ce_only,"[0.6333333333333333, 0.23333333333333334, 0.06666666666666667, 0.0, 0.06666666666666667]","[0.6147275567054749, 0.04890742525458336, 0.30910444259643555, 0.019760387018322945, 0.007500195875763893]",functionality,794131c12a16300fb8453d7eb9605a574af4a5550b753f0cafdb93ac082aa030
electric_kettle_015,electric_kettle,5,category_prior,"[0.6333333333333333, 0.23333333333333334, 0.06666666666666667, 0.0, 0.06666666666666667]","[0.857777777777778, 0.02, 0.0911111111111111, 0.031111111111111107, 0.0]",functionality,794131c12a16300fb8453d7eb9605a574af4a5550b753f0cafdb93ac082aa030
electric_kettle_016,electric_kettle,5,soft_target,"[0.9333333333333333, 0.0, 0.06666666666666667, 0.0, 0.0]","[0.8722465634346008, 0.006256194319576025, 0.10417500138282776, 0.014546087943017483, 0.0027761696837842464]",functionality,e2dc63d309541506f9a799e10dd92ae0bc6ffb1db7ffa0aa60f648049f0f8ef4
electric_kettle_016,electric_kettle,5,majority_target,"[0.9333333333333333, 0.0, 0.06666666666666667, 0.0, 0.0]","[0.9645318984985352, 0.0059173740446567535, 0.006105212029069662, 4.178440212854184e-05, 0.023403670638799667]",functionality,e2dc63d309541506f9a799e10dd92ae0bc6ffb1db7ffa0aa60f648049f0f8ef4
electric_kettle_016,electric_kettle,5,soft_ce_only,"[0.9333333333333333, 0.0, 0.06666666666666667, 0.0, 0.0]","[0.72372967004776, 0.039573825895786285, 0.20735202729701996, 0.0186933521181345, 0.010651150718331337]",functionality,e2dc63d309541506f9a799e10dd92ae0bc6ffb1db7ffa0aa60f648049f0f8ef4
electric_kettle_016,electric_kettle,5,category_prior,"[0.9333333333333333, 0.0, 0.06666666666666667, 0.0, 0.0]","[0.857777777777778, 0.02, 0.0911111111111111, 0.031111111111111107, 0.0]",functionality,e2dc63d309541506f9a799e10dd92ae0bc6ffb1db7ffa0aa60f648049f0f8ef4
electric_kettle_017,electric_kettle,5,soft_target,"[0.8666666666666667, 0.0, 0.13333333333333333, 0.0, 0.0]","[0.8250824213027954, 0.008088823407888412, 0.14337781071662903, 0.02065553516149521, 0.0027954226825386286]",functionality,ae0111e860dcff2aa742d75883c47bb74ed486db643675940d07ab91d1d0c790
electric_kettle_017,electric_kettle,5,majority_target,"[0.8666666666666667, 0.0, 0.13333333333333333, 0.0, 0.0]","[0.9704160094261169, 0.0030886216554790735, 0.008662252686917782, 5.9284928283886984e-05, 0.017773790284991264]",functionality,ae0111e860dcff2aa742d75883c47bb74ed486db643675940d07ab91d1d0c790
electric_kettle_017,electric_kettle,5,soft_ce_only,"[0.8666666666666667, 0.0, 0.13333333333333333, 0.0, 0.0]","[0.7062793970108032, 0.022004807367920876, 0.24408362805843353, 0.02132778987288475, 0.006304481998085976]",functionality,ae0111e860dcff2aa742d75883c47bb74ed486db643675940d07ab91d1d0c790
electric_kettle_017,electric_kettle,5,category_prior,"[0.8666666666666667, 0.0, 0.13333333333333333, 0.0, 0.0]","[0.857777777777778, 0.02, 0.0911111111111111, 0.031111111111111107, 0.0]",functionality,ae0111e860dcff2aa742d75883c47bb74ed486db643675940d07ab91d1d0c790
electric_kettle_018,electric_kettle,2,soft_target,"[0.7333333333333333, 0.0, 0.26666666666666666, 0.0, 0.0]","[0.8793042898178101, 0.03202865645289421, 0.0721776932477951, 0.01254260167479515, 0.0039467052556574345]",functionality,3deb37fc735c7aed205d8b96ac06a8b14b7bc42c69419b2f418d72ec68da4c11
electric_kettle_018,electric_kettle,2,majority_target,"[0.7333333333333333, 0.0, 0.26666666666666666, 0.0, 0.0]","[0.9995763897895813, 1.7224570910912007e-05, 0.0004044737434014678, 9.717437023937237e-07, 9.128687565862492e-07]",functionality,3deb37fc735c7aed205d8b96ac06a8b14b7bc42c69419b2f418d72ec68da4c11
electric_kettle_018,electric_kettle,2,soft_ce_only,"[0.7333333333333333, 0.0, 0.26666666666666666, 0.0, 0.0]","[0.8459774255752563, 0.036026064306497574, 0.09491603076457977, 0.015986468642950058, 0.007093952968716621]",functionality,3deb37fc735c7aed205d8b96ac06a8b14b7bc42c69419b2f418d72ec68da4c11
electric_kettle_018,electric_kettle,2,category_prior,"[0.7333333333333333, 0.0, 0.26666666666666666, 0.0, 0.0]","[0.8422222222222223, 0.03111111111111111, 0.09555555555555556, 0.026666666666666665, 0.0044444444444444444]",functionality,3deb37fc735c7aed205d8b96ac06a8b14b7bc42c69419b2f418d72ec68da4c11
electric_kettle_019,electric_kettle,1,soft_target,"[0.9333333333333333, 0.0, 0.0, 0.06666666666666667, 0.0]","[0.904879629611969, 0.013317140750586987, 0.06554926186800003, 0.015090296976268291, 0.001163638778962195]",functionality,7d7cd831d0f7cd7ec62bdaeed1519b9db78e3d87d4a310f851bfd4a8ddd2900a
electric_kettle_019,electric_kettle,1,majority_target,"[0.9333333333333333, 0.0, 0.0, 0.06666666666666667, 0.0]","[0.992729127407074, 0.00287688453681767, 0.0024607295636087656, 1.684136805124581e-05, 0.0019164180848747492]",functionality,7d7cd831d0f7cd7ec62bdaeed1519b9db78e3d87d4a310f851bfd4a8ddd2900a
electric_kettle_019,electric_kettle,1,soft_ce_only,"[0.9333333333333333, 0.0, 0.0, 0.06666666666666667, 0.0]","[0.864787220954895, 0.02959139086306095, 0.08043773472309113, 0.021649524569511414, 0.0035341877955943346]",functionality,7d7cd831d0f7cd7ec62bdaeed1519b9db78e3d87d4a310f851bfd4a8ddd2900a
electric_kettle_019,electric_kettle,1,category_prior,"[0.9333333333333333, 0.0, 0.0, 0.06666666666666667, 0.0]","[0.8400000000000001, 0.035555555555555556, 0.10222222222222221, 0.017777777777777778, 0.0044444444444444444]",functionality,7d7cd831d0f7cd7ec62bdaeed1519b9db78e3d87d4a310f851bfd4a8ddd2900a
electric_kettle_020,electric_kettle,1,soft_target,"[0.8666666666666667, 0.0, 0.13333333333333333, 0.0, 0.0]","[0.9291492104530334, 0.008038715459406376, 0.04625961184501648, 0.015018298290669918, 0.0015342157566919923]",functionality,f74bc2c84eb01a265815d2ba92f821bc92657b416643eb300d69284184d6d707
electric_kettle_020,electric_kettle,1,majority_target,"[0.8666666666666667, 0.0, 0.13333333333333333, 0.0, 0.0]","[0.9960705041885376, 0.0005016102222725749, 0.0007073837332427502, 8.835350854496937e-06, 0.0027116788551211357]",functionality,f74bc2c84eb01a265815d2ba92f821bc92657b416643eb300d69284184d6d707
electric_kettle_020,electric_kettle,1,soft_ce_only,"[0.8666666666666667, 0.0, 0.13333333333333333, 0.0, 0.0]","[0.9118744134902954, 0.012607000768184662, 0.051444437354803085, 0.020785430446267128, 0.003288732608780265]",functionality,f74bc2c84eb01a265815d2ba92f821bc92657b416643eb300d69284184d6d707
electric_kettle_020,electric_kettle,1,category_prior,"[0.8666666666666667, 0.0, 0.13333333333333333, 0.0, 0.0]","[0.8400000000000001, 0.035555555555555556, 0.10222222222222221, 0.017777777777777778, 0.0044444444444444444]",functionality,f74bc2c84eb01a265815d2ba92f821bc92657b416643eb300d69284184d6d707
electric_kettle_021,electric_kettle,2,soft_target,"[0.8666666666666667, 0.0, 0.06666666666666667, 0.06666666666666667, 0.0]","[0.9063633680343628, 0.021315624937415123, 0.057941872626543045, 0.01292857900261879, 0.0014505464350804687]",functionality,19f67eb241bc3dc59ebf3b629f165798f7c2674d037954a2898d79df957e7011
electric_kettle_021,electric_kettle,2,majority_target,"[0.8666666666666667, 0.0, 0.06666666666666667, 0.06666666666666667, 0.0]","[0.9994034767150879, 4.1312447137897834e-05, 0.000552754441741854, 1.4358956832438707e-06, 1.0024167522715288e-06]",functionality,19f67eb241bc3dc59ebf3b629f165798f7c2674d037954a2898d79df957e7011
electric_kettle_021,electric_kettle,2,soft_ce_only,"[0.8666666666666667, 0.0, 0.06666666666666667, 0.06666666666666667, 0.0]","[0.8796939849853516, 0.034109435975551605, 0.06783472001552582, 0.016112158074975014, 0.0022497610189020634]",functionality,19f67eb241bc3dc59ebf3b629f165798f7c2674d037954a2898d79df957e7011
electric_kettle_021,electric_kettle,2,category_prior,"[0.8666666666666667, 0.0, 0.06666666666666667, 0.06666666666666667, 0.0]","[0.8422222222222223, 0.03111111111111111, 0.09555555555555556, 0.026666666666666665, 0.0044444444444444444]",functionality,19f67eb241bc3dc59ebf3b629f165798f7c2674d037954a2898d79df957e7011
electric_kettle_022,electric_kettle,3,soft_target,"[0.8666666666666667, 0.0, 0.13333333333333333, 0.0, 0.0]","[0.9116107225418091, 0.018919875845313072, 0.03534698113799095, 0.015202547423541546, 0.018919875845313072]",functionality,e0f0fab101c017458216869f98b5b2eaf072d615c6c3c7cd7adf07fd160a32ff
electric_kettle_022,electric_kettle,3,majority_target,"[0.8666666666666667, 0.0, 0.13333333333333333, 0.0, 0.0]","[0.9988251328468323, 0.0008293025312013924, 0.00021633646974805743, 3.317627124488354e-05, 9.599873737897724e-05]",functionality,e0f0fab101c017458216869f98b5b2eaf072d615c6c3c7cd7adf07fd160a32ff
electric_kettle_022,electric_kettle,3,soft_ce_only,"[0.8666666666666667, 0.0, 0.13333333333333333, 0.0, 0.0]","[0.8879908323287964, 0.02854442037642002, 0.0500970184803009, 0.01901468262076378, 0.014353035017848015]",functionality,e0f0fab101c017458216869f98b5b2eaf072d615c6c3c7cd7adf07fd160a32ff
electric_kettle_022,electric_kettle,3,category_prior,"[0.8666666666666667, 0.0, 0.13333333333333333, 0.0, 0.0]","[0.8488888888888889, 0.015555555555555555, 0.10444444444444442, 0.026666666666666665, 0.0044444444444444444]",functionality,e0f0fab101c017458216869f98b5b2eaf072d615c6c3c7cd7adf07fd160a32ff
electric_kettle_023,electric_kettle,2,soft_target,"[0.9333333333333333, 0.0, 0.06666666666666667, 0.0, 0.0]","[0.912596583366394, 0.00559875275939703, 0.07037189602851868, 0.01045984961092472, 0.0009729174780659378]",functionality,8cf99606d3ec96f7b8525b49c4d101adad842b44fb7809a8d17da4a8909f0af1
electric_kettle_023,electric_kettle,2,majority_target,"[0.9333333333333333, 0.0, 0.06666666666666667, 0.0, 0.0]","[0.999698281288147, 4.636495305021526e-06, 0.00029595542582683265, 6.891535235808988e-07, 4.5907520984656003e-07]",functionality,8cf99606d3ec96f7b8525b49c4d101adad842b44fb7809a8d17da4a8909f0af1
electric_kettle_023,electric_kettle,2,soft_ce_only,"[0.9333333333333333, 0.0, 0.06666666666666667, 0.0, 0.0]","[0.8846062421798706, 0.0069684493355453014, 0.09323681145906448, 0.013858415186405182, 0.001329951686784625]",functionality,8cf99606d3ec96f7b8525b49c4d101adad842b44fb7809a8d17da4a8909f0af1
electric_kettle_023,electric_kettle,2,category_prior,"[0.9333333333333333, 0.0, 0.06666666666666667, 0.0, 0.0]","[0.8422222222222223, 0.03111111111111111, 0.09555555555555556, 0.026666666666666665, 0.0044444444444444444]",functionality,8cf99606d3ec96f7b8525b49c4d101adad842b44fb7809a8d17da4a8909f0af1
electric_kettle_024,electric_kettle,3,soft_target,"[0.9333333333333333, 0.0, 0.06666666666666667, 0.0, 0.0]","[0.9017122983932495, 0.013270526193082333, 0.05087113007903099, 0.016007309779524803, 0.01813865825533867]",functionality,7e554f82732a74501a46503fba06467196e6fd73bc3c17145a287f5c401ac210
electric_kettle_024,electric_kettle,3,majority_target,"[0.9333333333333333, 0.0, 0.06666666666666667, 0.0, 0.0]","[0.9991689920425415, 0.0003148761170450598, 0.00033518383861519396, 3.216661934857257e-05, 0.0001487369299866259]",functionality,7e554f82732a74501a46503fba06467196e6fd73bc3c17145a287f5c401ac210
electric_kettle_024,electric_kettle,3,soft_ce_only,"[0.9333333333333333, 0.0, 0.06666666666666667, 0.0, 0.0]","[0.880296528339386, 0.022037792950868607, 0.06376846879720688, 0.018269971013069153, 0.01562713459134102]",functionality,7e554f82732a74501a46503fba06467196e6fd73bc3c17145a287f5c401ac210
electric_kettle_024,electric_kettle,3,category_prior,"[0.9333333333333333, 0.0, 0.06666666666666667, 0.0, 0.0]","[0.8488888888888889, 0.015555555555555555, 0.10444444444444442, 0.026666666666666665, 0.0044444444444444444]",functionality,7e554f82732a74501a46503fba06467196e6fd73bc3c17145a287f5c401ac210
electric_kettle_025,electric_kettle,4,soft_target,"[0.9333333333333333, 0.0, 0.06666666666666667, 0.0, 0.0]","[0.9091854691505432, 0.0032790349796414375, 0.06586118042469025, 0.018869541585445404, 0.002804707270115614]",functionality,c74e4fe735d4f66358641099ab60d33b9648d4e96582b4f33e01c271bf8c7568
electric_kettle_025,electric_kettle,4,majority_target,"[0.9333333333333333, 0.0, 0.06666666666666667, 0.0, 0.0]","[0.9973356127738953, 0.00028617188218049705, 0.0021816629450768232, 1.745659756124951e-05, 0.00017908179142978042]",functionality,c74e4fe735d4f66358641099ab60d33b9648d4e96582b4f33e01c271bf8c7568
electric_kettle_025,electric_kettle,4,soft_ce_only,"[0.9333333333333333, 0.0, 0.06666666666666667, 0.0, 0.0]","[0.8210090398788452, 0.018138451501727104, 0.09805554896593094, 0.03721768781542778, 0.025579318404197693]",functionality,c74e4fe735d4f66358641099ab60d33b9648d4e96582b4f33e01c271bf8c7568
electric_kettle_025,electric_kettle,4,category_prior,"[0.9333333333333333, 0.0, 0.06666666666666667, 0.0, 0.0]","[0.8644444444444446, 0.0044444444444444444, 0.09999999999999999, 0.031111111111111107, 0.0]",functionality,c74e4fe735d4f66358641099ab60d33b9648d4e96582b4f33e01c271bf8c7568
lounge_chair_001,lounge_chair,5,soft_target,"[0.5, 0.36666666666666664, 0.0, 0.06666666666666667, 0.06666666666666667]","[0.45760229229927063, 0.09010723233222961, 0.4038326144218445, 0.034200847148895264, 0.0142570361495018]",functionality,d7e001b4fb966854702fb25d44e4b9243565248eb651e3459c0e135607f1607e
lounge_chair_001,lounge_chair,5,majority_target,"[0.5, 0.36666666666666664, 0.0, 0.06666666666666667, 0.06666666666666667]","[0.6848117709159851, 0.22232583165168762, 0.08178910613059998, 0.0003448637144174427, 0.01072839554399252]",functionality,d7e001b4fb966854702fb25d44e4b9243565248eb651e3459c0e135607f1607e
lounge_chair_001,lounge_chair,5,soft_ce_only,"[0.5, 0.36666666666666664, 0.0, 0.06666666666666667, 0.06666666666666667]","[0.39515265822410583, 0.19869522750377655, 0.327593058347702, 0.0730958953499794, 0.005463131703436375]",functionality,d7e001b4fb966854702fb25d44e4b9243565248eb651e3459c0e135607f1607e
lounge_chair_001,lounge_chair,5,category_prior,"[0.5, 0.36666666666666664, 0.0, 0.06666666666666667, 0.06666666666666667]","[0.38222222222222224, 0.24666666666666665, 0.29777777777777775, 0.03777777777777778, 0.035555555555555556]",functionality,d7e001b4fb966854702fb25d44e4b9243565248eb651e3459c0e135607f1607e
lounge_chair_002,lounge_chair,4,soft_target,"[0.5333333333333333, 0.06666666666666667, 0.3333333333333333, 0.06666666666666667, 0.0]","[0.2974008619785309, 0.2624553442001343, 0.4064987897872925, 0.02766258828341961, 0.005982454400509596]",usability,81d67c0dbfa6a4655b7c4c79e32d4850a7e64484e0b71d589db6917ca14b168f
lounge_chair_002,lounge_chair,4,majority_target,"[0.5333333333333333, 0.06666666666666667, 0.3333333333333333, 0.06666666666666667, 0.0]","[0.5085442662239075, 0.27220413088798523, 0.2119927853345871, 0.0006539674359373748, 0.006604837253689766]",functionality,81d67c0dbfa6a4655b7c4c79e32d4850a7e64484e0b71d589db6917ca14b168f
lounge_chair_002,lounge_chair,4,soft_ce_only,"[0.5333333333333333, 0.06666666666666667, 0.3333333333333333, 0.06666666666666667, 0.0]","[0.22771042585372925, 0.39964425563812256, 0.2923859655857086, 0.06524012982845306, 0.015019131824374199]",aesthetics,81d67c0dbfa6a4655b7c4c79e32d4850a7e64484e0b71d589db6917ca14b168f
lounge_chair_002,lounge_chair,4,category_prior,"[0.5333333333333333, 0.06666666666666667, 0.3333333333333333, 0.06666666666666667, 0.0]","[0.3755555555555555, 0.22666666666666666, 0.3244444444444444, 0.03777777777777778, 0.035555555555555556]",functionality,81d67c0dbfa6a4655b7c4c79e32d4850a7e64484e0b71d589db6917ca14b168f
lounge_chair_003,lounge_chair,3,soft_target,"[0.4, 0.3333333333333333, 0.26666666666666666, 0.0, 0.0]","[0.35220447182655334, 0.3108193576335907, 0.2919877767562866, 0.031752195209264755, 0.01323628518730402]",functionality,86fe70f7b2ce7711852a61b0dc34ef7369eb595bbcec9191cfccfb3277ef7957
lounge_chair_003,lounge_chair,3,majority_target,"[0.4, 0.3333333333333333, 0.26666666666666666, 0.0, 0.0]","[0.36080434918403625, 0.49316108226776123, 0.1412930190563202, 0.000339454913046211, 0.004402118269354105]",aesthetics,86fe70f7b2ce7711852a61b0dc34ef7369eb595bbcec9191cfccfb3277ef7957
lounge_chair_003,lounge_chair,3,soft_ce_only,"[0.4, 0.3333333333333333, 0.26666666666666666, 0.0, 0.0]","[0.3279455006122589, 0.3490961790084839, 0.27187636494636536, 0.037962447851896286, 0.013119472190737724]",aesthetics,86fe70f7b2ce7711852a61b0dc34ef7369eb595bbcec9191cfccfb3277ef7957
lounge_chair_003,lounge_chair,3,category_prior,"[0.4, 0.3333333333333333, 0.26666666666666666, 0.0, 0.0]","[0.3577777777777777, 0.23777777777777778, 0.3177777777777778, 0.03333333333333333, 0.05333333333333334]",functionality,86fe70f7b2ce7711852a61b0dc34ef7369eb595bbcec9191cfccfb3277ef7957
lounge_chair_004,lounge_chair,1,soft_target,"[0.13333333333333333, 0.2, 0.6, 0.06666666666666667, 0.0]","[0.4648156464099884, 0.3194628357887268, 0.16063599288463593, 0.04602298140525818, 0.009062463417649269]",functionality,51cae23614995196235bc17a321ea04700ba4c4237dfba98d83139725ef3d0f2
lounge_chair_004,lounge_chair,1,majority_target,"[0.13333333333333333, 0.2, 0.6, 0.06666666666666667, 0.0]","[0.5536495447158813, 0.2963472604751587, 0.1490127444267273, 0.00013170138117857277, 0.0008588009513914585]",functionality,51cae23614995196235bc17a321ea04700ba4c4237dfba98d83139725ef3d0f2
lounge_chair_004,lounge_chair,1,soft_ce_only,"[0.13333333333333333, 0.2, 0.6, 0.06666666666666667, 0.0]","[0.3625548779964447, 0.3625548779964447, 0.20657753944396973, 0.05736451968550682, 0.010948209092020988]",functionality,51cae23614995196235bc17a321ea04700ba4c4237dfba98d83139725ef3d0f2
lounge_chair_004,lounge_chair,1,category_prior,"[0.13333333333333333, 0.2, 0.6, 0.06666666666666667, 0.0]","[0.35555555555555546, 0.29555555555555557, 0.29555555555555557, 0.026666666666666665, 0.02666666666666667]",functionality,51cae23614995196235bc17a321ea04700ba4c4237dfba98d83139725ef3d0f2
lounge_chair_005,lounge_chair,5,soft_target,"[0.26666666666666666, 0.0, 0.7333333333333333, 0.0, 0.0]","[0.30458083748817444, 0.22283610701560974, 0.19665217399597168, 0.03872310742735863, 0.2372078001499176]",functionality,1e7add59a005bb000e2755d32a846ffa00184aae32662d00de024e3323bd06a4
lounge_chair_005,lounge_chair,5,majority_target,"[0.26666666666666666, 0.0, 0.7333333333333333, 0.0, 0.0]","[0.29823556542396545, 0.5571773648262024, 0.034523267298936844, 0.0003491978859528899, 0.10971471667289734]",aesthetics,1e7add59a005bb000e2755d32a846ffa00184aae32662d00de024e3323bd06a4
lounge_chair_005,lounge_chair,5,soft_ce_only,"[0.26666666666666666, 0.0, 0.7333333333333333, 0.0, 0.0]","[0.2194400280714035, 0.40996792912483215, 0.2194400280714035, 0.09737592190504074, 0.0537760891020298]",aesthetics,1e7add59a005bb000e2755d32a846ffa00184aae32662d00de024e3323bd06a4
lounge_chair_005,lounge_chair,5,category_prior,"[0.26666666666666666, 0.0, 0.7333333333333333, 0.0, 0.0]","[0.38222222222222224, 0.24666666666666665, 0.29777777777777775, 0.03777777777777778, 0.035555555555555556]",functionality,1e7add59a005bb000e2755d32a846ffa00184aae32662d00de024e3323bd06a4
lounge_chair_006,lounge_chair,4,soft_target,"[0.4, 0.23333333333333334, 0.36666666666666664, 0.0, 0.0]","[0.3024148941040039, 0.17231082916259766, 0.4985978603363037, 0.024059979245066643, 0.0026164015289396048]",usability,e1726b9d60ba46df4e35a1988981f8454d041abeb54dd7146600ad9ef34f496e
lounge_chair_006,lounge_chair,4,majority_target,"[0.4, 0.23333333333333334, 0.36666666666666664, 0.0, 0.0]","[0.5709536671638489, 0.11967839300632477, 0.30560949444770813, 0.0003634669410530478, 0.003395014675334096]",functionality,e1726b9d60ba46df4e35a1988981f8454d041abeb54dd7146600ad9ef34f496e
lounge_chair_006,lounge_chair,4,soft_ce_only,"[0.4, 0.23333333333333334, 0.36666666666666664, 0.0, 0.0]","[0.2729656398296356, 0.30931058526039124, 0.3292594254016876, 0.07820597290992737, 0.010258390568196774]",usability,e1726b9d60ba46df4e35a1988981f8454d041abeb54dd7146600ad9ef34f496e
lounge_chair_006,lounge_chair,4,category_prior,"[0.4, 0.23333333333333334, 0.36666666666666664, 0.0, 0.0]","[0.3755555555555555, 0.22666666666666666, 0.3244444444444444, 0.03777777777777778, 0.035555555555555556]",functionality,e1726b9d60ba46df4e35a1988981f8454d041abeb54dd7146600ad9ef34f496e
lounge_chair_007,lounge_chair,5,soft_target,"[0.23333333333333334, 0.5666666666666667, 0.06666666666666667, 0.0, 0.13333333333333333]","[0.2935948967933655, 0.35414302349090576, 0.27580687403678894, 0.06758937984704971, 0.008865797892212868]",aesthetics,2dea5a59156e7861090786e3143950d934462eb2b3dfd749201ab8d995f91f01
lounge_chair_007,lounge_chair,5,majority_target,"[0.23333333333333334, 0.5666666666666667, 0.06666666666666667, 0.0, 0.13333333333333333]","[0.3517228066921234, 0.6172927618026733, 0.016972484067082405, 0.0007938136113807559, 0.013218183070421219]",aesthetics,2dea5a59156e7861090786e3143950d934462eb2b3dfd749201ab8d995f91f01
lounge_chair_007,lounge_chair,5,soft_ce_only,"[0.23333333333333334, 0.5666666666666667, 0.06666666666666667, 0.0, 0.13333333333333333]","[0.26811978220939636, 0.3901119530200958, 0.2088118940591812, 0.12665081024169922, 0.00630557257682085]",aesthetics,2dea5a59156e7861090786e3143950d934462eb2b3dfd749201ab8d995f91f01
lounge_chair_007,lounge_chair,5,category_prior,"[0.23333333333333334, 0.5666666666666667, 0.06666666666666667, 0.0, 0.13333333333333333]","[0.38222222222222224, 0.24666666666666665, 0.29777777777777775, 0.03777777777777778, 0.035555555555555556]",functionality,2dea5a59156e7861090786e3143950d934462eb2b3dfd749201ab8d995f91f01
lounge_chair_008,lounge_chair,2,soft_target,"[0.2, 0.1, 0.13333333333333333, 0.16666666666666666, 0.4]","[0.5525755882263184, 0.06199726089835167, 0.3567696213722229, 0.02666468918323517, 0.0019928987603634596]",functionality,34f4ccf56444e76acf4af95a9e382c791a4970e42316b506911d33260ed438d7
lounge_chair_008,lounge_chair,2,majority_target,"[0.2, 0.1, 0.13333333333333333, 0.16666666666666666, 0.4]","[0.8668298721313477, 0.0002062002895399928, 0.1329326629638672, 1.8017581169260666e-05, 1.3181942449591588e-05]",functionality,34f4ccf56444e76acf4af95a9e382c791a4970e42316b506911d33260ed438d7
lounge_chair_008,lounge_chair,2,soft_ce_only,"[0.2, 0.1, 0.13333333333333333, 0.16666666666666666, 0.4]","[0.5094354748725891, 0.0831630602478981, 0.3727109730243683, 0.03156513720750809, 0.0031253716442734003]",functionality,34f4ccf56444e76acf4af95a9e382c791a4970e42316b506911d33260ed438d7
lounge_chair_008,lounge_chair,2,category_prior,"[0.2, 0.1, 0.13333333333333333, 0.16666666666666666, 0.4]","[0.3355555555555555, 0.28666666666666674, 0.3244444444444445, 0.031111111111111107, 0.022222222222222223]",functionality,34f4ccf56444e76acf4af95a9e382c791a4970e42316b506911d33260ed438d7
lounge_chair_009,lounge_chair,4,soft_target,"[0.23333333333333334, 0.23333333333333334, 0.4666666666666667, 0.06666666666666667, 0.0]","[0.4303646385669708, 0.1022205650806427, 0.4303646385669708, 0.03423960134387016, 0.002810557372868061]",functionality,904ae942ea0208a08b171a29468b68b332c3db0d5f8e10c15dcaabff903e5aea
lounge_chair_009,lounge_chair,4,majority_target,"[0.23333333333333334, 0.23333333333333334, 0.4666666666666667, 0.06666666666666667, 0.0]","[0.7425193190574646, 0.027046263217926025, 0.22645558416843414, 0.0006460837321355939, 0.003332753898575902]",functionality,904ae942ea0208a08b171a29468b68b332c3db0d5f8e10c15dcaabff903e5aea
lounge_chair_009,lounge_chair,4,soft_ce_only,"[0.23333333333333334, 0.23333333333333334, 0.4666666666666667, 0.06666666666666667, 0.0]","[0.35088276863098145, 0.22654695808887482, 0.3096529543399811, 0.10052960366010666, 0.012387678027153015]",functionality,904ae942ea0208a08b171a29468b68b332c3db0d5f8e10c15dcaabff903e5aea
lounge_chair_009,lounge_chair,4,category_prior,"[0.23333333333333334, 0.23333333333333334, 0.4666666666666667, 0.06666666666666667, 0.0]","[0.3755555555555555, 0.22666666666666666, 0.3244444444444444, 0.03777777777777778, 0.035555555555555556]",functionality,904ae942ea0208a08b171a29468b68b332c3db0d5f8e10c15dcaabff903e5aea
lounge_chair_010,lounge_chair,1,soft_target,"[0.23333333333333334, 0.4666666666666667, 0.23333333333333334, 0.06666666666666667, 0.0]","[0.3460889458656311, 0.30542242527008057, 0.2869178354740143, 0.04264652729034424, 0.018924282863736153]",functionality,3e2aef7a433026a8cfa210a49dce69ddbbd69dfa935dcd5bab2291ad50202113
lounge_chair_010,lounge_chair,1,majority_target,"[0.23333333333333334, 0.4666666666666667, 0.23333333333333334, 0.06666666666666667, 0.0]","[0.14149262011051178, 0.6750235557556152, 0.1816801279783249, 0.0001819538010749966, 0.00162173667922616]",aesthetics,3e2aef7a433026a8cfa210a49dce69ddbbd69dfa935dcd5bab2291ad50202113
lounge_chair_010,lounge_chair,1,soft_ce_only,"[0.23333333333333334, 0.4666666666666667, 0.23333333333333334, 0.06666666666666667, 0.0]","[0.22436878085136414, 0.41917604207992554, 0.27064040303230286, 0.06428273022174835, 0.02153201773762703]",aesthetics,3e2aef7a433026a8cfa210a49dce69ddbbd69dfa935dcd5bab2291ad50202113
lounge_chair_010,lounge_chair,1,category_prior,"[0.23333333333333334, 0.4666666666666667, 0.23333333333333334, 0.06666666666666667, 0.0]","[0.35555555555555546, 0.29555555555555557, 0.29555555555555557, 0.026666666666666665, 0.02666666666666667]",functionality,3e2aef7a433026a8cfa210a49dce69ddbbd69dfa935dcd5bab2291ad50202113
lounge_chair_011,lounge_chair,3,soft_target,"[0.4, 0.2, 0.4, 0.0, 0.0]","[0.44611668586730957, 0.23878906667232513, 0.27058345079421997, 0.033342424780130386, 0.011168313212692738]",functionality,737c48a07c13d1449a3b6de4e59a33dee9e342f24ff5bce19b22053395ac3c1c
lounge_chair_011,lounge_chair,3,majority_target,"[0.4, 0.2, 0.4, 0.0, 0.0]","[0.7300633788108826, 0.1628991663455963, 0.10517560690641403, 0.0002648097579367459, 0.0015970072709023952]",functionality,737c48a07c13d1449a3b6de4e59a33dee9e342f24ff5bce19b22053395ac3c1c
lounge_chair_011,lounge_chair,3,soft_ce_only,"[0.4, 0.2, 0.4, 0.0, 0.0]","[0.3978509306907654, 0.2910739481449127, 0.25687187910079956, 0.04326428100466728, 0.010938922874629498]",functionality,737c48a07c13d1449a3b6de4e59a33dee9e342f24ff5bce19b22053395ac3c1c
lounge_chair_011,lounge_chair,3,category_prior,"[0.4, 0.2, 0.4, 0.0, 0.0]","[0.3577777777777777, 0.23777777777777778, 0.3177777777777778, 0.03333333333333333, 0.05333333333333334]",functionality,737c48a07c13d1449a3b6de4e59a33dee9e342f24ff5bce19b22053395ac3c1c
lounge_chair_012,lounge_chair,1,soft_target,"[0.4666666666666667, 0.2, 0.26666666666666666, 0.06666666666666667, 0.0]","[0.5226137042045593, 0.21785779297351837, 0.21785779297351837, 0.02684534713625908, 0.014825409278273582]",functionality,8c1733bfeeec228777aaddba2f97626a9b2772a2a134c2859039c22964dbefad
lounge_chair_012,lounge_chair,1,majority_target,"[0.4666666666666667, 0.2, 0.26666666666666666, 0.06666666666666667, 0.0]","[0.3832051753997803, 0.3832051753997803, 0.23242568969726562, 8.766417886363342e-05, 0.0010763445170596242]",functionality,8c1733bfeeec228777aaddba2f97626a9b2772a2a134c2859039c22964dbefad
lounge_chair_012,lounge_chair,1,soft_ce_only,"[0.4666666666666667, 0.2, 0.26666666666666666, 0.06666666666666667, 0.0]","[0.33443483710289, 0.33443483710289, 0.27725622057914734, 0.038713641464710236, 0.015160479582846165]",functionality,8c1733bfeeec228777aaddba2f97626a9b2772a2a134c2859039c22964dbefad
lounge_chair_012,lounge_chair,1,category_prior,"[0.4666666666666667, 0.2, 0.26666666666666666, 0.06666666666666667, 0.0]","[0.35555555555555546, 0.29555555555555557, 0.29555555555555557, 0.026666666666666665, 0.02666666666666667]",functionality,8c1733bfeeec228777aaddba2f97626a9b2772a2a134c2859039c22964dbefad
lounge_chair_013,lounge_chair,5,soft_target,"[0.4, 0.26666666666666666, 0.2, 0.0, 0.13333333333333333]","[0.4359913170337677, 0.11023586988449097, 0.28149715065956116, 0.03930580988526344, 0.13296982645988464]",functionality,3580ffb0d05c1b5adf47e9bb3af7a9ff010499b2026a96e3d4ba864d3e4b3105
lounge_chair_013,lounge_chair,5,majority_target,"[0.4, 0.26666666666666666, 0.2, 0.0, 0.13333333333333333]","[0.5202087759971619, 0.35753390192985535, 0.05150764435529709, 0.00034705575671978295, 0.0704025998711586]",functionality,3580ffb0d05c1b5adf47e9bb3af7a9ff010499b2026a96e3d4ba864d3e4b3105
lounge_chair_013,lounge_chair,5,soft_ce_only,"[0.4, 0.26666666666666666, 0.2, 0.0, 0.13333333333333333]","[0.3185080885887146, 0.29921066761016846, 0.26405248045921326, 0.0912541002035141, 0.02697465755045414]",functionality,3580ffb0d05c1b5adf47e9bb3af7a9ff010499b2026a96e3d4ba864d3e4b3105
lounge_chair_013,lounge_chair,5,category_prior,"[0.4, 0.26666666666666666, 0.2, 0.0, 0.13333333333333333]","[0.38222222222222224, 0.24666666666666665, 0.29777777777777775, 0.03777777777777778, 0.035555555555555556]",functionality,3580ffb0d05c1b5adf47e9bb3af7a9ff010499b2026a96e3d4ba864d3e4b3105
lounge_chair_014,lounge_chair,2,soft_target,"[0.4666666666666667, 0.3, 0.23333333333333334, 0.0, 0.0]","[0.35353779792785645, 0.45395150780677795, 0.1568814516067505, 0.030891787260770798, 0.004737409297376871]",aesthetics,59ecc137154f00e191c8c611acfbf11ce3218755cd62f55d4cb1261d75be5ae8
lounge_chair_014,lounge_chair,2,majority_target,"[0.4666666666666667, 0.3, 0.23333333333333334, 0.0, 0.0]","[0.2786364257335663, 0.31573641300201416, 0.40541359782218933, 0.00010927995754173025, 0.00010427567031001672]",usability,59ecc137154f00e191c8c611acfbf11ce3218755cd62f55d4cb1261d75be5ae8
lounge_chair_014,lounge_chair,2,soft_ce_only,"[0.4666666666666667, 0.3, 0.23333333333333334, 0.0, 0.0]","[0.3510187864303589, 0.42340946197509766, 0.1878868192434311, 0.03164530172944069, 0.006039611529558897]",aesthetics,59ecc137154f00e191c8c611acfbf11ce3218755cd62f55d4cb1261d75be5ae8
lounge_chair_014,lounge_chair,2,category_prior,"[0.4666666666666667, 0.3, 0.23333333333333334, 0.0, 0.0]","[0.3355555555555555, 0.28666666666666674, 0.3244444444444445, 0.031111111111111107, 0.022222222222222223]",functionality,59ecc137154f00e191c8c611acfbf11ce3218755cd62f55d4cb1261d75be5ae8
lounge_chair_015,lounge_chair,2,soft_target,"[0.4666666666666667, 0.0, 0.5333333333333333, 0.0, 0.0]","[0.4655493497848511, 0.24919061362743378, 0.26526200771331787, 0.016957635059952736, 0.0030403360724449158]",functionality,8e27c00850a9620dff830de3271b637fdb514a07427e149a64e206812caa3d81
lounge_chair_015,lounge_chair,2,majority_target,"[0.4666666666666667, 0.0, 0.5333333333333333, 0.0, 0.0]","[0.6880379319190979, 0.025061780586838722, 0.28681686520576477, 3.430699507589452e-05, 4.914250166621059e-05]",functionality,8e27c00850a9620dff830de3271b637fdb514a07427e149a64e206812caa3d81
lounge_chair_015,lounge_chair,2,soft_ce_only,"[0.4666666666666667, 0.0, 0.5333333333333333, 0.0, 0.0]","[0.4176376461982727, 0.26964715123176575, 0.2870378792285919, 0.021452993154525757, 0.004224345088005066]",functionality,8e27c00850a9620dff830de3271b637fdb514a07427e149a64e206812caa3d81
lounge_chair_015,lounge_chair,2,category_prior,"[0.4666666666666667, 0.0, 0.5333333333333333, 0.0, 0.0]","[0.3355555555555555, 0.28666666666666674, 0.3244444444444445, 0.031111111111111107, 0.022222222222222223]",functionality,8e27c00850a9620dff830de3271b637fdb514a07427e149a64e206812caa3d81
lounge_chair_016,lounge_chair,2,soft_target,"[0.3, 0.4, 0.23333333333333334, 0.06666666666666667, 0.0]","[0.3571573495864868, 0.2781544029712677, 0.3355182707309723, 0.025076379999518394, 0.00409360695630312]",functionality,f172018d3ee7f68dfe4f96c4dc0162875eff56f31e3708e60ede605f0810b1dc
lounge_chair_016,lounge_chair,2,majority_target,"[0.3, 0.4, 0.23333333333333334, 0.06666666666666667, 0.0]","[0.26617100834846497, 0.1338392049074173, 0.5998256802558899, 8.654324483359233e-05, 7.757687853882089e-05]",usability,f172018d3ee7f68dfe4f96c4dc0162875eff56f31e3708e60ede605f0810b1dc
lounge_chair_016,lounge_chair,2,soft_ce_only,"[0.3, 0.4, 0.23333333333333334, 0.06666666666666667, 0.0]","[0.3279651999473572, 0.3080947995185852, 0.3279651999473572, 0.03050551377236843, 0.005469337571412325]",functionality,f172018d3ee7f68dfe4f96c4dc0162875eff56f31e3708e60ede605f0810b1dc
lounge_chair_016,lounge_chair,2,category_prior,"[0.3, 0.4, 0.23333333333333334, 0.06666666666666667, 0.0]","[0.3355555555555555, 0.28666666666666674, 0.3244444444444445, 0.031111111111111107, 0.022222222222222223]",functionality,f172018d3ee7f68dfe4f96c4dc0162875eff56f31e3708e60ede605f0810b1dc
lounge_chair_017,lounge_chair,3,soft_target,"[0.3, 0.4, 0.23333333333333334, 0.0, 0.06666666666666667]","[0.3758409023284912, 0.3115830719470978, 0.2583114206790924, 0.034958649426698685, 0.0193060003221035]",functionality,1a92d9331cc482edd35da18d3277677fbe5e7a39c6bcfb49ce196e03c11278c5
lounge_chair_017,lounge_chair,3,majority_target,"[0.3, 0.4, 0.23333333333333334, 0.0, 0.06666666666666667]","[0.4331367611885071, 0.49080824851989746, 0.07070763409137726, 0.0003828176995739341, 0.004964455496519804]",aesthetics,1a92d9331cc482edd35da18d3277677fbe5e7a39c6bcfb49ce196e03c11278c5
lounge_chair_017,lounge_chair,3,soft_ce_only,"[0.3, 0.4, 0.23333333333333334, 0.0, 0.06666666666666667]","[0.35774871706962585, 0.3360738158226013, 0.24587686359882355, 0.04408329352736473, 0.016217337921261787]",functionality,1a92d9331cc482edd35da18d3277677fbe5e7a39c6bcfb49ce196e03c11278c5
lounge_chair_017,lounge_chair,3,category_prior,"[0.3, 0.4, 0.23333333333333334, 0.0, 0.06666666666666667]","[0.3577777777777777, 0.23777777777777778, 0.3177777777777778, 0.03333333333333333, 0.05333333333333334]",functionality,1a92d9331cc482edd35da18d3277677fbe5e7a39c6bcfb49ce196e03c11278c5
lounge_chair_018,lounge_chair,1,soft_target,"[0.43333333333333335, 0.13333333333333333, 0.43333333333333335, 0.0, 0.0]","[0.49149248003959656, 0.18081000447273254, 0.1924712210893631, 0.04430939257144928, 0.09091696888208389]",functionality,f000d05c384a78e2993fe758eb608c20bca711a0ea55181a898fa2cba767aefc
lounge_chair_018,lounge_chair,1,majority_target,"[0.43333333333333335, 0.13333333333333333, 0.43333333333333335, 0.0, 0.0]","[0.5204399824142456, 0.2458384484052658, 0.23094382882118225, 0.00013076049799565226, 0.002646993612870574]",functionality,f000d05c384a78e2993fe758eb608c20bca711a0ea55181a898fa2cba767aefc
lounge_chair_018,lounge_chair,1,soft_ce_only,"[0.43333333333333335, 0.13333333333333333, 0.43333333333333335, 0.0, 0.0]","[0.3712555468082428, 0.28913411498069763, 0.23970060050487518, 0.05693388357758522, 0.04297594726085663]",functionality,f000d05c384a78e2993fe758eb608c20bca711a0ea55181a898fa2cba767aefc
lounge_chair_018,lounge_chair,1,category_prior,"[0.43333333333333335, 0.13333333333333333, 0.43333333333333335, 0.0, 0.0]","[0.35555555555555546, 0.29555555555555557, 0.29555555555555557, 0.026666666666666665, 0.02666666666666667]",functionality,f000d05c384a78e2993fe758eb608c20bca711a0ea55181a898fa2cba767aefc
lounge_chair_019,lounge_chair,3,soft_target,"[0.5666666666666667, 0.3, 0.06666666666666667, 0.06666666666666667, 0.0]","[0.33895084261894226, 0.33895084261894226, 0.26397520303726196, 0.0417669415473938, 0.016356168314814568]",functionality,e3c1c3323c137f23c62a9e53bb0f5c0a0da8b12783698613c8b4a91e5ba00bf1
lounge_chair_019,lounge_chair,3,majority_target,"[0.5666666666666667, 0.3, 0.06666666666666667, 0.06666666666666667, 0.0]","[0.33860811591148376, 0.5244464874267578, 0.1326008439064026, 0.00046351965283975005, 0.003881002077832818]",aesthetics,e3c1c3323c137f23c62a9e53bb0f5c0a0da8b12783698613c8b4a91e5ba00bf1
lounge_chair_019,lounge_chair,3,soft_ce_only,"[0.5666666666666667, 0.3, 0.06666666666666667, 0.06666666666666667, 0.0]","[0.3169822096824646, 0.35918790102005005, 0.26278749108314514, 0.04711519926786423, 0.013927225954830647]",aesthetics,e3c1c3323c137f23c62a9e53bb0f5c0a0da8b12783698613c8b4a91e5ba00bf1
lounge_chair_019,lounge_chair,3,category_prior,"[0.5666666666666667, 0.3, 0.06666666666666667, 0.06666666666666667, 0.0]","[0.3577777777777777, 0.23777777777777778, 0.3177777777777778, 0.03333333333333333, 0.05333333333333334]",functionality,e3c1c3323c137f23c62a9e53bb0f5c0a0da8b12783698613c8b4a91e5ba00bf1
lounge_chair_020,lounge_chair,5,soft_target,"[0.26666666666666666, 0.3333333333333333, 0.4, 0.0, 0.0]","[0.20814943313598633, 0.36531364917755127, 0.34318041801452637, 0.03972601518034935, 0.04363049194216728]",aesthetics,28b44cad634c2bbdfbb43aba50ac965e8aeb91b77983c993590844c67c3b0ca2
lounge_chair_020,lounge_chair,5,majority_target,"[0.26666666666666666, 0.3333333333333333, 0.4, 0.0, 0.0]","[0.14048753678798676, 0.7594683766365051, 0.02441307343542576, 0.0004333839169703424, 0.07519755512475967]",aesthetics,28b44cad634c2bbdfbb43aba50ac965e8aeb91b77983c993590844c67c3b0ca2
lounge_chair_020,lounge_chair,5,soft_ce_only,"[0.26666666666666666, 0.3333333333333333, 0.4, 0.0, 0.0]","[0.15089882910251617, 0.5266886353492737, 0.20625422894954681, 0.09152475744485855, 0.024633556604385376]",aesthetics,28b44cad634c2bbdfbb43aba50ac965e8aeb91b77983c993590844c67c3b0ca2
lounge_chair_020,lounge_chair,5,category_prior,"[0.26666666666666666, 0.3333333333333333, 0.4, 0.0, 0.0]","[0.38222222222222224, 0.24666666666666665, 0.29777777777777775, 0.03777777777777778, 0.035555555555555556]",functionality,28b44cad634c2bbdfbb43aba50ac965e8aeb91b77983c993590844c67c3b0ca2
lounge_chair_021,lounge_chair,1,soft_target,"[0.36666666666666664, 0.23333333333333334, 0.4, 0.0, 0.0]","[0.45427432656288147, 0.2755313217639923, 0.18936970829963684, 0.061479344964027405, 0.01934533566236496]",functionality,e300061b0d5548af5776d7d16929b4a8bce1f86213babf1bf2eab85a617d67ea
lounge_chair_021,lounge_chair,1,majority_target,"[0.36666666666666664, 0.23333333333333334, 0.4, 0.0, 0.0]","[0.47127217054367065, 0.3042761981487274, 0.22261321544647217, 0.00029077971703372896, 0.0015475696418434381]",functionality,e300061b0d5548af5776d7d16929b4a8bce1f86213babf1bf2eab85a617d67ea
lounge_chair_021,lounge_chair,1,soft_ce_only,"[0.36666666666666664, 0.23333333333333334, 0.4, 0.0, 0.0]","[0.33107057213783264, 0.33107057213783264, 0.24221639335155487, 0.07863615453243256, 0.01700626127421856]",functionality,e300061b0d5548af5776d7d16929b4a8bce1f86213babf1bf2eab85a617d67ea
lounge_chair_021,lounge_chair,1,category_prior,"[0.36666666666666664, 0.23333333333333334, 0.4, 0.0, 0.0]","[0.35555555555555546, 0.29555555555555557, 0.29555555555555557, 0.026666666666666665, 0.02666666666666667]",functionality,e300061b0d5548af5776d7d16929b4a8bce1f86213babf1bf2eab85a617d67ea
lounge_chair_022,lounge_chair,2,soft_target,"[0.6333333333333333, 0.0, 0.3, 0.0, 0.06666666666666667]","[0.5555474162101746, 0.13195407390594482, 0.279346764087677, 0.02087816782295704, 0.012273640371859074]",functionality,afe58e99636ca29eb5fa10d91b7b72255cc3b61bf7c417c351c68b4ebbad433a
lounge_chair_022,lounge_chair,2,majority_target,"[0.6333333333333333, 0.0, 0.3, 0.0, 0.06666666666666667]","[0.7874599099159241, 0.0005253516137599945, 0.21194195747375488, 2.2372170860762708e-05, 5.041645999881439e-05]",functionality,afe58e99636ca29eb5fa10d91b7b72255cc3b61bf7c417c351c68b4ebbad433a
lounge_chair_022,lounge_chair,2,soft_ce_only,"[0.6333333333333333, 0.0, 0.3, 0.0, 0.06666666666666667]","[0.5181249380111694, 0.15801917016506195, 0.2773323059082031, 0.025795921683311462, 0.020727606490254402]",functionality,afe58e99636ca29eb5fa10d91b7b72255cc3b61bf7c417c351c68b4ebbad433a
lounge_chair_022,lounge_chair,2,category_prior,"[0.6333333333333333, 0.0, 0.3, 0.0, 0.06666666666666667]","[0.3355555555555555, 0.28666666666666674, 0.3244444444444445, 0.031111111111111107, 0.022222222222222223]",functionality,afe58e99636ca29eb5fa10d91b7b72255cc3b61bf7c417c351c68b4ebbad433a
lounge_chair_023,lounge_chair,3,soft_target,"[0.26666666666666666, 0.13333333333333333, 0.5333333333333333, 0.06666666666666667, 0.0]","[0.3718164563179016, 0.32812684774398804, 0.24006274342536926, 0.04727115109562874, 0.012722859159111977]",functionality,ba802c034a7bce71d0ecc07fb8429729035e56227e6782d5be0dc63c9457eb7c
lounge_chair_023,lounge_chair,3,majority_target,"[0.26666666666666666, 0.13333333333333333, 0.5333333333333333, 0.06666666666666667, 0.0]","[0.6472089886665344, 0.23809491097927094, 0.11246805638074875, 0.000352411501808092, 0.001875582616776228]",functionality,ba802c034a7bce71d0ecc07fb8429729035e56227e6782d5be0dc63c9457eb7c
lounge_chair_023,lounge_chair,3,soft_ce_only,"[0.26666666666666666, 0.13333333333333333, 0.5333333333333333, 0.06666666666666667, 0.0]","[0.3621521592140198, 0.3402104675769806, 0.2338230162858963, 0.05217296630144119, 0.011641362681984901]",functionality,ba802c034a7bce71d0ecc07fb8429729035e56227e6782d5be0dc63c9457eb7c
lounge_chair_023,lounge_chair,3,category_prior,"[0.26666666666666666, 0.13333333333333333, 0.5333333333333333, 0.06666666666666667, 0.0]","[0.3577777777777777, 0.23777777777777778, 0.3177777777777778, 0.03333333333333333, 0.05333333333333334]",functionality,ba802c034a7bce71d0ecc07fb8429729035e56227e6782d5be0dc63c9457eb7c
lounge_chair_024,lounge_chair,4,soft_target,"[0.26666666666666666, 0.6, 0.06666666666666667, 0.06666666666666667, 0.0]","[0.3841012120246887, 0.17044387757778168, 0.40887361764907837, 0.034627772867679596, 0.0019535652827471495]",usability,e15c267bb4215a6788e6463b64fb588136d1b99c6c81fc1af83c61186da83a7c
lounge_chair_024,lounge_chair,4,majority_target,"[0.26666666666666666, 0.6, 0.06666666666666667, 0.06666666666666667, 0.0]","[0.8077059388160706, 0.05851002782583237, 0.1318543702363968, 0.0003703518013935536, 0.0015592393465340137]",functionality,e15c267bb4215a6788e6463b64fb588136d1b99c6c81fc1af83c61186da83a7c
lounge_chair_024,lounge_chair,4,soft_ce_only,"[0.26666666666666666, 0.6, 0.06666666666666667, 0.06666666666666667, 0.0]","[0.35639598965644836, 0.2954626679420471, 0.2607448697090149, 0.07952269911766052, 0.007873812690377235]",functionality,e15c267bb4215a6788e6463b64fb588136d1b99c6c81fc1af83c61186da83a7c
lounge_chair_024,lounge_chair,4,category_prior,"[0.26666666666666666, 0.6, 0.06666666666666667, 0.06666666666666667, 0.0]","[0.3755555555555555, 0.22666666666666666, 0.3244444444444444, 0.03777777777777778, 0.035555555555555556]",functionality,e15c267bb4215a6788e6463b64fb588136d1b99c6c81fc1af83c61186da83a7c
lounge_chair_025,lounge_chair,4,soft_target,"[0.3, 0.4, 0.3, 0.0, 0.0]","[0.40387141704559326, 0.13957421481609344, 0.42991888523101807, 0.02010757476091385, 0.006527972873300314]",usability,b3d75367839228ac01d000bdef02513d7ee2e548f7ad0ad92f88ce7a20f0a89e
lounge_chair_025,lounge_chair,4,majority_target,"[0.3, 0.4, 0.3, 0.0, 0.0]","[0.7641540169715881, 0.03804498910903931, 0.19320839643478394, 0.00032405060483142734, 0.004268529824912548]",functionality,b3d75367839228ac01d000bdef02513d7ee2e548f7ad0ad92f88ce7a20f0a89e
lounge_chair_025,lounge_chair,4,soft_ce_only,"[0.3, 0.4, 0.3, 0.0, 0.0]","[0.36698654294013977, 0.25222593545913696, 0.3042425513267517, 0.0599089078605175, 0.01663610339164734]",functionality,b3d75367839228ac01d000bdef02513d7ee2e548f7ad0ad92f88ce7a20f0a89e
lounge_chair_025,lounge_chair,4,category_prior,"[0.3, 0.4, 0.3, 0.0, 0.0]","[0.3755555555555555, 0.22666666666666666, 0.3244444444444444, 0.03777777777777778, 0.035555555555555556]",functionality,b3d75367839228ac01d000bdef02513d7ee2e548f7ad0ad92f88ce7a20f0a89e
sneakers_001,sneakers,4,soft_target,"[0.6333333333333333, 0.23333333333333334, 0.06666666666666667, 0.06666666666666667, 0.0]","[0.4868352711200714, 0.27739036083221436, 0.17909671366214752, 0.04973335564136505, 0.006944331806153059]",functionality,df178846eb7dccf792c9e322f6a51b7be479bad89858aefb9f53b0bf61e54dfb
sneakers_001,sneakers,4,majority_target,"[0.6333333333333333, 0.23333333333333334, 0.06666666666666667, 0.06666666666666667, 0.0]","[0.6690460443496704, 0.14928434789180756, 0.16916131973266602, 0.00025432376423850656, 0.012254005298018456]",functionality,df178846eb7dccf792c9e322f6a51b7be479bad89858aefb9f53b0bf61e54dfb
sneakers_001,sneakers,4,soft_ce_only,"[0.6333333333333333, 0.23333333333333334, 0.06666666666666667, 0.06666666666666667, 0.0]","[0.2991786301136017, 0.2991786301136017, 0.26402419805526733, 0.09712907671928406, 0.040489424020051956]",functionality,df178846eb7dccf792c9e322f6a51b7be479bad89858aefb9f53b0bf61e54dfb
sneakers_001,sneakers,4,category_prior,"[0.6333333333333333, 0.23333333333333334, 0.06666666666666667, 0.06666666666666667, 0.0]","[0.38222222222222224, 0.15777777777777777, 0.31555555555555553, 0.09333333333333332, 0.051111111111111114]",functionality,df178846eb7dccf792c9e322f6a51b7be479bad89858aefb9f53b0bf61e54dfb
sneakers_002,sneakers,4,soft_target,"[0.23333333333333334, 0.0, 0.7, 0.06666666666666667, 0.0]","[0.20484495162963867, 0.019658371806144714, 0.7149791121482849, 0.05868905782699585, 0.0018285132246091962]",usability,8b1f085bdb5b311d91468f8842bce187083a18d8fbb7a23914d66abaf6c148a6
sneakers_002,sneakers,4,majority_target,"[0.23333333333333334, 0.0, 0.7, 0.06666666666666667, 0.0]","[0.11270102858543396, 0.0005732052377425134, 0.8864623308181763, 6.84596088831313e-05, 0.0001950232544913888]",usability,8b1f085bdb5b311d91468f8842bce187083a18d8fbb7a23914d66abaf6c148a6
sneakers_002,sneakers,4,soft_ce_only,"[0.23333333333333334, 0.0, 0.7, 0.06666666666666667, 0.0]","[0.31466302275657654, 0.0659569501876831, 0.5187916159629822, 0.09015245735645294, 0.010435905307531357]",usability,8b1f085bdb5b311d91468f8842bce187083a18d8fbb7a23914d66abaf6c148a6
sneakers_002,sneakers,4,category_prior,"[0.23333333333333334, 0.0, 0.7, 0.06666666666666667, 0.0]","[0.38222222222222224, 0.15777777777777777, 0.31555555555555553, 0.09333333333333332, 0.051111111111111114]",functionality,8b1f085bdb5b311d91468f8842bce187083a18d8fbb7a23914d66abaf6c148a6
sneakers_003,sneakers,1,soft_target,"[0.2, 0.13333333333333333, 0.6, 0.06666666666666667, 0.0]","[0.3795534670352936, 0.041274525225162506, 0.4578288793563843, 0.11575726419687271, 0.005585899110883474]",usability,d2e13e9d4252db9c974635957892cf8700df3acafd4f5eb66cd1bfbab6a2281d
sneakers_003,sneakers,1,majority_target,"[0.2, 0.13333333333333333, 0.6, 0.06666666666666667, 0.0]","[0.3469234108924866, 0.003976308740675449, 0.6481382250785828, 0.00011547415488166735, 0.0008466050494462252]",usability,d2e13e9d4252db9c974635957892cf8700df3acafd4f5eb66cd1bfbab6a2281d
sneakers_003,sneakers,1,soft_ce_only,"[0.2, 0.13333333333333333, 0.6, 0.06666666666666667, 0.0]","[0.33706605434417725, 0.09657104313373566, 0.43280136585235596, 0.12399967014789581, 0.009561827406287193]",usability,d2e13e9d4252db9c974635957892cf8700df3acafd4f5eb66cd1bfbab6a2281d
sneakers_003,sneakers,1,category_prior,"[0.2, 0.13333333333333333, 0.6, 0.06666666666666667, 0.0]","[0.38666666666666666, 0.14222222222222222, 0.36888888888888893, 0.09111111111111111, 0.011111111111111112]",functionality,d2e13e9d4252db9c974635957892cf8700df3acafd4f5eb66cd1bfbab6a2281d
sneakers_004,sneakers,5,soft_target,"[0.6333333333333333, 0.13333333333333333, 0.16666666666666666, 0.06666666666666667, 0.0]","[0.6830301284790039, 0.0450507216155529, 0.22174741327762604, 0.041019149124622345, 0.009152608923614025]",functionality,77e7a7cd0cccf28634f6793e04b7377eaa4fdcbbfd850b460cbfa4d9617ee4a6
sneakers_004,sneakers,5,majority_target,"[0.6333333333333333, 0.13333333333333333, 0.16666666666666666, 0.06666666666666667, 0.0]","[0.7479141354560852, 0.08133189380168915, 0.0839136391878128, 0.0002629380614962429, 0.08657734841108322]",functionality,77e7a7cd0cccf28634f6793e04b7377eaa4fdcbbfd850b460cbfa4d9617ee4a6
sneakers_004,sneakers,5,soft_ce_only,"[0.6333333333333333, 0.13333333333333333, 0.16666666666666666, 0.06666666666666667, 0.0]","[0.4484517276287079, 0.19899925589561462, 0.2400389313697815, 0.07792922109365463, 0.034580886363983154]",functionality,77e7a7cd0cccf28634f6793e04b7377eaa4fdcbbfd850b460cbfa4d9617ee4a6
sneakers_004,sneakers,5,category_prior,"[0.6333333333333333, 0.13333333333333333, 0.16666666666666666, 0.06666666666666667, 0.0]","[0.40888888888888886, 0.16222222222222224, 0.3266666666666667, 0.09555555555555556, 0.006666666666666667]",functionality,77e7a7cd0cccf28634f6793e04b7377eaa4fdcbbfd850b460cbfa4d9617ee4a6
sneakers_005,sneakers,1,soft_target,"[0.6, 0.06666666666666667, 0.06666666666666667, 0.06666666666666667, 0.2]","[0.5567309856414795, 0.0967453345656395, 0.14984212815761566, 0.13223521411418915, 0.06444629281759262]",functionality,94ae848e8846da5563f97cd4c0c25599b689c580050241026adcdcdc671d7425
sneakers_005,sneakers,1,majority_target,"[0.6, 0.06666666666666667, 0.06666666666666667, 0.06666666666666667, 0.2]","[0.6768069863319397, 0.003551557194441557, 0.3003312945365906, 0.00011065213766414672, 0.019199537113308907]",functionality,94ae848e8846da5563f97cd4c0c25599b689c580050241026adcdcdc671d7425
sneakers_005,sneakers,1,soft_ce_only,"[0.6, 0.06666666666666667, 0.06666666666666667, 0.06666666666666667, 0.2]","[0.5027529001235962, 0.14404113590717316, 0.16321997344493866, 0.13531412184238434, 0.05467184633016586]",functionality,94ae848e8846da5563f97cd4c0c25599b689c580050241026adcdcdc671d7425
sneakers_005,sneakers,1,category_prior,"[0.6, 0.06666666666666667, 0.06666666666666667, 0.06666666666666667, 0.2]","[0.38666666666666666, 0.14222222222222222, 0.36888888888888893, 0.09111111111111111, 0.011111111111111112]",functionality,94ae848e8846da5563f97cd4c0c25599b689c580050241026adcdcdc671d7425
sneakers_006,sneakers,1,soft_target,"[0.13333333333333333, 0.23333333333333334, 0.5, 0.13333333333333333, 0.0]","[0.2536240816116333, 0.13575519621372223, 0.39282065629959106, 0.1855553388595581, 0.03224468231201172]",usability,cea64a8de68c992dff16ffa5506b86ead5d83e0d4d5509f5fe989271d8cda808
sneakers_006,sneakers,1,majority_target,"[0.13333333333333333, 0.23333333333333334, 0.5, 0.13333333333333333, 0.0]","[0.18732768297195435, 0.0689140036702156, 0.7408953905105591, 0.0002729707630351186, 0.002589874668046832]",usability,cea64a8de68c992dff16ffa5506b86ead5d83e0d4d5509f5fe989271d8cda808
sneakers_006,sneakers,1,soft_ce_only,"[0.13333333333333333, 0.23333333333333334, 0.5, 0.13333333333333333, 0.0]","[0.22891934216022491, 0.20202060043811798, 0.35455721616744995, 0.17828255891799927, 0.03622029721736908]",usability,cea64a8de68c992dff16ffa5506b86ead5d83e0d4d5509f5fe989271d8cda808
sneakers_006,sneakers,1,category_prior,"[0.13333333333333333, 0.23333333333333334, 0.5, 0.13333333333333333, 0.0]","[0.38666666666666666, 0.14222222222222222, 0.36888888888888893, 0.09111111111111111, 0.011111111111111112]",functionality,cea64a8de68c992dff16ffa5506b86ead5d83e0d4d5509f5fe989271d8cda808
sneakers_007,sneakers,1,soft_target,"[0.4, 0.2, 0.26666666666666666, 0.13333333333333333, 0.0]","[0.6741111278533936, 0.11004561930894852, 0.1327403485774994, 0.06674604117870331, 0.016356822103261948]",functionality,11d287ee66ad3cc1fc3fd19fc95a381523554a8989e03c62107e0b3640fe9bf6
sneakers_007,sneakers,1,majority_target,"[0.4, 0.2, 0.26666666666666666, 0.13333333333333333, 0.0]","[0.6035116314888, 0.004905050154775381, 0.3896563947200775, 6.521620525745675e-05, 0.0018617470050230622]",functionality,11d287ee66ad3cc1fc3fd19fc95a381523554a8989e03c62107e0b3640fe9bf6
sneakers_007,sneakers,1,soft_ce_only,"[0.4, 0.2, 0.26666666666666666, 0.13333333333333333, 0.0]","[0.5982223153114319, 0.17139357328414917, 0.1334814429283142, 0.08096058666706085, 0.015942085534334183]",functionality,11d287ee66ad3cc1fc3fd19fc95a381523554a8989e03c62107e0b3640fe9bf6
sneakers_007,sneakers,1,category_prior,"[0.4, 0.2, 0.26666666666666666, 0.13333333333333333, 0.0]","[0.38666666666666666, 0.14222222222222222, 0.36888888888888893, 0.09111111111111111, 0.011111111111111112]",functionality,11d287ee66ad3cc1fc3fd19fc95a381523554a8989e03c62107e0b3640fe9bf6
sneakers_008,sneakers,5,soft_target,"[0.5, 0.06666666666666667, 0.36666666666666664, 0.06666666666666667, 0.0]","[0.5756906867027283, 0.034572914242744446, 0.34917405247688293, 0.03680267557501793, 0.003759630024433136]",functionality,ca6858ed684ecdb505e599bf265a7e74edda8f40509a589728a4cc5b7be7ae3f
sneakers_008,sneakers,5,majority_target,"[0.5, 0.06666666666666667, 0.36666666666666664, 0.06666666666666667, 0.0]","[0.7847175598144531, 0.05684475228190422, 0.12034033983945847, 0.00023050366144161671, 0.03786676377058029]",functionality,ca6858ed684ecdb505e599bf265a7e74edda8f40509a589728a4cc5b7be7ae3f
sneakers_008,sneakers,5,soft_ce_only,"[0.5, 0.06666666666666667, 0.36666666666666664, 0.06666666666666667, 0.0]","[0.4709068834781647, 0.1267428696155548, 0.32364925742149353, 0.06575333327054977, 0.012947598472237587]",functionality,ca6858ed684ecdb505e599bf265a7e74edda8f40509a589728a4cc5b7be7ae3f
sneakers_008,sneakers,5,category_prior,"[0.5, 0.06666666666666667, 0.36666666666666664, 0.06666666666666667, 0.0]","[0.40888888888888886, 0.16222222222222224, 0.3266666666666667, 0.09555555555555556, 0.006666666666666667]",functionality,ca6858ed684ecdb505e599bf265a7e74edda8f40509a589728a4cc5b7be7ae3f
sneakers_009,sneakers,2,soft_target,"[0.36666666666666664, 0.0, 0.5, 0.13333333333333333, 0.0]","[0.4181525409221649, 0.0515265017747879, 0.47382888197898865, 0.04994119703769684, 0.006550859659910202]",usability,0d0df19f7d9a4fad34999c00258f9ab95fd73461f3a0983017affe386ecf390c
sneakers_009,sneakers,2,majority_target,"[0.36666666666666664, 0.0, 0.5, 0.13333333333333333, 0.0]","[0.001098710112273693, 3.7811080346727977e-06, 0.9988822340965271, 1.4128969496596255e-06, 1.3830719581164885e-05]",usability,0d0df19f7d9a4fad34999c00258f9ab95fd73461f3a0983017affe386ecf390c
sneakers_009,sneakers,2,soft_ce_only,"[0.36666666666666664, 0.0, 0.5, 0.13333333333333333, 0.0]","[0.41531315445899963, 0.0699501559138298, 0.44209855794906616, 0.0657120868563652, 0.006926002912223339]",usability,0d0df19f7d9a4fad34999c00258f9ab95fd73461f3a0983017affe386ecf390c
sneakers_009,sneakers,2,category_prior,"[0.36666666666666664, 0.0, 0.5, 0.13333333333333333, 0.0]","[0.35333333333333333, 0.1311111111111111, 0.3866666666666667, 0.08, 0.04888888888888889]",usability,0d0df19f7d9a4fad34999c00258f9ab95fd73461f3a0983017affe386ecf390c
sneakers_010,sneakers,3,soft_target,"[0.13333333333333333, 0.0, 0.5666666666666667, 0.2, 0.1]","[0.354918509721756, 0.039820753037929535, 0.5164033770561218, 0.04512282460927963, 0.04373453930020332]",usability,a69f85c085b32dedb4425002e93e0530832500dc3ed5889dae785c5818e8f69c
sneakers_010,sneakers,3,majority_target,"[0.13333333333333333, 0.0, 0.5666666666666667, 0.2, 0.1]","[0.27468761801719666, 0.010323104448616505, 0.7014394402503967, 0.0007024960941635072, 0.012847311794757843]",usability,a69f85c085b32dedb4425002e93e0530832500dc3ed5889dae785c5818e8f69c
sneakers_010,sneakers,3,soft_ce_only,"[0.13333333333333333, 0.0, 0.5666666666666667, 0.2, 0.1]","[0.35921940207481384, 0.05864095315337181, 0.4612468481063843, 0.07073450088500977, 0.050158269703388214]",usability,a69f85c085b32dedb4425002e93e0530832500dc3ed5889dae785c5818e8f69c
sneakers_010,sneakers,3,category_prior,"[0.13333333333333333, 0.0, 0.5666666666666667, 0.2, 0.1]","[0.36222222222222217, 0.14666666666666664, 0.3622222222222222, 0.08, 0.04888888888888889]",usability,a69f85c085b32dedb4425002e93e0530832500dc3ed5889dae785c5818e8f69c
sneakers_011,sneakers,2,soft_target,"[0.4, 0.43333333333333335, 0.0, 0.16666666666666666, 0.0]","[0.4196886718273163, 0.30705079436302185, 0.2391313910484314, 0.029466768726706505, 0.0046623204834759235]",functionality,4b39f5ae40e324af83466d250dff96b9644aad00fba6885d460e66e38d96a3c0
sneakers_011,sneakers,2,majority_target,"[0.4, 0.43333333333333335, 0.0, 0.16666666666666666, 0.0]","[0.46865758299827576, 0.0002512322389520705, 0.5310586094856262, 1.3314820535015315e-05, 1.9222188711864874e-05]",usability,4b39f5ae40e324af83466d250dff96b9644aad00fba6885d460e66e38d96a3c0
sneakers_011,sneakers,2,soft_ce_only,"[0.4, 0.43333333333333335, 0.0, 0.16666666666666666, 0.0]","[0.38019323348999023, 0.33551934361457825, 0.24547120928764343, 0.033220913261175156, 0.005595315247774124]",functionality,4b39f5ae40e324af83466d250dff96b9644aad00fba6885d460e66e38d96a3c0
sneakers_011,sneakers,2,category_prior,"[0.4, 0.43333333333333335, 0.0, 0.16666666666666666, 0.0]","[0.35333333333333333, 0.1311111111111111, 0.3866666666666667, 0.08, 0.04888888888888889]",usability,4b39f5ae40e324af83466d250dff96b9644aad00fba6885d460e66e38d96a3c0
sneakers_012,sneakers,5,soft_target,"[0.16666666666666666, 0.06666666666666667, 0.6666666666666666, 0.1, 0.0]","[0.21826037764549255, 0.01352363359183073, 0.7156482934951782, 0.04297801852226257, 0.009589692577719688]",usability,5bcbe9ecda41194a772b8b90eba210a3a9524a24a21906477503d5678707a7b2
sneakers_012,sneakers,5,majority_target,"[0.16666666666666666, 0.06666666666666667, 0.6666666666666666, 0.1, 0.0]","[0.6965101957321167, 0.06684205681085587, 0.18746317923069, 0.00028183948597870767, 0.048902690410614014]",functionality,5bcbe9ecda41194a772b8b90eba210a3a9524a24a21906477503d5678707a7b2
sneakers_012,sneakers,5,soft_ce_only,"[0.16666666666666666, 0.06666666666666667, 0.6666666666666666, 0.1, 0.0]","[0.3581729829311371, 0.11628174036741257, 0.4320390820503235, 0.06835851073265076, 0.025147687643766403]",usability,5bcbe9ecda41194a772b8b90eba210a3a9524a24a21906477503d5678707a7b2
sneakers_012,sneakers,5,category_prior,"[0.16666666666666666, 0.06666666666666667, 0.6666666666666666, 0.1, 0.0]","[0.40888888888888886, 0.16222222222222224, 0.3266666666666667, 0.09555555555555556, 0.006666666666666667]",functionality,5bcbe9ecda41194a772b8b90eba210a3a9524a24a21906477503d5678707a7b2
sneakers_013,sneakers,1,soft_target,"[0.23333333333333334, 0.0, 0.3, 0.0, 0.4666666666666667]","[0.2925318777561188, 0.06948241591453552, 0.2925318777561188, 0.1888727843761444, 0.15658104419708252]",functionality,1438a003012193f7c8ebbdd9b5dbd8c7372a69d79d04fb83fb16e83ea81fccfb
sneakers_013,sneakers,1,majority_target,"[0.23333333333333334, 0.0, 0.3, 0.0, 0.4666666666666667]","[0.3551526367664337, 0.012152655981481075, 0.6233122944831848, 0.00020909798331558704, 0.009173305705189705]",usability,1438a003012193f7c8ebbdd9b5dbd8c7372a69d79d04fb83fb16e83ea81fccfb
sneakers_013,sneakers,1,soft_ce_only,"[0.23333333333333334, 0.0, 0.3, 0.0, 0.4666666666666667]","[0.2823862135410309, 0.11771609634160995, 0.3199855089187622, 0.18232223391532898, 0.09759005904197693]",usability,1438a003012193f7c8ebbdd9b5dbd8c7372a69d79d04fb83fb16e83ea81fccfb
sneakers_013,sneakers,1,category_prior,"[0.23333333333333334, 0.0, 0.3, 0.0, 0.4666666666666667]","[0.38666666666666666, 0.14222222222222222, 0.36888888888888893, 0.09111111111111111, 0.011111111111111112]",functionality,1438a003012193f7c8ebbdd9b5dbd8c7372a69d79d04fb83fb16e83ea81fccfb
sneakers_014,sneakers,2,soft_target,"[0.3333333333333333, 0.0, 0.6, 0.06666666666666667, 0.0]","[0.35586878657341003, 0.04667982459068298, 0.551180362701416, 0.04119480028748512, 0.005076195579022169]",usability,f3c0a31861247ba38f774b4195b73b692d9e8e0c98d763b3802b5bda2ee55863
sneakers_014,sneakers,2,majority_target,"[0.3333333333333333, 0.0, 0.6, 0.06666666666666667, 0.0]","[0.0010987058049067855, 4.352011728769867e-06, 0.9988783001899719, 1.369421283925476e-06, 1.721254193398636e-05]",usability,f3c0a31861247ba38f774b4195b73b692d9e8e0c98d763b3802b5bda2ee55863
sneakers_014,sneakers,2,soft_ce_only,"[0.3333333333333333, 0.0, 0.6, 0.06666666666666667, 0.0]","[0.33398282527923584, 0.05803751200437546, 0.55064457654953, 0.05121792480349541, 0.0061171092092990875]",usability,f3c0a31861247ba38f774b4195b73b692d9e8e0c98d763b3802b5bda2ee55863
sneakers_014,sneakers,2,category_prior,"[0.3333333333333333, 0.0, 0.6, 0.06666666666666667, 0.0]","[0.35333333333333333, 0.1311111111111111, 0.3866666666666667, 0.08, 0.04888888888888889]",usability,f3c0a31861247ba38f774b4195b73b692d9e8e0c98d763b3802b5bda2ee55863
sneakers_015,sneakers,4,soft_target,"[0.16666666666666666, 0.2, 0.5666666666666667, 0.06666666666666667, 0.0]","[0.2893421947956085, 0.09393564611673355, 0.5405623912811279, 0.058783430606126785, 0.017376350238919258]",usability,a205018e1d497a7cbd5ad012040fc366e9c9ff7f550b957de11504aa827bfa8c
sneakers_015,sneakers,4,majority_target,"[0.16666666666666666, 0.2, 0.5666666666666667, 0.06666666666666667, 0.0]","[0.2522750794887543, 0.010412635281682014, 0.7299821376800537, 0.00017364714585710317, 0.007156493607908487]",usability,a205018e1d497a7cbd5ad012040fc366e9c9ff7f550b957de11504aa827bfa8c
sneakers_015,sneakers,4,soft_ce_only,"[0.16666666666666666, 0.2, 0.5666666666666667, 0.06666666666666667, 0.0]","[0.28175583481788635, 0.17089354991912842, 0.3851145803928375, 0.09737221151590347, 0.06486387550830841]",usability,a205018e1d497a7cbd5ad012040fc366e9c9ff7f550b957de11504aa827bfa8c
sneakers_015,sneakers,4,category_prior,"[0.16666666666666666, 0.2, 0.5666666666666667, 0.06666666666666667, 0.0]","[0.38222222222222224, 0.15777777777777777, 0.31555555555555553, 0.09333333333333332, 0.051111111111111114]",functionality,a205018e1d497a7cbd5ad012040fc366e9c9ff7f550b957de11504aa827bfa8c
sneakers_016,sneakers,3,soft_target,"[0.3333333333333333, 0.3, 0.13333333333333333, 0.23333333333333334, 0.0]","[0.25960013270378113, 0.2941654920578003, 0.2021767944097519, 0.17842039465904236, 0.06563719362020493]",aesthetics,fdee538c208d958f68a9bff8339c199e3045a86f826ffbc35680050a17992bc0
sneakers_016,sneakers,3,majority_target,"[0.3333333333333333, 0.3, 0.13333333333333333, 0.23333333333333334, 0.0]","[0.04047815874218941, 0.5765215158462524, 0.058895379304885864, 0.1871691197156906, 0.13693585991859436]",aesthetics,fdee538c208d958f68a9bff8339c199e3045a86f826ffbc35680050a17992bc0
sneakers_016,sneakers,3,soft_ce_only,"[0.3333333333333333, 0.3, 0.13333333333333333, 0.23333333333333334, 0.0]","[0.2571476101875305, 0.33018407225608826, 0.1767348051071167, 0.1767348051071167, 0.05919874459505081]",aesthetics,fdee538c208d958f68a9bff8339c199e3045a86f826ffbc35680050a17992bc0
sneakers_016,sneakers,3,category_prior,"[0.3333333333333333, 0.3, 0.13333333333333333, 0.23333333333333334, 0.0]","[0.36222222222222217, 0.14666666666666664, 0.3622222222222222, 0.08, 0.04888888888888889]",usability,fdee538c208d958f68a9bff8339c199e3045a86f826ffbc35680050a17992bc0
sneakers_017,sneakers,2,soft_target,"[0.4, 0.36666666666666664, 0.16666666666666666, 0.06666666666666667, 0.0]","[0.48661285638809204, 0.2951456308364868, 0.19056032598018646, 0.02275918796658516, 0.004922019317746162]",functionality,025125e86f2ca54c2aa17a7b19ca5d199527c15e1e35c0e505c42d3f487c2c5f
sneakers_017,sneakers,2,majority_target,"[0.4, 0.36666666666666664, 0.16666666666666666, 0.06666666666666667, 0.0]","[0.8437818288803101, 0.00011436548084020615, 0.15608394145965576, 8.284607247333042e-06, 1.1683168850140646e-05]",functionality,025125e86f2ca54c2aa17a7b19ca5d199527c15e1e35c0e505c42d3f487c2c5f
sneakers_017,sneakers,2,soft_ce_only,"[0.4, 0.36666666666666664, 0.16666666666666666, 0.06666666666666667, 0.0]","[0.4500582218170166, 0.2905794382095337, 0.22630348801612854, 0.027028096839785576, 0.006030783522874117]",functionality,025125e86f2ca54c2aa17a7b19ca5d199527c15e1e35c0e505c42d3f487c2c5f
sneakers_017,sneakers,2,category_prior,"[0.4, 0.36666666666666664, 0.16666666666666666, 0.06666666666666667, 0.0]","[0.35333333333333333, 0.1311111111111111, 0.3866666666666667, 0.08, 0.04888888888888889]",usability,025125e86f2ca54c2aa17a7b19ca5d199527c15e1e35c0e505c42d3f487c2c5f
sneakers_018,sneakers,4,soft_target,"[0.5333333333333333, 0.26666666666666666, 0.13333333333333333, 0.06666666666666667, 0.0]","[0.31834912300109863, 0.4087683856487274, 0.09709100425243378, 0.1327076554298401, 0.04308386892080307]",aesthetics,259f93bbfce40c4c84b15d76d787ea854ef36ffd79bcdcd2c0470ce1b3b92f2e
sneakers_018,sneakers,4,majority_target,"[0.5333333333333333, 0.26666666666666666, 0.13333333333333333, 0.06666666666666667, 0.0]","[0.3880341649055481, 0.43970033526420593, 0.049333006143569946, 0.004588684998452663, 0.11834374070167542]",aesthetics,259f93bbfce40c4c84b15d76d787ea854ef36ffd79bcdcd2c0470ce1b3b92f2e
sneakers_018,sneakers,4,soft_ce_only,"[0.5333333333333333, 0.26666666666666666, 0.13333333333333333, 0.06666666666666667, 0.0]","[0.23235072195529938, 0.35987183451652527, 0.14092783629894257, 0.1699914187192917, 0.0968581885099411]",aesthetics,259f93bbfce40c4c84b15d76d787ea854ef36ffd79bcdcd2c0470ce1b3b92f2e
sneakers_018,sneakers,4,category_prior,"[0.5333333333333333, 0.26666666666666666, 0.13333333333333333, 0.06666666666666667, 0.0]","[0.38222222222222224, 0.15777777777777777, 0.31555555555555553, 0.09333333333333332, 0.051111111111111114]",functionality,259f93bbfce40c4c84b15d76d787ea854ef36ffd79bcdcd2c0470ce1b3b92f2e
sneakers_019,sneakers,4,soft_target,"[0.4, 0.0, 0.43333333333333335, 0.16666666666666666, 0.0]","[0.3129153847694397, 0.035108134150505066, 0.5491836071014404, 0.0954337939620018, 0.007359065115451813]",usability,231758555387c9f931d53a88a1a937e1a111f62d98293de45e1739febc8d5160
sneakers_019,sneakers,4,majority_target,"[0.4, 0.0, 0.43333333333333335, 0.16666666666666666, 0.0]","[0.2680681347846985, 0.0016967946430668235, 0.7286846041679382, 0.00030900927959010005, 0.0012414016528055072]",usability,231758555387c9f931d53a88a1a937e1a111f62d98293de45e1739febc8d5160
sneakers_019,sneakers,4,soft_ce_only,"[0.4, 0.0, 0.43333333333333335, 0.16666666666666666, 0.0]","[0.37864741683006287, 0.08993665128946304, 0.3557063341140747, 0.14828045666217804, 0.0274291280657053]",functionality,231758555387c9f931d53a88a1a937e1a111f62d98293de45e1739febc8d5160
sneakers_019,sneakers,4,category_prior,"[0.4, 0.0, 0.43333333333333335, 0.16666666666666666, 0.0]","[0.38222222222222224, 0.15777777777777777, 0.31555555555555553, 0.09333333333333332, 0.051111111111111114]",functionality,231758555387c9f931d53a88a1a937e1a111f62d98293de45e1739febc8d5160
sneakers_020,sneakers,3,soft_target,"[0.36666666666666664, 0.06666666666666667, 0.5, 0.06666666666666667, 0.0]","[0.4702341854572296, 0.056161463260650635, 0.4149802029132843, 0.0385991707444191, 0.020024986937642097]",functionality,1f399d06808f95bd2ac350647a09f81f2092df3882d3cfd94888ed24be13ebe3
sneakers_020,sneakers,3,majority_target,"[0.36666666666666664, 0.06666666666666667, 0.5, 0.06666666666666667, 0.0]","[0.6565321087837219, 0.010948709212243557, 0.330125093460083, 0.00023813836742192507, 0.0021559286396950483]",functionality,1f399d06808f95bd2ac350647a09f81f2092df3882d3cfd94888ed24be13ebe3
sneakers_020,sneakers,3,soft_ce_only,"[0.36666666666666664, 0.06666666666666667, 0.5, 0.06666666666666667, 0.0]","[0.43076422810554504, 0.09029308706521988, 0.4046655595302582, 0.05144745111465454, 0.02282966859638691]",functionality,1f399d06808f95bd2ac350647a09f81f2092df3882d3cfd94888ed24be13ebe3
sneakers_020,sneakers,3,category_prior,"[0.36666666666666664, 0.06666666666666667, 0.5, 0.06666666666666667, 0.0]","[0.36222222222222217, 0.14666666666666664, 0.3622222222222222, 0.08, 0.04888888888888889]",usability,1f399d06808f95bd2ac350647a09f81f2092df3882d3cfd94888ed24be13ebe3
sneakers_021,sneakers,5,soft_target,"[0.16666666666666666, 0.36666666666666664, 0.4, 0.0, 0.06666666666666667]","[0.5555049180984497, 0.10275808721780777, 0.2793254256248474, 0.05854978784918785, 0.0038617774844169617]",functionality,e724f8805a753605552f6ab5d4b85f0576bb4f7ea0f3889ba4617efa15ab8e87
sneakers_021,sneakers,5,majority_target,"[0.16666666666666666, 0.36666666666666664, 0.4, 0.0, 0.06666666666666667]","[0.5876016616821289, 0.2775633633136749, 0.0619327537715435, 0.0004955555777996778, 0.07240672409534454]",functionality,e724f8805a753605552f6ab5d4b85f0576bb4f7ea0f3889ba4617efa15ab8e87
sneakers_021,sneakers,5,soft_ce_only,"[0.16666666666666666, 0.36666666666666664, 0.4, 0.0, 0.06666666666666667]","[0.3388030529022217, 0.28087761998176575, 0.24787360429763794, 0.1170872151851654, 0.015358499251306057]",functionality,e724f8805a753605552f6ab5d4b85f0576bb4f7ea0f3889ba4617efa15ab8e87
sneakers_021,sneakers,5,category_prior,"[0.16666666666666666, 0.36666666666666664, 0.4, 0.0, 0.06666666666666667]","[0.40888888888888886, 0.16222222222222224, 0.3266666666666667, 0.09555555555555556, 0.006666666666666667]",functionality,e724f8805a753605552f6ab5d4b85f0576bb4f7ea0f3889ba4617efa15ab8e87
sneakers_022,sneakers,3,soft_target,"[0.5666666666666667, 0.23333333333333334, 0.13333333333333333, 0.06666666666666667, 0.0]","[0.37415382266044617, 0.1559705138206482, 0.22693577408790588, 0.12146995961666107, 0.12146995961666107]",functionality,bce5679c1c4c4a05892f3b547944f36ca6ce0be5469b0adb2a35a92ddb2cecaa
sneakers_022,sneakers,3,majority_target,"[0.5666666666666667, 0.23333333333333334, 0.13333333333333333, 0.06666666666666667, 0.0]","[0.41527068614959717, 0.15761896967887878, 0.09560073912143707, 0.008096490055322647, 0.3234131336212158]",functionality,bce5679c1c4c4a05892f3b547944f36ca6ce0be5469b0adb2a35a92ddb2cecaa
sneakers_022,sneakers,3,soft_ce_only,"[0.5666666666666667, 0.23333333333333334, 0.13333333333333333, 0.06666666666666667, 0.0]","[0.36306828260421753, 0.20687006413936615, 0.20687006413936615, 0.1254730522632599, 0.0977185070514679]",functionality,bce5679c1c4c4a05892f3b547944f36ca6ce0be5469b0adb2a35a92ddb2cecaa
sneakers_022,sneakers,3,category_prior,"[0.5666666666666667, 0.23333333333333334, 0.13333333333333333, 0.06666666666666667, 0.0]","[0.36222222222222217, 0.14666666666666664, 0.3622222222222222, 0.08, 0.04888888888888889]",usability,bce5679c1c4c4a05892f3b547944f36ca6ce0be5469b0adb2a35a92ddb2cecaa
sneakers_023,sneakers,5,soft_target,"[0.3, 0.0, 0.5666666666666667, 0.13333333333333333, 0.0]","[0.1968071162700653, 0.005083369091153145, 0.7312271595001221, 0.06389391422271729, 0.002988358261063695]",usability,fcc3302bc476ac7f5edc08ed8982249ce1759072ca610bd9d96869c551eddb8d
sneakers_023,sneakers,5,majority_target,"[0.3, 0.0, 0.5666666666666667, 0.13333333333333333, 0.0]","[0.770009458065033, 0.019888723269104958, 0.1828932911157608, 0.0008603016613051295, 0.02634827420115471]",functionality,fcc3302bc476ac7f5edc08ed8982249ce1759072ca610bd9d96869c551eddb8d
sneakers_023,sneakers,5,soft_ce_only,"[0.3, 0.0, 0.5666666666666667, 0.13333333333333333, 0.0]","[0.3942697048187256, 0.056799937039613724, 0.41969791054725647, 0.12024547159671783, 0.008987055160105228]",usability,fcc3302bc476ac7f5edc08ed8982249ce1759072ca610bd9d96869c551eddb8d
sneakers_023,sneakers,5,category_prior,"[0.3, 0.0, 0.5666666666666667, 0.13333333333333333, 0.0]","[0.40888888888888886, 0.16222222222222224, 0.3266666666666667, 0.09555555555555556, 0.006666666666666667]",functionality,fcc3302bc476ac7f5edc08ed8982249ce1759072ca610bd9d96869c551eddb8d
sneakers_024,sneakers,2,soft_target,"[0.6, 0.13333333333333333, 0.26666666666666666, 0.0, 0.0]","[0.6363696455955505, 0.17127656936645508, 0.14199326932430267, 0.0446801595389843, 0.005680444650352001]",functionality,aa4d47a7e6e4820658fae244c73716ed7fcc8af6f8fa13f6cb08fd5f001add6c
sneakers_024,sneakers,2,majority_target,"[0.6, 0.13333333333333333, 0.26666666666666666, 0.0, 0.0]","[0.8870285749435425, 0.0001240435231011361, 0.11277302354574203, 1.7593112715985626e-05, 5.679126115865074e-05]",functionality,aa4d47a7e6e4820658fae244c73716ed7fcc8af6f8fa13f6cb08fd5f001add6c
sneakers_024,sneakers,2,soft_ce_only,"[0.6, 0.13333333333333333, 0.26666666666666666, 0.0, 0.0]","[0.5461488962173462, 0.2138749659061432, 0.1773085743188858, 0.05579261854290962, 0.006874999962747097]",functionality,aa4d47a7e6e4820658fae244c73716ed7fcc8af6f8fa13f6cb08fd5f001add6c
sneakers_024,sneakers,2,category_prior,"[0.6, 0.13333333333333333, 0.26666666666666666, 0.0, 0.0]","[0.35333333333333333, 0.1311111111111111, 0.3866666666666667, 0.08, 0.04888888888888889]",usability,aa4d47a7e6e4820658fae244c73716ed7fcc8af6f8fa13f6cb08fd5f001add6c
sneakers_025,sneakers,3,soft_target,"[0.6666666666666666, 0.2, 0.13333333333333333, 0.0, 0.0]","[0.439502477645874, 0.1721116453409195, 0.283764123916626, 0.06739988923072815, 0.0372217521071434]",functionality,ed02d1532085b5212ac62cb7d0aeeb9b0c69fdc6f0bf247ac6d2412b13986a2b
sneakers_025,sneakers,3,majority_target,"[0.6666666666666666, 0.2, 0.13333333333333333, 0.0, 0.0]","[0.5121237635612488, 0.3106187880039215, 0.15618892014026642, 0.00121129653416574, 0.019857194274663925]",functionality,ed02d1532085b5212ac62cb7d0aeeb9b0c69fdc6f0bf247ac6d2412b13986a2b
sneakers_025,sneakers,3,soft_ce_only,"[0.6666666666666666, 0.2, 0.13333333333333333, 0.0, 0.0]","[0.40449172258377075, 0.2304724156856537, 0.2453366219997406, 0.07964913547039032, 0.04005010426044464]",functionality,ed02d1532085b5212ac62cb7d0aeeb9b0c69fdc6f0bf247ac6d2412b13986a2b
sneakers_025,sneakers,3,category_prior,"[0.6666666666666666, 0.2, 0.13333333333333333, 0.0, 0.0]","[0.36222222222222217, 0.14666666666666664, 0.3622222222222222, 0.08, 0.04888888888888889]",usability,ed02d1532085b5212ac62cb7d0aeeb9b0c69fdc6f0bf247ac6d2412b13986a2b
sports_car_001,sports_car,3,soft_target,"[0.06666666666666667, 0.5333333333333333, 0.06666666666666667, 0.3333333333333333, 0.0]","[0.15331557393074036, 0.6454826593399048, 0.05640164390206337, 0.13530051708221436, 0.009499587118625641]",aesthetics,d6902ae83ff35b104aa71a416413173507b731431f721cceb1e8e417bd8eaff5
sports_car_001,sports_car,3,majority_target,"[0.06666666666666667, 0.5333333333333333, 0.06666666666666667, 0.3333333333333333, 0.0]","[0.00022333931701723486, 0.9994317889213562, 7.963408279465511e-05, 6.811464118072763e-05, 0.00019709626212716103]",aesthetics,d6902ae83ff35b104aa71a416413173507b731431f721cceb1e8e417bd8eaff5
sports_car_001,sports_car,3,soft_ce_only,"[0.06666666666666667, 0.5333333333333333, 0.06666666666666667, 0.3333333333333333, 0.0]","[0.147938534617424, 0.6630145311355591, 0.05112618952989578, 0.13055528700351715, 0.007365426514297724]",aesthetics,d6902ae83ff35b104aa71a416413173507b731431f721cceb1e8e417bd8eaff5
sports_car_001,sports_car,3,category_prior,"[0.06666666666666667, 0.5333333333333333, 0.06666666666666667, 0.3333333333333333, 0.0]","[0.10222222222222221, 0.7177777777777777, 0.03333333333333333, 0.14222222222222222, 0.0044444444444444444]",aesthetics,d6902ae83ff35b104aa71a416413173507b731431f721cceb1e8e417bd8eaff5
sports_car_002,sports_car,2,soft_target,"[0.0, 0.7666666666666667, 0.0, 0.23333333333333334, 0.0]","[0.10664336383342743, 0.6136902570724487, 0.03252439200878143, 0.24032454192638397, 0.006817483343183994]",aesthetics,0add7d8b9dda5f058e318e8f548043c06faaa7d51190c11bb69c13a59f1d58a2
sports_car_002,sports_car,2,majority_target,"[0.0, 0.7666666666666667, 0.0, 0.23333333333333334, 0.0]","[8.13852147985017e-06, 0.9998480081558228, 2.3549595425720327e-05, 7.484046363970265e-05, 4.5393033360596746e-05]",aesthetics,0add7d8b9dda5f058e318e8f548043c06faaa7d51190c11bb69c13a59f1d58a2
sports_car_002,sports_car,2,soft_ce_only,"[0.0, 0.7666666666666667, 0.0, 0.23333333333333334, 0.0]","[0.11617841571569443, 0.590002715587616, 0.037717610597610474, 0.24594971537590027, 0.010151557624340057]",aesthetics,0add7d8b9dda5f058e318e8f548043c06faaa7d51190c11bb69c13a59f1d58a2
sports_car_002,sports_car,2,category_prior,"[0.0, 0.7666666666666667, 0.0, 0.23333333333333334, 0.0]","[0.10888888888888888, 0.7022222222222222, 0.042222222222222223, 0.13333333333333333, 0.013333333333333334]",aesthetics,0add7d8b9dda5f058e318e8f548043c06faaa7d51190c11bb69c13a59f1d58a2
sports_car_003,sports_car,1,soft_target,"[0.0, 0.9333333333333333, 0.0, 0.06666666666666667, 0.0]","[0.11711998283863068, 0.6739790439605713, 0.020998459309339523, 0.1600840538740158, 0.027818437665700912]",aesthetics,c835b773f70504b56bb0b408f597eeada0488ef7f2cdfe1c1ae551605d39ff27
sports_car_003,sports_car,1,majority_target,"[0.0, 0.9333333333333333, 0.0, 0.06666666666666667, 0.0]","[1.4284151802712586e-05, 0.9998900890350342, 2.99412090498663e-06, 2.4058435883489437e-06, 9.02786196093075e-05]",aesthetics,c835b773f70504b56bb0b408f597eeada0488ef7f2cdfe1c1ae551605d39ff27
sports_car_003,sports_car,1,soft_ce_only,"[0.0, 0.9333333333333333, 0.0, 0.06666666666666667, 0.0]","[0.09306997805833817, 0.6876992583274841, 0.01950852759182453, 0.17387761175632477, 0.025844600051641464]",aesthetics,c835b773f70504b56bb0b408f597eeada0488ef7f2cdfe1c1ae551605d39ff27
sports_car_003,sports_car,1,category_prior,"[0.0, 0.9333333333333333, 0.0, 0.06666666666666667, 0.0]","[0.10444444444444444, 0.6844444444444445, 0.04, 0.14888888888888893, 0.02222222222222222]",aesthetics,c835b773f70504b56bb0b408f597eeada0488ef7f2cdfe1c1ae551605d39ff27
sports_car_004,sports_car,3,soft_target,"[0.0, 0.7666666666666667, 0.0, 0.16666666666666666, 0.06666666666666667]","[0.1361275017261505, 0.6913125514984131, 0.047044411301612854, 0.11285367608070374, 0.012661831453442574]",aesthetics,d659054105a690b74aff1dcbe924a877265d088296e86714920f6d408a78d571
sports_car_004,sports_car,3,majority_target,"[0.0, 0.7666666666666667, 0.0, 0.16666666666666666, 0.06666666666666667]","[9.31269969441928e-05, 0.999703586101532, 3.320545147289522e-05, 2.5860434107016772e-05, 0.0001442378998035565]",aesthetics,d659054105a690b74aff1dcbe924a877265d088296e86714920f6d408a78d571
sports_car_004,sports_car,3,soft_ce_only,"[0.0, 0.7666666666666667, 0.0, 0.16666666666666666, 0.06666666666666667]","[0.13727077841758728, 0.6971185803413391, 0.04186522588133812, 0.1138014867901802, 0.009943862445652485]",aesthetics,d659054105a690b74aff1dcbe924a877265d088296e86714920f6d408a78d571
sports_car_004,sports_car,3,category_prior,"[0.0, 0.7666666666666667, 0.0, 0.16666666666666666, 0.06666666666666667]","[0.10222222222222221, 0.7177777777777777, 0.03333333333333333, 0.14222222222222222, 0.0044444444444444444]",aesthetics,d659054105a690b74aff1dcbe924a877265d088296e86714920f6d408a78d571
sports_car_005,sports_car,4,soft_target,"[0.0, 0.7666666666666667, 0.06666666666666667, 0.16666666666666666, 0.0]","[0.14616446197032928, 0.6550636887550354, 0.03695616498589516, 0.15559126436710358, 0.006224433425813913]",aesthetics,ab3c2cd358082248c351dc4a63c3cc8994f24289ad4a31a091f6fcd1d82c07d4
sports_car_005,sports_car,4,majority_target,"[0.0, 0.7666666666666667, 0.06666666666666667, 0.16666666666666666, 0.0]","[0.00150088663212955, 0.9983022212982178, 5.640519884764217e-05, 2.836231760738883e-05, 0.0001121751411119476]",aesthetics,ab3c2cd358082248c351dc4a63c3cc8994f24289ad4a31a091f6fcd1d82c07d4
sports_car_005,sports_car,4,soft_ce_only,"[0.0, 0.7666666666666667, 0.06666666666666667, 0.16666666666666666, 0.0]","[0.10074186325073242, 0.6992870569229126, 0.030724531039595604, 0.1560320407152176, 0.013214455917477608]",aesthetics,ab3c2cd358082248c351dc4a63c3cc8994f24289ad4a31a091f6fcd1d82c07d4
sports_car_005,sports_car,4,category_prior,"[0.0, 0.7666666666666667, 0.06666666666666667, 0.16666666666666666, 0.0]","[0.07555555555555556, 0.7355555555555555, 0.024444444444444442, 0.1511111111111111, 0.013333333333333334]",aesthetics,ab3c2cd358082248c351dc4a63c3cc8994f24289ad4a31a091f6fcd1d82c07d4
sports_car_006,sports_car,4,soft_target,"[0.16666666666666666, 0.6333333333333333, 0.0, 0.06666666666666667, 0.13333333333333333]","[0.04144866392016411, 0.8325186967849731, 0.006160793825984001, 0.11266914755105972, 0.007202697917819023]",aesthetics,09d5eeed3cb0eb35e3cf59b51142b659ef6275795ee44a5dda754f8cd2790578
sports_car_006,sports_car,4,majority_target,"[0.16666666666666666, 0.6333333333333333, 0.0, 0.06666666666666667, 0.13333333333333333]","[7.484403613489121e-05, 0.9998958110809326, 3.844549610221293e-06, 4.6374116209335625e-06, 2.0783438230864704e-05]",aesthetics,09d5eeed3cb0eb35e3cf59b51142b659ef6275795ee44a5dda754f8cd2790578
sports_car_006,sports_car,4,soft_ce_only,"[0.16666666666666666, 0.6333333333333333, 0.0, 0.06666666666666667, 0.13333333333333333]","[0.024169499054551125, 0.8520041704177856, 0.005740758962929249, 0.10832016170024872, 0.00976536050438881]",aesthetics,09d5eeed3cb0eb35e3cf59b51142b659ef6275795ee44a5dda754f8cd2790578
sports_car_006,sports_car,4,category_prior,"[0.16666666666666666, 0.6333333333333333, 0.0, 0.06666666666666667, 0.13333333333333333]","[0.07555555555555556, 0.7355555555555555, 0.024444444444444442, 0.1511111111111111, 0.013333333333333334]",aesthetics,09d5eeed3cb0eb35e3cf59b51142b659ef6275795ee44a5dda754f8cd2790578
sports_car_007,sports_car,3,soft_target,"[0.16666666666666666, 0.7, 0.0, 0.13333333333333333, 0.0]","[0.08070874214172363, 0.719349205493927, 0.017454490065574646, 0.1708604246377945, 0.011627197265625]",aesthetics,0e7b15f5ad030e41468a879344c67fca5b032421a76d38da1313482247007e7b
sports_car_007,sports_car,3,majority_target,"[0.16666666666666666, 0.7, 0.0, 0.13333333333333333, 0.0]","[2.5066723537747748e-05, 0.9997807145118713, 1.0449364708620124e-05, 7.483542140107602e-05, 0.00010888488759519532]",aesthetics,0e7b15f5ad030e41468a879344c67fca5b032421a76d38da1313482247007e7b
sports_car_007,sports_car,3,soft_ce_only,"[0.16666666666666666, 0.7, 0.0, 0.13333333333333333, 0.0]","[0.08345826715230942, 0.7438554763793945, 0.01592829078435898, 0.14647382497787476, 0.010284077376127243]",aesthetics,0e7b15f5ad030e41468a879344c67fca5b032421a76d38da1313482247007e7b
sports_car_007,sports_car,3,category_prior,"[0.16666666666666666, 0.7, 0.0, 0.13333333333333333, 0.0]","[0.10222222222222221, 0.7177777777777777, 0.03333333333333333, 0.14222222222222222, 0.0044444444444444444]",aesthetics,0e7b15f5ad030e41468a879344c67fca5b032421a76d38da1313482247007e7b
sports_car_008,sports_car,5,soft_target,"[0.1, 0.6666666666666666, 0.06666666666666667, 0.16666666666666666, 0.0]","[0.058947790414094925, 0.7644466161727905, 0.02872886136174202, 0.12479247897863388, 0.023084286600351334]",aesthetics,2f24d01f8d55af04eebb9edd29bca32a19d721be6e5c28bbbb6bcac3a7052c32
sports_car_008,sports_car,5,majority_target,"[0.1, 0.6666666666666666, 0.06666666666666667, 0.16666666666666666, 0.0]","[0.010125101543962955, 0.9702149033546448, 0.00022369260841514915, 0.0005201009334996343, 0.018916180357336998]",aesthetics,2f24d01f8d55af04eebb9edd29bca32a19d721be6e5c28bbbb6bcac3a7052c32
sports_car_008,sports_car,5,soft_ce_only,"[0.1, 0.6666666666666666, 0.06666666666666667, 0.16666666666666666, 0.0]","[0.07114160805940628, 0.634078323841095, 0.0305976253002882, 0.24830862879753113, 0.01587384007871151]",aesthetics,2f24d01f8d55af04eebb9edd29bca32a19d721be6e5c28bbbb6bcac3a7052c32
sports_car_008,sports_car,5,category_prior,"[0.1, 0.6666666666666666, 0.06666666666666667, 0.16666666666666666, 0.0]","[0.07555555555555556, 0.7133333333333333, 0.02666666666666667, 0.15777777777777777, 0.026666666666666665]",aesthetics,2f24d01f8d55af04eebb9edd29bca32a19d721be6e5c28bbbb6bcac3a7052c32
sports_car_009,sports_car,5,soft_target,"[0.36666666666666664, 0.4, 0.06666666666666667, 0.16666666666666666, 0.0]","[0.059968672692775726, 0.7776855826377869, 0.016140349209308624, 0.11203623563051224, 0.034169118851423264]",aesthetics,5c499f3926ecdbf61ee06b8524417eb7ca728adaf676b80cbdd69d5c53bb8afb
sports_car_009,sports_car,5,majority_target,"[0.36666666666666664, 0.4, 0.06666666666666667, 0.16666666666666666, 0.0]","[0.00614298228174448, 0.9704989790916443, 0.0001160841784439981, 0.0004180351970717311, 0.02282394841313362]",aesthetics,5c499f3926ecdbf61ee06b8524417eb7ca728adaf676b80cbdd69d5c53bb8afb
sports_car_009,sports_car,5,soft_ce_only,"[0.36666666666666664, 0.4, 0.06666666666666667, 0.16666666666666666, 0.0]","[0.04808424040675163, 0.7065927982330322, 0.015610666945576668, 0.21549861133098602, 0.014213673770427704]",aesthetics,5c499f3926ecdbf61ee06b8524417eb7ca728adaf676b80cbdd69d5c53bb8afb
sports_car_009,sports_car,5,category_prior,"[0.36666666666666664, 0.4, 0.06666666666666667, 0.16666666666666666, 0.0]","[0.07555555555555556, 0.7133333333333333, 0.02666666666666667, 0.15777777777777777, 0.026666666666666665]",aesthetics,5c499f3926ecdbf61ee06b8524417eb7ca728adaf676b80cbdd69d5c53bb8afb
sports_car_010,sports_car,4,soft_target,"[0.13333333333333333, 0.7, 0.0, 0.16666666666666666, 0.0]","[0.08020621538162231, 0.7609754204750061, 0.015307623893022537, 0.14076630771160126, 0.0027445058804005384]",aesthetics,8bdc20e390e4bf681374c533b9b62e7929f2f83119537c1332770e5f36cc8764
sports_car_010,sports_car,4,majority_target,"[0.13333333333333333, 0.7, 0.0, 0.16666666666666666, 0.0]","[0.00024535279953852296, 0.999686598777771, 1.3415987268672325e-05, 2.1438687326735817e-05, 3.3204883948201314e-05]",aesthetics,8bdc20e390e4bf681374c533b9b62e7929f2f83119537c1332770e5f36cc8764
sports_car_010,sports_car,4,soft_ce_only,"[0.13333333333333333, 0.7, 0.0, 0.16666666666666666, 0.0]","[0.05007145553827286, 0.7832493782043457, 0.014801095239818096, 0.1448865681886673, 0.0069915419444441795]",aesthetics,8bdc20e390e4bf681374c533b9b62e7929f2f83119537c1332770e5f36cc8764
sports_car_010,sports_car,4,category_prior,"[0.13333333333333333, 0.7, 0.0, 0.16666666666666666, 0.0]","[0.07555555555555556, 0.7355555555555555, 0.024444444444444442, 0.1511111111111111, 0.013333333333333334]",aesthetics,8bdc20e390e4bf681374c533b9b62e7929f2f83119537c1332770e5f36cc8764
sports_car_011,sports_car,2,soft_target,"[0.0, 0.9333333333333333, 0.0, 0.06666666666666667, 0.0]","[0.11963791400194168, 0.7328710556030273, 0.03648750111460686, 0.10558009147644043, 0.005423382855951786]",aesthetics,73f70bd3c297ea73a523103f73826ae386c815b4dc8e4a2ef882bafc720eecc7
sports_car_011,sports_car,2,majority_target,"[0.0, 0.9333333333333333, 0.0, 0.06666666666666667, 0.0]","[9.223172128258739e-06, 0.9999585151672363, 2.1444519006763585e-05, 2.9943257686682045e-06, 7.888997060945258e-06]",aesthetics,73f70bd3c297ea73a523103f73826ae386c815b4dc8e4a2ef882bafc720eecc7
sports_car_011,sports_car,2,soft_ce_only,"[0.0, 0.9333333333333333, 0.0, 0.06666666666666667, 0.0]","[0.13126546144485474, 0.7096143364906311, 0.045364126563072205, 0.10882288962602615, 0.004933120217174292]",aesthetics,73f70bd3c297ea73a523103f73826ae386c815b4dc8e4a2ef882bafc720eecc7
sports_car_011,sports_car,2,category_prior,"[0.0, 0.9333333333333333, 0.0, 0.06666666666666667, 0.0]","[0.10888888888888888, 0.7022222222222222, 0.042222222222222223, 0.13333333333333333, 0.013333333333333334]",aesthetics,73f70bd3c297ea73a523103f73826ae386c815b4dc8e4a2ef882bafc720eecc7
sports_car_012,sports_car,1,soft_target,"[0.13333333333333333, 0.6666666666666666, 0.0, 0.2, 0.0]","[0.10775409638881683, 0.6600738763809204, 0.028109336271882057, 0.17765647172927856, 0.02640627883374691]",aesthetics,5d20653b6caaa8e90d3927cbc5c1306a10f1a5e8d98d86d884b73095202fda5f
sports_car_012,sports_car,1,majority_target,"[0.13333333333333333, 0.6666666666666666, 0.0, 0.2, 0.0]","[3.3209762477781624e-05, 0.999833345413208, 5.954182597633917e-06, 4.092245944775641e-06, 0.00012338923988863826]",aesthetics,5d20653b6caaa8e90d3927cbc5c1306a10f1a5e8d98d86d884b73095202fda5f
sports_car_012,sports_car,1,soft_ce_only,"[0.13333333333333333, 0.6666666666666666, 0.0, 0.2, 0.0]","[0.10651101917028427, 0.6524590849876404, 0.029577042907476425, 0.18693266808986664, 0.024520231410861015]",aesthetics,5d20653b6caaa8e90d3927cbc5c1306a10f1a5e8d98d86d884b73095202fda5f
sports_car_012,sports_car,1,category_prior,"[0.13333333333333333, 0.6666666666666666, 0.0, 0.2, 0.0]","[0.10444444444444444, 0.6844444444444445, 0.04, 0.14888888888888893, 0.02222222222222222]",aesthetics,5d20653b6caaa8e90d3927cbc5c1306a10f1a5e8d98d86d884b73095202fda5f
sports_car_013,sports_car,5,soft_target,"[0.16666666666666666, 0.7666666666666667, 0.0, 0.06666666666666667, 0.0]","[0.04384380951523781, 0.8272719383239746, 0.011085450649261475, 0.09281733632087708, 0.02498144842684269]",aesthetics,96b0d75e90694b0239e99b0a7f6cb11fae6d315fa10c525f8bbec944c3e2ecf1
sports_car_013,sports_car,5,majority_target,"[0.16666666666666666, 0.7666666666666667, 0.0, 0.06666666666666667, 0.0]","[0.0048260800540447235, 0.9790028929710388, 8.303729555336758e-05, 0.00026389199774712324, 0.015824107453227043]",aesthetics,96b0d75e90694b0239e99b0a7f6cb11fae6d315fa10c525f8bbec944c3e2ecf1
sports_car_013,sports_car,5,soft_ce_only,"[0.16666666666666666, 0.7666666666666667, 0.0, 0.06666666666666667, 0.0]","[0.040911246091127396, 0.7251691222190857, 0.012873293831944466, 0.20776444673538208, 0.013281936757266521]",aesthetics,96b0d75e90694b0239e99b0a7f6cb11fae6d315fa10c525f8bbec944c3e2ecf1
sports_car_013,sports_car,5,category_prior,"[0.16666666666666666, 0.7666666666666667, 0.0, 0.06666666666666667, 0.0]","[0.07555555555555556, 0.7133333333333333, 0.02666666666666667, 0.15777777777777777, 0.026666666666666665]",aesthetics,96b0d75e90694b0239e99b0a7f6cb11fae6d315fa10c525f8bbec944c3e2ecf1
sports_car_014,sports_car,5,soft_target,"[0.06666666666666667, 0.6333333333333333, 0.06666666666666667, 0.23333333333333334, 0.0]","[0.05627281591296196, 0.7768222093582153, 0.023457998409867287, 0.12681274116039276, 0.01663421094417572]",aesthetics,f1112e0b03db873317fb283510916b59d39cfb3ac7d43c43c75675326ca915b5
sports_car_014,sports_car,5,majority_target,"[0.06666666666666667, 0.6333333333333333, 0.06666666666666667, 0.23333333333333334, 0.0]","[0.008451773785054684, 0.9768922328948975, 0.00018097911379300058, 0.0005403038230724633, 0.013934618793427944]",aesthetics,f1112e0b03db873317fb283510916b59d39cfb3ac7d43c43c75675326ca915b5
sports_car_014,sports_car,5,soft_ce_only,"[0.06666666666666667, 0.6333333333333333, 0.06666666666666667, 0.23333333333333334, 0.0]","[0.06026718392968178, 0.647933304309845, 0.027592329308390617, 0.2537343204021454, 0.010472866706550121]",aesthetics,f1112e0b03db873317fb283510916b59d39cfb3ac7d43c43c75675326ca915b5
sports_car_014,sports_car,5,category_prior,"[0.06666666666666667, 0.6333333333333333, 0.06666666666666667, 0.23333333333333334, 0.0]","[0.07555555555555556, 0.7133333333333333, 0.02666666666666667, 0.15777777777777777, 0.026666666666666665]",aesthetics,f1112e0b03db873317fb283510916b59d39cfb3ac7d43c43c75675326ca915b5
sports_car_015,sports_car,4,soft_target,"[0.06666666666666667, 0.8333333333333334, 0.0, 0.1, 0.0]","[0.1311110109090805, 0.7087794542312622, 0.02581728994846344, 0.1311110109090805, 0.0031813145615160465]",aesthetics,e10f1881a85335e61c260f16e026ca79c245b2ace58b02de1ad028fc48bd1fc4
sports_car_015,sports_car,4,majority_target,"[0.06666666666666667, 0.8333333333333334, 0.0, 0.1, 0.0]","[0.0010321292793378234, 0.9988692402839661, 3.423091766308062e-05, 1.2992590200155973e-05, 5.1386690756771713e-05]",aesthetics,e10f1881a85335e61c260f16e026ca79c245b2ace58b02de1ad028fc48bd1fc4
sports_car_015,sports_car,4,soft_ce_only,"[0.06666666666666667, 0.8333333333333334, 0.0, 0.1, 0.0]","[0.08866053074598312, 0.7423455119132996, 0.024620139971375465, 0.1373201161623001, 0.00705378782004118]",aesthetics,e10f1881a85335e61c260f16e026ca79c245b2ace58b02de1ad028fc48bd1fc4
sports_car_015,sports_car,4,category_prior,"[0.06666666666666667, 0.8333333333333334, 0.0, 0.1, 0.0]","[0.07555555555555556, 0.7355555555555555, 0.024444444444444442, 0.1511111111111111, 0.013333333333333334]",aesthetics,e10f1881a85335e61c260f16e026ca79c245b2ace58b02de1ad028fc48bd1fc4
sports_car_016,sports_car,1,soft_target,"[0.16666666666666666, 0.7666666666666667, 0.0, 0.06666666666666667, 0.0]","[0.1036825105547905, 0.7196992635726929, 0.021064380183815956, 0.1331309825181961, 0.022422917187213898]",aesthetics,c48ea59e81c8aec5cab4eac148341cf62664fd3e16ce9bd5809db6dfb4a17ce2
sports_car_016,sports_car,1,majority_target,"[0.16666666666666666, 0.7666666666666667, 0.0, 0.06666666666666667, 0.0]","[2.2825202904641628e-05, 0.9998546838760376, 4.222237748763291e-06, 2.3317411432799418e-06, 0.00011591594375204295]",aesthetics,c48ea59e81c8aec5cab4eac148341cf62664fd3e16ce9bd5809db6dfb4a17ce2
sports_car_016,sports_car,1,soft_ce_only,"[0.16666666666666666, 0.7666666666666667, 0.0, 0.06666666666666667, 0.0]","[0.09961827099323273, 0.6914877891540527, 0.02023867703974247, 0.16424275934696198, 0.024412505328655243]",aesthetics,c48ea59e81c8aec5cab4eac148341cf62664fd3e16ce9bd5809db6dfb4a17ce2
sports_car_016,sports_car,1,category_prior,"[0.16666666666666666, 0.7666666666666667, 0.0, 0.06666666666666667, 0.0]","[0.10444444444444444, 0.6844444444444445, 0.04, 0.14888888888888893, 0.02222222222222222]",aesthetics,c48ea59e81c8aec5cab4eac148341cf62664fd3e16ce9bd5809db6dfb4a17ce2
sports_car_017,sports_car,2,soft_target,"[0.2, 0.6, 0.0, 0.2, 0.0]","[0.11900947242975235, 0.729021430015564, 0.021337222307920456, 0.12668491899967194, 0.003946989309042692]",aesthetics,af962dbb87bb7c273de99e9f9c3d47c76a1c718549ed4ea0d2f5b46b9fac8fbf
sports_car_017,sports_car,2,majority_target,"[0.2, 0.6, 0.0, 0.2, 0.0]","[1.1125357559649274e-05, 0.9999663829803467, 1.1842880667245481e-05, 3.187468337273458e-06, 7.411085789499339e-06]",aesthetics,af962dbb87bb7c273de99e9f9c3d47c76a1c718549ed4ea0d2f5b46b9fac8fbf
sports_car_017,sports_car,2,soft_ce_only,"[0.2, 0.6, 0.0, 0.2, 0.0]","[0.12339416146278381, 0.7100844383239746, 0.02144269272685051, 0.13982391357421875, 0.0052547575905919075]",aesthetics,af962dbb87bb7c273de99e9f9c3d47c76a1c718549ed4ea0d2f5b46b9fac8fbf
sports_car_017,sports_car,2,category_prior,"[0.2, 0.6, 0.0, 0.2, 0.0]","[0.10888888888888888, 0.7022222222222222, 0.042222222222222223, 0.13333333333333333, 0.013333333333333334]",aesthetics,af962dbb87bb7c273de99e9f9c3d47c76a1c718549ed4ea0d2f5b46b9fac8fbf
sports_car_018,sports_car,5,soft_target,"[0.06666666666666667, 0.8, 0.06666666666666667, 0.06666666666666667, 0.0]","[0.08687912672758102, 0.727429986000061, 0.03402235731482506, 0.13456103205680847, 0.017107514664530754]",aesthetics,fb340954cc04b3b8f8e41ca26c78480eaae36cf450dc0988a3ada687a535567a
sports_car_018,sports_car,5,majority_target,"[0.06666666666666667, 0.8, 0.06666666666666667, 0.06666666666666667, 0.0]","[0.02252306416630745, 0.957705020904541, 0.0003756076330319047, 0.0007240026607178152, 0.01867227628827095]",aesthetics,fb340954cc04b3b8f8e41ca26c78480eaae36cf450dc0988a3ada687a535567a
sports_car_018,sports_car,5,soft_ce_only,"[0.06666666666666667, 0.8, 0.06666666666666667, 0.06666666666666667, 0.0]","[0.09846438467502594, 0.6031674742698669, 0.036223024129867554, 0.25143760442733765, 0.01070750504732132]",aesthetics,fb340954cc04b3b8f8e41ca26c78480eaae36cf450dc0988a3ada687a535567a
sports_car_018,sports_car,5,category_prior,"[0.06666666666666667, 0.8, 0.06666666666666667, 0.06666666666666667, 0.0]","[0.07555555555555556, 0.7133333333333333, 0.02666666666666667, 0.15777777777777777, 0.026666666666666665]",aesthetics,fb340954cc04b3b8f8e41ca26c78480eaae36cf450dc0988a3ada687a535567a
sports_car_019,sports_car,1,soft_target,"[0.06666666666666667, 0.6333333333333333, 0.16666666666666666, 0.13333333333333333, 0.0]","[0.10802105814218521, 0.661709189414978, 0.03094855323433876, 0.18958286941051483, 0.009738394059240818]",aesthetics,6d6e33a4328cf18b68ed8d4b47316947027ffffe15e436b0e171ffe6c748fa4f
sports_car_019,sports_car,1,majority_target,"[0.06666666666666667, 0.6333333333333333, 0.16666666666666666, 0.13333333333333333, 0.0]","[2.0144427253399044e-05, 0.9999171495437622, 4.092588824278209e-06, 3.844631919491803e-06, 5.4758231271989644e-05]",aesthetics,6d6e33a4328cf18b68ed8d4b47316947027ffffe15e436b0e171ffe6c748fa4f
sports_car_019,sports_car,1,soft_ce_only,"[0.06666666666666667, 0.6333333333333333, 0.16666666666666666, 0.13333333333333333, 0.0]","[0.10210806131362915, 0.6658281683921814, 0.027482012286782265, 0.1907629668712616, 0.013818822801113129]",aesthetics,6d6e33a4328cf18b68ed8d4b47316947027ffffe15e436b0e171ffe6c748fa4f
sports_car_019,sports_car,1,category_prior,"[0.06666666666666667, 0.6333333333333333, 0.16666666666666666, 0.13333333333333333, 0.0]","[0.10444444444444444, 0.6844444444444445, 0.04, 0.14888888888888893, 0.02222222222222222]",aesthetics,6d6e33a4328cf18b68ed8d4b47316947027ffffe15e436b0e171ffe6c748fa4f
sports_car_020,sports_car,2,soft_target,"[0.06666666666666667, 0.6666666666666666, 0.0, 0.2, 0.06666666666666667]","[0.07354683429002762, 0.8416990041732788, 0.010595426894724369, 0.06097247451543808, 0.013186221942305565]",aesthetics,1074d9ac2e51fd657d7a04b72d70ac2e954f522ba1da4e1ea9009adb42690f3f
sports_car_020,sports_car,2,majority_target,"[0.06666666666666667, 0.6666666666666666, 0.0, 0.2, 0.06666666666666667]","[1.9947167402278865e-06, 0.9999914169311523, 2.2603101115237223e-06, 5.539127414522227e-07, 3.7266211165842833e-06]",aesthetics,1074d9ac2e51fd657d7a04b72d70ac2e954f522ba1da4e1ea9009adb42690f3f
sports_car_020,sports_car,2,soft_ce_only,"[0.06666666666666667, 0.6666666666666666, 0.0, 0.2, 0.06666666666666667]","[0.08935768902301788, 0.7964364886283875, 0.012873196043074131, 0.07408012449741364, 0.0272525567561388]",aesthetics,1074d9ac2e51fd657d7a04b72d70ac2e954f522ba1da4e1ea9009adb42690f3f
sports_car_020,sports_car,2,category_prior,"[0.06666666666666667, 0.6666666666666666, 0.0, 0.2, 0.06666666666666667]","[0.10888888888888888, 0.7022222222222222, 0.042222222222222223, 0.13333333333333333, 0.013333333333333334]",aesthetics,1074d9ac2e51fd657d7a04b72d70ac2e954f522ba1da4e1ea9009adb42690f3f
sports_car_021,sports_car,3,soft_target,"[0.06666666666666667, 0.8666666666666667, 0.06666666666666667, 0.0, 0.0]","[0.15307535231113434, 0.6054247617721558, 0.049696289002895355, 0.18464410305023193, 0.007159429136663675]",aesthetics,7ea09733f38d264f4a3bc59a65b86ac9f74d566df7bfe3489e6b517824e13822
sports_car_021,sports_car,3,majority_target,"[0.06666666666666667, 0.8666666666666667, 0.06666666666666667, 0.0, 0.0]","[0.00015839158731978387, 0.9995599389076233, 4.984012775821611e-05, 0.00011588176857912913, 0.00011588176857912913]",aesthetics,7ea09733f38d264f4a3bc59a65b86ac9f74d566df7bfe3489e6b517824e13822
sports_car_021,sports_car,3,soft_ce_only,"[0.06666666666666667, 0.8666666666666667, 0.06666666666666667, 0.0, 0.0]","[0.14253748953342438, 0.6388086676597595, 0.04083767160773277, 0.17193302512168884, 0.005883224308490753]",aesthetics,7ea09733f38d264f4a3bc59a65b86ac9f74d566df7bfe3489e6b517824e13822
sports_car_021,sports_car,3,category_prior,"[0.06666666666666667, 0.8666666666666667, 0.06666666666666667, 0.0, 0.0]","[0.10222222222222221, 0.7177777777777777, 0.03333333333333333, 0.14222222222222222, 0.0044444444444444444]",aesthetics,7ea09733f38d264f4a3bc59a65b86ac9f74d566df7bfe3489e6b517824e13822
sports_car_022,sports_car,4,soft_target,"[0.06666666666666667, 0.5333333333333333, 0.13333333333333333, 0.2, 0.06666666666666667]","[0.07729660719633102, 0.7806680798530579, 0.01671656407415867, 0.11971933394670486, 0.0055993469431996346]",aesthetics,da9dc50fcbd705e8d683c2f644970eade5c297652577578a435ec46759ae9d44
sports_car_022,sports_car,4,majority_target,"[0.06666666666666667, 0.5333333333333333, 0.13333333333333333, 0.2, 0.06666666666666667]","[0.00033532571978867054, 0.9995918869972229, 1.722483830235433e-05, 1.3001988918404095e-05, 4.263187656761147e-05]",aesthetics,da9dc50fcbd705e8d683c2f644970eade5c297652577578a435ec46759ae9d44
sports_car_022,sports_car,4,soft_ce_only,"[0.06666666666666667, 0.5333333333333333, 0.13333333333333333, 0.2, 0.06666666666666667]","[0.04519331827759743, 0.8010706901550293, 0.013783182017505169, 0.1307711899280548, 0.009181579574942589]",aesthetics,da9dc50fcbd705e8d683c2f644970eade5c297652577578a435ec46759ae9d44
sports_car_022,sports_car,4,category_prior,"[0.06666666666666667, 0.5333333333333333, 0.13333333333333333, 0.2, 0.06666666666666667]","[0.07555555555555556, 0.7355555555555555, 0.024444444444444442, 0.1511111111111111, 0.013333333333333334]",aesthetics,da9dc50fcbd705e8d683c2f644970eade5c297652577578a435ec46759ae9d44
sports_car_023,sports_car,3,soft_target,"[0.06666666666666667, 0.6666666666666666, 0.0, 0.2, 0.06666666666666667]","[0.11001640558242798, 0.6331007480621338, 0.01852978765964508, 0.14126388728618622, 0.09708914905786514]",aesthetics,33bb721909caeb41d533b884371b867e3d0c370e6e208e0bd4200f700ec20c0b
sports_car_023,sports_car,3,majority_target,"[0.06666666666666667, 0.6666666666666666, 0.0, 0.2, 0.06666666666666667]","[0.0002328174450667575, 0.9787237644195557, 5.7054370699916035e-05, 0.0006736796349287033, 0.02031276375055313]",aesthetics,33bb721909caeb41d533b884371b867e3d0c370e6e208e0bd4200f700ec20c0b
sports_car_023,sports_car,3,soft_ce_only,"[0.06666666666666667, 0.6666666666666666, 0.0, 0.2, 0.06666666666666667]","[0.09890830516815186, 0.6449631452560425, 0.015649566426873207, 0.13519161939620972, 0.1052873432636261]",aesthetics,33bb721909caeb41d533b884371b867e3d0c370e6e208e0bd4200f700ec20c0b
sports_car_023,sports_car,3,category_prior,"[0.06666666666666667, 0.6666666666666666, 0.0, 0.2, 0.06666666666666667]","[0.10222222222222221, 0.7177777777777777, 0.03333333333333333, 0.14222222222222222, 0.0044444444444444444]",aesthetics,33bb721909caeb41d533b884371b867e3d0c370e6e208e0bd4200f700ec20c0b
sports_car_024,sports_car,1,soft_target,"[0.06666666666666667, 0.8, 0.0, 0.13333333333333333, 0.0]","[0.08945239335298538, 0.7489756941795349, 0.019959526136517525, 0.12226692587137222, 0.019345438107848167]",aesthetics,6b474446b88f2dc7900ab60a4ff9c86c7845e94e2dbe2b5ea6714b903433bc9f
sports_car_024,sports_car,1,majority_target,"[0.06666666666666667, 0.8, 0.0, 0.13333333333333333, 0.0]","[1.4737938727193978e-05, 0.9999145269393921, 2.9020725378359202e-06, 1.8160706076741917e-06, 6.605085945921019e-05]",aesthetics,6b474446b88f2dc7900ab60a4ff9c86c7845e94e2dbe2b5ea6714b903433bc9f
sports_car_024,sports_car,1,soft_ce_only,"[0.06666666666666667, 0.8, 0.0, 0.13333333333333333, 0.0]","[0.08300796896219254, 0.7398420572280884, 0.017951734364032745, 0.1368570178747177, 0.022341294214129448]",aesthetics,6b474446b88f2dc7900ab60a4ff9c86c7845e94e2dbe2b5ea6714b903433bc9f
sports_car_024,sports_car,1,category_prior,"[0.06666666666666667, 0.8, 0.0, 0.13333333333333333, 0.0]","[0.10444444444444444, 0.6844444444444445, 0.04, 0.14888888888888893, 0.02222222222222222]",aesthetics,6b474446b88f2dc7900ab60a4ff9c86c7845e94e2dbe2b5ea6714b903433bc9f
sports_car_025,sports_car,2,soft_target,"[0.06666666666666667, 0.7333333333333333, 0.06666666666666667, 0.13333333333333333, 0.0]","[0.13651613891124725, 0.6932862401008606, 0.022285649552941322, 0.1282450556755066, 0.019667016342282295]",aesthetics,3a9e3ce6961b1897030837d665599897103e0fe4720311bd98dcc667d42e9646
sports_car_025,sports_car,2,majority_target,"[0.06666666666666667, 0.7333333333333333, 0.06666666666666667, 0.13333333333333333, 0.0]","[1.1125120181532111e-05, 0.9999450445175171, 1.2218553820275702e-05, 4.092702965863282e-06, 2.7534937544260174e-05]",aesthetics,3a9e3ce6961b1897030837d665599897103e0fe4720311bd98dcc667d42e9646
sports_car_025,sports_car,2,soft_ce_only,"[0.06666666666666667, 0.7333333333333333, 0.06666666666666667, 0.13333333333333333, 0.0]","[0.13586895167827606, 0.6899994611740112, 0.02361048385500908, 0.1276370733976364, 0.0228840671479702]",aesthetics,3a9e3ce6961b1897030837d665599897103e0fe4720311bd98dcc667d42e9646
sports_car_025,sports_car,2,category_prior,"[0.06666666666666667, 0.7333333333333333, 0.06666666666666667, 0.13333333333333333, 0.0]","[0.10888888888888888, 0.7022222222222222, 0.042222222222222223, 0.13333333333333333, 0.013333333333333334]",aesthetics,3a9e3ce6961b1897030837d665599897103e0fe4720311bd98dcc667d42e9646
vacuum_cleaner_001,vacuum_cleaner,5,soft_target,"[0.5333333333333333, 0.06666666666666667, 0.3333333333333333, 0.0, 0.06666666666666667]","[0.5826324820518494, 0.024811485782265663, 0.31186071038246155, 0.04782538861036301, 0.03286987915635109]",functionality,02193e9f85a1cd99a2cd0913ffa067292635daae376b3db0becd03011f1058e4
vacuum_cleaner_001,vacuum_cleaner,5,majority_target,"[0.5333333333333333, 0.06666666666666667, 0.3333333333333333, 0.0, 0.06666666666666667]","[0.913056492805481, 0.003731453325599432, 0.008150243200361729, 0.00011356388858985156, 0.07494824379682541]",functionality,02193e9f85a1cd99a2cd0913ffa067292635daae376b3db0becd03011f1058e4
vacuum_cleaner_001,vacuum_cleaner,5,soft_ce_only,"[0.5333333333333333, 0.06666666666666667, 0.3333333333333333, 0.0, 0.06666666666666667]","[0.6043494939804077, 0.03409506753087044, 0.2854745090007782, 0.0386347696185112, 0.03744610399007797]",functionality,02193e9f85a1cd99a2cd0913ffa067292635daae376b3db0becd03011f1058e4
vacuum_cleaner_001,vacuum_cleaner,5,category_prior,"[0.5333333333333333, 0.06666666666666667, 0.3333333333333333, 0.0, 0.06666666666666667]","[0.6933333333333334, 0.02888888888888889, 0.20222222222222228, 0.048888888888888885, 0.02666666666666667]",functionality,02193e9f85a1cd99a2cd0913ffa067292635daae376b3db0becd03011f1058e4
vacuum_cleaner_002,vacuum_cleaner,2,soft_target,"[0.9333333333333333, 0.0, 0.06666666666666667, 0.0, 0.0]","[0.8534404039382935, 0.034141913056373596, 0.05807734653353691, 0.030130131170153618, 0.024210240691900253]",functionality,6bc7ac69fda66f1a0d294f911371be042fb183b79369abf5fc76ecc6d8618ee9
vacuum_cleaner_002,vacuum_cleaner,2,majority_target,"[0.9333333333333333, 0.0, 0.06666666666666667, 0.0, 0.0]","[0.9999359846115112, 1.0347879424443818e-06, 6.205037061590701e-05, 4.964967388332298e-07, 3.205623784197087e-07]",functionality,6bc7ac69fda66f1a0d294f911371be042fb183b79369abf5fc76ecc6d8618ee9
vacuum_cleaner_002,vacuum_cleaner,2,soft_ce_only,"[0.9333333333333333, 0.0, 0.06666666666666667, 0.0, 0.0]","[0.7898632287979126, 0.0474349707365036, 0.06901747733354568, 0.043190035969018936, 0.05049426481127739]",functionality,6bc7ac69fda66f1a0d294f911371be042fb183b79369abf5fc76ecc6d8618ee9
vacuum_cleaner_002,vacuum_cleaner,2,category_prior,"[0.9333333333333333, 0.0, 0.06666666666666667, 0.0, 0.0]","[0.6266666666666666, 0.04444444444444444, 0.18000000000000002, 0.08888888888888888, 0.05999999999999999]",functionality,6bc7ac69fda66f1a0d294f911371be042fb183b79369abf5fc76ecc6d8618ee9
vacuum_cleaner_003,vacuum_cleaner,4,soft_target,"[0.8666666666666667, 0.0, 0.06666666666666667, 0.06666666666666667, 0.0]","[0.6928592324256897, 0.06246315315365791, 0.09981583803892136, 0.024460922926664352, 0.12040086835622787]",functionality,46199e6dc06bd98edc000358d2fc6f62e87ab932c593f6929808670f77392417
vacuum_cleaner_003,vacuum_cleaner,4,majority_target,"[0.8666666666666667, 0.0, 0.06666666666666667, 0.06666666666666667, 0.0]","[0.9919400811195374, 0.0007982469396665692, 0.0057168202474713326, 5.347920523490757e-05, 0.0014913214836269617]",functionality,46199e6dc06bd98edc000358d2fc6f62e87ab932c593f6929808670f77392417
vacuum_cleaner_003,vacuum_cleaner,4,soft_ce_only,"[0.8666666666666667, 0.0, 0.06666666666666667, 0.06666666666666667, 0.0]","[0.6032038331031799, 0.06767759472131729, 0.11877787113189697, 0.047990601509809494, 0.1623501181602478]",functionality,46199e6dc06bd98edc000358d2fc6f62e87ab932c593f6929808670f77392417
vacuum_cleaner_003,vacuum_cleaner,4,category_prior,"[0.8666666666666667, 0.0, 0.06666666666666667, 0.06666666666666667, 0.0]","[0.6666666666666666, 0.03333333333333333, 0.15555555555555556, 0.07111111111111111, 0.07333333333333332]",functionality,46199e6dc06bd98edc000358d2fc6f62e87ab932c593f6929808670f77392417
vacuum_cleaner_004,vacuum_cleaner,2,soft_target,"[0.8, 0.06666666666666667, 0.06666666666666667, 0.0, 0.06666666666666667]","[0.8926391005516052, 0.010890951380133629, 0.05706450715661049, 0.0230561476200819, 0.01634925603866577]",functionality,b89c8f5902ea4eec3a3daef402ff76bc5935e4f7a10c0632a4c1d0368c1dfc50
vacuum_cleaner_004,vacuum_cleaner,2,majority_target,"[0.8, 0.06666666666666667, 0.06666666666666667, 0.0, 0.06666666666666667]","[0.9999520778656006, 6.375246925927058e-07, 4.683883526013233e-05, 3.0114529181446414e-07, 1.7025213594479283e-07]",functionality,b89c8f5902ea4eec3a3daef402ff76bc5935e4f7a10c0632a4c1d0368c1dfc50
vacuum_cleaner_004,vacuum_cleaner,2,soft_ce_only,"[0.8, 0.06666666666666667, 0.06666666666666667, 0.0, 0.06666666666666667]","[0.8635302186012268, 0.015329496935009956, 0.0708828791975975, 0.02863927185535431, 0.021618057042360306]",functionality,b89c8f5902ea4eec3a3daef402ff76bc5935e4f7a10c0632a4c1d0368c1dfc50
vacuum_cleaner_004,vacuum_cleaner,2,category_prior,"[0.8, 0.06666666666666667, 0.06666666666666667, 0.0, 0.06666666666666667]","[0.6266666666666666, 0.04444444444444444, 0.18000000000000002, 0.08888888888888888, 0.05999999999999999]",functionality,b89c8f5902ea4eec3a3daef402ff76bc5935e4f7a10c0632a4c1d0368c1dfc50
vacuum_cleaner_005,vacuum_cleaner,5,soft_target,"[0.6666666666666666, 0.0, 0.26666666666666666, 0.06666666666666667, 0.0]","[0.5307437181472778, 0.01706073060631752, 0.2212468981742859, 0.07888801395893097, 0.1520606279373169]",functionality,18cbadc0560a055ccd0bf3c58af9bdc6c0f771b7102cb23198b8a483a3ee9c12
vacuum_cleaner_005,vacuum_cleaner,5,majority_target,"[0.6666666666666666, 0.0, 0.26666666666666666, 0.06666666666666667, 0.0]","[0.7904675006866455, 0.002438479335978627, 0.007055973168462515, 0.00017664283222984523, 0.19986148178577423]",functionality,18cbadc0560a055ccd0bf3c58af9bdc6c0f771b7102cb23198b8a483a3ee9c12
vacuum_cleaner_005,vacuum_cleaner,5,soft_ce_only,"[0.6666666666666666, 0.0, 0.26666666666666666, 0.06666666666666667, 0.0]","[0.5469951629638672, 0.0218825601041317, 0.22802148759365082, 0.05587907135486603, 0.14722174406051636]",functionality,18cbadc0560a055ccd0bf3c58af9bdc6c0f771b7102cb23198b8a483a3ee9c12
vacuum_cleaner_005,vacuum_cleaner,5,category_prior,"[0.6666666666666666, 0.0, 0.26666666666666666, 0.06666666666666667, 0.0]","[0.6933333333333334, 0.02888888888888889, 0.20222222222222228, 0.048888888888888885, 0.02666666666666667]",functionality,18cbadc0560a055ccd0bf3c58af9bdc6c0f771b7102cb23198b8a483a3ee9c12
vacuum_cleaner_006,vacuum_cleaner,1,soft_target,"[0.6666666666666666, 0.0, 0.06666666666666667, 0.06666666666666667, 0.2]","[0.8628010153770447, 0.028615089133381844, 0.0802529975771904, 0.02605433389544487, 0.0022766022011637688]",functionality,55f0d64d04b9924a6ecfec079a49857c145d381a1f4c9cbd814fb69d445f40a3
vacuum_cleaner_006,vacuum_cleaner,1,majority_target,"[0.6666666666666666, 0.0, 0.06666666666666667, 0.06666666666666667, 0.2]","[0.9974873065948486, 0.00021604671201203018, 0.0005872758920304477, 9.947981197910849e-06, 0.0016993392491713166]",functionality,55f0d64d04b9924a6ecfec079a49857c145d381a1f4c9cbd814fb69d445f40a3
vacuum_cleaner_006,vacuum_cleaner,1,soft_ce_only,"[0.6666666666666666, 0.0, 0.06666666666666667, 0.06666666666666667, 0.2]","[0.8291000723838806, 0.03422104939818382, 0.09902188181877136, 0.03316817805171013, 0.004488824401050806]",functionality,55f0d64d04b9924a6ecfec079a49857c145d381a1f4c9cbd814fb69d445f40a3
vacuum_cleaner_006,vacuum_cleaner,1,category_prior,"[0.6666666666666666, 0.0, 0.06666666666666667, 0.06666666666666667, 0.2]","[0.6666666666666666, 0.05333333333333334, 0.2222222222222222, 0.048888888888888885, 0.008888888888888889]",functionality,55f0d64d04b9924a6ecfec079a49857c145d381a1f4c9cbd814fb69d445f40a3
vacuum_cleaner_007,vacuum_cleaner,5,soft_target,"[0.8666666666666667, 0.0, 0.06666666666666667, 0.06666666666666667, 0.0]","[0.7424994707107544, 0.038140326738357544, 0.16567403078079224, 0.03262314945459366, 0.02106308937072754]",functionality,a558ac8b140d842eb33a11284700431ad801fcbb5e8869d300ebe080d5d31f53
vacuum_cleaner_007,vacuum_cleaner,5,majority_target,"[0.8666666666666667, 0.0, 0.06666666666666667, 0.06666666666666667, 0.0]","[0.9358035922050476, 0.0037067504599690437, 0.004200298804789782, 8.994163363240659e-05, 0.05619937181472778]",functionality,a558ac8b140d842eb33a11284700431ad801fcbb5e8869d300ebe080d5d31f53
vacuum_cleaner_007,vacuum_cleaner,5,soft_ce_only,"[0.8666666666666667, 0.0, 0.06666666666666667, 0.06666666666666667, 0.0]","[0.6642111539840698, 0.03866172209382057, 0.2295452356338501, 0.037472229450941086, 0.03010978177189827]",functionality,a558ac8b140d842eb33a11284700431ad801fcbb5e8869d300ebe080d5d31f53
vacuum_cleaner_007,vacuum_cleaner,5,category_prior,"[0.8666666666666667, 0.0, 0.06666666666666667, 0.06666666666666667, 0.0]","[0.6933333333333334, 0.02888888888888889, 0.20222222222222228, 0.048888888888888885, 0.02666666666666667]",functionality,a558ac8b140d842eb33a11284700431ad801fcbb5e8869d300ebe080d5d31f53
vacuum_cleaner_008,vacuum_cleaner,4,soft_target,"[0.7333333333333333, 0.0, 0.16666666666666666, 0.1, 0.0]","[0.6365098357200623, 0.03269590437412262, 0.2199719101190567, 0.024680163711309433, 0.08614223450422287]",functionality,d1f8305488f8a7275d920057a5c7c523e29bc565869dfafc6b877a89f4d0a124
vacuum_cleaner_008,vacuum_cleaner,4,majority_target,"[0.7333333333333333, 0.0, 0.16666666666666666, 0.1, 0.0]","[0.9886653423309326, 0.0004127578577026725, 0.009692534804344177, 7.172657205956057e-05, 0.0011576081160455942]",functionality,d1f8305488f8a7275d920057a5c7c523e29bc565869dfafc6b877a89f4d0a124
vacuum_cleaner_008,vacuum_cleaner,4,soft_ce_only,"[0.7333333333333333, 0.0, 0.16666666666666666, 0.1, 0.0]","[0.5305258631706238, 0.07179886847734451, 0.18334485590457916, 0.05252917855978012, 0.16180124878883362]",functionality,d1f8305488f8a7275d920057a5c7c523e29bc565869dfafc6b877a89f4d0a124
vacuum_cleaner_008,vacuum_cleaner,4,category_prior,"[0.7333333333333333, 0.0, 0.16666666666666666, 0.1, 0.0]","[0.6666666666666666, 0.03333333333333333, 0.15555555555555556, 0.07111111111111111, 0.07333333333333332]",functionality,d1f8305488f8a7275d920057a5c7c523e29bc565869dfafc6b877a89f4d0a124
vacuum_cleaner_009,vacuum_cleaner,3,soft_target,"[0.6, 0.06666666666666667, 0.3333333333333333, 0.0, 0.0]","[0.7437717914581299, 0.061052508652210236, 0.0888308733701706, 0.027951877564191818, 0.07839296758174896]",functionality,6c7bc93061c97d742a4c111db8b3154c31ae29272ddc0a44899927a1081eea5f
vacuum_cleaner_009,vacuum_cleaner,3,majority_target,"[0.6, 0.06666666666666667, 0.3333333333333333, 0.0, 0.0]","[0.9993650317192078, 0.00011229456140426919, 0.0003249350702390075, 2.929378388216719e-05, 0.00016857408627402037]",functionality,6c7bc93061c97d742a4c111db8b3154c31ae29272ddc0a44899927a1081eea5f
vacuum_cleaner_009,vacuum_cleaner,3,soft_ce_only,"[0.6, 0.06666666666666667, 0.3333333333333333, 0.0, 0.0]","[0.7362692356109619, 0.06433448940515518, 0.09964320808649063, 0.033376295119524, 0.0663766860961914]",functionality,6c7bc93061c97d742a4c111db8b3154c31ae29272ddc0a44899927a1081eea5f
vacuum_cleaner_009,vacuum_cleaner,3,category_prior,"[0.6, 0.06666666666666667, 0.3333333333333333, 0.0, 0.0]","[0.6466666666666666, 0.04666666666666666, 0.15333333333333335, 0.07555555555555556, 0.07777777777777777]",functionality,6c7bc93061c97d742a4c111db8b3154c31ae29272ddc0a44899927a1081eea5f
vacuum_cleaner_010,vacuum_cleaner,4,soft_target,"[0.43333333333333335, 0.0, 0.4, 0.16666666666666666, 0.0]","[0.5971623063087463, 0.02388949878513813, 0.2649891674518585, 0.027929652482271194, 0.08602938801050186]",functionality,07d9d872e32b62c8582a13395c01260cc53cd08e9a011a4c3fe1e81519d6d35f
vacuum_cleaner_010,vacuum_cleaner,4,majority_target,"[0.43333333333333335, 0.0, 0.4, 0.16666666666666666, 0.0]","[0.9809524416923523, 0.00040953780990093946, 0.016878219321370125, 8.856876956997439e-05, 0.0016711701173335314]",functionality,07d9d872e32b62c8582a13395c01260cc53cd08e9a011a4c3fe1e81519d6d35f
vacuum_cleaner_010,vacuum_cleaner,4,soft_ce_only,"[0.43333333333333335, 0.0, 0.4, 0.16666666666666666, 0.0]","[0.4830588698387146, 0.057693153619766235, 0.24289725720882416, 0.0595245324075222, 0.15682625770568848]",functionality,07d9d872e32b62c8582a13395c01260cc53cd08e9a011a4c3fe1e81519d6d35f
vacuum_cleaner_010,vacuum_cleaner,4,category_prior,"[0.43333333333333335, 0.0, 0.4, 0.16666666666666666, 0.0]","[0.6666666666666666, 0.03333333333333333, 0.15555555555555556, 0.07111111111111111, 0.07333333333333332]",functionality,07d9d872e32b62c8582a13395c01260cc53cd08e9a011a4c3fe1e81519d6d35f
vacuum_cleaner_011,vacuum_cleaner,1,soft_target,"[0.5, 0.0, 0.06666666666666667, 0.13333333333333333, 0.3]","[0.8609876036643982, 0.019021691754460335, 0.0907474234700203, 0.026824887841939926, 0.002418337156996131]",functionality,0994e6c264f6487d8b40abae58647c47254e8672dc50ddaed6470b1ededeb05f
vacuum_cleaner_011,vacuum_cleaner,1,majority_target,"[0.5, 0.0, 0.06666666666666667, 0.13333333333333333, 0.3]","[0.997302770614624, 0.00010527329141041264, 0.0005346218822523952, 7.868045031500515e-06, 0.0020494151394814253]",functionality,0994e6c264f6487d8b40abae58647c47254e8672dc50ddaed6470b1ededeb05f
vacuum_cleaner_011,vacuum_cleaner,1,soft_ce_only,"[0.5, 0.0, 0.06666666666666667, 0.13333333333333333, 0.3]","[0.8475710153579712, 0.01814916729927063, 0.10122792422771454, 0.02900228463113308, 0.004049626644700766]",functionality,0994e6c264f6487d8b40abae58647c47254e8672dc50ddaed6470b1ededeb05f
vacuum_cleaner_011,vacuum_cleaner,1,category_prior,"[0.5, 0.0, 0.06666666666666667, 0.13333333333333333, 0.3]","[0.6666666666666666, 0.05333333333333334, 0.2222222222222222, 0.048888888888888885, 0.008888888888888889]",functionality,0994e6c264f6487d8b40abae58647c47254e8672dc50ddaed6470b1ededeb05f
vacuum_cleaner_012,vacuum_cleaner,3,soft_target,"[0.9333333333333333, 0.0, 0.06666666666666667, 0.0, 0.0]","[0.6980009078979492, 0.07831352949142456, 0.06911145150661469, 0.040628522634506226, 0.11394552141427994]",functionality,d887a39dc83fc5ed1443377b725c4c61ebab4f98c55bbc14f8bde7523c9197cf
vacuum_cleaner_012,vacuum_cleaner,3,majority_target,"[0.9333333333333333, 0.0, 0.06666666666666667, 0.0, 0.0]","[0.9965470433235168, 0.0015948766376823187, 0.0006648434791713953, 0.0001309154467890039, 0.0010624169372022152]",functionality,d887a39dc83fc5ed1443377b725c4c61ebab4f98c55bbc14f8bde7523c9197cf
vacuum_cleaner_012,vacuum_cleaner,3,soft_ce_only,"[0.9333333333333333, 0.0, 0.06666666666666667, 0.0, 0.0]","[0.6817177534103394, 0.09821075946092606, 0.08141957968473434, 0.046391475945711136, 0.0922604650259018]",functionality,d887a39dc83fc5ed1443377b725c4c61ebab4f98c55bbc14f8bde7523c9197cf
vacuum_cleaner_012,vacuum_cleaner,3,category_prior,"[0.9333333333333333, 0.0, 0.06666666666666667, 0.0, 0.0]","[0.6466666666666666, 0.04666666666666666, 0.15333333333333335, 0.07555555555555556, 0.07777777777777777]",functionality,d887a39dc83fc5ed1443377b725c4c61ebab4f98c55bbc14f8bde7523c9197cf
vacuum_cleaner_013,vacuum_cleaner,5,soft_target,"[0.7333333333333333, 0.13333333333333333, 0.13333333333333333, 0.0, 0.0]","[0.7920478582382202, 0.037044573575258255, 0.12929825484752655, 0.027102386578917503, 0.014506862498819828]",functionality,01488c358d0114599a9d4de435fba62da7c6466c7ae8018aa76224e300d3781e
vacuum_cleaner_013,vacuum_cleaner,5,majority_target,"[0.7333333333333333, 0.13333333333333333, 0.13333333333333333, 0.0, 0.0]","[0.927834689617157, 0.002029630122706294, 0.0028622373938560486, 6.128951645223424e-05, 0.06721211969852448]",functionality,01488c358d0114599a9d4de435fba62da7c6466c7ae8018aa76224e300d3781e
vacuum_cleaner_013,vacuum_cleaner,5,soft_ce_only,"[0.7333333333333333, 0.13333333333333333, 0.13333333333333333, 0.0, 0.0]","[0.7268262505531311, 0.029999705031514168, 0.19562263786792755, 0.02818211168050766, 0.01936926320195198]",functionality,01488c358d0114599a9d4de435fba62da7c6466c7ae8018aa76224e300d3781e
vacuum_cleaner_013,vacuum_cleaner,5,category_prior,"[0.7333333333333333, 0.13333333333333333, 0.13333333333333333, 0.0, 0.0]","[0.6933333333333334, 0.02888888888888889, 0.20222222222222228, 0.048888888888888885, 0.02666666666666667]",functionality,01488c358d0114599a9d4de435fba62da7c6466c7ae8018aa76224e300d3781e
vacuum_cleaner_014,vacuum_cleaner,4,soft_target,"[0.5666666666666667, 0.0, 0.3, 0.06666666666666667, 0.06666666666666667]","[0.5051615834236145, 0.02677258476614952, 0.22416409850120544, 0.03331901878118515, 0.2105826884508133]",functionality,463b80c8ffd749da7a4c27a377341669ce337367ffd3fc20236b7b6bf2ac6a33
vacuum_cleaner_014,vacuum_cleaner,4,majority_target,"[0.5666666666666667, 0.0, 0.3, 0.06666666666666667, 0.06666666666666667]","[0.9518308639526367, 0.0009239357896149158, 0.03467043489217758, 0.00021270209981594235, 0.012362124398350716]",functionality,463b80c8ffd749da7a4c27a377341669ce337367ffd3fc20236b7b6bf2ac6a33
vacuum_cleaner_014,vacuum_cleaner,4,soft_ce_only,"[0.5666666666666667, 0.0, 0.3, 0.06666666666666667, 0.06666666666666667]","[0.4331524670124054, 0.05681723356246948, 0.20460674166679382, 0.05862081050872803, 0.24680282175540924]",functionality,463b80c8ffd749da7a4c27a377341669ce337367ffd3fc20236b7b6bf2ac6a33
vacuum_cleaner_014,vacuum_cleaner,4,category_prior,"[0.5666666666666667, 0.0, 0.3, 0.06666666666666667, 0.06666666666666667]","[0.6666666666666666, 0.03333333333333333, 0.15555555555555556, 0.07111111111111111, 0.07333333333333332]",functionality,463b80c8ffd749da7a4c27a377341669ce337367ffd3fc20236b7b6bf2ac6a33
vacuum_cleaner_015,vacuum_cleaner,1,soft_target,"[0.7333333333333333, 0.06666666666666667, 0.2, 0.0, 0.0]","[0.7838829159736633, 0.036662694066762924, 0.13621841371059418, 0.036662694066762924, 0.006573258899152279]",functionality,b1629fe3132ff80085e73ed9bea63a93531a0693f3c9f9f9a0f0f3159d2d72b3
vacuum_cleaner_015,vacuum_cleaner,1,majority_target,"[0.7333333333333333, 0.06666666666666667, 0.2, 0.0, 0.0]","[0.9939862489700317, 0.0007514304597862065, 0.0019797557033598423, 1.8375920262769796e-05, 0.0032640649005770683]",functionality,b1629fe3132ff80085e73ed9bea63a93531a0693f3c9f9f9a0f0f3159d2d72b3
vacuum_cleaner_015,vacuum_cleaner,1,soft_ce_only,"[0.7333333333333333, 0.06666666666666667, 0.2, 0.0, 0.0]","[0.7443817853927612, 0.04070309177041054, 0.16609403491020203, 0.039450790733098984, 0.009370383806526661]",functionality,b1629fe3132ff80085e73ed9bea63a93531a0693f3c9f9f9a0f0f3159d2d72b3
vacuum_cleaner_015,vacuum_cleaner,1,category_prior,"[0.7333333333333333, 0.06666666666666667, 0.2, 0.0, 0.0]","[0.6666666666666666, 0.05333333333333334, 0.2222222222222222, 0.048888888888888885, 0.008888888888888889]",functionality,b1629fe3132ff80085e73ed9bea63a93531a0693f3c9f9f9a0f0f3159d2d72b3
vacuum_cleaner_016,vacuum_cleaner,3,soft_target,"[0.7, 0.2, 0.1, 0.0, 0.0]","[0.8622493147850037, 0.021585989743471146, 0.045697540044784546, 0.020278161391615868, 0.05018892511725426]",functionality,defa8a47a8aed084c2d294734a64d3c57f17fdeb3d7bf29b4a8fdc671be2c33f
vacuum_cleaner_016,vacuum_cleaner,3,majority_target,"[0.7, 0.2, 0.1, 0.0, 0.0]","[0.9996145963668823, 8.478554809698835e-05, 0.00017949100583791733, 1.8918211935670115e-05, 0.00010227088932879269]",functionality,defa8a47a8aed084c2d294734a64d3c57f17fdeb3d7bf29b4a8fdc671be2c33f
vacuum_cleaner_016,vacuum_cleaner,3,soft_ce_only,"[0.7, 0.2, 0.1, 0.0, 0.0]","[0.8345658779144287, 0.030399059876799583, 0.06045575067400932, 0.026001695543527603, 0.048577554523944855]",functionality,defa8a47a8aed084c2d294734a64d3c57f17fdeb3d7bf29b4a8fdc671be2c33f
vacuum_cleaner_016,vacuum_cleaner,3,category_prior,"[0.7, 0.2, 0.1, 0.0, 0.0]","[0.6466666666666666, 0.04666666666666666, 0.15333333333333335, 0.07555555555555556, 0.07777777777777777]",functionality,defa8a47a8aed084c2d294734a64d3c57f17fdeb3d7bf29b4a8fdc671be2c33f
vacuum_cleaner_017,vacuum_cleaner,2,soft_target,"[0.7333333333333333, 0.0, 0.13333333333333333, 0.13333333333333333, 0.0]","[0.8881133198738098, 0.012278495356440544, 0.051694393157958984, 0.02767001837491989, 0.020243816077709198]",functionality,a9ab370c2712c16028bfdf6a52004a95a8c0eacc9dfbadff257c5f0c6dbcdf77
vacuum_cleaner_017,vacuum_cleaner,2,majority_target,"[0.7333333333333333, 0.0, 0.13333333333333333, 0.13333333333333333, 0.0]","[0.9999041557312012, 1.7328885633105529e-06, 9.314568160334602e-05, 5.53864424546191e-07, 5.042993507231586e-07]",functionality,a9ab370c2712c16028bfdf6a52004a95a8c0eacc9dfbadff257c5f0c6dbcdf77
vacuum_cleaner_017,vacuum_cleaner,2,soft_ce_only,"[0.7333333333333333, 0.0, 0.13333333333333333, 0.13333333333333333, 0.0]","[0.863429069519043, 0.015327701345086098, 0.07087457180023193, 0.032448746263980865, 0.01791989803314209]",functionality,a9ab370c2712c16028bfdf6a52004a95a8c0eacc9dfbadff257c5f0c6dbcdf77
vacuum_cleaner_017,vacuum_cleaner,2,category_prior,"[0.7333333333333333, 0.0, 0.13333333333333333, 0.13333333333333333, 0.0]","[0.6266666666666666, 0.04444444444444444, 0.18000000000000002, 0.08888888888888888, 0.05999999999999999]",functionality,a9ab370c2712c16028bfdf6a52004a95a8c0eacc9dfbadff257c5f0c6dbcdf77
vacuum_cleaner_018,vacuum_cleaner,2,soft_target,"[0.5, 0.0, 0.43333333333333335, 0.0, 0.06666666666666667]","[0.6425337195396423, 0.006299179513007402, 0.30351144075393677, 0.036249272525310516, 0.011406339704990387]",functionality,9e78a199ded5e719bcd02dc2bda0fb41fbe0559aa846223c615598e5ec0fde8b
vacuum_cleaner_018,vacuum_cleaner,2,majority_target,"[0.5, 0.0, 0.43333333333333335, 0.0, 0.06666666666666667]","[0.9819920063018799, 5.242054157861276e-06, 0.017985811457037926, 6.836927695985651e-06, 1.0104324246640317e-05]",functionality,9e78a199ded5e719bcd02dc2bda0fb41fbe0559aa846223c615598e5ec0fde8b
vacuum_cleaner_018,vacuum_cleaner,2,soft_ce_only,"[0.5, 0.0, 0.43333333333333335, 0.0, 0.06666666666666667]","[0.5728884935379028, 0.007440522778779268, 0.34747442603111267, 0.04702555015683174, 0.025170963257551193]",functionality,9e78a199ded5e719bcd02dc2bda0fb41fbe0559aa846223c615598e5ec0fde8b
vacuum_cleaner_018,vacuum_cleaner,2,category_prior,"[0.5, 0.0, 0.43333333333333335, 0.0, 0.06666666666666667]","[0.6266666666666666, 0.04444444444444444, 0.18000000000000002, 0.08888888888888888, 0.05999999999999999]",functionality,9e78a199ded5e719bcd02dc2bda0fb41fbe0559aa846223c615598e5ec0fde8b
vacuum_cleaner_019,vacuum_cleaner,1,soft_target,"[0.8666666666666667, 0.0, 0.13333333333333333, 0.0, 0.0]","[0.8913129568099976, 0.013117479160428047, 0.06456650048494339, 0.02865120954811573, 0.002351834438741207]",functionality,002f09c79a3139a95ec6ada696305efc49487a2f95db70b6f8f2e2cb0466be38
vacuum_cleaner_019,vacuum_cleaner,1,majority_target,"[0.8666666666666667, 0.0, 0.13333333333333333, 0.0, 0.0]","[0.9975556135177612, 0.00011932050256291404, 0.000391236855648458, 8.056673323153518e-06, 0.0019257355015724897]",functionality,002f09c79a3139a95ec6ada696305efc49487a2f95db70b6f8f2e2cb0466be38
vacuum_cleaner_019,vacuum_cleaner,1,soft_ce_only,"[0.8666666666666667, 0.0, 0.13333333333333333, 0.0, 0.0]","[0.8645151257514954, 0.015346980653703213, 0.08041243255138397, 0.03458495810627937, 0.00514059467241168]",functionality,002f09c79a3139a95ec6ada696305efc49487a2f95db70b6f8f2e2cb0466be38
vacuum_cleaner_019,vacuum_cleaner,1,category_prior,"[0.8666666666666667, 0.0, 0.13333333333333333, 0.0, 0.0]","[0.6666666666666666, 0.05333333333333334, 0.2222222222222222, 0.048888888888888885, 0.008888888888888889]",functionality,002f09c79a3139a95ec6ada696305efc49487a2f95db70b6f8f2e2cb0466be38
vacuum_cleaner_020,vacuum_cleaner,3,soft_target,"[0.7666666666666667, 0.0, 0.16666666666666666, 0.06666666666666667, 0.0]","[0.8763349056243896, 0.01555680762976408, 0.03972569853067398, 0.021938616409897804, 0.04644404724240303]",functionality,b3d9591be53de2b1d1907dd95244ddbcaecb640f73112a4db58aa3df3100e676
vacuum_cleaner_020,vacuum_cleaner,3,majority_target,"[0.7666666666666667, 0.0, 0.16666666666666666, 0.06666666666666667, 0.0]","[0.9998078942298889, 3.320891482871957e-05, 0.00010229065810563043, 1.1298765457468107e-05, 4.5391207095235586e-05]",functionality,b3d9591be53de2b1d1907dd95244ddbcaecb640f73112a4db58aa3df3100e676
vacuum_cleaner_020,vacuum_cleaner,3,soft_ce_only,"[0.7666666666666667, 0.0, 0.16666666666666666, 0.06666666666666667, 0.0]","[0.8601857423782349, 0.022217903286218643, 0.054989833384752274, 0.025975359603762627, 0.036631129682064056]",functionality,b3d9591be53de2b1d1907dd95244ddbcaecb640f73112a4db58aa3df3100e676
vacuum_cleaner_020,vacuum_cleaner,3,category_prior,"[0.7666666666666667, 0.0, 0.16666666666666666, 0.06666666666666667, 0.0]","[0.6466666666666666, 0.04666666666666666, 0.15333333333333335, 0.07555555555555556, 0.07777777777777777]",functionality,b3d9591be53de2b1d1907dd95244ddbcaecb640f73112a4db58aa3df3100e676
vacuum_cleaner_021,vacuum_cleaner,5,soft_target,"[0.4, 0.26666666666666666, 0.26666666666666666, 0.06666666666666667, 0.0]","[0.6520438194274902, 0.04578066244721413, 0.1754952222108841, 0.05352301895618439, 0.07315728813409805]",functionality,e3098ff071ebd8501d0e25737aca21130e4c4bc40b5106d67aeaa486bf304d90
vacuum_cleaner_021,vacuum_cleaner,5,majority_target,"[0.4, 0.26666666666666666, 0.26666666666666666, 0.06666666666666667, 0.0]","[0.9039446115493774, 0.006483548786491156, 0.005375050939619541, 0.00011690930114127696, 0.08407994359731674]",functionality,e3098ff071ebd8501d0e25737aca21130e4c4bc40b5106d67aeaa486bf304d90
vacuum_cleaner_021,vacuum_cleaner,5,soft_ce_only,"[0.4, 0.26666666666666666, 0.26666666666666666, 0.06666666666666667, 0.0]","[0.6151389479637146, 0.052096519619226456, 0.22629699110984802, 0.04743442311882973, 0.059033095836639404]",functionality,e3098ff071ebd8501d0e25737aca21130e4c4bc40b5106d67aeaa486bf304d90
vacuum_cleaner_021,vacuum_cleaner,5,category_prior,"[0.4, 0.26666666666666666, 0.26666666666666666, 0.06666666666666667, 0.0]","[0.6933333333333334, 0.02888888888888889, 0.20222222222222228, 0.048888888888888885, 0.02666666666666667]",functionality,e3098ff071ebd8501d0e25737aca21130e4c4bc40b5106d67aeaa486bf304d90
vacuum_cleaner_022,vacuum_cleaner,2,soft_target,"[0.6333333333333333, 0.03333333333333333, 0.06666666666666667, 0.06666666666666667, 0.2]","[0.8181384801864624, 0.01924077421426773, 0.11072300374507904, 0.035946495831012726, 0.015951162204146385]",functionality,042d2f0a218a5bb30cba281a09f6999e3276830cb381181aa9d25dc2370172be
vacuum_cleaner_022,vacuum_cleaner,2,majority_target,"[0.6333333333333333, 0.03333333333333333, 0.06666666666666667, 0.06666666666666667, 0.2]","[0.9986444115638733, 1.616589906916488e-05, 0.0013249818002805114, 4.283536782168085e-06, 1.011636049952358e-05]",functionality,042d2f0a218a5bb30cba281a09f6999e3276830cb381181aa9d25dc2370172be
vacuum_cleaner_022,vacuum_cleaner,2,soft_ce_only,"[0.6333333333333333, 0.03333333333333333, 0.06666666666666667, 0.06666666666666667, 0.2]","[0.7574350833892822, 0.028465360403060913, 0.12364788353443146, 0.051544103771448135, 0.03890753164887428]",functionality,042d2f0a218a5bb30cba281a09f6999e3276830cb381181aa9d25dc2370172be
vacuum_cleaner_022,vacuum_cleaner,2,category_prior,"[0.6333333333333333, 0.03333333333333333, 0.06666666666666667, 0.06666666666666667, 0.2]","[0.6266666666666666, 0.04444444444444444, 0.18000000000000002, 0.08888888888888888, 0.05999999999999999]",functionality,042d2f0a218a5bb30cba281a09f6999e3276830cb381181aa9d25dc2370172be
vacuum_cleaner_023,vacuum_cleaner,3,soft_target,"[0.5, 0.0, 0.43333333333333335, 0.06666666666666667, 0.0]","[0.562536895275116, 0.020490406081080437, 0.32052385807037354, 0.04075004160404205, 0.0556987002491951]",functionality,89661159f9bd5cb322bb7fb4077ed5046895f4e19dca597ae9fb23f31b5ea03f
vacuum_cleaner_023,vacuum_cleaner,3,majority_target,"[0.5, 0.0, 0.43333333333333335, 0.06666666666666667, 0.0]","[0.9787459969520569, 0.0001226889726240188, 0.019082510843873024, 0.0003283327096141875, 0.001720340340398252]",functionality,89661159f9bd5cb322bb7fb4077ed5046895f4e19dca597ae9fb23f31b5ea03f
vacuum_cleaner_023,vacuum_cleaner,3,soft_ce_only,"[0.5, 0.0, 0.43333333333333335, 0.06666666666666667, 0.0]","[0.5510222315788269, 0.029203107580542564, 0.3139629662036896, 0.051253046840429306, 0.054558590054512024]",functionality,89661159f9bd5cb322bb7fb4077ed5046895f4e19dca597ae9fb23f31b5ea03f
vacuum_cleaner_023,vacuum_cleaner,3,category_prior,"[0.5, 0.0, 0.43333333333333335, 0.06666666666666667, 0.0]","[0.6466666666666666, 0.04666666666666666, 0.15333333333333335, 0.07555555555555556, 0.07777777777777777]",functionality,89661159f9bd5cb322bb7fb4077ed5046895f4e19dca597ae9fb23f31b5ea03f
vacuum_cleaner_024,vacuum_cleaner,4,soft_target,"[0.7, 0.06666666666666667, 0.23333333333333334, 0.0, 0.0]","[0.816536545753479, 0.016425279900431633, 0.09161285310983658, 0.034772321581840515, 0.040652960538864136]",functionality,406623f2442a957d8bc8fa3dd7de5be0540490e05bd1271e73ec1b1d761da871
vacuum_cleaner_024,vacuum_cleaner,4,majority_target,"[0.7, 0.06666666666666667, 0.23333333333333334, 0.0, 0.0]","[0.9975512623786926, 0.00016309107013512403, 0.0019868561066687107, 2.139289426850155e-05, 0.00027742725796997547]",functionality,406623f2442a957d8bc8fa3dd7de5be0540490e05bd1271e73ec1b1d761da871
vacuum_cleaner_024,vacuum_cleaner,4,soft_ce_only,"[0.7, 0.06666666666666667, 0.23333333333333334, 0.0, 0.0]","[0.6821862459182739, 0.03504218906164169, 0.11854618042707443, 0.059608764946460724, 0.10461664944887161]",functionality,406623f2442a957d8bc8fa3dd7de5be0540490e05bd1271e73ec1b1d761da871
vacuum_cleaner_024,vacuum_cleaner,4,category_prior,"[0.7, 0.06666666666666667, 0.23333333333333334, 0.0, 0.0]","[0.6666666666666666, 0.03333333333333333, 0.15555555555555556, 0.07111111111111111, 0.07333333333333332]",functionality,406623f2442a957d8bc8fa3dd7de5be0540490e05bd1271e73ec1b1d761da871
vacuum_cleaner_025,vacuum_cleaner,1,soft_target,"[0.13333333333333333, 0.06666666666666667, 0.0, 0.5333333333333333, 0.26666666666666666]","[0.5657266974449158, 0.01289527676999569, 0.027299299836158752, 0.22154174745082855, 0.17253687977790833]",functionality,577338886e34fce514e5164441005d27f3734635c9bb315aa432c22e469ade0a
vacuum_cleaner_025,vacuum_cleaner,1,majority_target,"[0.13333333333333333, 0.06666666666666667, 0.0, 0.5333333333333333, 0.26666666666666666]","[0.8015353083610535, 0.00034525536466389894, 0.00035621493589133024, 0.0073818848468363285, 0.19038133323192596]",functionality,577338886e34fce514e5164441005d27f3734635c9bb315aa432c22e469ade0a
vacuum_cleaner_025,vacuum_cleaner,1,soft_ce_only,"[0.13333333333333333, 0.06666666666666667, 0.0, 0.5333333333333333, 0.26666666666666666]","[0.6233143210411072, 0.021328642964363098, 0.032018087804317474, 0.2440933883190155, 0.07924552261829376]",functionality,577338886e34fce514e5164441005d27f3734635c9bb315aa432c22e469ade0a
vacuum_cleaner_025,vacuum_cleaner,1,category_prior,"[0.13333333333333333, 0.06666666666666667, 0.0, 0.5333333333333333, 0.26666666666666666]","[0.6666666666666666, 0.05333333333333334, 0.2222222222222222, 0.048888888888888885, 0.008888888888888889]",functionality,577338886e34fce514e5164441005d27f3734635c9bb315aa432c22e469ade0a
