image_id,category,aesthetic_score,aesthetic_score_0_1,aesthetic_level,parse_error
broom_001,broom,5.0,0.4444444444444444,medium,
broom_002,broom,5.0,0.4444444444444444,medium,
broom_003,broom,5.0,0.4444444444444444,medium,
broom_004,broom,5.0,0.4444444444444444,medium,
broom_005,broom,5.0,0.4444444444444444,medium,
broom_006,broom,5.0,0.4444444444444444,medium,
broom_007,broom,5.0,0.4444444444444444,medium,
broom_008,broom,5.0,0.4444444444444444,medium,
broom_009,broom,5.0,0.4444444444444444,medium,
broom_010,broom,5.0,0.4444444444444444,medium,
broom_011,broom,5.0,0.4444444444444444,medium,recovered_score: Unterminated string starting at: line 4 column 23 (char 80)
broom_012,broom,5.0,0.4444444444444444,medium,
broom_013,broom,9.0,0.8888888888888888,high,
broom_014,broom,5.0,0.4444444444444444,medium,
broom_015,broom,5.0,0.4444444444444444,medium,
broom_016,broom,8.0,0.7777777777777778,high,
broom_017,broom,5.0,0.4444444444444444,medium,
broom_018,broom,5.0,0.4444444444444444,medium,
broom_019,broom,5.0,0.4444444444444444,medium,recovered_score: Unterminated string starting at: line 4 column 23 (char 80)
broom_020,broom,5.0,0.4444444444444444,medium,
broom_021,broom,5.0,0.4444444444444444,medium,
broom_022,broom,5.0,0.4444444444444444,medium,
broom_023,broom,5.0,0.4444444444444444,medium,
broom_024,broom,5.0,0.4444444444444444,medium,
broom_025,broom,5.0,0.4444444444444444,medium,
broom_026,broom,5.0,0.4444444444444444,medium,
broom_027,broom,5.0,0.4444444444444444,medium,
broom_028,broom,5.0,0.4444444444444444,medium,
broom_029,broom,5.0,0.4444444444444444,medium,
broom_030,broom,5.0,0.4444444444444444,medium,
broom_031,broom,5.0,0.4444444444444444,medium,
broom_032,broom,5.0,0.4444444444444444,medium,
broom_033,broom,5.0,0.4444444444444444,medium,
broom_034,broom,5.0,0.4444444444444444,medium,
broom_035,broom,5.0,0.4444444444444444,medium,
broom_036,broom,5.0,0.4444444444444444,medium,
broom_037,broom,5.0,0.4444444444444444,medium,
broom_038,broom,5.0,0.4444444444444444,medium,
broom_039,broom,5.0,0.4444444444444444,medium,
broom_040,broom,5.0,0.4444444444444444,medium,
broom_041,broom,5.0,0.4444444444444444,medium,
broom_042,broom,5.0,0.4444444444444444,medium,
broom_043,broom,5.0,0.4444444444444444,medium,
broom_044,broom,5.0,0.4444444444444444,medium,
broom_045,broom,5.0,0.4444444444444444,medium,
broom_046,broom,5.0,0.4444444444444444,medium,
broom_047,broom,5.0,0.4444444444444444,medium,
broom_048,broom,5.0,0.4444444444444444,medium,
broom_049,broom,5.0,0.4444444444444444,medium,
broom_050,broom,5.0,0.4444444444444444,medium,
broom_051,broom,5.0,0.4444444444444444,medium,
broom_052,broom,5.0,0.4444444444444444,medium,
broom_053,broom,5.0,0.4444444444444444,medium,
broom_054,broom,5.0,0.4444444444444444,medium,
broom_055,broom,5.0,0.4444444444444444,medium,
broom_056,broom,5.0,0.4444444444444444,medium,
broom_057,broom,9.0,0.8888888888888888,high,
broom_058,broom,5.0,0.4444444444444444,medium,
broom_059,broom,5.0,0.4444444444444444,medium,
broom_060,broom,5.0,0.4444444444444444,medium,
broom_061,broom,5.0,0.4444444444444444,medium,
broom_062,broom,5.0,0.4444444444444444,medium,"recovered_score: Expecting ',' delimiter: line 4 column 273 (char 330)"
broom_063,broom,5.0,0.4444444444444444,medium,recovered_score: Unterminated string starting at: line 4 column 23 (char 80)
broom_064,broom,5.0,0.4444444444444444,medium,
broom_065,broom,5.0,0.4444444444444444,medium,
broom_066,broom,5.0,0.4444444444444444,medium,
broom_067,broom,5.0,0.4444444444444444,medium,"recovered_score: Expecting ',' delimiter: line 4 column 268 (char 325)"
broom_068,broom,5.0,0.4444444444444444,medium,
broom_069,broom,5.0,0.4444444444444444,medium,recovered_score: Unterminated string starting at: line 4 column 23 (char 80)
broom_070,broom,5.0,0.4444444444444444,medium,
broom_071,broom,5.0,0.4444444444444444,medium,
broom_072,broom,5.0,0.4444444444444444,medium,
broom_073,broom,5.0,0.4444444444444444,medium,
broom_074,broom,5.0,0.4444444444444444,medium,
broom_075,broom,5.0,0.4444444444444444,medium,
broom_076,broom,5.0,0.4444444444444444,medium,
broom_077,broom,5.0,0.4444444444444444,medium,
broom_078,broom,5.0,0.4444444444444444,medium,recovered_score: Unterminated string starting at: line 4 column 23 (char 80)
broom_079,broom,5.0,0.4444444444444444,medium,
broom_080,broom,5.0,0.4444444444444444,medium,
broom_081,broom,5.0,0.4444444444444444,medium,
broom_082,broom,5.0,0.4444444444444444,medium,
broom_083,broom,5.0,0.4444444444444444,medium,
broom_084,broom,5.0,0.4444444444444444,medium,
broom_085,broom,5.0,0.4444444444444444,medium,
broom_086,broom,9.0,0.8888888888888888,high,
broom_087,broom,5.0,0.4444444444444444,medium,
broom_088,broom,5.0,0.4444444444444444,medium,
broom_089,broom,5.0,0.4444444444444444,medium,
broom_090,broom,5.0,0.4444444444444444,medium,
broom_091,broom,9.0,0.8888888888888888,high,"recovered_score: Expecting ',' delimiter: line 4 column 273 (char 330)"
broom_092,broom,5.0,0.4444444444444444,medium,recovered_score: Unterminated string starting at: line 4 column 23 (char 80)
broom_093,broom,5.0,0.4444444444444444,medium,
broom_094,broom,5.0,0.4444444444444444,medium,
broom_095,broom,5.0,0.4444444444444444,medium,
broom_096,broom,5.0,0.4444444444444444,medium,
broom_097,broom,5.0,0.4444444444444444,medium,
broom_098,broom,5.0,0.4444444444444444,medium,
broom_099,broom,5.0,0.4444444444444444,medium,
broom_100,broom,5.0,0.4444444444444444,medium,
broom_101,broom,5.0,0.4444444444444444,medium,
broom_102,broom,5.0,0.4444444444444444,medium,
broom_103,broom,5.0,0.4444444444444444,medium,recovered_score: Unterminated string starting at: line 4 column 23 (char 80)
broom_104,broom,5.0,0.4444444444444444,medium,
broom_105,broom,5.0,0.4444444444444444,medium,
broom_106,broom,5.0,0.4444444444444444,medium,
broom_107,broom,5.0,0.4444444444444444,medium,
broom_108,broom,5.0,0.4444444444444444,medium,
broom_109,broom,5.0,0.4444444444444444,medium,
broom_110,broom,5.0,0.4444444444444444,medium,
broom_111,broom,5.0,0.4444444444444444,medium,
broom_112,broom,5.0,0.4444444444444444,medium,
broom_113,broom,5.0,0.4444444444444444,medium,
broom_114,broom,5.0,0.4444444444444444,medium,
broom_115,broom,5.0,0.4444444444444444,medium,
broom_116,broom,5.0,0.4444444444444444,medium,
broom_117,broom,5.0,0.4444444444444444,medium,
broom_118,broom,5.0,0.4444444444444444,medium,
broom_119,broom,5.0,0.4444444444444444,medium,
broom_120,broom,5.0,0.4444444444444444,medium,
broom_121,broom,5.0,0.4444444444444444,medium,
broom_122,broom,5.0,0.4444444444444444,medium,
broom_123,broom,5.0,0.4444444444444444,medium,
broom_124,broom,5.0,0.4444444444444444,medium,
broom_125,broom,5.0,0.4444444444444444,medium,
broom_126,broom,5.0,0.4444444444444444,medium,
broom_127,broom,5.0,0.4444444444444444,medium,
broom_128,broom,5.0,0.4444444444444444,medium,
broom_129,broom,5.0,0.4444444444444444,medium,
broom_130,broom,5.0,0.4444444444444444,medium,
broom_131,broom,5.0,0.4444444444444444,medium,
broom_132,broom,5.0,0.4444444444444444,medium,
broom_133,broom,5.0,0.4444444444444444,medium,
broom_134,broom,5.0,0.4444444444444444,medium,
broom_135,broom,5.0,0.4444444444444444,medium,
broom_136,broom,5.0,0.4444444444444444,medium,
broom_137,broom,5.0,0.4444444444444444,medium,
broom_138,broom,5.0,0.4444444444444444,medium,
broom_139,broom,5.0,0.4444444444444444,medium,"recovered_score: Expecting ',' delimiter: line 4 column 267 (char 324)"
broom_140,broom,5.0,0.4444444444444444,medium,
broom_141,broom,5.0,0.4444444444444444,medium,
broom_142,broom,5.0,0.4444444444444444,medium,
broom_143,broom,5.0,0.4444444444444444,medium,
broom_144,broom,5.0,0.4444444444444444,medium,
broom_145,broom,5.0,0.4444444444444444,medium,
broom_146,broom,5.0,0.4444444444444444,medium,"recovered_score: Expecting ',' delimiter: line 4 column 266 (char 323)"
broom_147,broom,5.0,0.4444444444444444,medium,
broom_148,broom,5.0,0.4444444444444444,medium,
broom_149,broom,5.0,0.4444444444444444,medium,"recovered_score: Expecting ',' delimiter: line 4 column 284 (char 341)"
broom_150,broom,5.0,0.4444444444444444,medium,
broom_151,broom,5.0,0.4444444444444444,medium,
broom_152,broom,5.0,0.4444444444444444,medium,
broom_153,broom,5.0,0.4444444444444444,medium,
broom_154,broom,5.0,0.4444444444444444,medium,
broom_155,broom,5.0,0.4444444444444444,medium,
broom_156,broom,5.0,0.4444444444444444,medium,
broom_157,broom,5.0,0.4444444444444444,medium,recovered_score: Unterminated string starting at: line 4 column 23 (char 80)
broom_158,broom,5.0,0.4444444444444444,medium,
broom_159,broom,5.0,0.4444444444444444,medium,
broom_160,broom,5.0,0.4444444444444444,medium,
broom_161,broom,5.0,0.4444444444444444,medium,
broom_162,broom,5.0,0.4444444444444444,medium,
broom_163,broom,5.0,0.4444444444444444,medium,
broom_164,broom,5.0,0.4444444444444444,medium,
broom_165,broom,5.0,0.4444444444444444,medium,
broom_166,broom,5.0,0.4444444444444444,medium,
broom_167,broom,5.0,0.4444444444444444,medium,
broom_168,broom,5.0,0.4444444444444444,medium,
broom_169,broom,5.0,0.4444444444444444,medium,
broom_170,broom,5.0,0.4444444444444444,medium,
broom_171,broom,5.0,0.4444444444444444,medium,
broom_172,broom,5.0,0.4444444444444444,medium,
broom_173,broom,5.0,0.4444444444444444,medium,
broom_174,broom,5.0,0.4444444444444444,medium,
broom_175,broom,5.0,0.4444444444444444,medium,
broom_176,broom,5.0,0.4444444444444444,medium,
broom_177,broom,5.0,0.4444444444444444,medium,"recovered_score: Expecting ',' delimiter: line 4 column 273 (char 330)"
broom_178,broom,5.0,0.4444444444444444,medium,
broom_179,broom,5.0,0.4444444444444444,medium,
broom_180,broom,8.0,0.7777777777777778,high,"recovered_score: Expecting ',' delimiter: line 4 column 284 (char 341)"
broom_181,broom,5.0,0.4444444444444444,medium,
broom_182,broom,5.0,0.4444444444444444,medium,
broom_183,broom,5.0,0.4444444444444444,medium,
broom_184,broom,5.0,0.4444444444444444,medium,
broom_185,broom,5.0,0.4444444444444444,medium,
broom_186,broom,5.0,0.4444444444444444,medium,
broom_187,broom,5.0,0.4444444444444444,medium,
broom_188,broom,5.0,0.4444444444444444,medium,
broom_189,broom,5.0,0.4444444444444444,medium,
broom_190,broom,5.0,0.4444444444444444,medium,
broom_191,broom,5.0,0.4444444444444444,medium,
broom_192,broom,5.0,0.4444444444444444,medium,recovered_score: Unterminated string starting at: line 4 column 23 (char 80)
broom_193,broom,5.0,0.4444444444444444,medium,
broom_194,broom,5.0,0.4444444444444444,medium,
broom_195,broom,5.0,0.4444444444444444,medium,
broom_196,broom,5.0,0.4444444444444444,medium,
broom_197,broom,5.0,0.4444444444444444,medium,
broom_198,broom,5.0,0.4444444444444444,medium,
broom_199,broom,5.0,0.4444444444444444,medium,
broom_200,broom,5.0,0.4444444444444444,medium,
desk_lamp_001,desk_lamp,8.0,0.7777777777777778,high,
desk_lamp_002,desk_lamp,8.0,0.7777777777777778,high,
desk_lamp_003,desk_lamp,9.0,0.8888888888888888,high,
desk_lamp_004,desk_lamp,5.0,0.4444444444444444,medium,
desk_lamp_005,desk_lamp,8.0,0.7777777777777778,high,
desk_lamp_006,desk_lamp,5.0,0.4444444444444444,medium,
desk_lamp_007,desk_lamp,8.0,0.7777777777777778,high,
desk_lamp_008,desk_lamp,8.0,0.7777777777777778,high,
desk_lamp_009,desk_lamp,8.0,0.7777777777777778,high,
desk_lamp_010,desk_lamp,5.0,0.4444444444444444,medium,
desk_lamp_011,desk_lamp,5.0,0.4444444444444444,medium,
desk_lamp_012,desk_lamp,8.0,0.7777777777777778,high,
desk_lamp_013,desk_lamp,9.0,0.8888888888888888,high,
desk_lamp_014,desk_lamp,5.0,0.4444444444444444,medium,
desk_lamp_015,desk_lamp,8.0,0.7777777777777778,high,
desk_lamp_016,desk_lamp,8.0,0.7777777777777778,high,
desk_lamp_017,desk_lamp,5.0,0.4444444444444444,medium,
desk_lamp_018,desk_lamp,5.0,0.4444444444444444,medium,
desk_lamp_019,desk_lamp,8.0,0.7777777777777778,high,
desk_lamp_020,desk_lamp,5.0,0.4444444444444444,medium,
desk_lamp_021,desk_lamp,5.0,0.4444444444444444,medium,
desk_lamp_022,desk_lamp,5.0,0.4444444444444444,medium,
desk_lamp_023,desk_lamp,5.0,0.4444444444444444,medium,
desk_lamp_024,desk_lamp,8.0,0.7777777777777778,high,
desk_lamp_025,desk_lamp,5.0,0.4444444444444444,medium,
desk_lamp_026,desk_lamp,5.0,0.4444444444444444,medium,
desk_lamp_027,desk_lamp,8.0,0.7777777777777778,high,
desk_lamp_028,desk_lamp,8.0,0.7777777777777778,high,
desk_lamp_029,desk_lamp,5.0,0.4444444444444444,medium,
desk_lamp_030,desk_lamp,9.0,0.8888888888888888,high,
desk_lamp_031,desk_lamp,8.0,0.7777777777777778,high,recovered_score: Unterminated string starting at: line 4 column 23 (char 80)
desk_lamp_032,desk_lamp,5.0,0.4444444444444444,medium,
desk_lamp_033,desk_lamp,9.0,0.8888888888888888,high,
desk_lamp_034,desk_lamp,8.0,0.7777777777777778,high,
desk_lamp_035,desk_lamp,5.0,0.4444444444444444,medium,
desk_lamp_036,desk_lamp,9.0,0.8888888888888888,high,
desk_lamp_037,desk_lamp,5.0,0.4444444444444444,medium,
desk_lamp_038,desk_lamp,5.0,0.4444444444444444,medium,
desk_lamp_039,desk_lamp,5.0,0.4444444444444444,medium,
desk_lamp_040,desk_lamp,5.0,0.4444444444444444,medium,
desk_lamp_041,desk_lamp,5.0,0.4444444444444444,medium,
desk_lamp_042,desk_lamp,8.0,0.7777777777777778,high,
desk_lamp_043,desk_lamp,8.0,0.7777777777777778,high,
desk_lamp_044,desk_lamp,8.0,0.7777777777777778,high,recovered_score: Unterminated string starting at: line 4 column 23 (char 80)
desk_lamp_045,desk_lamp,5.0,0.4444444444444444,medium,
desk_lamp_046,desk_lamp,8.0,0.7777777777777778,high,recovered_score: Unterminated string starting at: line 4 column 23 (char 80)
desk_lamp_047,desk_lamp,8.0,0.7777777777777778,high,
desk_lamp_048,desk_lamp,8.0,0.7777777777777778,high,
desk_lamp_049,desk_lamp,5.0,0.4444444444444444,medium,
desk_lamp_050,desk_lamp,5.0,0.4444444444444444,medium,
desk_lamp_051,desk_lamp,5.0,0.4444444444444444,medium,
desk_lamp_052,desk_lamp,5.0,0.4444444444444444,medium,
desk_lamp_053,desk_lamp,9.0,0.8888888888888888,high,
desk_lamp_054,desk_lamp,5.0,0.4444444444444444,medium,
desk_lamp_055,desk_lamp,5.0,0.4444444444444444,medium,
desk_lamp_056,desk_lamp,8.0,0.7777777777777778,high,
desk_lamp_057,desk_lamp,5.0,0.4444444444444444,medium,
desk_lamp_058,desk_lamp,9.0,0.8888888888888888,high,
desk_lamp_059,desk_lamp,8.0,0.7777777777777778,high,
desk_lamp_060,desk_lamp,5.0,0.4444444444444444,medium,
desk_lamp_061,desk_lamp,8.0,0.7777777777777778,high,
desk_lamp_062,desk_lamp,5.0,0.4444444444444444,medium,
desk_lamp_063,desk_lamp,8.0,0.7777777777777778,high,recovered_score: Unterminated string starting at: line 4 column 23 (char 80)
desk_lamp_064,desk_lamp,5.0,0.4444444444444444,medium,
desk_lamp_065,desk_lamp,8.0,0.7777777777777778,high,
desk_lamp_066,desk_lamp,5.0,0.4444444444444444,medium,
desk_lamp_067,desk_lamp,5.0,0.4444444444444444,medium,
desk_lamp_068,desk_lamp,5.0,0.4444444444444444,medium,
desk_lamp_069,desk_lamp,8.0,0.7777777777777778,high,
desk_lamp_070,desk_lamp,5.0,0.4444444444444444,medium,
desk_lamp_071,desk_lamp,8.0,0.7777777777777778,high,
desk_lamp_072,desk_lamp,5.0,0.4444444444444444,medium,
desk_lamp_073,desk_lamp,5.0,0.4444444444444444,medium,
desk_lamp_074,desk_lamp,5.0,0.4444444444444444,medium,recovered_score: Unterminated string starting at: line 4 column 23 (char 80)
desk_lamp_075,desk_lamp,5.0,0.4444444444444444,medium,
desk_lamp_076,desk_lamp,5.0,0.4444444444444444,medium,
desk_lamp_077,desk_lamp,5.0,0.4444444444444444,medium,
desk_lamp_078,desk_lamp,5.0,0.4444444444444444,medium,
desk_lamp_079,desk_lamp,5.0,0.4444444444444444,medium,
desk_lamp_080,desk_lamp,5.0,0.4444444444444444,medium,
desk_lamp_081,desk_lamp,8.0,0.7777777777777778,high,
desk_lamp_082,desk_lamp,5.0,0.4444444444444444,medium,
desk_lamp_083,desk_lamp,8.0,0.7777777777777778,high,
desk_lamp_084,desk_lamp,5.0,0.4444444444444444,medium,
desk_lamp_085,desk_lamp,8.0,0.7777777777777778,high,
desk_lamp_086,desk_lamp,9.0,0.8888888888888888,high,
desk_lamp_087,desk_lamp,8.0,0.7777777777777778,high,recovered_score: Unterminated string starting at: line 4 column 23 (char 80)
desk_lamp_088,desk_lamp,8.0,0.7777777777777778,high,
desk_lamp_089,desk_lamp,5.0,0.4444444444444444,medium,
desk_lamp_090,desk_lamp,9.0,0.8888888888888888,high,
desk_lamp_091,desk_lamp,8.0,0.7777777777777778,high,recovered_score: Unterminated string starting at: line 4 column 23 (char 80)
desk_lamp_092,desk_lamp,8.0,0.7777777777777778,high,
desk_lamp_093,desk_lamp,8.0,0.7777777777777778,high,
desk_lamp_094,desk_lamp,5.0,0.4444444444444444,medium,
desk_lamp_095,desk_lamp,8.0,0.7777777777777778,high,
desk_lamp_096,desk_lamp,5.0,0.4444444444444444,medium,
desk_lamp_097,desk_lamp,8.0,0.7777777777777778,high,recovered_score: Unterminated string starting at: line 4 column 23 (char 80)
desk_lamp_098,desk_lamp,5.0,0.4444444444444444,medium,
desk_lamp_099,desk_lamp,5.0,0.4444444444444444,medium,
desk_lamp_100,desk_lamp,8.0,0.7777777777777778,high,recovered_score: Unterminated string starting at: line 4 column 23 (char 80)
desk_lamp_101,desk_lamp,5.0,0.4444444444444444,medium,
desk_lamp_102,desk_lamp,5.0,0.4444444444444444,medium,
desk_lamp_103,desk_lamp,5.0,0.4444444444444444,medium,
desk_lamp_104,desk_lamp,5.0,0.4444444444444444,medium,
desk_lamp_105,desk_lamp,5.0,0.4444444444444444,medium,
desk_lamp_106,desk_lamp,5.0,0.4444444444444444,medium,
desk_lamp_107,desk_lamp,5.0,0.4444444444444444,medium,
desk_lamp_108,desk_lamp,8.0,0.7777777777777778,high,
desk_lamp_109,desk_lamp,5.0,0.4444444444444444,medium,
desk_lamp_110,desk_lamp,8.0,0.7777777777777778,high,
desk_lamp_111,desk_lamp,8.0,0.7777777777777778,high,
desk_lamp_112,desk_lamp,8.0,0.7777777777777778,high,
desk_lamp_113,desk_lamp,8.0,0.7777777777777778,high,recovered_score: Unterminated string starting at: line 4 column 23 (char 80)
desk_lamp_114,desk_lamp,8.0,0.7777777777777778,high,
desk_lamp_115,desk_lamp,5.0,0.4444444444444444,medium,
desk_lamp_116,desk_lamp,5.0,0.4444444444444444,medium,
desk_lamp_117,desk_lamp,8.0,0.7777777777777778,high,
desk_lamp_118,desk_lamp,5.0,0.4444444444444444,medium,
desk_lamp_119,desk_lamp,8.0,0.7777777777777778,high,
desk_lamp_120,desk_lamp,5.0,0.4444444444444444,medium,
desk_lamp_121,desk_lamp,8.0,0.7777777777777778,high,
desk_lamp_122,desk_lamp,5.0,0.4444444444444444,medium,
desk_lamp_123,desk_lamp,8.0,0.7777777777777778,high,
desk_lamp_124,desk_lamp,8.0,0.7777777777777778,high,
desk_lamp_125,desk_lamp,9.0,0.8888888888888888,high,
desk_lamp_126,desk_lamp,8.0,0.7777777777777778,high,
desk_lamp_127,desk_lamp,9.0,0.8888888888888888,high,
desk_lamp_128,desk_lamp,5.0,0.4444444444444444,medium,
desk_lamp_129,desk_lamp,5.0,0.4444444444444444,medium,
desk_lamp_130,desk_lamp,5.0,0.4444444444444444,medium,
desk_lamp_131,desk_lamp,5.0,0.4444444444444444,medium,
desk_lamp_132,desk_lamp,5.0,0.4444444444444444,medium,
desk_lamp_133,desk_lamp,8.0,0.7777777777777778,high,
desk_lamp_134,desk_lamp,5.0,0.4444444444444444,medium,
desk_lamp_135,desk_lamp,8.0,0.7777777777777778,high,
desk_lamp_136,desk_lamp,8.0,0.7777777777777778,high,
desk_lamp_137,desk_lamp,5.0,0.4444444444444444,medium,
desk_lamp_138,desk_lamp,5.0,0.4444444444444444,medium,
desk_lamp_139,desk_lamp,9.0,0.8888888888888888,high,
desk_lamp_140,desk_lamp,8.0,0.7777777777777778,high,
desk_lamp_141,desk_lamp,8.0,0.7777777777777778,high,
desk_lamp_142,desk_lamp,5.0,0.4444444444444444,medium,
desk_lamp_143,desk_lamp,8.0,0.7777777777777778,high,
desk_lamp_144,desk_lamp,5.0,0.4444444444444444,medium,
desk_lamp_145,desk_lamp,5.0,0.4444444444444444,medium,
desk_lamp_146,desk_lamp,8.0,0.7777777777777778,high,
desk_lamp_147,desk_lamp,5.0,0.4444444444444444,medium,
desk_lamp_148,desk_lamp,5.0,0.4444444444444444,medium,recovered_score: Unterminated string starting at: line 4 column 23 (char 80)
desk_lamp_149,desk_lamp,8.0,0.7777777777777778,high,recovered_score: Unterminated string starting at: line 4 column 23 (char 80)
desk_lamp_150,desk_lamp,5.0,0.4444444444444444,medium,
desk_lamp_151,desk_lamp,5.0,0.4444444444444444,medium,
desk_lamp_152,desk_lamp,8.0,0.7777777777777778,high,
desk_lamp_153,desk_lamp,5.0,0.4444444444444444,medium,recovered_score: Unterminated string starting at: line 4 column 23 (char 80)
desk_lamp_154,desk_lamp,5.0,0.4444444444444444,medium,
desk_lamp_155,desk_lamp,8.0,0.7777777777777778,high,
desk_lamp_156,desk_lamp,5.0,0.4444444444444444,medium,recovered_score: Unterminated string starting at: line 4 column 23 (char 80)
desk_lamp_157,desk_lamp,5.0,0.4444444444444444,medium,
desk_lamp_158,desk_lamp,8.0,0.7777777777777778,high,
desk_lamp_159,desk_lamp,5.0,0.4444444444444444,medium,
desk_lamp_160,desk_lamp,9.0,0.8888888888888888,high,
desk_lamp_161,desk_lamp,8.0,0.7777777777777778,high,
desk_lamp_162,desk_lamp,9.0,0.8888888888888888,high,
desk_lamp_163,desk_lamp,5.0,0.4444444444444444,medium,
desk_lamp_164,desk_lamp,8.0,0.7777777777777778,high,recovered_score: Unterminated string starting at: line 4 column 23 (char 80)
desk_lamp_165,desk_lamp,8.0,0.7777777777777778,high,
desk_lamp_166,desk_lamp,8.0,0.7777777777777778,high,
desk_lamp_167,desk_lamp,9.0,0.8888888888888888,high,
desk_lamp_168,desk_lamp,8.0,0.7777777777777778,high,recovered_score: Unterminated string starting at: line 4 column 23 (char 80)
desk_lamp_169,desk_lamp,8.0,0.7777777777777778,high,
desk_lamp_170,desk_lamp,9.0,0.8888888888888888,high,
desk_lamp_171,desk_lamp,8.0,0.7777777777777778,high,
desk_lamp_172,desk_lamp,5.0,0.4444444444444444,medium,
desk_lamp_173,desk_lamp,5.0,0.4444444444444444,medium,
desk_lamp_174,desk_lamp,8.0,0.7777777777777778,high,
desk_lamp_175,desk_lamp,8.0,0.7777777777777778,high,
desk_lamp_176,desk_lamp,5.0,0.4444444444444444,medium,
desk_lamp_177,desk_lamp,8.0,0.7777777777777778,high,
desk_lamp_178,desk_lamp,9.0,0.8888888888888888,high,
desk_lamp_179,desk_lamp,8.0,0.7777777777777778,high,
desk_lamp_180,desk_lamp,5.0,0.4444444444444444,medium,
desk_lamp_181,desk_lamp,8.0,0.7777777777777778,high,
desk_lamp_182,desk_lamp,5.0,0.4444444444444444,medium,
desk_lamp_183,desk_lamp,8.0,0.7777777777777778,high,
desk_lamp_184,desk_lamp,8.0,0.7777777777777778,high,
desk_lamp_185,desk_lamp,8.0,0.7777777777777778,high,
desk_lamp_186,desk_lamp,9.0,0.8888888888888888,high,
desk_lamp_187,desk_lamp,8.0,0.7777777777777778,high,
desk_lamp_188,desk_lamp,5.0,0.4444444444444444,medium,
desk_lamp_189,desk_lamp,8.0,0.7777777777777778,high,
desk_lamp_190,desk_lamp,5.0,0.4444444444444444,medium,
desk_lamp_191,desk_lamp,5.0,0.4444444444444444,medium,
desk_lamp_192,desk_lamp,8.0,0.7777777777777778,high,
desk_lamp_193,desk_lamp,5.0,0.4444444444444444,medium,
desk_lamp_194,desk_lamp,5.0,0.4444444444444444,medium,
desk_lamp_195,desk_lamp,8.0,0.7777777777777778,high,
desk_lamp_196,desk_lamp,8.0,0.7777777777777778,high,
desk_lamp_197,desk_lamp,8.0,0.7777777777777778,high,
desk_lamp_198,desk_lamp,9.0,0.8888888888888888,high,
desk_lamp_199,desk_lamp,5.0,0.4444444444444444,medium,
desk_lamp_200,desk_lamp,8.0,0.7777777777777778,high,
early_automobile_001,early_automobile,5.0,0.4444444444444444,medium,
early_automobile_002,early_automobile,5.0,0.4444444444444444,medium,
early_automobile_003,early_automobile,8.0,0.7777777777777778,high,recovered_score: Unterminated string starting at: line 4 column 23 (char 82)
early_automobile_004,early_automobile,5.0,0.4444444444444444,medium,
early_automobile_005,early_automobile,5.0,0.4444444444444444,medium,recovered_score: Unterminated string starting at: line 4 column 23 (char 80)
early_automobile_006,early_automobile,8.0,0.7777777777777778,high,recovered_score: Unterminated string starting at: line 4 column 23 (char 82)
early_automobile_007,early_automobile,5.0,0.4444444444444444,medium,recovered_score: Unterminated string starting at: line 4 column 23 (char 80)
early_automobile_008,early_automobile,5.0,0.4444444444444444,medium,
early_automobile_009,early_automobile,8.0,0.7777777777777778,high,
early_automobile_010,early_automobile,8.0,0.7777777777777778,high,recovered_score: Unterminated string starting at: line 4 column 23 (char 80)
early_automobile_011,early_automobile,5.0,0.4444444444444444,medium,
early_automobile_012,early_automobile,8.0,0.7777777777777778,high,
early_automobile_013,early_automobile,8.0,0.7777777777777778,high,recovered_score: Unterminated string starting at: line 4 column 23 (char 80)
early_automobile_014,early_automobile,8.0,0.7777777777777778,high,
early_automobile_015,early_automobile,5.0,0.4444444444444444,medium,
early_automobile_016,early_automobile,9.0,0.8888888888888888,high,
early_automobile_017,early_automobile,5.0,0.4444444444444444,medium,
early_automobile_018,early_automobile,8.0,0.7777777777777778,high,recovered_score: Unterminated string starting at: line 4 column 23 (char 80)
early_automobile_019,early_automobile,5.0,0.4444444444444444,medium,
early_automobile_020,early_automobile,5.0,0.4444444444444444,medium,
early_automobile_021,early_automobile,5.0,0.4444444444444444,medium,recovered_score: Unterminated string starting at: line 4 column 23 (char 80)
early_automobile_022,early_automobile,5.0,0.4444444444444444,medium,recovered_score: Unterminated string starting at: line 4 column 23 (char 80)
early_automobile_023,early_automobile,5.0,0.4444444444444444,medium,
early_automobile_024,early_automobile,8.0,0.7777777777777778,high,
early_automobile_025,early_automobile,8.0,0.7777777777777778,high,recovered_score: Unterminated string starting at: line 4 column 23 (char 80)
early_automobile_026,early_automobile,5.0,0.4444444444444444,medium,recovered_score: Unterminated string starting at: line 4 column 23 (char 80)
early_automobile_027,early_automobile,5.0,0.4444444444444444,medium,recovered_score: Unterminated string starting at: line 4 column 23 (char 80)
early_automobile_028,early_automobile,5.0,0.4444444444444444,medium,"recovered_score: Expecting ',' delimiter: line 4 column 259 (char 316)"
early_automobile_029,early_automobile,9.0,0.8888888888888888,high,
early_automobile_030,early_automobile,5.0,0.4444444444444444,medium,
early_automobile_031,early_automobile,8.0,0.7777777777777778,high,recovered_score: Unterminated string starting at: line 4 column 23 (char 80)
early_automobile_032,early_automobile,5.0,0.4444444444444444,medium,"recovered_score: Expecting ',' delimiter: line 4 column 259 (char 316)"
early_automobile_033,early_automobile,5.0,0.4444444444444444,medium,
early_automobile_034,early_automobile,9.0,0.8888888888888888,high,
early_automobile_035,early_automobile,5.0,0.4444444444444444,medium,"recovered_score: Expecting ',' delimiter: line 4 column 259 (char 316)"
early_automobile_036,early_automobile,5.0,0.4444444444444444,medium,
early_automobile_037,early_automobile,5.0,0.4444444444444444,medium,recovered_score: Unterminated string starting at: line 4 column 23 (char 80)
early_automobile_038,early_automobile,5.0,0.4444444444444444,medium,
early_automobile_039,early_automobile,5.0,0.4444444444444444,medium,recovered_score: Unterminated string starting at: line 4 column 23 (char 80)
early_automobile_040,early_automobile,8.0,0.7777777777777778,high,recovered_score: Unterminated string starting at: line 4 column 23 (char 80)
early_automobile_041,early_automobile,5.0,0.4444444444444444,medium,recovered_score: Unterminated string starting at: line 4 column 23 (char 80)
early_automobile_042,early_automobile,5.0,0.4444444444444444,medium,
early_automobile_043,early_automobile,5.0,0.4444444444444444,medium,
early_automobile_044,early_automobile,8.0,0.7777777777777778,high,recovered_score: Unterminated string starting at: line 4 column 23 (char 80)
early_automobile_045,early_automobile,5.0,0.4444444444444444,medium,recovered_score: Unterminated string starting at: line 4 column 23 (char 80)
early_automobile_046,early_automobile,5.0,0.4444444444444444,medium,recovered_score: Unterminated string starting at: line 4 column 23 (char 80)
early_automobile_047,early_automobile,9.0,0.8888888888888888,high,recovered_score: Unterminated string starting at: line 4 column 23 (char 77)
early_automobile_048,early_automobile,9.0,0.8888888888888888,high,
early_automobile_049,early_automobile,8.0,0.7777777777777778,high,recovered_score: Unterminated string starting at: line 4 column 23 (char 80)
early_automobile_050,early_automobile,5.0,0.4444444444444444,medium,
early_automobile_051,early_automobile,5.0,0.4444444444444444,medium,recovered_score: Unterminated string starting at: line 4 column 23 (char 80)
early_automobile_052,early_automobile,5.0,0.4444444444444444,medium,
early_automobile_053,early_automobile,8.0,0.7777777777777778,high,
early_automobile_054,early_automobile,8.0,0.7777777777777778,high,
early_automobile_055,early_automobile,5.0,0.4444444444444444,medium,
early_automobile_056,early_automobile,8.0,0.7777777777777778,high,recovered_score: Unterminated string starting at: line 4 column 23 (char 80)
early_automobile_057,early_automobile,9.0,0.8888888888888888,high,recovered_score: Unterminated string starting at: line 4 column 23 (char 77)
early_automobile_058,early_automobile,5.0,0.4444444444444444,medium,"recovered_score: Expecting ',' delimiter: line 4 column 266 (char 323)"
early_automobile_059,early_automobile,8.0,0.7777777777777778,high,recovered_score: Unterminated string starting at: line 4 column 23 (char 80)
early_automobile_060,early_automobile,5.0,0.4444444444444444,medium,
early_automobile_061,early_automobile,8.0,0.7777777777777778,high,recovered_score: Unterminated string starting at: line 4 column 23 (char 82)
early_automobile_062,early_automobile,5.0,0.4444444444444444,medium,
early_automobile_063,early_automobile,5.0,0.4444444444444444,medium,
early_automobile_064,early_automobile,8.0,0.7777777777777778,high,
early_automobile_065,early_automobile,8.0,0.7777777777777778,high,recovered_score: Unterminated string starting at: line 4 column 23 (char 82)
early_automobile_066,early_automobile,5.0,0.4444444444444444,medium,
early_automobile_067,early_automobile,9.0,0.8888888888888888,high,
early_automobile_068,early_automobile,5.0,0.4444444444444444,medium,
early_automobile_069,early_automobile,5.0,0.4444444444444444,medium,
early_automobile_070,early_automobile,8.0,0.7777777777777778,high,recovered_score: Unterminated string starting at: line 4 column 23 (char 80)
early_automobile_071,early_automobile,5.0,0.4444444444444444,medium,
early_automobile_072,early_automobile,8.0,0.7777777777777778,high,
early_automobile_073,early_automobile,9.0,0.8888888888888888,high,
early_automobile_074,early_automobile,9.0,0.8888888888888888,high,recovered_score: Unterminated string starting at: line 4 column 23 (char 77)
early_automobile_075,early_automobile,5.0,0.4444444444444444,medium,
early_automobile_076,early_automobile,8.0,0.7777777777777778,high,
early_automobile_077,early_automobile,8.0,0.7777777777777778,high,
early_automobile_078,early_automobile,5.0,0.4444444444444444,medium,
early_automobile_079,early_automobile,5.0,0.4444444444444444,medium,
early_automobile_080,early_automobile,8.0,0.7777777777777778,high,recovered_score: Unterminated string starting at: line 4 column 23 (char 80)
early_automobile_081,early_automobile,8.0,0.7777777777777778,high,recovered_score: Unterminated string starting at: line 4 column 23 (char 80)
early_automobile_082,early_automobile,8.0,0.7777777777777778,high,
early_automobile_083,early_automobile,9.0,0.8888888888888888,high,recovered_score: Unterminated string starting at: line 4 column 23 (char 77)
early_automobile_084,early_automobile,8.0,0.7777777777777778,high,"recovered_score: Expecting ',' delimiter: line 4 column 259 (char 318)"
early_automobile_085,early_automobile,5.0,0.4444444444444444,medium,
early_automobile_086,early_automobile,5.0,0.4444444444444444,medium,
early_automobile_087,early_automobile,5.0,0.4444444444444444,medium,recovered_score: Unterminated string starting at: line 4 column 23 (char 80)
early_automobile_088,early_automobile,5.0,0.4444444444444444,medium,
early_automobile_089,early_automobile,8.0,0.7777777777777778,high,
early_automobile_090,early_automobile,9.0,0.8888888888888888,high,recovered_score: Unterminated string starting at: line 4 column 23 (char 77)
early_automobile_091,early_automobile,5.0,0.4444444444444444,medium,
early_automobile_092,early_automobile,5.0,0.4444444444444444,medium,
early_automobile_093,early_automobile,8.0,0.7777777777777778,high,
early_automobile_094,early_automobile,8.0,0.7777777777777778,high,
early_automobile_095,early_automobile,5.0,0.4444444444444444,medium,
early_automobile_096,early_automobile,9.0,0.8888888888888888,high,recovered_score: Unterminated string starting at: line 4 column 23 (char 77)
early_automobile_097,early_automobile,5.0,0.4444444444444444,medium,
early_automobile_098,early_automobile,5.0,0.4444444444444444,medium,recovered_score: Unterminated string starting at: line 4 column 23 (char 80)
early_automobile_099,early_automobile,8.0,0.7777777777777778,high,recovered_score: Unterminated string starting at: line 4 column 23 (char 80)
early_automobile_100,early_automobile,8.0,0.7777777777777778,high,recovered_score: Unterminated string starting at: line 4 column 23 (char 80)
early_automobile_101,early_automobile,5.0,0.4444444444444444,medium,
early_automobile_102,early_automobile,8.0,0.7777777777777778,high,recovered_score: Unterminated string starting at: line 4 column 23 (char 80)
early_automobile_103,early_automobile,9.0,0.8888888888888888,high,
early_automobile_104,early_automobile,5.0,0.4444444444444444,medium,
early_automobile_105,early_automobile,5.0,0.4444444444444444,medium,recovered_score: Unterminated string starting at: line 4 column 23 (char 80)
early_automobile_106,early_automobile,8.0,0.7777777777777778,high,
early_automobile_107,early_automobile,5.0,0.4444444444444444,medium,"recovered_score: Expecting ',' delimiter: line 4 column 262 (char 319)"
early_automobile_108,early_automobile,5.0,0.4444444444444444,medium,"recovered_score: Expecting ',' delimiter: line 4 column 262 (char 319)"
early_automobile_109,early_automobile,8.0,0.7777777777777778,high,
early_automobile_110,early_automobile,5.0,0.4444444444444444,medium,
early_automobile_111,early_automobile,5.0,0.4444444444444444,medium,recovered_score: Unterminated string starting at: line 4 column 23 (char 80)
early_automobile_112,early_automobile,9.0,0.8888888888888888,high,recovered_score: Unterminated string starting at: line 4 column 23 (char 77)
early_automobile_113,early_automobile,8.0,0.7777777777777778,high,recovered_score: Unterminated string starting at: line 4 column 23 (char 82)
early_automobile_114,early_automobile,8.0,0.7777777777777778,high,recovered_score: Unterminated string starting at: line 4 column 23 (char 80)
early_automobile_115,early_automobile,8.0,0.7777777777777778,high,
early_automobile_116,early_automobile,9.0,0.8888888888888888,high,
early_automobile_117,early_automobile,5.0,0.4444444444444444,medium,recovered_score: Unterminated string starting at: line 4 column 23 (char 80)
early_automobile_118,early_automobile,8.0,0.7777777777777778,high,recovered_score: Unterminated string starting at: line 4 column 23 (char 80)
early_automobile_119,early_automobile,5.0,0.4444444444444444,medium,recovered_score: Unterminated string starting at: line 4 column 23 (char 80)
early_automobile_120,early_automobile,5.0,0.4444444444444444,medium,
early_automobile_121,early_automobile,8.0,0.7777777777777778,high,recovered_score: Unterminated string starting at: line 4 column 23 (char 80)
early_automobile_122,early_automobile,5.0,0.4444444444444444,medium,
early_automobile_123,early_automobile,5.0,0.4444444444444444,medium,
early_automobile_124,early_automobile,5.0,0.4444444444444444,medium,
early_automobile_125,early_automobile,5.0,0.4444444444444444,medium,
early_automobile_126,early_automobile,5.0,0.4444444444444444,medium,recovered_score: Unterminated string starting at: line 4 column 23 (char 80)
early_automobile_127,early_automobile,8.0,0.7777777777777778,high,recovered_score: Unterminated string starting at: line 4 column 23 (char 80)
early_automobile_128,early_automobile,8.0,0.7777777777777778,high,
early_automobile_129,early_automobile,5.0,0.4444444444444444,medium,
early_automobile_130,early_automobile,9.0,0.8888888888888888,high,
early_automobile_131,early_automobile,8.0,0.7777777777777778,high,recovered_score: Unterminated string starting at: line 4 column 23 (char 80)
early_automobile_132,early_automobile,8.0,0.7777777777777778,high,
early_automobile_133,early_automobile,5.0,0.4444444444444444,medium,"recovered_score: Expecting ',' delimiter: line 4 column 262 (char 319)"
early_automobile_134,early_automobile,9.0,0.8888888888888888,high,
early_automobile_135,early_automobile,5.0,0.4444444444444444,medium,recovered_score: Unterminated string starting at: line 4 column 23 (char 80)
early_automobile_136,early_automobile,5.0,0.4444444444444444,medium,
early_automobile_137,early_automobile,8.0,0.7777777777777778,high,recovered_score: Unterminated string starting at: line 4 column 23 (char 80)
early_automobile_138,early_automobile,5.0,0.4444444444444444,medium,
early_automobile_139,early_automobile,5.0,0.4444444444444444,medium,recovered_score: Unterminated string starting at: line 4 column 23 (char 80)
early_automobile_140,early_automobile,8.0,0.7777777777777778,high,recovered_score: Unterminated string starting at: line 4 column 23 (char 80)
early_automobile_141,early_automobile,5.0,0.4444444444444444,medium,
early_automobile_142,early_automobile,8.0,0.7777777777777778,high,
early_automobile_143,early_automobile,5.0,0.4444444444444444,medium,
early_automobile_144,early_automobile,5.0,0.4444444444444444,medium,
early_automobile_145,early_automobile,9.0,0.8888888888888888,high,recovered_score: Unterminated string starting at: line 4 column 23 (char 77)
early_automobile_146,early_automobile,8.0,0.7777777777777778,high,
early_automobile_147,early_automobile,5.0,0.4444444444444444,medium,
early_automobile_148,early_automobile,8.0,0.7777777777777778,high,recovered_score: Unterminated string starting at: line 4 column 23 (char 80)
early_automobile_149,early_automobile,8.0,0.7777777777777778,high,
early_automobile_150,early_automobile,8.0,0.7777777777777778,high,recovered_score: Unterminated string starting at: line 4 column 23 (char 80)
early_automobile_151,early_automobile,9.0,0.8888888888888888,high,
early_automobile_152,early_automobile,8.0,0.7777777777777778,high,recovered_score: Unterminated string starting at: line 4 column 23 (char 80)
early_automobile_153,early_automobile,5.0,0.4444444444444444,medium,"recovered_score: Expecting ',' delimiter: line 4 column 266 (char 323)"
early_automobile_154,early_automobile,5.0,0.4444444444444444,medium,recovered_score: Unterminated string starting at: line 4 column 23 (char 80)
early_automobile_155,early_automobile,5.0,0.4444444444444444,medium,
early_automobile_156,early_automobile,5.0,0.4444444444444444,medium,
early_automobile_157,early_automobile,5.0,0.4444444444444444,medium,
early_automobile_158,early_automobile,5.0,0.4444444444444444,medium,recovered_score: Unterminated string starting at: line 4 column 23 (char 80)
early_automobile_159,early_automobile,5.0,0.4444444444444444,medium,recovered_score: Unterminated string starting at: line 4 column 23 (char 80)
early_automobile_160,early_automobile,5.0,0.4444444444444444,medium,
early_automobile_161,early_automobile,5.0,0.4444444444444444,medium,
early_automobile_162,early_automobile,5.0,0.4444444444444444,medium,
early_automobile_163,early_automobile,9.0,0.8888888888888888,high,
early_automobile_164,early_automobile,5.0,0.4444444444444444,medium,recovered_score: Unterminated string starting at: line 4 column 23 (char 80)
early_automobile_165,early_automobile,8.0,0.7777777777777778,high,
early_automobile_166,early_automobile,5.0,0.4444444444444444,medium,recovered_score: Unterminated string starting at: line 4 column 23 (char 80)
early_automobile_167,early_automobile,5.0,0.4444444444444444,medium,recovered_score: Unterminated string starting at: line 4 column 23 (char 80)
early_automobile_168,early_automobile,5.0,0.4444444444444444,medium,recovered_score: Unterminated string starting at: line 4 column 23 (char 80)
early_automobile_169,early_automobile,5.0,0.4444444444444444,medium,
early_automobile_170,early_automobile,8.0,0.7777777777777778,high,recovered_score: Unterminated string starting at: line 4 column 23 (char 80)
early_automobile_171,early_automobile,8.0,0.7777777777777778,high,recovered_score: Unterminated string starting at: line 4 column 23 (char 82)
early_automobile_172,early_automobile,8.0,0.7777777777777778,high,recovered_score: Unterminated string starting at: line 4 column 23 (char 80)
early_automobile_173,early_automobile,5.0,0.4444444444444444,medium,recovered_score: Unterminated string starting at: line 4 column 23 (char 80)
early_automobile_174,early_automobile,8.0,0.7777777777777778,high,recovered_score: Unterminated string starting at: line 4 column 23 (char 80)
early_automobile_175,early_automobile,5.0,0.4444444444444444,medium,
early_automobile_176,early_automobile,5.0,0.4444444444444444,medium,
early_automobile_177,early_automobile,5.0,0.4444444444444444,medium,
early_automobile_178,early_automobile,5.0,0.4444444444444444,medium,"recovered_score: Expecting ',' delimiter: line 4 column 264 (char 321)"
early_automobile_179,early_automobile,8.0,0.7777777777777778,high,recovered_score: Unterminated string starting at: line 4 column 23 (char 82)
early_automobile_180,early_automobile,9.0,0.8888888888888888,high,recovered_score: Unterminated string starting at: line 4 column 23 (char 77)
early_automobile_181,early_automobile,5.0,0.4444444444444444,medium,recovered_score: Unterminated string starting at: line 4 column 23 (char 80)
early_automobile_182,early_automobile,9.0,0.8888888888888888,high,
early_automobile_183,early_automobile,5.0,0.4444444444444444,medium,
early_automobile_184,early_automobile,5.0,0.4444444444444444,medium,
early_automobile_185,early_automobile,5.0,0.4444444444444444,medium,
early_automobile_186,early_automobile,5.0,0.4444444444444444,medium,
early_automobile_187,early_automobile,8.0,0.7777777777777778,high,"recovered_score: Expecting ',' delimiter: line 4 column 261 (char 318)"
early_automobile_188,early_automobile,8.0,0.7777777777777778,high,recovered_score: Unterminated string starting at: line 4 column 23 (char 82)
early_automobile_189,early_automobile,8.0,0.7777777777777778,high,recovered_score: Unterminated string starting at: line 4 column 23 (char 80)
early_automobile_190,early_automobile,8.0,0.7777777777777778,high,
early_automobile_191,early_automobile,5.0,0.4444444444444444,medium,recovered_score: Unterminated string starting at: line 4 column 23 (char 80)
early_automobile_192,early_automobile,5.0,0.4444444444444444,medium,"recovered_score: Expecting ',' delimiter: line 4 column 284 (char 341)"
early_automobile_193,early_automobile,5.0,0.4444444444444444,medium,recovered_score: Unterminated string starting at: line 4 column 23 (char 80)
early_automobile_194,early_automobile,5.0,0.4444444444444444,medium,recovered_score: Unterminated string starting at: line 4 column 23 (char 80)
early_automobile_195,early_automobile,5.0,0.4444444444444444,medium,
early_automobile_196,early_automobile,8.0,0.7777777777777778,high,
early_automobile_197,early_automobile,9.0,0.8888888888888888,high,
early_automobile_198,early_automobile,8.0,0.7777777777777778,high,recovered_score: Unterminated string starting at: line 4 column 23 (char 82)
early_automobile_199,early_automobile,8.0,0.7777777777777778,high,recovered_score: Unterminated string starting at: line 4 column 23 (char 80)
early_automobile_200,early_automobile,8.0,0.7777777777777778,high,recovered_score: Unterminated string starting at: line 4 column 23 (char 82)
electric_kettle_001,electric_kettle,5.0,0.4444444444444444,medium,
electric_kettle_002,electric_kettle,5.0,0.4444444444444444,medium,
electric_kettle_003,electric_kettle,5.0,0.4444444444444444,medium,
electric_kettle_004,electric_kettle,5.0,0.4444444444444444,medium,
electric_kettle_005,electric_kettle,8.0,0.7777777777777778,high,
electric_kettle_006,electric_kettle,5.0,0.4444444444444444,medium,
electric_kettle_007,electric_kettle,5.0,0.4444444444444444,medium,
electric_kettle_008,electric_kettle,5.0,0.4444444444444444,medium,
electric_kettle_009,electric_kettle,5.0,0.4444444444444444,medium,
electric_kettle_010,electric_kettle,5.0,0.4444444444444444,medium,
electric_kettle_011,electric_kettle,5.0,0.4444444444444444,medium,
electric_kettle_012,electric_kettle,5.0,0.4444444444444444,medium,
electric_kettle_013,electric_kettle,9.0,0.8888888888888888,high,
electric_kettle_014,electric_kettle,5.0,0.4444444444444444,medium,
electric_kettle_015,electric_kettle,5.0,0.4444444444444444,medium,
electric_kettle_016,electric_kettle,5.0,0.4444444444444444,medium,
electric_kettle_017,electric_kettle,5.0,0.4444444444444444,medium,
electric_kettle_018,electric_kettle,5.0,0.4444444444444444,medium,
electric_kettle_019,electric_kettle,5.0,0.4444444444444444,medium,
electric_kettle_020,electric_kettle,5.0,0.4444444444444444,medium,
electric_kettle_021,electric_kettle,5.0,0.4444444444444444,medium,
electric_kettle_022,electric_kettle,5.0,0.4444444444444444,medium,
electric_kettle_023,electric_kettle,5.0,0.4444444444444444,medium,
electric_kettle_024,electric_kettle,5.0,0.4444444444444444,medium,
electric_kettle_025,electric_kettle,5.0,0.4444444444444444,medium,
electric_kettle_026,electric_kettle,5.0,0.4444444444444444,medium,
electric_kettle_027,electric_kettle,5.0,0.4444444444444444,medium,
electric_kettle_028,electric_kettle,5.0,0.4444444444444444,medium,
electric_kettle_029,electric_kettle,5.0,0.4444444444444444,medium,
electric_kettle_030,electric_kettle,5.0,0.4444444444444444,medium,
electric_kettle_031,electric_kettle,5.0,0.4444444444444444,medium,
electric_kettle_032,electric_kettle,9.0,0.8888888888888888,high,
electric_kettle_033,electric_kettle,5.0,0.4444444444444444,medium,
electric_kettle_034,electric_kettle,5.0,0.4444444444444444,medium,
electric_kettle_035,electric_kettle,5.0,0.4444444444444444,medium,
electric_kettle_036,electric_kettle,5.0,0.4444444444444444,medium,
electric_kettle_037,electric_kettle,5.0,0.4444444444444444,medium,
electric_kettle_038,electric_kettle,5.0,0.4444444444444444,medium,
electric_kettle_039,electric_kettle,5.0,0.4444444444444444,medium,
electric_kettle_040,electric_kettle,5.0,0.4444444444444444,medium,
electric_kettle_041,electric_kettle,5.0,0.4444444444444444,medium,
electric_kettle_042,electric_kettle,9.0,0.8888888888888888,high,
electric_kettle_043,electric_kettle,5.0,0.4444444444444444,medium,
electric_kettle_044,electric_kettle,5.0,0.4444444444444444,medium,
electric_kettle_045,electric_kettle,5.0,0.4444444444444444,medium,
electric_kettle_046,electric_kettle,5.0,0.4444444444444444,medium,
electric_kettle_047,electric_kettle,5.0,0.4444444444444444,medium,
electric_kettle_048,electric_kettle,5.0,0.4444444444444444,medium,
electric_kettle_049,electric_kettle,5.0,0.4444444444444444,medium,
electric_kettle_050,electric_kettle,5.0,0.4444444444444444,medium,
electric_kettle_051,electric_kettle,5.0,0.4444444444444444,medium,
electric_kettle_052,electric_kettle,5.0,0.4444444444444444,medium,
electric_kettle_053,electric_kettle,5.0,0.4444444444444444,medium,
electric_kettle_054,electric_kettle,5.0,0.4444444444444444,medium,
electric_kettle_055,electric_kettle,5.0,0.4444444444444444,medium,
electric_kettle_056,electric_kettle,5.0,0.4444444444444444,medium,
electric_kettle_057,electric_kettle,5.0,0.4444444444444444,medium,
electric_kettle_058,electric_kettle,5.0,0.4444444444444444,medium,
electric_kettle_059,electric_kettle,5.0,0.4444444444444444,medium,
electric_kettle_060,electric_kettle,5.0,0.4444444444444444,medium,
electric_kettle_061,electric_kettle,5.0,0.4444444444444444,medium,
electric_kettle_062,electric_kettle,5.0,0.4444444444444444,medium,
electric_kettle_063,electric_kettle,5.0,0.4444444444444444,medium,
electric_kettle_064,electric_kettle,5.0,0.4444444444444444,medium,
electric_kettle_065,electric_kettle,5.0,0.4444444444444444,medium,
electric_kettle_066,electric_kettle,5.0,0.4444444444444444,medium,
electric_kettle_067,electric_kettle,5.0,0.4444444444444444,medium,
electric_kettle_068,electric_kettle,5.0,0.4444444444444444,medium,
electric_kettle_069,electric_kettle,5.0,0.4444444444444444,medium,
electric_kettle_070,electric_kettle,5.0,0.4444444444444444,medium,
electric_kettle_071,electric_kettle,5.0,0.4444444444444444,medium,
electric_kettle_072,electric_kettle,5.0,0.4444444444444444,medium,
electric_kettle_073,electric_kettle,5.0,0.4444444444444444,medium,
electric_kettle_074,electric_kettle,5.0,0.4444444444444444,medium,
electric_kettle_075,electric_kettle,5.0,0.4444444444444444,medium,
electric_kettle_076,electric_kettle,5.0,0.4444444444444444,medium,
electric_kettle_077,electric_kettle,5.0,0.4444444444444444,medium,
electric_kettle_078,electric_kettle,5.0,0.4444444444444444,medium,
electric_kettle_079,electric_kettle,5.0,0.4444444444444444,medium,
electric_kettle_080,electric_kettle,5.0,0.4444444444444444,medium,
electric_kettle_081,electric_kettle,5.0,0.4444444444444444,medium,
electric_kettle_082,electric_kettle,5.0,0.4444444444444444,medium,
electric_kettle_083,electric_kettle,5.0,0.4444444444444444,medium,
electric_kettle_084,electric_kettle,5.0,0.4444444444444444,medium,
electric_kettle_085,electric_kettle,5.0,0.4444444444444444,medium,
electric_kettle_086,electric_kettle,5.0,0.4444444444444444,medium,
electric_kettle_087,electric_kettle,5.0,0.4444444444444444,medium,recovered_score: Unterminated string starting at: line 4 column 23 (char 80)
electric_kettle_088,electric_kettle,5.0,0.4444444444444444,medium,
electric_kettle_089,electric_kettle,5.0,0.4444444444444444,medium,
electric_kettle_090,electric_kettle,5.0,0.4444444444444444,medium,
electric_kettle_091,electric_kettle,5.0,0.4444444444444444,medium,
electric_kettle_092,electric_kettle,5.0,0.4444444444444444,medium,
electric_kettle_093,electric_kettle,5.0,0.4444444444444444,medium,
electric_kettle_094,electric_kettle,5.0,0.4444444444444444,medium,
electric_kettle_095,electric_kettle,5.0,0.4444444444444444,medium,
electric_kettle_096,electric_kettle,5.0,0.4444444444444444,medium,
electric_kettle_097,electric_kettle,5.0,0.4444444444444444,medium,
electric_kettle_098,electric_kettle,5.0,0.4444444444444444,medium,
electric_kettle_099,electric_kettle,5.0,0.4444444444444444,medium,
electric_kettle_100,electric_kettle,5.0,0.4444444444444444,medium,
electric_kettle_101,electric_kettle,5.0,0.4444444444444444,medium,
electric_kettle_102,electric_kettle,5.0,0.4444444444444444,medium,
electric_kettle_103,electric_kettle,5.0,0.4444444444444444,medium,
electric_kettle_104,electric_kettle,5.0,0.4444444444444444,medium,
electric_kettle_105,electric_kettle,5.0,0.4444444444444444,medium,
electric_kettle_106,electric_kettle,8.0,0.7777777777777778,high,
electric_kettle_107,electric_kettle,5.0,0.4444444444444444,medium,
electric_kettle_108,electric_kettle,5.0,0.4444444444444444,medium,
electric_kettle_109,electric_kettle,5.0,0.4444444444444444,medium,
electric_kettle_110,electric_kettle,5.0,0.4444444444444444,medium,
electric_kettle_111,electric_kettle,5.0,0.4444444444444444,medium,
electric_kettle_112,electric_kettle,5.0,0.4444444444444444,medium,
electric_kettle_113,electric_kettle,5.0,0.4444444444444444,medium,
electric_kettle_114,electric_kettle,5.0,0.4444444444444444,medium,
electric_kettle_115,electric_kettle,5.0,0.4444444444444444,medium,
electric_kettle_116,electric_kettle,5.0,0.4444444444444444,medium,
electric_kettle_117,electric_kettle,5.0,0.4444444444444444,medium,
electric_kettle_118,electric_kettle,5.0,0.4444444444444444,medium,
electric_kettle_119,electric_kettle,5.0,0.4444444444444444,medium,
electric_kettle_120,electric_kettle,5.0,0.4444444444444444,medium,
electric_kettle_121,electric_kettle,5.0,0.4444444444444444,medium,
electric_kettle_122,electric_kettle,5.0,0.4444444444444444,medium,
electric_kettle_123,electric_kettle,5.0,0.4444444444444444,medium,
electric_kettle_124,electric_kettle,5.0,0.4444444444444444,medium,
electric_kettle_125,electric_kettle,5.0,0.4444444444444444,medium,
electric_kettle_126,electric_kettle,5.0,0.4444444444444444,medium,
electric_kettle_127,electric_kettle,5.0,0.4444444444444444,medium,
electric_kettle_128,electric_kettle,5.0,0.4444444444444444,medium,
electric_kettle_129,electric_kettle,5.0,0.4444444444444444,medium,
electric_kettle_130,electric_kettle,5.0,0.4444444444444444,medium,
electric_kettle_131,electric_kettle,5.0,0.4444444444444444,medium,
electric_kettle_132,electric_kettle,5.0,0.4444444444444444,medium,
electric_kettle_133,electric_kettle,5.0,0.4444444444444444,medium,
electric_kettle_134,electric_kettle,5.0,0.4444444444444444,medium,
electric_kettle_135,electric_kettle,5.0,0.4444444444444444,medium,
electric_kettle_136,electric_kettle,5.0,0.4444444444444444,medium,
electric_kettle_137,electric_kettle,5.0,0.4444444444444444,medium,
electric_kettle_138,electric_kettle,5.0,0.4444444444444444,medium,
electric_kettle_139,electric_kettle,5.0,0.4444444444444444,medium,
electric_kettle_140,electric_kettle,5.0,0.4444444444444444,medium,
electric_kettle_141,electric_kettle,5.0,0.4444444444444444,medium,
electric_kettle_142,electric_kettle,5.0,0.4444444444444444,medium,
electric_kettle_143,electric_kettle,8.0,0.7777777777777778,high,
electric_kettle_144,electric_kettle,5.0,0.4444444444444444,medium,
electric_kettle_145,electric_kettle,5.0,0.4444444444444444,medium,
electric_kettle_146,electric_kettle,5.0,0.4444444444444444,medium,
electric_kettle_147,electric_kettle,5.0,0.4444444444444444,medium,
electric_kettle_148,electric_kettle,5.0,0.4444444444444444,medium,
electric_kettle_149,electric_kettle,5.0,0.4444444444444444,medium,
electric_kettle_150,electric_kettle,5.0,0.4444444444444444,medium,
electric_kettle_151,electric_kettle,5.0,0.4444444444444444,medium,
electric_kettle_152,electric_kettle,5.0,0.4444444444444444,medium,
electric_kettle_153,electric_kettle,5.0,0.4444444444444444,medium,
electric_kettle_154,electric_kettle,5.0,0.4444444444444444,medium,
electric_kettle_155,electric_kettle,5.0,0.4444444444444444,medium,
electric_kettle_156,electric_kettle,5.0,0.4444444444444444,medium,
electric_kettle_157,electric_kettle,5.0,0.4444444444444444,medium,
electric_kettle_158,electric_kettle,5.0,0.4444444444444444,medium,
electric_kettle_159,electric_kettle,5.0,0.4444444444444444,medium,
electric_kettle_160,electric_kettle,5.0,0.4444444444444444,medium,
electric_kettle_161,electric_kettle,5.0,0.4444444444444444,medium,
electric_kettle_162,electric_kettle,5.0,0.4444444444444444,medium,
electric_kettle_163,electric_kettle,5.0,0.4444444444444444,medium,
electric_kettle_164,electric_kettle,5.0,0.4444444444444444,medium,
electric_kettle_165,electric_kettle,5.0,0.4444444444444444,medium,
electric_kettle_166,electric_kettle,5.0,0.4444444444444444,medium,
electric_kettle_167,electric_kettle,5.0,0.4444444444444444,medium,
electric_kettle_168,electric_kettle,5.0,0.4444444444444444,medium,
electric_kettle_169,electric_kettle,5.0,0.4444444444444444,medium,
electric_kettle_170,electric_kettle,5.0,0.4444444444444444,medium,
electric_kettle_171,electric_kettle,5.0,0.4444444444444444,medium,
electric_kettle_172,electric_kettle,5.0,0.4444444444444444,medium,
electric_kettle_173,electric_kettle,5.0,0.4444444444444444,medium,
electric_kettle_174,electric_kettle,5.0,0.4444444444444444,medium,
electric_kettle_175,electric_kettle,5.0,0.4444444444444444,medium,
electric_kettle_176,electric_kettle,5.0,0.4444444444444444,medium,
electric_kettle_177,electric_kettle,5.0,0.4444444444444444,medium,
electric_kettle_178,electric_kettle,5.0,0.4444444444444444,medium,
electric_kettle_179,electric_kettle,5.0,0.4444444444444444,medium,
electric_kettle_180,electric_kettle,5.0,0.4444444444444444,medium,
electric_kettle_181,electric_kettle,8.0,0.7777777777777778,high,
electric_kettle_182,electric_kettle,5.0,0.4444444444444444,medium,
electric_kettle_183,electric_kettle,5.0,0.4444444444444444,medium,
electric_kettle_184,electric_kettle,5.0,0.4444444444444444,medium,
electric_kettle_185,electric_kettle,5.0,0.4444444444444444,medium,
electric_kettle_186,electric_kettle,5.0,0.4444444444444444,medium,
electric_kettle_187,electric_kettle,5.0,0.4444444444444444,medium,
electric_kettle_188,electric_kettle,5.0,0.4444444444444444,medium,
electric_kettle_189,electric_kettle,5.0,0.4444444444444444,medium,
electric_kettle_190,electric_kettle,5.0,0.4444444444444444,medium,
electric_kettle_191,electric_kettle,5.0,0.4444444444444444,medium,
electric_kettle_192,electric_kettle,5.0,0.4444444444444444,medium,
electric_kettle_193,electric_kettle,5.0,0.4444444444444444,medium,
electric_kettle_194,electric_kettle,5.0,0.4444444444444444,medium,
electric_kettle_195,electric_kettle,5.0,0.4444444444444444,medium,
electric_kettle_196,electric_kettle,5.0,0.4444444444444444,medium,
electric_kettle_197,electric_kettle,5.0,0.4444444444444444,medium,
electric_kettle_198,electric_kettle,5.0,0.4444444444444444,medium,
electric_kettle_199,electric_kettle,5.0,0.4444444444444444,medium,
electric_kettle_200,electric_kettle,5.0,0.4444444444444444,medium,
lounge_chair_001,lounge_chair,9.0,0.8888888888888888,high,recovered_score: Unterminated string starting at: line 4 column 23 (char 77)
lounge_chair_002,lounge_chair,9.0,0.8888888888888888,high,"recovered_score: Expecting ',' delimiter: line 4 column 264 (char 318)"
lounge_chair_003,lounge_chair,5.0,0.4444444444444444,medium,
lounge_chair_004,lounge_chair,9.0,0.8888888888888888,high,recovered_score: Unterminated string starting at: line 4 column 23 (char 77)
lounge_chair_005,lounge_chair,9.0,0.8888888888888888,high,
lounge_chair_006,lounge_chair,9.0,0.8888888888888888,high,recovered_score: Unterminated string starting at: line 4 column 23 (char 77)
lounge_chair_007,lounge_chair,9.0,0.8888888888888888,high,
lounge_chair_008,lounge_chair,9.0,0.8888888888888888,high,
lounge_chair_009,lounge_chair,5.0,0.4444444444444444,medium,
lounge_chair_010,lounge_chair,9.0,0.8888888888888888,high,recovered_score: Unterminated string starting at: line 4 column 23 (char 77)
lounge_chair_011,lounge_chair,9.0,0.8888888888888888,high,"recovered_score: Expecting ',' delimiter: line 4 column 261 (char 315)"
lounge_chair_012,lounge_chair,9.0,0.8888888888888888,high,
lounge_chair_013,lounge_chair,5.0,0.4444444444444444,medium,
lounge_chair_014,lounge_chair,9.0,0.8888888888888888,high,
lounge_chair_015,lounge_chair,9.0,0.8888888888888888,high,
lounge_chair_016,lounge_chair,9.0,0.8888888888888888,high,"recovered_score: Expecting ',' delimiter: line 4 column 262 (char 316)"
lounge_chair_017,lounge_chair,5.0,0.4444444444444444,medium,
lounge_chair_018,lounge_chair,5.0,0.4444444444444444,medium,
lounge_chair_019,lounge_chair,9.0,0.8888888888888888,high,
lounge_chair_020,lounge_chair,9.0,0.8888888888888888,high,
lounge_chair_021,lounge_chair,5.0,0.4444444444444444,medium,
lounge_chair_022,lounge_chair,5.0,0.4444444444444444,medium,
lounge_chair_023,lounge_chair,5.0,0.4444444444444444,medium,"recovered_score: Expecting ',' delimiter: line 4 column 255 (char 312)"
lounge_chair_024,lounge_chair,9.0,0.8888888888888888,high,"recovered_score: Expecting ',' delimiter: line 4 column 261 (char 315)"
lounge_chair_025,lounge_chair,9.0,0.8888888888888888,high,
lounge_chair_026,lounge_chair,9.0,0.8888888888888888,high,recovered_score: Unterminated string starting at: line 4 column 23 (char 77)
lounge_chair_027,lounge_chair,5.0,0.4444444444444444,medium,
lounge_chair_028,lounge_chair,5.0,0.4444444444444444,medium,
lounge_chair_029,lounge_chair,9.0,0.8888888888888888,high,"recovered_score: Expecting ',' delimiter: line 4 column 255 (char 309)"
lounge_chair_030,lounge_chair,8.0,0.7777777777777778,high,
lounge_chair_031,lounge_chair,8.0,0.7777777777777778,high,
lounge_chair_032,lounge_chair,5.0,0.4444444444444444,medium,
lounge_chair_033,lounge_chair,5.0,0.4444444444444444,medium,
lounge_chair_034,lounge_chair,9.0,0.8888888888888888,high,
lounge_chair_035,lounge_chair,9.0,0.8888888888888888,high,recovered_score: Unterminated string starting at: line 4 column 23 (char 77)
lounge_chair_036,lounge_chair,5.0,0.4444444444444444,medium,
lounge_chair_037,lounge_chair,9.0,0.8888888888888888,high,"recovered_score: Expecting ',' delimiter: line 4 column 255 (char 309)"
lounge_chair_038,lounge_chair,5.0,0.4444444444444444,medium,
lounge_chair_039,lounge_chair,8.0,0.7777777777777778,high,"recovered_score: Expecting ',' delimiter: line 4 column 267 (char 324)"
lounge_chair_040,lounge_chair,9.0,0.8888888888888888,high,"recovered_score: Expecting ',' delimiter: line 4 column 255 (char 309)"
lounge_chair_041,lounge_chair,9.0,0.8888888888888888,high,"recovered_score: Expecting ',' delimiter: line 4 column 264 (char 318)"
lounge_chair_042,lounge_chair,5.0,0.4444444444444444,medium,
lounge_chair_043,lounge_chair,9.0,0.8888888888888888,high,recovered_score: Unterminated string starting at: line 4 column 23 (char 77)
lounge_chair_044,lounge_chair,9.0,0.8888888888888888,high,"recovered_score: Expecting ',' delimiter: line 4 column 257 (char 311)"
lounge_chair_045,lounge_chair,8.0,0.7777777777777778,high,
lounge_chair_046,lounge_chair,9.0,0.8888888888888888,high,
lounge_chair_047,lounge_chair,5.0,0.4444444444444444,medium,
lounge_chair_048,lounge_chair,9.0,0.8888888888888888,high,recovered_score: Unterminated string starting at: line 4 column 23 (char 77)
lounge_chair_049,lounge_chair,9.0,0.8888888888888888,high,
lounge_chair_050,lounge_chair,9.0,0.8888888888888888,high,
lounge_chair_051,lounge_chair,8.0,0.7777777777777778,high,recovered_score: Unterminated string starting at: line 4 column 23 (char 80)
lounge_chair_052,lounge_chair,9.0,0.8888888888888888,high,
lounge_chair_053,lounge_chair,8.0,0.7777777777777778,high,
lounge_chair_054,lounge_chair,5.0,0.4444444444444444,medium,
lounge_chair_055,lounge_chair,5.0,0.4444444444444444,medium,
lounge_chair_056,lounge_chair,9.0,0.8888888888888888,high,recovered_score: Unterminated string starting at: line 4 column 23 (char 77)
lounge_chair_057,lounge_chair,5.0,0.4444444444444444,medium,
lounge_chair_058,lounge_chair,5.0,0.4444444444444444,medium,
lounge_chair_059,lounge_chair,5.0,0.4444444444444444,medium,
lounge_chair_060,lounge_chair,5.0,0.4444444444444444,medium,
lounge_chair_061,lounge_chair,5.0,0.4444444444444444,medium,
lounge_chair_062,lounge_chair,9.0,0.8888888888888888,high,
lounge_chair_063,lounge_chair,5.0,0.4444444444444444,medium,
lounge_chair_064,lounge_chair,9.0,0.8888888888888888,high,recovered_score: Unterminated string starting at: line 4 column 23 (char 77)
lounge_chair_065,lounge_chair,9.0,0.8888888888888888,high,
lounge_chair_066,lounge_chair,5.0,0.4444444444444444,medium,
lounge_chair_067,lounge_chair,5.0,0.4444444444444444,medium,
lounge_chair_068,lounge_chair,9.0,0.8888888888888888,high,"recovered_score: Expecting ',' delimiter: line 4 column 261 (char 315)"
lounge_chair_069,lounge_chair,5.0,0.4444444444444444,medium,
lounge_chair_070,lounge_chair,9.0,0.8888888888888888,high,
lounge_chair_071,lounge_chair,9.0,0.8888888888888888,high,recovered_score: Unterminated string starting at: line 4 column 23 (char 77)
lounge_chair_072,lounge_chair,9.0,0.8888888888888888,high,
lounge_chair_073,lounge_chair,9.0,0.8888888888888888,high,
lounge_chair_074,lounge_chair,9.0,0.8888888888888888,high,"recovered_score: Expecting ',' delimiter: line 4 column 261 (char 315)"
lounge_chair_075,lounge_chair,9.0,0.8888888888888888,high,"recovered_score: Expecting ',' delimiter: line 4 column 261 (char 315)"
lounge_chair_076,lounge_chair,5.0,0.4444444444444444,medium,
lounge_chair_077,lounge_chair,5.0,0.4444444444444444,medium,
lounge_chair_078,lounge_chair,9.0,0.8888888888888888,high,
lounge_chair_079,lounge_chair,9.0,0.8888888888888888,high,"recovered_score: Expecting ',' delimiter: line 4 column 263 (char 317)"
lounge_chair_080,lounge_chair,9.0,0.8888888888888888,high,"recovered_score: Expecting ',' delimiter: line 4 column 263 (char 317)"
lounge_chair_081,lounge_chair,9.0,0.8888888888888888,high,
lounge_chair_082,lounge_chair,8.0,0.7777777777777778,high,"recovered_score: Expecting ',' delimiter: line 4 column 255 (char 312)"
lounge_chair_083,lounge_chair,5.0,0.4444444444444444,medium,
lounge_chair_084,lounge_chair,9.0,0.8888888888888888,high,recovered_score: Unterminated string starting at: line 4 column 23 (char 77)
lounge_chair_085,lounge_chair,9.0,0.8888888888888888,high,
lounge_chair_086,lounge_chair,9.0,0.8888888888888888,high,"recovered_score: Expecting ',' delimiter: line 4 column 259 (char 313)"
lounge_chair_087,lounge_chair,9.0,0.8888888888888888,high,
lounge_chair_088,lounge_chair,5.0,0.4444444444444444,medium,
lounge_chair_089,lounge_chair,5.0,0.4444444444444444,medium,
lounge_chair_090,lounge_chair,5.0,0.4444444444444444,medium,
lounge_chair_091,lounge_chair,8.0,0.7777777777777778,high,"recovered_score: Expecting ',' delimiter: line 4 column 255 (char 312)"
lounge_chair_092,lounge_chair,9.0,0.8888888888888888,high,"recovered_score: Expecting ',' delimiter: line 4 column 261 (char 315)"
lounge_chair_093,lounge_chair,5.0,0.4444444444444444,medium,
lounge_chair_094,lounge_chair,5.0,0.4444444444444444,medium,
lounge_chair_095,lounge_chair,8.0,0.7777777777777778,high,
lounge_chair_096,lounge_chair,9.0,0.8888888888888888,high,
lounge_chair_097,lounge_chair,9.0,0.8888888888888888,high,
lounge_chair_098,lounge_chair,5.0,0.4444444444444444,medium,
lounge_chair_099,lounge_chair,5.0,0.4444444444444444,medium,"recovered_score: Expecting ',' delimiter: line 4 column 255 (char 312)"
lounge_chair_100,lounge_chair,9.0,0.8888888888888888,high,"recovered_score: Expecting ',' delimiter: line 4 column 263 (char 317)"
lounge_chair_101,lounge_chair,9.0,0.8888888888888888,high,
lounge_chair_102,lounge_chair,9.0,0.8888888888888888,high,
lounge_chair_103,lounge_chair,9.0,0.8888888888888888,high,recovered_score: Unterminated string starting at: line 4 column 23 (char 77)
lounge_chair_104,lounge_chair,9.0,0.8888888888888888,high,
lounge_chair_105,lounge_chair,9.0,0.8888888888888888,high,"recovered_score: Expecting ',' delimiter: line 4 column 261 (char 315)"
lounge_chair_106,lounge_chair,5.0,0.4444444444444444,medium,
lounge_chair_107,lounge_chair,5.0,0.4444444444444444,medium,
lounge_chair_108,lounge_chair,8.0,0.7777777777777778,high,
lounge_chair_109,lounge_chair,8.0,0.7777777777777778,high,
lounge_chair_110,lounge_chair,9.0,0.8888888888888888,high,
lounge_chair_111,lounge_chair,9.0,0.8888888888888888,high,
lounge_chair_112,lounge_chair,9.0,0.8888888888888888,high,
lounge_chair_113,lounge_chair,5.0,0.4444444444444444,medium,
lounge_chair_114,lounge_chair,5.0,0.4444444444444444,medium,
lounge_chair_115,lounge_chair,5.0,0.4444444444444444,medium,
lounge_chair_116,lounge_chair,5.0,0.4444444444444444,medium,
lounge_chair_117,lounge_chair,5.0,0.4444444444444444,medium,
lounge_chair_118,lounge_chair,9.0,0.8888888888888888,high,
lounge_chair_119,lounge_chair,9.0,0.8888888888888888,high,"recovered_score: Expecting ',' delimiter: line 4 column 261 (char 315)"
lounge_chair_120,lounge_chair,5.0,0.4444444444444444,medium,
lounge_chair_121,lounge_chair,5.0,0.4444444444444444,medium,
lounge_chair_122,lounge_chair,9.0,0.8888888888888888,high,
lounge_chair_123,lounge_chair,8.0,0.7777777777777778,high,recovered_score: Unterminated string starting at: line 4 column 23 (char 80)
lounge_chair_124,lounge_chair,5.0,0.4444444444444444,medium,recovered_score: Unterminated string starting at: line 4 column 23 (char 80)
lounge_chair_125,lounge_chair,9.0,0.8888888888888888,high,
lounge_chair_126,lounge_chair,5.0,0.4444444444444444,medium,
lounge_chair_127,lounge_chair,9.0,0.8888888888888888,high,recovered_score: Unterminated string starting at: line 4 column 23 (char 77)
lounge_chair_128,lounge_chair,9.0,0.8888888888888888,high,
lounge_chair_129,lounge_chair,9.0,0.8888888888888888,high,"recovered_score: Expecting ',' delimiter: line 4 column 261 (char 315)"
lounge_chair_130,lounge_chair,9.0,0.8888888888888888,high,"recovered_score: Expecting ',' delimiter: line 4 column 263 (char 317)"
lounge_chair_131,lounge_chair,8.0,0.7777777777777778,high,
lounge_chair_132,lounge_chair,9.0,0.8888888888888888,high,
lounge_chair_133,lounge_chair,9.0,0.8888888888888888,high,"recovered_score: Expecting ',' delimiter: line 4 column 264 (char 318)"
lounge_chair_134,lounge_chair,5.0,0.4444444444444444,medium,
lounge_chair_135,lounge_chair,9.0,0.8888888888888888,high,
lounge_chair_136,lounge_chair,5.0,0.4444444444444444,medium,
lounge_chair_137,lounge_chair,5.0,0.4444444444444444,medium,
lounge_chair_138,lounge_chair,5.0,0.4444444444444444,medium,
lounge_chair_139,lounge_chair,9.0,0.8888888888888888,high,"recovered_score: Expecting ',' delimiter: line 4 column 263 (char 317)"
lounge_chair_140,lounge_chair,5.0,0.4444444444444444,medium,
lounge_chair_141,lounge_chair,9.0,0.8888888888888888,high,"recovered_score: Expecting ',' delimiter: line 4 column 261 (char 315)"
lounge_chair_142,lounge_chair,9.0,0.8888888888888888,high,recovered_score: Unterminated string starting at: line 4 column 23 (char 77)
lounge_chair_143,lounge_chair,5.0,0.4444444444444444,medium,
lounge_chair_144,lounge_chair,9.0,0.8888888888888888,high,
lounge_chair_145,lounge_chair,5.0,0.4444444444444444,medium,
lounge_chair_146,lounge_chair,9.0,0.8888888888888888,high,
lounge_chair_147,lounge_chair,9.0,0.8888888888888888,high,"recovered_score: Expecting ',' delimiter: line 4 column 255 (char 309)"
lounge_chair_148,lounge_chair,9.0,0.8888888888888888,high,
lounge_chair_149,lounge_chair,9.0,0.8888888888888888,high,
lounge_chair_150,lounge_chair,5.0,0.4444444444444444,medium,
lounge_chair_151,lounge_chair,9.0,0.8888888888888888,high,"recovered_score: Expecting ',' delimiter: line 4 column 261 (char 315)"
lounge_chair_152,lounge_chair,9.0,0.8888888888888888,high,
lounge_chair_153,lounge_chair,9.0,0.8888888888888888,high,
lounge_chair_154,lounge_chair,5.0,0.4444444444444444,medium,
lounge_chair_155,lounge_chair,9.0,0.8888888888888888,high,
lounge_chair_156,lounge_chair,5.0,0.4444444444444444,medium,
lounge_chair_157,lounge_chair,9.0,0.8888888888888888,high,
lounge_chair_158,lounge_chair,9.0,0.8888888888888888,high,recovered_score: Unterminated string starting at: line 4 column 23 (char 77)
lounge_chair_159,lounge_chair,5.0,0.4444444444444444,medium,
lounge_chair_160,lounge_chair,9.0,0.8888888888888888,high,recovered_score: Unterminated string starting at: line 4 column 23 (char 77)
lounge_chair_161,lounge_chair,5.0,0.4444444444444444,medium,
lounge_chair_162,lounge_chair,5.0,0.4444444444444444,medium,
lounge_chair_163,lounge_chair,5.0,0.4444444444444444,medium,
lounge_chair_164,lounge_chair,5.0,0.4444444444444444,medium,
lounge_chair_165,lounge_chair,5.0,0.4444444444444444,medium,
lounge_chair_166,lounge_chair,5.0,0.4444444444444444,medium,
lounge_chair_167,lounge_chair,9.0,0.8888888888888888,high,
lounge_chair_168,lounge_chair,9.0,0.8888888888888888,high,"recovered_score: Expecting ',' delimiter: line 4 column 263 (char 317)"
lounge_chair_169,lounge_chair,9.0,0.8888888888888888,high,
lounge_chair_170,lounge_chair,8.0,0.7777777777777778,high,
lounge_chair_171,lounge_chair,5.0,0.4444444444444444,medium,
lounge_chair_172,lounge_chair,9.0,0.8888888888888888,high,
lounge_chair_173,lounge_chair,9.0,0.8888888888888888,high,"recovered_score: Expecting ',' delimiter: line 4 column 263 (char 317)"
lounge_chair_174,lounge_chair,5.0,0.4444444444444444,medium,
lounge_chair_175,lounge_chair,9.0,0.8888888888888888,high,"recovered_score: Expecting ',' delimiter: line 4 column 263 (char 317)"
lounge_chair_176,lounge_chair,5.0,0.4444444444444444,medium,
lounge_chair_177,lounge_chair,9.0,0.8888888888888888,high,"recovered_score: Expecting ',' delimiter: line 4 column 262 (char 316)"
lounge_chair_178,lounge_chair,5.0,0.4444444444444444,medium,
lounge_chair_179,lounge_chair,9.0,0.8888888888888888,high,
lounge_chair_180,lounge_chair,9.0,0.8888888888888888,high,
lounge_chair_181,lounge_chair,5.0,0.4444444444444444,medium,
lounge_chair_182,lounge_chair,5.0,0.4444444444444444,medium,
lounge_chair_183,lounge_chair,9.0,0.8888888888888888,high,
lounge_chair_184,lounge_chair,5.0,0.4444444444444444,medium,
lounge_chair_185,lounge_chair,8.0,0.7777777777777778,high,
lounge_chair_186,lounge_chair,9.0,0.8888888888888888,high,
lounge_chair_187,lounge_chair,9.0,0.8888888888888888,high,recovered_score: Unterminated string starting at: line 4 column 23 (char 77)
lounge_chair_188,lounge_chair,5.0,0.4444444444444444,medium,
lounge_chair_189,lounge_chair,5.0,0.4444444444444444,medium,
lounge_chair_190,lounge_chair,5.0,0.4444444444444444,medium,
lounge_chair_191,lounge_chair,5.0,0.4444444444444444,medium,
lounge_chair_192,lounge_chair,5.0,0.4444444444444444,medium,
lounge_chair_193,lounge_chair,9.0,0.8888888888888888,high,
lounge_chair_194,lounge_chair,5.0,0.4444444444444444,medium,
lounge_chair_195,lounge_chair,5.0,0.4444444444444444,medium,
lounge_chair_196,lounge_chair,9.0,0.8888888888888888,high,
lounge_chair_197,lounge_chair,9.0,0.8888888888888888,high,
lounge_chair_198,lounge_chair,9.0,0.8888888888888888,high,
lounge_chair_199,lounge_chair,9.0,0.8888888888888888,high,
lounge_chair_200,lounge_chair,5.0,0.4444444444444444,medium,
sneakers_001,sneakers,9.0,0.8888888888888888,high,
sneakers_002,sneakers,9.0,0.8888888888888888,high,
sneakers_003,sneakers,9.0,0.8888888888888888,high,
sneakers_004,sneakers,9.0,0.8888888888888888,high,
sneakers_005,sneakers,5.0,0.4444444444444444,medium,
sneakers_006,sneakers,9.0,0.8888888888888888,high,recovered_score: Unterminated string starting at: line 4 column 23 (char 77)
sneakers_007,sneakers,9.0,0.8888888888888888,high,
sneakers_008,sneakers,9.0,0.8888888888888888,high,
sneakers_009,sneakers,9.0,0.8888888888888888,high,recovered_score: Unterminated string starting at: line 4 column 23 (char 77)
sneakers_010,sneakers,5.0,0.4444444444444444,medium,
sneakers_011,sneakers,5.0,0.4444444444444444,medium,
sneakers_012,sneakers,9.0,0.8888888888888888,high,
sneakers_013,sneakers,9.0,0.8888888888888888,high,recovered_score: Unterminated string starting at: line 4 column 23 (char 77)
sneakers_014,sneakers,9.0,0.8888888888888888,high,
sneakers_015,sneakers,9.0,0.8888888888888888,high,
sneakers_016,sneakers,9.0,0.8888888888888888,high,
sneakers_017,sneakers,9.0,0.8888888888888888,high,
sneakers_018,sneakers,9.0,0.8888888888888888,high,
sneakers_019,sneakers,9.0,0.8888888888888888,high,
sneakers_020,sneakers,9.0,0.8888888888888888,high,
sneakers_021,sneakers,9.0,0.8888888888888888,high,
sneakers_022,sneakers,9.0,0.8888888888888888,high,
sneakers_023,sneakers,9.0,0.8888888888888888,high,
sneakers_024,sneakers,9.0,0.8888888888888888,high,
sneakers_025,sneakers,8.0,0.7777777777777778,high,
sneakers_026,sneakers,9.0,0.8888888888888888,high,
sneakers_027,sneakers,9.0,0.8888888888888888,high,
sneakers_028,sneakers,9.0,0.8888888888888888,high,
sneakers_029,sneakers,9.0,0.8888888888888888,high,
sneakers_030,sneakers,9.0,0.8888888888888888,high,
sneakers_031,sneakers,9.0,0.8888888888888888,high,
sneakers_032,sneakers,9.0,0.8888888888888888,high,
sneakers_033,sneakers,9.0,0.8888888888888888,high,
sneakers_034,sneakers,9.0,0.8888888888888888,high,
sneakers_035,sneakers,9.0,0.8888888888888888,high,
sneakers_036,sneakers,5.0,0.4444444444444444,medium,
sneakers_037,sneakers,5.0,0.4444444444444444,medium,
sneakers_038,sneakers,9.0,0.8888888888888888,high,
sneakers_039,sneakers,9.0,0.8888888888888888,high,
sneakers_040,sneakers,9.0,0.8888888888888888,high,
sneakers_041,sneakers,9.0,0.8888888888888888,high,
sneakers_042,sneakers,9.0,0.8888888888888888,high,
sneakers_043,sneakers,5.0,0.4444444444444444,medium,
sneakers_044,sneakers,9.0,0.8888888888888888,high,
sneakers_045,sneakers,9.0,0.8888888888888888,high,recovered_score: Unterminated string starting at: line 4 column 23 (char 77)
sneakers_046,sneakers,9.0,0.8888888888888888,high,
sneakers_047,sneakers,9.0,0.8888888888888888,high,
sneakers_048,sneakers,5.0,0.4444444444444444,medium,
sneakers_049,sneakers,9.0,0.8888888888888888,high,
sneakers_050,sneakers,9.0,0.8888888888888888,high,recovered_score: Unterminated string starting at: line 4 column 23 (char 77)
sneakers_051,sneakers,9.0,0.8888888888888888,high,recovered_score: Unterminated string starting at: line 4 column 23 (char 77)
sneakers_052,sneakers,9.0,0.8888888888888888,high,
sneakers_053,sneakers,9.0,0.8888888888888888,high,
sneakers_054,sneakers,9.0,0.8888888888888888,high,
sneakers_055,sneakers,9.0,0.8888888888888888,high,
sneakers_056,sneakers,9.0,0.8888888888888888,high,
sneakers_057,sneakers,9.0,0.8888888888888888,high,
sneakers_058,sneakers,9.0,0.8888888888888888,high,recovered_score: Unterminated string starting at: line 4 column 23 (char 77)
sneakers_059,sneakers,9.0,0.8888888888888888,high,
sneakers_060,sneakers,9.0,0.8888888888888888,high,recovered_score: Unterminated string starting at: line 4 column 23 (char 77)
sneakers_061,sneakers,8.0,0.7777777777777778,high,recovered_score: Unterminated string starting at: line 4 column 23 (char 80)
sneakers_062,sneakers,9.0,0.8888888888888888,high,
sneakers_063,sneakers,9.0,0.8888888888888888,high,
sneakers_064,sneakers,9.0,0.8888888888888888,high,
sneakers_065,sneakers,9.0,0.8888888888888888,high,
sneakers_066,sneakers,9.0,0.8888888888888888,high,recovered_score: Unterminated string starting at: line 4 column 23 (char 77)
sneakers_067,sneakers,9.0,0.8888888888888888,high,
sneakers_068,sneakers,9.0,0.8888888888888888,high,recovered_score: Unterminated string starting at: line 4 column 23 (char 77)
sneakers_069,sneakers,9.0,0.8888888888888888,high,
sneakers_070,sneakers,5.0,0.4444444444444444,medium,
sneakers_071,sneakers,9.0,0.8888888888888888,high,
sneakers_072,sneakers,9.0,0.8888888888888888,high,
sneakers_073,sneakers,9.0,0.8888888888888888,high,"recovered_score: Expecting ',' delimiter: line 4 column 289 (char 343)"
sneakers_074,sneakers,9.0,0.8888888888888888,high,
sneakers_075,sneakers,5.0,0.4444444444444444,medium,
sneakers_076,sneakers,9.0,0.8888888888888888,high,"recovered_score: Expecting ',' delimiter: line 4 column 292 (char 346)"
sneakers_077,sneakers,9.0,0.8888888888888888,high,
sneakers_078,sneakers,9.0,0.8888888888888888,high,
sneakers_079,sneakers,9.0,0.8888888888888888,high,
sneakers_080,sneakers,5.0,0.4444444444444444,medium,
sneakers_081,sneakers,9.0,0.8888888888888888,high,
sneakers_082,sneakers,9.0,0.8888888888888888,high,
sneakers_083,sneakers,9.0,0.8888888888888888,high,
sneakers_084,sneakers,9.0,0.8888888888888888,high,recovered_score: Unterminated string starting at: line 4 column 23 (char 77)
sneakers_085,sneakers,5.0,0.4444444444444444,medium,
sneakers_086,sneakers,9.0,0.8888888888888888,high,"recovered_score: Expecting ',' delimiter: line 4 column 286 (char 340)"
sneakers_087,sneakers,9.0,0.8888888888888888,high,
sneakers_088,sneakers,9.0,0.8888888888888888,high,
sneakers_089,sneakers,9.0,0.8888888888888888,high,
sneakers_090,sneakers,9.0,0.8888888888888888,high,
sneakers_091,sneakers,9.0,0.8888888888888888,high,
sneakers_092,sneakers,9.0,0.8888888888888888,high,
sneakers_093,sneakers,9.0,0.8888888888888888,high,
sneakers_094,sneakers,5.0,0.4444444444444444,medium,
sneakers_095,sneakers,9.0,0.8888888888888888,high,recovered_score: Unterminated string starting at: line 4 column 23 (char 77)
sneakers_096,sneakers,9.0,0.8888888888888888,high,
sneakers_097,sneakers,9.0,0.8888888888888888,high,
sneakers_098,sneakers,9.0,0.8888888888888888,high,
sneakers_099,sneakers,9.0,0.8888888888888888,high,
sneakers_100,sneakers,5.0,0.4444444444444444,medium,
sneakers_101,sneakers,9.0,0.8888888888888888,high,
sneakers_102,sneakers,9.0,0.8888888888888888,high,
sneakers_103,sneakers,9.0,0.8888888888888888,high,
sneakers_104,sneakers,9.0,0.8888888888888888,high,
sneakers_105,sneakers,9.0,0.8888888888888888,high,recovered_score: Unterminated string starting at: line 4 column 23 (char 77)
sneakers_106,sneakers,9.0,0.8888888888888888,high,
sneakers_107,sneakers,9.0,0.8888888888888888,high,recovered_score: Unterminated string starting at: line 4 column 23 (char 77)
sneakers_108,sneakers,5.0,0.4444444444444444,medium,
sneakers_109,sneakers,5.0,0.4444444444444444,medium,
sneakers_110,sneakers,9.0,0.8888888888888888,high,
sneakers_111,sneakers,9.0,0.8888888888888888,high,
sneakers_112,sneakers,5.0,0.4444444444444444,medium,
sneakers_113,sneakers,9.0,0.8888888888888888,high,
sneakers_114,sneakers,9.0,0.8888888888888888,high,
sneakers_115,sneakers,5.0,0.4444444444444444,medium,
sneakers_116,sneakers,9.0,0.8888888888888888,high,
sneakers_117,sneakers,9.0,0.8888888888888888,high,
sneakers_118,sneakers,9.0,0.8888888888888888,high,recovered_score: Unterminated string starting at: line 4 column 23 (char 77)
sneakers_119,sneakers,9.0,0.8888888888888888,high,recovered_score: Unterminated string starting at: line 4 column 23 (char 77)
sneakers_120,sneakers,9.0,0.8888888888888888,high,
sneakers_121,sneakers,9.0,0.8888888888888888,high,
sneakers_122,sneakers,9.0,0.8888888888888888,high,
sneakers_123,sneakers,5.0,0.4444444444444444,medium,
sneakers_124,sneakers,5.0,0.4444444444444444,medium,
sneakers_125,sneakers,9.0,0.8888888888888888,high,
sneakers_126,sneakers,9.0,0.8888888888888888,high,
sneakers_127,sneakers,5.0,0.4444444444444444,medium,
sneakers_128,sneakers,9.0,0.8888888888888888,high,
sneakers_129,sneakers,9.0,0.8888888888888888,high,
sneakers_130,sneakers,9.0,0.8888888888888888,high,
sneakers_131,sneakers,9.0,0.8888888888888888,high,
sneakers_132,sneakers,9.0,0.8888888888888888,high,
sneakers_133,sneakers,5.0,0.4444444444444444,medium,recovered_score: Unterminated string starting at: line 4 column 23 (char 80)
sneakers_134,sneakers,9.0,0.8888888888888888,high,
sneakers_135,sneakers,9.0,0.8888888888888888,high,
sneakers_136,sneakers,5.0,0.4444444444444444,medium,
sneakers_137,sneakers,9.0,0.8888888888888888,high,
sneakers_138,sneakers,9.0,0.8888888888888888,high,recovered_score: Unterminated string starting at: line 4 column 23 (char 77)
sneakers_139,sneakers,8.0,0.7777777777777778,high,
sneakers_140,sneakers,9.0,0.8888888888888888,high,
sneakers_141,sneakers,9.0,0.8888888888888888,high,
sneakers_142,sneakers,9.0,0.8888888888888888,high,
sneakers_143,sneakers,9.0,0.8888888888888888,high,
sneakers_144,sneakers,9.0,0.8888888888888888,high,
sneakers_145,sneakers,9.0,0.8888888888888888,high,
sneakers_146,sneakers,9.0,0.8888888888888888,high,
sneakers_147,sneakers,9.0,0.8888888888888888,high,
sneakers_148,sneakers,9.0,0.8888888888888888,high,
sneakers_149,sneakers,9.0,0.8888888888888888,high,recovered_score: Unterminated string starting at: line 4 column 23 (char 77)
sneakers_150,sneakers,9.0,0.8888888888888888,high,
sneakers_151,sneakers,5.0,0.4444444444444444,medium,
sneakers_152,sneakers,9.0,0.8888888888888888,high,recovered_score: Unterminated string starting at: line 4 column 23 (char 77)
sneakers_153,sneakers,8.0,0.7777777777777778,high,
sneakers_154,sneakers,9.0,0.8888888888888888,high,
sneakers_155,sneakers,9.0,0.8888888888888888,high,
sneakers_156,sneakers,9.0,0.8888888888888888,high,
sneakers_157,sneakers,9.0,0.8888888888888888,high,
sneakers_158,sneakers,9.0,0.8888888888888888,high,
sneakers_159,sneakers,9.0,0.8888888888888888,high,
sneakers_160,sneakers,9.0,0.8888888888888888,high,recovered_score: Unterminated string starting at: line 4 column 23 (char 77)
sneakers_161,sneakers,9.0,0.8888888888888888,high,
sneakers_162,sneakers,9.0,0.8888888888888888,high,
sneakers_163,sneakers,9.0,0.8888888888888888,high,
sneakers_164,sneakers,9.0,0.8888888888888888,high,
sneakers_165,sneakers,9.0,0.8888888888888888,high,
sneakers_166,sneakers,9.0,0.8888888888888888,high,
sneakers_167,sneakers,5.0,0.4444444444444444,medium,
sneakers_168,sneakers,9.0,0.8888888888888888,high,
sneakers_169,sneakers,9.0,0.8888888888888888,high,
sneakers_170,sneakers,9.0,0.8888888888888888,high,
sneakers_171,sneakers,9.0,0.8888888888888888,high,
sneakers_172,sneakers,9.0,0.8888888888888888,high,
sneakers_173,sneakers,5.0,0.4444444444444444,medium,
sneakers_174,sneakers,9.0,0.8888888888888888,high,
sneakers_175,sneakers,9.0,0.8888888888888888,high,
sneakers_176,sneakers,9.0,0.8888888888888888,high,
sneakers_177,sneakers,9.0,0.8888888888888888,high,
sneakers_178,sneakers,9.0,0.8888888888888888,high,
sneakers_179,sneakers,9.0,0.8888888888888888,high,recovered_score: Unterminated string starting at: line 4 column 23 (char 77)
sneakers_180,sneakers,9.0,0.8888888888888888,high,
sneakers_181,sneakers,9.0,0.8888888888888888,high,
sneakers_182,sneakers,9.0,0.8888888888888888,high,
sneakers_183,sneakers,5.0,0.4444444444444444,medium,
sneakers_184,sneakers,9.0,0.8888888888888888,high,
sneakers_185,sneakers,9.0,0.8888888888888888,high,
sneakers_186,sneakers,9.0,0.8888888888888888,high,
sneakers_187,sneakers,9.0,0.8888888888888888,high,
sneakers_188,sneakers,9.0,0.8888888888888888,high,
sneakers_189,sneakers,9.0,0.8888888888888888,high,
sneakers_190,sneakers,9.0,0.8888888888888888,high,
sneakers_191,sneakers,9.0,0.8888888888888888,high,
sneakers_192,sneakers,9.0,0.8888888888888888,high,
sneakers_193,sneakers,9.0,0.8888888888888888,high,
sneakers_194,sneakers,9.0,0.8888888888888888,high,
sneakers_195,sneakers,9.0,0.8888888888888888,high,recovered_score: Unterminated string starting at: line 4 column 23 (char 77)
sneakers_196,sneakers,9.0,0.8888888888888888,high,
sneakers_197,sneakers,9.0,0.8888888888888888,high,
sneakers_198,sneakers,9.0,0.8888888888888888,high,
sneakers_199,sneakers,9.0,0.8888888888888888,high,
sneakers_200,sneakers,9.0,0.8888888888888888,high,
sports_car_001,sports_car,9.0,0.8888888888888888,high,
sports_car_002,sports_car,8.0,0.7777777777777778,high,
sports_car_003,sports_car,9.0,0.8888888888888888,high,
sports_car_004,sports_car,8.0,0.7777777777777778,high,"recovered_score: Expecting ',' delimiter: line 4 column 273 (char 330)"
sports_car_005,sports_car,9.0,0.8888888888888888,high,
sports_car_006,sports_car,9.0,0.8888888888888888,high,
sports_car_007,sports_car,9.0,0.8888888888888888,high,
sports_car_008,sports_car,9.0,0.8888888888888888,high,
sports_car_009,sports_car,8.0,0.7777777777777778,high,
sports_car_010,sports_car,9.0,0.8888888888888888,high,
sports_car_011,sports_car,9.0,0.8888888888888888,high,
sports_car_012,sports_car,8.0,0.7777777777777778,high,
sports_car_013,sports_car,9.0,0.8888888888888888,high,
sports_car_014,sports_car,8.0,0.7777777777777778,high,recovered_score: Unterminated string starting at: line 4 column 23 (char 80)
sports_car_015,sports_car,9.0,0.8888888888888888,high,recovered_score: Unterminated string starting at: line 4 column 23 (char 77)
sports_car_016,sports_car,9.0,0.8888888888888888,high,
sports_car_017,sports_car,9.0,0.8888888888888888,high,
sports_car_018,sports_car,9.0,0.8888888888888888,high,
sports_car_019,sports_car,9.0,0.8888888888888888,high,
sports_car_020,sports_car,9.0,0.8888888888888888,high,
sports_car_021,sports_car,9.0,0.8888888888888888,high,
sports_car_022,sports_car,9.0,0.8888888888888888,high,
sports_car_023,sports_car,8.0,0.7777777777777778,high,recovered_score: Unterminated string starting at: line 4 column 23 (char 80)
sports_car_024,sports_car,9.0,0.8888888888888888,high,
sports_car_025,sports_car,8.0,0.7777777777777778,high,recovered_score: Unterminated string starting at: line 4 column 23 (char 80)
sports_car_026,sports_car,9.0,0.8888888888888888,high,
sports_car_027,sports_car,9.0,0.8888888888888888,high,
sports_car_028,sports_car,9.0,0.8888888888888888,high,recovered_score: Unterminated string starting at: line 4 column 23 (char 77)
sports_car_029,sports_car,9.0,0.8888888888888888,high,recovered_score: Unterminated string starting at: line 4 column 23 (char 77)
sports_car_030,sports_car,9.0,0.8888888888888888,high,
sports_car_031,sports_car,9.0,0.8888888888888888,high,recovered_score: Unterminated string starting at: line 4 column 23 (char 77)
sports_car_032,sports_car,9.0,0.8888888888888888,high,
sports_car_033,sports_car,5.0,0.4444444444444444,medium,
sports_car_034,sports_car,9.0,0.8888888888888888,high,recovered_score: Unterminated string starting at: line 4 column 23 (char 77)
sports_car_035,sports_car,9.0,0.8888888888888888,high,recovered_score: Unterminated string starting at: line 4 column 23 (char 77)
sports_car_036,sports_car,8.0,0.7777777777777778,high,"recovered_score: Expecting ',' delimiter: line 4 column 273 (char 330)"
sports_car_037,sports_car,9.0,0.8888888888888888,high,
sports_car_038,sports_car,9.0,0.8888888888888888,high,recovered_score: Unterminated string starting at: line 4 column 23 (char 77)
sports_car_039,sports_car,9.0,0.8888888888888888,high,"recovered_score: Expecting ',' delimiter: line 4 column 279 (char 333)"
sports_car_040,sports_car,9.0,0.8888888888888888,high,
sports_car_041,sports_car,8.0,0.7777777777777778,high,recovered_score: Unterminated string starting at: line 4 column 23 (char 80)
sports_car_042,sports_car,9.0,0.8888888888888888,high,
sports_car_043,sports_car,9.0,0.8888888888888888,high,
sports_car_044,sports_car,5.0,0.4444444444444444,medium,recovered_score: Unterminated string starting at: line 4 column 23 (char 80)
sports_car_045,sports_car,8.0,0.7777777777777778,high,
sports_car_046,sports_car,9.0,0.8888888888888888,high,
sports_car_047,sports_car,8.0,0.7777777777777778,high,
sports_car_048,sports_car,9.0,0.8888888888888888,high,recovered_score: Unterminated string starting at: line 4 column 23 (char 77)
sports_car_049,sports_car,9.0,0.8888888888888888,high,
sports_car_050,sports_car,8.0,0.7777777777777778,high,
sports_car_051,sports_car,9.0,0.8888888888888888,high,recovered_score: Unterminated string starting at: line 4 column 23 (char 77)
sports_car_052,sports_car,9.0,0.8888888888888888,high,
sports_car_053,sports_car,9.0,0.8888888888888888,high,
sports_car_054,sports_car,9.0,0.8888888888888888,high,"recovered_score: Expecting ',' delimiter: line 4 column 274 (char 328)"
sports_car_055,sports_car,9.0,0.8888888888888888,high,
sports_car_056,sports_car,9.0,0.8888888888888888,high,
sports_car_057,sports_car,9.0,0.8888888888888888,high,
sports_car_058,sports_car,9.0,0.8888888888888888,high,recovered_score: Unterminated string starting at: line 4 column 23 (char 77)
sports_car_059,sports_car,9.0,0.8888888888888888,high,
sports_car_060,sports_car,9.0,0.8888888888888888,high,
sports_car_061,sports_car,9.0,0.8888888888888888,high,
sports_car_062,sports_car,9.0,0.8888888888888888,high,recovered_score: Unterminated string starting at: line 4 column 23 (char 77)
sports_car_063,sports_car,9.0,0.8888888888888888,high,
sports_car_064,sports_car,9.0,0.8888888888888888,high,recovered_score: Unterminated string starting at: line 4 column 23 (char 77)
sports_car_065,sports_car,9.0,0.8888888888888888,high,
sports_car_066,sports_car,9.0,0.8888888888888888,high,
sports_car_067,sports_car,8.0,0.7777777777777778,high,
sports_car_068,sports_car,9.0,0.8888888888888888,high,recovered_score: Unterminated string starting at: line 4 column 23 (char 77)
sports_car_069,sports_car,8.0,0.7777777777777778,high,recovered_score: Unterminated string starting at: line 4 column 23 (char 80)
sports_car_070,sports_car,9.0,0.8888888888888888,high,recovered_score: Unterminated string starting at: line 4 column 23 (char 77)
sports_car_071,sports_car,9.0,0.8888888888888888,high,
sports_car_072,sports_car,9.0,0.8888888888888888,high,
sports_car_073,sports_car,9.0,0.8888888888888888,high,recovered_score: Unterminated string starting at: line 4 column 23 (char 77)
sports_car_074,sports_car,9.0,0.8888888888888888,high,
sports_car_075,sports_car,5.0,0.4444444444444444,medium,recovered_score: Unterminated string starting at: line 4 column 23 (char 80)
sports_car_076,sports_car,9.0,0.8888888888888888,high,
sports_car_077,sports_car,9.0,0.8888888888888888,high,recovered_score: Unterminated string starting at: line 4 column 23 (char 77)
sports_car_078,sports_car,9.0,0.8888888888888888,high,
sports_car_079,sports_car,8.0,0.7777777777777778,high,
sports_car_080,sports_car,9.0,0.8888888888888888,high,
sports_car_081,sports_car,9.0,0.8888888888888888,high,
sports_car_082,sports_car,9.0,0.8888888888888888,high,
sports_car_083,sports_car,9.0,0.8888888888888888,high,recovered_score: Unterminated string starting at: line 4 column 23 (char 77)
sports_car_084,sports_car,9.0,0.8888888888888888,high,
sports_car_085,sports_car,9.0,0.8888888888888888,high,recovered_score: Unterminated string starting at: line 4 column 23 (char 77)
sports_car_086,sports_car,9.0,0.8888888888888888,high,
sports_car_087,sports_car,9.0,0.8888888888888888,high,recovered_score: Unterminated string starting at: line 4 column 23 (char 77)
sports_car_088,sports_car,8.0,0.7777777777777778,high,
sports_car_089,sports_car,8.0,0.7777777777777778,high,recovered_score: Unterminated string starting at: line 4 column 23 (char 80)
sports_car_090,sports_car,8.0,0.7777777777777778,high,
sports_car_091,sports_car,9.0,0.8888888888888888,high,
sports_car_092,sports_car,9.0,0.8888888888888888,high,
sports_car_093,sports_car,9.0,0.8888888888888888,high,
sports_car_094,sports_car,8.0,0.7777777777777778,high,"recovered_score: Expecting ',' delimiter: line 4 column 275 (char 332)"
sports_car_095,sports_car,9.0,0.8888888888888888,high,
sports_car_096,sports_car,9.0,0.8888888888888888,high,
sports_car_097,sports_car,9.0,0.8888888888888888,high,
sports_car_098,sports_car,9.0,0.8888888888888888,high,
sports_car_099,sports_car,9.0,0.8888888888888888,high,recovered_score: Unterminated string starting at: line 4 column 23 (char 77)
sports_car_100,sports_car,9.0,0.8888888888888888,high,recovered_score: Unterminated string starting at: line 4 column 23 (char 77)
sports_car_101,sports_car,9.0,0.8888888888888888,high,
sports_car_102,sports_car,9.0,0.8888888888888888,high,
sports_car_103,sports_car,9.0,0.8888888888888888,high,
sports_car_104,sports_car,9.0,0.8888888888888888,high,
sports_car_105,sports_car,9.0,0.8888888888888888,high,recovered_score: Unterminated string starting at: line 4 column 23 (char 77)
sports_car_106,sports_car,8.0,0.7777777777777778,high,
sports_car_107,sports_car,8.0,0.7777777777777778,high,
sports_car_108,sports_car,9.0,0.8888888888888888,high,
sports_car_109,sports_car,9.0,0.8888888888888888,high,recovered_score: Unterminated string starting at: line 4 column 23 (char 77)
sports_car_110,sports_car,9.0,0.8888888888888888,high,
sports_car_111,sports_car,5.0,0.4444444444444444,medium,recovered_score: Unterminated string starting at: line 4 column 23 (char 80)
sports_car_112,sports_car,9.0,0.8888888888888888,high,
sports_car_113,sports_car,9.0,0.8888888888888888,high,
sports_car_114,sports_car,9.0,0.8888888888888888,high,
sports_car_115,sports_car,8.0,0.7777777777777778,high,recovered_score: Unterminated string starting at: line 4 column 23 (char 80)
sports_car_116,sports_car,5.0,0.4444444444444444,medium,
sports_car_117,sports_car,8.0,0.7777777777777778,high,"recovered_score: Expecting ',' delimiter: line 4 column 273 (char 330)"
sports_car_118,sports_car,9.0,0.8888888888888888,high,
sports_car_119,sports_car,9.0,0.8888888888888888,high,
sports_car_120,sports_car,5.0,0.4444444444444444,medium,"recovered_score: Expecting ',' delimiter: line 4 column 273 (char 330)"
sports_car_121,sports_car,9.0,0.8888888888888888,high,
sports_car_122,sports_car,8.0,0.7777777777777778,high,
sports_car_123,sports_car,9.0,0.8888888888888888,high,
sports_car_124,sports_car,9.0,0.8888888888888888,high,
sports_car_125,sports_car,8.0,0.7777777777777778,high,recovered_score: Unterminated string starting at: line 4 column 23 (char 80)
sports_car_126,sports_car,9.0,0.8888888888888888,high,recovered_score: Unterminated string starting at: line 4 column 23 (char 77)
sports_car_127,sports_car,8.0,0.7777777777777778,high,
sports_car_128,sports_car,9.0,0.8888888888888888,high,
sports_car_129,sports_car,9.0,0.8888888888888888,high,
sports_car_130,sports_car,9.0,0.8888888888888888,high,recovered_score: Unterminated string starting at: line 4 column 23 (char 77)
sports_car_131,sports_car,9.0,0.8888888888888888,high,
sports_car_132,sports_car,9.0,0.8888888888888888,high,recovered_score: Unterminated string starting at: line 4 column 23 (char 77)
sports_car_133,sports_car,9.0,0.8888888888888888,high,recovered_score: Unterminated string starting at: line 4 column 23 (char 77)
sports_car_134,sports_car,9.0,0.8888888888888888,high,
sports_car_135,sports_car,9.0,0.8888888888888888,high,recovered_score: Unterminated string starting at: line 4 column 23 (char 77)
sports_car_136,sports_car,9.0,0.8888888888888888,high,
sports_car_137,sports_car,9.0,0.8888888888888888,high,
sports_car_138,sports_car,9.0,0.8888888888888888,high,
sports_car_139,sports_car,8.0,0.7777777777777778,high,
sports_car_140,sports_car,9.0,0.8888888888888888,high,
sports_car_141,sports_car,9.0,0.8888888888888888,high,recovered_score: Unterminated string starting at: line 4 column 23 (char 77)
sports_car_142,sports_car,9.0,0.8888888888888888,high,
sports_car_143,sports_car,9.0,0.8888888888888888,high,
sports_car_144,sports_car,9.0,0.8888888888888888,high,recovered_score: Unterminated string starting at: line 4 column 23 (char 77)
sports_car_145,sports_car,9.0,0.8888888888888888,high,
sports_car_146,sports_car,8.0,0.7777777777777778,high,
sports_car_147,sports_car,9.0,0.8888888888888888,high,
sports_car_148,sports_car,8.0,0.7777777777777778,high,"recovered_score: Expecting ',' delimiter: line 4 column 273 (char 330)"
sports_car_149,sports_car,9.0,0.8888888888888888,high,
sports_car_150,sports_car,9.0,0.8888888888888888,high,
sports_car_151,sports_car,9.0,0.8888888888888888,high,recovered_score: Unterminated string starting at: line 4 column 23 (char 77)
sports_car_152,sports_car,5.0,0.4444444444444444,medium,
sports_car_153,sports_car,9.0,0.8888888888888888,high,
sports_car_154,sports_car,9.0,0.8888888888888888,high,
sports_car_155,sports_car,9.0,0.8888888888888888,high,recovered_score: Unterminated string starting at: line 4 column 23 (char 77)
sports_car_156,sports_car,9.0,0.8888888888888888,high,
sports_car_157,sports_car,9.0,0.8888888888888888,high,
sports_car_158,sports_car,9.0,0.8888888888888888,high,
sports_car_159,sports_car,9.0,0.8888888888888888,high,
sports_car_160,sports_car,8.0,0.7777777777777778,high,
sports_car_161,sports_car,9.0,0.8888888888888888,high,
sports_car_162,sports_car,9.0,0.8888888888888888,high,
sports_car_163,sports_car,9.0,0.8888888888888888,high,recovered_score: Unterminated string starting at: line 4 column 23 (char 77)
sports_car_164,sports_car,9.0,0.8888888888888888,high,
sports_car_165,sports_car,9.0,0.8888888888888888,high,
sports_car_166,sports_car,9.0,0.8888888888888888,high,recovered_score: Unterminated string starting at: line 4 column 23 (char 77)
sports_car_167,sports_car,9.0,0.8888888888888888,high,
sports_car_168,sports_car,5.0,0.4444444444444444,medium,recovered_score: Unterminated string starting at: line 4 column 23 (char 80)
sports_car_169,sports_car,9.0,0.8888888888888888,high,
sports_car_170,sports_car,9.0,0.8888888888888888,high,
sports_car_171,sports_car,9.0,0.8888888888888888,high,
sports_car_172,sports_car,9.0,0.8888888888888888,high,
sports_car_173,sports_car,8.0,0.7777777777777778,high,"recovered_score: Expecting ',' delimiter: line 4 column 273 (char 330)"
sports_car_174,sports_car,9.0,0.8888888888888888,high,
sports_car_175,sports_car,9.0,0.8888888888888888,high,
sports_car_176,sports_car,5.0,0.4444444444444444,medium,"recovered_score: Expecting ',' delimiter: line 4 column 276 (char 333)"
sports_car_177,sports_car,9.0,0.8888888888888888,high,recovered_score: Unterminated string starting at: line 4 column 23 (char 77)
sports_car_178,sports_car,9.0,0.8888888888888888,high,recovered_score: Unterminated string starting at: line 4 column 23 (char 77)
sports_car_179,sports_car,9.0,0.8888888888888888,high,
sports_car_180,sports_car,9.0,0.8888888888888888,high,recovered_score: Unterminated string starting at: line 4 column 23 (char 77)
sports_car_181,sports_car,8.0,0.7777777777777778,high,recovered_score: Unterminated string starting at: line 4 column 23 (char 80)
sports_car_182,sports_car,8.0,0.7777777777777778,high,
sports_car_183,sports_car,9.0,0.8888888888888888,high,recovered_score: Unterminated string starting at: line 4 column 23 (char 77)
sports_car_184,sports_car,8.0,0.7777777777777778,high,
sports_car_185,sports_car,9.0,0.8888888888888888,high,
sports_car_186,sports_car,9.0,0.8888888888888888,high,
sports_car_187,sports_car,9.0,0.8888888888888888,high,recovered_score: Unterminated string starting at: line 4 column 23 (char 77)
sports_car_188,sports_car,9.0,0.8888888888888888,high,
sports_car_189,sports_car,9.0,0.8888888888888888,high,recovered_score: Unterminated string starting at: line 4 column 23 (char 77)
sports_car_190,sports_car,9.0,0.8888888888888888,high,
sports_car_191,sports_car,9.0,0.8888888888888888,high,
sports_car_192,sports_car,9.0,0.8888888888888888,high,recovered_score: Unterminated string starting at: line 4 column 23 (char 77)
sports_car_193,sports_car,8.0,0.7777777777777778,high,recovered_score: Unterminated string starting at: line 4 column 23 (char 80)
sports_car_194,sports_car,9.0,0.8888888888888888,high,recovered_score: Unterminated string starting at: line 4 column 23 (char 77)
sports_car_195,sports_car,9.0,0.8888888888888888,high,
sports_car_196,sports_car,9.0,0.8888888888888888,high,
sports_car_197,sports_car,9.0,0.8888888888888888,high,recovered_score: Unterminated string starting at: line 4 column 23 (char 77)
sports_car_198,sports_car,9.0,0.8888888888888888,high,recovered_score: Unterminated string starting at: line 4 column 23 (char 77)
sports_car_199,sports_car,9.0,0.8888888888888888,high,recovered_score: Unterminated string starting at: line 4 column 23 (char 77)
sports_car_200,sports_car,9.0,0.8888888888888888,high,recovered_score: Unterminated string starting at: line 4 column 23 (char 77)
vacuum_cleaner_001,vacuum_cleaner,5.0,0.4444444444444444,medium,
vacuum_cleaner_002,vacuum_cleaner,5.0,0.4444444444444444,medium,
vacuum_cleaner_003,vacuum_cleaner,5.0,0.4444444444444444,medium,
vacuum_cleaner_004,vacuum_cleaner,5.0,0.4444444444444444,medium,
vacuum_cleaner_005,vacuum_cleaner,5.0,0.4444444444444444,medium,recovered_score: Unterminated string starting at: line 4 column 23 (char 80)
vacuum_cleaner_006,vacuum_cleaner,5.0,0.4444444444444444,medium,recovered_score: Unterminated string starting at: line 4 column 23 (char 80)
vacuum_cleaner_007,vacuum_cleaner,5.0,0.4444444444444444,medium,
vacuum_cleaner_008,vacuum_cleaner,5.0,0.4444444444444444,medium,
vacuum_cleaner_009,vacuum_cleaner,5.0,0.4444444444444444,medium,
vacuum_cleaner_010,vacuum_cleaner,5.0,0.4444444444444444,medium,
vacuum_cleaner_011,vacuum_cleaner,5.0,0.4444444444444444,medium,
vacuum_cleaner_012,vacuum_cleaner,5.0,0.4444444444444444,medium,
vacuum_cleaner_013,vacuum_cleaner,5.0,0.4444444444444444,medium,
vacuum_cleaner_014,vacuum_cleaner,5.0,0.4444444444444444,medium,
vacuum_cleaner_015,vacuum_cleaner,5.0,0.4444444444444444,medium,
vacuum_cleaner_016,vacuum_cleaner,5.0,0.4444444444444444,medium,
vacuum_cleaner_017,vacuum_cleaner,5.0,0.4444444444444444,medium,
vacuum_cleaner_018,vacuum_cleaner,5.0,0.4444444444444444,medium,recovered_score: Unterminated string starting at: line 4 column 23 (char 80)
vacuum_cleaner_019,vacuum_cleaner,5.0,0.4444444444444444,medium,
vacuum_cleaner_020,vacuum_cleaner,5.0,0.4444444444444444,medium,
vacuum_cleaner_021,vacuum_cleaner,5.0,0.4444444444444444,medium,
vacuum_cleaner_022,vacuum_cleaner,5.0,0.4444444444444444,medium,
vacuum_cleaner_023,vacuum_cleaner,5.0,0.4444444444444444,medium,
vacuum_cleaner_024,vacuum_cleaner,5.0,0.4444444444444444,medium,
vacuum_cleaner_025,vacuum_cleaner,5.0,0.4444444444444444,medium,
vacuum_cleaner_026,vacuum_cleaner,5.0,0.4444444444444444,medium,
vacuum_cleaner_027,vacuum_cleaner,5.0,0.4444444444444444,medium,
vacuum_cleaner_028,vacuum_cleaner,5.0,0.4444444444444444,medium,
vacuum_cleaner_029,vacuum_cleaner,5.0,0.4444444444444444,medium,
vacuum_cleaner_030,vacuum_cleaner,5.0,0.4444444444444444,medium,
vacuum_cleaner_031,vacuum_cleaner,5.0,0.4444444444444444,medium,
vacuum_cleaner_032,vacuum_cleaner,5.0,0.4444444444444444,medium,
vacuum_cleaner_033,vacuum_cleaner,5.0,0.4444444444444444,medium,
vacuum_cleaner_034,vacuum_cleaner,5.0,0.4444444444444444,medium,
vacuum_cleaner_035,vacuum_cleaner,5.0,0.4444444444444444,medium,
vacuum_cleaner_036,vacuum_cleaner,5.0,0.4444444444444444,medium,
vacuum_cleaner_037,vacuum_cleaner,5.0,0.4444444444444444,medium,
vacuum_cleaner_038,vacuum_cleaner,5.0,0.4444444444444444,medium,
vacuum_cleaner_039,vacuum_cleaner,5.0,0.4444444444444444,medium,
vacuum_cleaner_040,vacuum_cleaner,5.0,0.4444444444444444,medium,
vacuum_cleaner_041,vacuum_cleaner,5.0,0.4444444444444444,medium,
vacuum_cleaner_042,vacuum_cleaner,5.0,0.4444444444444444,medium,
vacuum_cleaner_043,vacuum_cleaner,5.0,0.4444444444444444,medium,
vacuum_cleaner_044,vacuum_cleaner,5.0,0.4444444444444444,medium,
vacuum_cleaner_045,vacuum_cleaner,5.0,0.4444444444444444,medium,
vacuum_cleaner_046,vacuum_cleaner,5.0,0.4444444444444444,medium,
vacuum_cleaner_047,vacuum_cleaner,5.0,0.4444444444444444,medium,recovered_score: Unterminated string starting at: line 4 column 23 (char 80)
vacuum_cleaner_048,vacuum_cleaner,5.0,0.4444444444444444,medium,
vacuum_cleaner_049,vacuum_cleaner,5.0,0.4444444444444444,medium,
vacuum_cleaner_050,vacuum_cleaner,5.0,0.4444444444444444,medium,recovered_score: Unterminated string starting at: line 4 column 23 (char 80)
vacuum_cleaner_051,vacuum_cleaner,5.0,0.4444444444444444,medium,
vacuum_cleaner_052,vacuum_cleaner,5.0,0.4444444444444444,medium,
vacuum_cleaner_053,vacuum_cleaner,5.0,0.4444444444444444,medium,
vacuum_cleaner_054,vacuum_cleaner,5.0,0.4444444444444444,medium,
vacuum_cleaner_055,vacuum_cleaner,5.0,0.4444444444444444,medium,
vacuum_cleaner_056,vacuum_cleaner,5.0,0.4444444444444444,medium,
vacuum_cleaner_057,vacuum_cleaner,5.0,0.4444444444444444,medium,
vacuum_cleaner_058,vacuum_cleaner,5.0,0.4444444444444444,medium,
vacuum_cleaner_059,vacuum_cleaner,5.0,0.4444444444444444,medium,
vacuum_cleaner_060,vacuum_cleaner,5.0,0.4444444444444444,medium,
vacuum_cleaner_061,vacuum_cleaner,5.0,0.4444444444444444,medium,
vacuum_cleaner_062,vacuum_cleaner,5.0,0.4444444444444444,medium,
vacuum_cleaner_063,vacuum_cleaner,5.0,0.4444444444444444,medium,
vacuum_cleaner_064,vacuum_cleaner,5.0,0.4444444444444444,medium,
vacuum_cleaner_065,vacuum_cleaner,5.0,0.4444444444444444,medium,
vacuum_cleaner_066,vacuum_cleaner,5.0,0.4444444444444444,medium,
vacuum_cleaner_067,vacuum_cleaner,5.0,0.4444444444444444,medium,
vacuum_cleaner_068,vacuum_cleaner,5.0,0.4444444444444444,medium,
vacuum_cleaner_069,vacuum_cleaner,5.0,0.4444444444444444,medium,
vacuum_cleaner_070,vacuum_cleaner,5.0,0.4444444444444444,medium,
vacuum_cleaner_071,vacuum_cleaner,5.0,0.4444444444444444,medium,
vacuum_cleaner_072,vacuum_cleaner,5.0,0.4444444444444444,medium,
vacuum_cleaner_073,vacuum_cleaner,5.0,0.4444444444444444,medium,
vacuum_cleaner_074,vacuum_cleaner,5.0,0.4444444444444444,medium,
vacuum_cleaner_075,vacuum_cleaner,5.0,0.4444444444444444,medium,
vacuum_cleaner_076,vacuum_cleaner,5.0,0.4444444444444444,medium,
vacuum_cleaner_077,vacuum_cleaner,5.0,0.4444444444444444,medium,
vacuum_cleaner_078,vacuum_cleaner,5.0,0.4444444444444444,medium,
vacuum_cleaner_079,vacuum_cleaner,5.0,0.4444444444444444,medium,
vacuum_cleaner_080,vacuum_cleaner,5.0,0.4444444444444444,medium,
vacuum_cleaner_081,vacuum_cleaner,5.0,0.4444444444444444,medium,
vacuum_cleaner_082,vacuum_cleaner,5.0,0.4444444444444444,medium,
vacuum_cleaner_083,vacuum_cleaner,5.0,0.4444444444444444,medium,
vacuum_cleaner_084,vacuum_cleaner,5.0,0.4444444444444444,medium,
vacuum_cleaner_085,vacuum_cleaner,5.0,0.4444444444444444,medium,
vacuum_cleaner_086,vacuum_cleaner,5.0,0.4444444444444444,medium,
vacuum_cleaner_087,vacuum_cleaner,5.0,0.4444444444444444,medium,
vacuum_cleaner_088,vacuum_cleaner,5.0,0.4444444444444444,medium,
vacuum_cleaner_089,vacuum_cleaner,5.0,0.4444444444444444,medium,
vacuum_cleaner_090,vacuum_cleaner,5.0,0.4444444444444444,medium,
vacuum_cleaner_091,vacuum_cleaner,5.0,0.4444444444444444,medium,
vacuum_cleaner_092,vacuum_cleaner,5.0,0.4444444444444444,medium,recovered_score: Unterminated string starting at: line 4 column 23 (char 80)
vacuum_cleaner_093,vacuum_cleaner,5.0,0.4444444444444444,medium,
vacuum_cleaner_094,vacuum_cleaner,5.0,0.4444444444444444,medium,
vacuum_cleaner_095,vacuum_cleaner,5.0,0.4444444444444444,medium,
vacuum_cleaner_096,vacuum_cleaner,5.0,0.4444444444444444,medium,recovered_score: Unterminated string starting at: line 4 column 23 (char 80)
vacuum_cleaner_097,vacuum_cleaner,5.0,0.4444444444444444,medium,
vacuum_cleaner_098,vacuum_cleaner,5.0,0.4444444444444444,medium,
vacuum_cleaner_099,vacuum_cleaner,5.0,0.4444444444444444,medium,
vacuum_cleaner_100,vacuum_cleaner,5.0,0.4444444444444444,medium,
vacuum_cleaner_101,vacuum_cleaner,5.0,0.4444444444444444,medium,
vacuum_cleaner_102,vacuum_cleaner,5.0,0.4444444444444444,medium,
vacuum_cleaner_103,vacuum_cleaner,5.0,0.4444444444444444,medium,
vacuum_cleaner_104,vacuum_cleaner,5.0,0.4444444444444444,medium,
vacuum_cleaner_105,vacuum_cleaner,5.0,0.4444444444444444,medium,recovered_score: Unterminated string starting at: line 4 column 23 (char 80)
vacuum_cleaner_106,vacuum_cleaner,5.0,0.4444444444444444,medium,
vacuum_cleaner_107,vacuum_cleaner,5.0,0.4444444444444444,medium,
vacuum_cleaner_108,vacuum_cleaner,5.0,0.4444444444444444,medium,
vacuum_cleaner_109,vacuum_cleaner,5.0,0.4444444444444444,medium,
vacuum_cleaner_110,vacuum_cleaner,5.0,0.4444444444444444,medium,
vacuum_cleaner_111,vacuum_cleaner,5.0,0.4444444444444444,medium,
vacuum_cleaner_112,vacuum_cleaner,5.0,0.4444444444444444,medium,
vacuum_cleaner_113,vacuum_cleaner,5.0,0.4444444444444444,medium,
vacuum_cleaner_114,vacuum_cleaner,5.0,0.4444444444444444,medium,
vacuum_cleaner_115,vacuum_cleaner,5.0,0.4444444444444444,medium,
vacuum_cleaner_116,vacuum_cleaner,5.0,0.4444444444444444,medium,
vacuum_cleaner_117,vacuum_cleaner,5.0,0.4444444444444444,medium,
vacuum_cleaner_118,vacuum_cleaner,5.0,0.4444444444444444,medium,
vacuum_cleaner_119,vacuum_cleaner,5.0,0.4444444444444444,medium,
vacuum_cleaner_120,vacuum_cleaner,5.0,0.4444444444444444,medium,
vacuum_cleaner_121,vacuum_cleaner,5.0,0.4444444444444444,medium,
vacuum_cleaner_122,vacuum_cleaner,5.0,0.4444444444444444,medium,
vacuum_cleaner_123,vacuum_cleaner,5.0,0.4444444444444444,medium,
vacuum_cleaner_124,vacuum_cleaner,5.0,0.4444444444444444,medium,
vacuum_cleaner_125,vacuum_cleaner,5.0,0.4444444444444444,medium,
vacuum_cleaner_126,vacuum_cleaner,5.0,0.4444444444444444,medium,
vacuum_cleaner_127,vacuum_cleaner,5.0,0.4444444444444444,medium,
vacuum_cleaner_128,vacuum_cleaner,5.0,0.4444444444444444,medium,
vacuum_cleaner_129,vacuum_cleaner,5.0,0.4444444444444444,medium,
vacuum_cleaner_130,vacuum_cleaner,5.0,0.4444444444444444,medium,
vacuum_cleaner_131,vacuum_cleaner,5.0,0.4444444444444444,medium,
vacuum_cleaner_132,vacuum_cleaner,5.0,0.4444444444444444,medium,
vacuum_cleaner_133,vacuum_cleaner,5.0,0.4444444444444444,medium,recovered_score: Unterminated string starting at: line 4 column 23 (char 80)
vacuum_cleaner_134,vacuum_cleaner,5.0,0.4444444444444444,medium,
vacuum_cleaner_135,vacuum_cleaner,5.0,0.4444444444444444,medium,
vacuum_cleaner_136,vacuum_cleaner,5.0,0.4444444444444444,medium,
vacuum_cleaner_137,vacuum_cleaner,5.0,0.4444444444444444,medium,recovered_score: Unterminated string starting at: line 4 column 23 (char 80)
vacuum_cleaner_138,vacuum_cleaner,5.0,0.4444444444444444,medium,
vacuum_cleaner_139,vacuum_cleaner,5.0,0.4444444444444444,medium,
vacuum_cleaner_140,vacuum_cleaner,5.0,0.4444444444444444,medium,
vacuum_cleaner_141,vacuum_cleaner,5.0,0.4444444444444444,medium,
vacuum_cleaner_142,vacuum_cleaner,5.0,0.4444444444444444,medium,
vacuum_cleaner_143,vacuum_cleaner,5.0,0.4444444444444444,medium,
vacuum_cleaner_144,vacuum_cleaner,5.0,0.4444444444444444,medium,
vacuum_cleaner_145,vacuum_cleaner,5.0,0.4444444444444444,medium,
vacuum_cleaner_146,vacuum_cleaner,5.0,0.4444444444444444,medium,
vacuum_cleaner_147,vacuum_cleaner,5.0,0.4444444444444444,medium,
vacuum_cleaner_148,vacuum_cleaner,5.0,0.4444444444444444,medium,
vacuum_cleaner_149,vacuum_cleaner,5.0,0.4444444444444444,medium,
vacuum_cleaner_150,vacuum_cleaner,5.0,0.4444444444444444,medium,
vacuum_cleaner_151,vacuum_cleaner,5.0,0.4444444444444444,medium,
vacuum_cleaner_152,vacuum_cleaner,5.0,0.4444444444444444,medium,
vacuum_cleaner_153,vacuum_cleaner,5.0,0.4444444444444444,medium,recovered_score: Unterminated string starting at: line 4 column 23 (char 80)
vacuum_cleaner_154,vacuum_cleaner,5.0,0.4444444444444444,medium,
vacuum_cleaner_155,vacuum_cleaner,5.0,0.4444444444444444,medium,
vacuum_cleaner_156,vacuum_cleaner,5.0,0.4444444444444444,medium,
vacuum_cleaner_157,vacuum_cleaner,5.0,0.4444444444444444,medium,
vacuum_cleaner_158,vacuum_cleaner,5.0,0.4444444444444444,medium,
vacuum_cleaner_159,vacuum_cleaner,5.0,0.4444444444444444,medium,
vacuum_cleaner_160,vacuum_cleaner,5.0,0.4444444444444444,medium,
vacuum_cleaner_161,vacuum_cleaner,5.0,0.4444444444444444,medium,
vacuum_cleaner_162,vacuum_cleaner,5.0,0.4444444444444444,medium,
vacuum_cleaner_163,vacuum_cleaner,5.0,0.4444444444444444,medium,
vacuum_cleaner_164,vacuum_cleaner,5.0,0.4444444444444444,medium,
vacuum_cleaner_165,vacuum_cleaner,5.0,0.4444444444444444,medium,
vacuum_cleaner_166,vacuum_cleaner,5.0,0.4444444444444444,medium,
vacuum_cleaner_167,vacuum_cleaner,5.0,0.4444444444444444,medium,
vacuum_cleaner_168,vacuum_cleaner,5.0,0.4444444444444444,medium,
vacuum_cleaner_169,vacuum_cleaner,5.0,0.4444444444444444,medium,
vacuum_cleaner_170,vacuum_cleaner,5.0,0.4444444444444444,medium,
vacuum_cleaner_171,vacuum_cleaner,5.0,0.4444444444444444,medium,
vacuum_cleaner_172,vacuum_cleaner,5.0,0.4444444444444444,medium,
vacuum_cleaner_173,vacuum_cleaner,5.0,0.4444444444444444,medium,
vacuum_cleaner_174,vacuum_cleaner,5.0,0.4444444444444444,medium,
vacuum_cleaner_175,vacuum_cleaner,5.0,0.4444444444444444,medium,
vacuum_cleaner_176,vacuum_cleaner,5.0,0.4444444444444444,medium,
vacuum_cleaner_177,vacuum_cleaner,5.0,0.4444444444444444,medium,
vacuum_cleaner_178,vacuum_cleaner,5.0,0.4444444444444444,medium,
vacuum_cleaner_179,vacuum_cleaner,5.0,0.4444444444444444,medium,
vacuum_cleaner_180,vacuum_cleaner,5.0,0.4444444444444444,medium,
vacuum_cleaner_181,vacuum_cleaner,5.0,0.4444444444444444,medium,
vacuum_cleaner_182,vacuum_cleaner,5.0,0.4444444444444444,medium,recovered_score: Unterminated string starting at: line 4 column 23 (char 80)
vacuum_cleaner_183,vacuum_cleaner,5.0,0.4444444444444444,medium,
vacuum_cleaner_184,vacuum_cleaner,5.0,0.4444444444444444,medium,
vacuum_cleaner_185,vacuum_cleaner,5.0,0.4444444444444444,medium,
vacuum_cleaner_186,vacuum_cleaner,5.0,0.4444444444444444,medium,
vacuum_cleaner_187,vacuum_cleaner,5.0,0.4444444444444444,medium,
vacuum_cleaner_188,vacuum_cleaner,5.0,0.4444444444444444,medium,
vacuum_cleaner_189,vacuum_cleaner,5.0,0.4444444444444444,medium,
vacuum_cleaner_190,vacuum_cleaner,5.0,0.4444444444444444,medium,
vacuum_cleaner_191,vacuum_cleaner,5.0,0.4444444444444444,medium,
vacuum_cleaner_192,vacuum_cleaner,5.0,0.4444444444444444,medium,"recovered_score: Expecting ',' delimiter: line 4 column 264 (char 321)"
vacuum_cleaner_193,vacuum_cleaner,5.0,0.4444444444444444,medium,
vacuum_cleaner_194,vacuum_cleaner,5.0,0.4444444444444444,medium,
vacuum_cleaner_195,vacuum_cleaner,5.0,0.4444444444444444,medium,
vacuum_cleaner_196,vacuum_cleaner,5.0,0.4444444444444444,medium,
vacuum_cleaner_197,vacuum_cleaner,5.0,0.4444444444444444,medium,
vacuum_cleaner_198,vacuum_cleaner,5.0,0.4444444444444444,medium,
vacuum_cleaner_199,vacuum_cleaner,5.0,0.4444444444444444,medium,
vacuum_cleaner_200,vacuum_cleaner,5.0,0.4444444444444444,medium,
