rater,image_id,recognized_as_product,image_quality,target_category_recognizability,confidence,design_intent,function_aesthetic_score,form_function_consistency,category,sample_index,image_file,generation_model
R01,lounge_chair_024,yes,4,4,3,aesthetics,4,3,lounge_chair,24,lounge_chair_024.png,FLUX.2-klein-base-9B
R01,desk_lamp_003,yes,4,4,3,functionality,3,4,desk_lamp,3,desk_lamp_003.png,FLUX.2-klein-base-9B
R01,lounge_chair_017,yes,3,4,3,usability,3,4,lounge_chair,17,lounge_chair_017.png,FLUX.2-klein-base-9B
R01,broom_002,partial,2,2,3,usability,2,2,broom,2,broom_002.png,FLUX.2-klein-base-9B
R01,broom_014,partial,2,3,3,functionality,2,3,broom,14,broom_014.png,FLUX.2-klein-base-9B
R01,electric_kettle_019,yes,4,4,4,functionality,3,4,electric_kettle,19,electric_kettle_019.png,FLUX.2-klein-base-9B
R01,sports_car_019,yes,4,4,4,aesthetics,4,4,sports_car,19,sports_car_019.png,FLUX.2-klein-base-9B
R01,early_automobile_018,yes,2,4,3,symbolism,5,4,early_automobile,18,early_automobile_018.png,FLUX.2-klein-base-9B
R01,sports_car_010,yes,3,4,4,aesthetics,4,4,sports_car,10,sports_car_010.png,FLUX.2-klein-base-9B
R01,lounge_chair_008,partial,3,4,3,usability,3,3,lounge_chair,8,lounge_chair_008.png,FLUX.2-klein-base-9B
R01,sports_car_002,yes,3,4,4,aesthetics,4,4,sports_car,2,sports_car_002.png,FLUX.2-klein-base-9B
R01,sneakers_007,yes,3,4,4,usability,3,4,sneakers,7,sneakers_007.png,FLUX.2-klein-base-9B
R01,broom_009,no,3,2,3,symbolism,3,2,broom,9,broom_009.png,FLUX.2-klein-base-9B
R01,desk_lamp_014,yes,4,4,3,aesthetics,4,4,desk_lamp,14,desk_lamp_014.png,FLUX.2-klein-base-9B
R01,early_automobile_007,yes,4,4,4,symbolism,5,4,early_automobile,7,early_automobile_007.png,FLUX.2-klein-base-9B
R01,sneakers_019,yes,4,4,4,usability,3,4,sneakers,19,sneakers_019.png,FLUX.2-klein-base-9B
R01,lounge_chair_021,yes,4,4,4,usability,3,4,lounge_chair,21,lounge_chair_021.png,FLUX.2-klein-base-9B
R01,electric_kettle_002,yes,4,4,4,functionality,3,4,electric_kettle,2,electric_kettle_002.png,FLUX.2-klein-base-9B
R01,sneakers_012,yes,2,4,4,usability,3,4,sneakers,12,sneakers_012.png,FLUX.2-klein-base-9B
R01,vacuum_cleaner_006,yes,3,4,4,functionality,1,4,vacuum_cleaner,6,vacuum_cleaner_006.png,FLUX.2-klein-base-9B
R01,desk_lamp_025,yes,4,4,4,functionality,3,4,desk_lamp,25,desk_lamp_025.png,FLUX.2-klein-base-9B
R01,electric_kettle_025,yes,4,4,4,functionality,1,4,electric_kettle,25,electric_kettle_025.png,FLUX.2-klein-base-9B
R01,sports_car_017,yes,4,4,3,aesthetics,4,4,sports_car,17,sports_car_017.png,FLUX.2-klein-base-9B
R01,desk_lamp_006,partial,2,2,2,aesthetics,3,3,desk_lamp,6,desk_lamp_006.png,FLUX.2-klein-base-9B
R01,early_automobile_016,yes,4,4,4,symbolism,5,4,early_automobile,16,early_automobile_016.png,FLUX.2-klein-base-9B
R01,sports_car_016,yes,4,4,4,aesthetics,4,4,sports_car,16,sports_car_016.png,FLUX.2-klein-base-9B
R01,sports_car_015,yes,4,4,4,aesthetics,4,4,sports_car,15,sports_car_015.png,FLUX.2-klein-base-9B
R01,early_automobile_009,yes,4,4,4,symbolism,5,4,early_automobile,9,early_automobile_009.png,FLUX.2-klein-base-9B
R01,sneakers_013,partial,2,4,3,usability,3,3,sneakers,13,sneakers_013.png,FLUX.2-klein-base-9B
R01,lounge_chair_018,yes,2,4,3,aesthetics,4,4,lounge_chair,18,lounge_chair_018.png,FLUX.2-klein-base-9B
R01,broom_004,yes,4,4,3,functionality,1,4,broom,4,broom_004.png,FLUX.2-klein-base-9B
R01,desk_lamp_021,yes,4,4,3,aesthetics,5,4,desk_lamp,21,desk_lamp_021.png,FLUX.2-klein-base-9B
R01,vacuum_cleaner_023,yes,4,4,4,functionality,2,4,vacuum_cleaner,23,vacuum_cleaner_023.png,FLUX.2-klein-base-9B
R01,desk_lamp_005,yes,2,4,3,functionality,3,4,desk_lamp,5,desk_lamp_005.png,FLUX.2-klein-base-9B
R01,sports_car_018,yes,4,4,4,aesthetics,4,4,sports_car,18,sports_car_018.png,FLUX.2-klein-base-9B
R01,vacuum_cleaner_019,yes,4,4,4,functionality,1,4,vacuum_cleaner,19,vacuum_cleaner_019.png,FLUX.2-klein-base-9B
R01,electric_kettle_024,yes,4,4,4,functionality,2,4,electric_kettle,24,electric_kettle_024.png,FLUX.2-klein-base-9B
R01,vacuum_cleaner_004,yes,4,4,4,functionality,1,5,vacuum_cleaner,4,vacuum_cleaner_004.png,FLUX.2-klein-base-9B
R01,sports_car_004,yes,4,4,4,aesthetics,4,4,sports_car,4,sports_car_004.png,FLUX.2-klein-base-9B
R01,broom_010,no,2,2,2,functionality,1,2,broom,10,broom_010.png,FLUX.2-klein-base-9B
R01,desk_lamp_020,partial,2,4,3,aesthetics,3,3,desk_lamp,20,desk_lamp_020.png,FLUX.2-klein-base-9B
R01,lounge_chair_009,yes,4,4,3,usability,3,4,lounge_chair,9,lounge_chair_009.png,FLUX.2-klein-base-9B
R01,lounge_chair_013,yes,2,3,2,functionality,3,2,lounge_chair,13,lounge_chair_013.png,FLUX.2-klein-base-9B
R01,vacuum_cleaner_002,yes,4,4,3,functionality,2,4,vacuum_cleaner,2,vacuum_cleaner_002.png,FLUX.2-klein-base-9B
R01,electric_kettle_007,yes,4,4,3,functionality,3,4,electric_kettle,7,electric_kettle_007.png,FLUX.2-klein-base-9B
R01,sports_car_020,yes,2,4,3,aesthetics,4,4,sports_car,20,sports_car_020.png,FLUX.2-klein-base-9B
R01,vacuum_cleaner_012,yes,4,4,3,functionality,2,4,vacuum_cleaner,12,vacuum_cleaner_012.png,FLUX.2-klein-base-9B
R01,electric_kettle_005,yes,4,4,4,functionality,3,4,electric_kettle,5,electric_kettle_005.png,FLUX.2-klein-base-9B
R01,sneakers_020,yes,4,4,3,functionality,3,4,sneakers,20,sneakers_020.png,FLUX.2-klein-base-9B
R01,electric_kettle_015,yes,4,4,3,functionality,2,4,electric_kettle,15,electric_kettle_015.png,FLUX.2-klein-base-9B
R01,electric_kettle_014,yes,4,4,2,functionality,1,4,electric_kettle,14,electric_kettle_014.png,FLUX.2-klein-base-9B
R01,sneakers_023,yes,4,4,4,usability,3,4,sneakers,23,sneakers_023.png,FLUX.2-klein-base-9B
R01,broom_020,yes,4,4,4,functionality,1,4,broom,20,broom_020.png,FLUX.2-klein-base-9B
R01,broom_008,yes,3,4,4,functionality,1,4,broom,8,broom_008.png,FLUX.2-klein-base-9B
R01,sneakers_009,yes,4,4,4,usability,3,4,sneakers,9,sneakers_009.png,FLUX.2-klein-base-9B
R01,sports_car_022,yes,2,4,3,aesthetics,4,4,sports_car,22,sports_car_022.png,FLUX.2-klein-base-9B
R01,broom_003,no,2,2,3,functionality,1,2,broom,3,broom_003.png,FLUX.2-klein-base-9B
R01,vacuum_cleaner_003,partial,2,3,3,functionality,2,3,vacuum_cleaner,3,vacuum_cleaner_003.png,FLUX.2-klein-base-9B
R01,early_automobile_013,yes,5,5,5,symbolism,5,5,early_automobile,13,early_automobile_013.png,FLUX.2-klein-base-9B
R01,sneakers_004,yes,5,5,4,functionality,3,4,sneakers,4,sneakers_004.png,FLUX.2-klein-base-9B
R01,electric_kettle_012,yes,4,4,3,functionality,3,4,electric_kettle,12,electric_kettle_012.png,FLUX.2-klein-base-9B
R01,sports_car_025,yes,4,4,4,aesthetics,4,4,sports_car,25,sports_car_025.png,FLUX.2-klein-base-9B
R01,early_automobile_017,yes,4,4,4,symbolism,4,4,early_automobile,17,early_automobile_017.png,FLUX.2-klein-base-9B
R01,lounge_chair_015,yes,4,4,2,functionality,3,4,lounge_chair,15,lounge_chair_015.png,FLUX.2-klein-base-9B
R01,sports_car_024,yes,4,4,4,aesthetics,4,4,sports_car,24,sports_car_024.png,FLUX.2-klein-base-9B
R01,early_automobile_001,yes,5,5,5,symbolism,5,5,early_automobile,1,early_automobile_001.png,FLUX.2-klein-base-9B
R01,desk_lamp_022,yes,2,4,3,functionality,3,4,desk_lamp,22,desk_lamp_022.png,FLUX.2-klein-base-9B
R01,sports_car_021,yes,4,4,4,aesthetics,4,4,sports_car,21,sports_car_021.png,FLUX.2-klein-base-9B
R01,broom_005,no,2,2,3,functionality,1,2,broom,5,broom_005.png,FLUX.2-klein-base-9B
R01,sneakers_011,yes,5,5,4,aesthetics,4,4,sneakers,11,sneakers_011.png,FLUX.2-klein-base-9B
R01,sneakers_005,partial,2,2,3,functionality,3,3,sneakers,5,sneakers_005.png,FLUX.2-klein-base-9B
R01,broom_006,yes,5,5,4,functionality,1,4,broom,6,broom_006.png,FLUX.2-klein-base-9B
R01,sneakers_002,yes,4,4,3,usability,3,5,sneakers,2,sneakers_002.png,FLUX.2-klein-base-9B
R01,desk_lamp_002,yes,4,4,3,aesthetics,4,4,desk_lamp,2,desk_lamp_002.png,FLUX.2-klein-base-9B
R01,broom_018,partial,2,3,3,functionality,2,2,broom,18,broom_018.png,FLUX.2-klein-base-9B
R01,lounge_chair_014,yes,4,4,3,usability,3,4,lounge_chair,14,lounge_chair_014.png,FLUX.2-klein-base-9B
R01,desk_lamp_007,yes,4,4,4,aesthetics,4,4,desk_lamp,7,desk_lamp_007.png,FLUX.2-klein-base-9B
R01,lounge_chair_010,yes,2,4,3,aesthetics,4,4,lounge_chair,10,lounge_chair_010.png,FLUX.2-klein-base-9B
R01,sports_car_014,yes,4,4,4,aesthetics,4,4,sports_car,14,sports_car_014.png,FLUX.2-klein-base-9B
R01,vacuum_cleaner_017,yes,4,4,3,functionality,3,4,vacuum_cleaner,17,vacuum_cleaner_017.png,FLUX.2-klein-base-9B
R01,vacuum_cleaner_016,yes,4,4,4,functionality,3,4,vacuum_cleaner,16,vacuum_cleaner_016.png,FLUX.2-klein-base-9B
R01,desk_lamp_012,yes,3,4,3,functionality,3,4,desk_lamp,12,desk_lamp_012.png,FLUX.2-klein-base-9B
R01,electric_kettle_010,yes,4,4,3,functionality,2,4,electric_kettle,10,electric_kettle_010.png,FLUX.2-klein-base-9B
R01,sneakers_021,yes,3,4,3,usability,3,4,sneakers,21,sneakers_021.png,FLUX.2-klein-base-9B
R01,lounge_chair_022,yes,4,4,4,usability,3,4,lounge_chair,22,lounge_chair_022.png,FLUX.2-klein-base-9B
R01,desk_lamp_004,yes,4,4,3,functionality,3,4,desk_lamp,4,desk_lamp_004.png,FLUX.2-klein-base-9B
R01,sneakers_006,partial,2,4,3,aesthetics,3,4,sneakers,6,sneakers_006.png,FLUX.2-klein-base-9B
R01,vacuum_cleaner_008,yes,4,4,3,functionality,2,4,vacuum_cleaner,8,vacuum_cleaner_008.png,FLUX.2-klein-base-9B
R01,early_automobile_008,yes,4,4,3,aesthetics,5,4,early_automobile,8,early_automobile_008.png,FLUX.2-klein-base-9B
R01,early_automobile_002,yes,4,4,4,aesthetics,4,4,early_automobile,2,early_automobile_002.png,FLUX.2-klein-base-9B
R01,lounge_chair_012,yes,4,4,3,usability,3,4,lounge_chair,12,lounge_chair_012.png,FLUX.2-klein-base-9B
R01,early_automobile_004,yes,4,4,3,symbolism,5,4,early_automobile,4,early_automobile_004.png,FLUX.2-klein-base-9B
R01,vacuum_cleaner_020,yes,4,4,3,functionality,2,4,vacuum_cleaner,20,vacuum_cleaner_020.png,FLUX.2-klein-base-9B
R01,lounge_chair_016,yes,4,4,3,aesthetics,4,4,lounge_chair,16,lounge_chair_016.png,FLUX.2-klein-base-9B
R01,electric_kettle_009,yes,4,4,3,functionality,3,4,electric_kettle,9,electric_kettle_009.png,FLUX.2-klein-base-9B
R01,electric_kettle_021,yes,4,4,3,functionality,3,4,electric_kettle,21,electric_kettle_021.png,FLUX.2-klein-base-9B
R01,broom_007,yes,4,4,3,functionality,1,4,broom,7,broom_007.png,FLUX.2-klein-base-9B
R01,sneakers_014,yes,4,4,4,usability,3,4,sneakers,14,sneakers_014.png,FLUX.2-klein-base-9B
R01,early_automobile_005,yes,4,4,4,symbolism,5,4,early_automobile,5,early_automobile_005.png,FLUX.2-klein-base-9B
R01,sports_car_009,yes,4,4,3,aesthetics,4,4,sports_car,9,sports_car_009.png,FLUX.2-klein-base-9B
R01,electric_kettle_020,yes,4,4,3,functionality,1,4,electric_kettle,20,electric_kettle_020.png,FLUX.2-klein-base-9B
R01,lounge_chair_004,yes,2,4,3,usability,3,4,lounge_chair,4,lounge_chair_004.png,FLUX.2-klein-base-9B
R01,electric_kettle_013,yes,4,4,4,functionality,2,4,electric_kettle,13,electric_kettle_013.png,FLUX.2-klein-base-9B
R01,sneakers_022,yes,4,4,3,aesthetics,4,4,sneakers,22,sneakers_022.png,FLUX.2-klein-base-9B
R01,early_automobile_019,yes,4,4,3,symbolism,5,4,early_automobile,19,early_automobile_019.png,FLUX.2-klein-base-9B
R01,broom_022,partial,2,3,3,functionality,2,3,broom,22,broom_022.png,FLUX.2-klein-base-9B
R01,early_automobile_003,yes,4,4,3,symbolism,5,4,early_automobile,3,early_automobile_003.png,FLUX.2-klein-base-9B
R01,early_automobile_021,yes,4,4,3,symbolism,5,4,early_automobile,21,early_automobile_021.png,FLUX.2-klein-base-9B
R01,vacuum_cleaner_009,yes,4,4,3,functionality,2,4,vacuum_cleaner,9,vacuum_cleaner_009.png,FLUX.2-klein-base-9B
R01,electric_kettle_008,yes,4,4,3,functionality,2,4,electric_kettle,8,electric_kettle_008.png,FLUX.2-klein-base-9B
R01,lounge_chair_025,partial,2,3,3,aesthetics,3,3,lounge_chair,25,lounge_chair_025.png,FLUX.2-klein-base-9B
R01,sports_car_012,yes,3,4,3,aesthetics,4,4,sports_car,12,sports_car_012.png,FLUX.2-klein-base-9B
R01,lounge_chair_005,yes,3,3,3,usability,3,4,lounge_chair,5,lounge_chair_005.png,FLUX.2-klein-base-9B
R01,early_automobile_014,yes,4,4,3,symbolism,5,4,early_automobile,14,early_automobile_014.png,FLUX.2-klein-base-9B
R01,desk_lamp_013,yes,4,4,3,functionality,2,4,desk_lamp,13,desk_lamp_013.png,FLUX.2-klein-base-9B
R01,early_automobile_025,yes,4,4,3,aesthetics,5,4,early_automobile,25,early_automobile_025.png,FLUX.2-klein-base-9B
R01,broom_016,yes,2,3,3,functionality,2,4,broom,16,broom_016.png,FLUX.2-klein-base-9B
R01,sports_car_023,yes,2,3,3,aesthetics,4,3,sports_car,23,sports_car_023.png,FLUX.2-klein-base-9B
R01,broom_024,yes,4,4,3,functionality,1,5,broom,24,broom_024.png,FLUX.2-klein-base-9B
R01,broom_015,yes,2,4,3,functionality,1,4,broom,15,broom_015.png,FLUX.2-klein-base-9B
R01,early_automobile_006,yes,2,4,3,symbolism,5,4,early_automobile,6,early_automobile_006.png,FLUX.2-klein-base-9B
R01,broom_021,partial,2,2,3,symbolism,2,2,broom,21,broom_021.png,FLUX.2-klein-base-9B
R01,sports_car_008,yes,3,4,3,aesthetics,5,4,sports_car,8,sports_car_008.png,FLUX.2-klein-base-9B
R01,vacuum_cleaner_025,partial,2,3,3,functionality,1,2,vacuum_cleaner,25,vacuum_cleaner_025.png,FLUX.2-klein-base-9B
R01,sports_car_003,yes,4,4,4,aesthetics,4,4,sports_car,3,sports_car_003.png,FLUX.2-klein-base-9B
R01,lounge_chair_023,yes,4,3,4,usability,3,4,lounge_chair,23,lounge_chair_023.png,FLUX.2-klein-base-9B
R01,vacuum_cleaner_010,yes,4,4,3,functionality,2,4,vacuum_cleaner,10,vacuum_cleaner_010.png,FLUX.2-klein-base-9B
R01,sports_car_005,yes,4,4,4,aesthetics,4,4,sports_car,5,sports_car_005.png,FLUX.2-klein-base-9B
R01,vacuum_cleaner_001,yes,4,4,3,functionality,2,4,vacuum_cleaner,1,vacuum_cleaner_001.png,FLUX.2-klein-base-9B
R01,broom_013,yes,2,4,3,functionality,2,4,broom,13,broom_013.png,FLUX.2-klein-base-9B
R01,vacuum_cleaner_024,yes,2,4,3,functionality,2,3,vacuum_cleaner,24,vacuum_cleaner_024.png,FLUX.2-klein-base-9B
R01,early_automobile_015,yes,5,5,5,symbolism,5,5,early_automobile,15,early_automobile_015.png,FLUX.2-klein-base-9B
R01,desk_lamp_008,yes,4,4,3,functionality,3,4,desk_lamp,8,desk_lamp_008.png,FLUX.2-klein-base-9B
R01,desk_lamp_023,yes,2,4,3,aesthetics,4,4,desk_lamp,23,desk_lamp_023.png,FLUX.2-klein-base-9B
R01,lounge_chair_002,yes,2,4,3,usability,3,4,lounge_chair,2,lounge_chair_002.png,FLUX.2-klein-base-9B
R01,vacuum_cleaner_018,yes,2,4,3,functionality,2,4,vacuum_cleaner,18,vacuum_cleaner_018.png,FLUX.2-klein-base-9B
R01,electric_kettle_016,yes,4,4,4,functionality,2,4,electric_kettle,16,electric_kettle_016.png,FLUX.2-klein-base-9B
R01,lounge_chair_001,yes,3,3,3,functionality,3,3,lounge_chair,1,lounge_chair_001.png,FLUX.2-klein-base-9B
R01,broom_011,no,2,2,3,functionality,1,2,broom,11,broom_011.png,FLUX.2-klein-base-9B
R01,lounge_chair_019,yes,4,4,3,aesthetics,4,4,lounge_chair,19,lounge_chair_019.png,FLUX.2-klein-base-9B
R01,lounge_chair_007,partial,2,2,2,unclear,3,2,lounge_chair,7,lounge_chair_007.png,FLUX.2-klein-base-9B
R01,vacuum_cleaner_015,yes,4,4,3,functionality,2,4,vacuum_cleaner,15,vacuum_cleaner_015.png,FLUX.2-klein-base-9B
R01,sports_car_011,yes,4,4,4,aesthetics,4,4,sports_car,11,sports_car_011.png,FLUX.2-klein-base-9B
R01,early_automobile_023,yes,4,4,3,symbolism,5,4,early_automobile,23,early_automobile_023.png,FLUX.2-klein-base-9B
R01,sneakers_008,yes,5,5,3,usability,3,4,sneakers,8,sneakers_008.png,FLUX.2-klein-base-9B
R01,sneakers_015,yes,2,4,3,usability,3,4,sneakers,15,sneakers_015.png,FLUX.2-klein-base-9B
R01,desk_lamp_024,yes,4,4,3,aesthetics,4,4,desk_lamp,24,desk_lamp_024.png,FLUX.2-klein-base-9B
R01,sneakers_017,yes,5,5,4,aesthetics,4,4,sneakers,17,sneakers_017.png,FLUX.2-klein-base-9B
R01,broom_017,yes,4,4,4,functionality,1,4,broom,17,broom_017.png,FLUX.2-klein-base-9B
R01,sneakers_003,yes,5,5,4,usability,3,5,sneakers,3,sneakers_003.png,FLUX.2-klein-base-9B
R01,early_automobile_022,yes,4,5,4,symbolism,5,4,early_automobile,22,early_automobile_022.png,FLUX.2-klein-base-9B
R01,desk_lamp_016,yes,3,4,3,functionality,3,4,desk_lamp,16,desk_lamp_016.png,FLUX.2-klein-base-9B
R01,sneakers_024,yes,2,4,3,usability,3,4,sneakers,24,sneakers_024.png,FLUX.2-klein-base-9B
R01,electric_kettle_022,yes,4,4,4,functionality,1,4,electric_kettle,22,electric_kettle_022.png,FLUX.2-klein-base-9B
R01,desk_lamp_009,yes,3,4,3,aesthetics,5,4,desk_lamp,9,desk_lamp_009.png,FLUX.2-klein-base-9B
R01,desk_lamp_011,yes,3,4,3,functionality,2,4,desk_lamp,11,desk_lamp_011.png,FLUX.2-klein-base-9B
R01,broom_001,yes,4,4,4,functionality,1,4,broom,1,broom_001.png,FLUX.2-klein-base-9B
R01,desk_lamp_010,yes,3,4,3,aesthetics,4,4,desk_lamp,10,desk_lamp_010.png,FLUX.2-klein-base-9B
R01,sneakers_001,yes,5,5,3,aesthetics,4,4,sneakers,1,sneakers_001.png,FLUX.2-klein-base-9B
R01,electric_kettle_011,yes,4,4,4,functionality,2,4,electric_kettle,11,electric_kettle_011.png,FLUX.2-klein-base-9B
R01,broom_023,partial,2,2,3,functionality,1,3,broom,23,broom_023.png,FLUX.2-klein-base-9B
R01,electric_kettle_001,yes,4,4,3,functionality,2,4,electric_kettle,1,electric_kettle_001.png,FLUX.2-klein-base-9B
R01,electric_kettle_004,yes,4,4,4,functionality,2,4,electric_kettle,4,electric_kettle_004.png,FLUX.2-klein-base-9B
R01,electric_kettle_023,yes,4,4,4,functionality,2,4,electric_kettle,23,electric_kettle_023.png,FLUX.2-klein-base-9B
R01,electric_kettle_017,yes,4,4,3,functionality,2,4,electric_kettle,17,electric_kettle_017.png,FLUX.2-klein-base-9B
R01,early_automobile_010,yes,4,5,4,aesthetics,5,4,early_automobile,10,early_automobile_010.png,FLUX.2-klein-base-9B
R01,sports_car_001,yes,4,4,4,aesthetics,3,4,sports_car,1,sports_car_001.png,FLUX.2-klein-base-9B
R01,desk_lamp_019,yes,4,4,4,aesthetics,4,4,desk_lamp,19,desk_lamp_019.png,FLUX.2-klein-base-9B
R01,sneakers_025,yes,4,4,3,usability,3,4,sneakers,25,sneakers_025.png,FLUX.2-klein-base-9B
R01,broom_012,partial,2,3,3,functionality,2,4,broom,12,broom_012.png,FLUX.2-klein-base-9B
R01,vacuum_cleaner_007,yes,4,4,3,functionality,2,4,vacuum_cleaner,7,vacuum_cleaner_007.png,FLUX.2-klein-base-9B
R01,lounge_chair_011,yes,4,4,3,usability,3,4,lounge_chair,11,lounge_chair_011.png,FLUX.2-klein-base-9B
R01,sneakers_010,yes,2,2,2,usability,3,3,sneakers,10,sneakers_010.png,FLUX.2-klein-base-9B
R01,early_automobile_012,yes,4,4,4,symbolism,5,4,early_automobile,12,early_automobile_012.png,FLUX.2-klein-base-9B
R01,broom_019,yes,4,4,3,functionality,2,4,broom,19,broom_019.png,FLUX.2-klein-base-9B
R01,electric_kettle_006,yes,4,4,3,functionality,2,4,electric_kettle,6,electric_kettle_006.png,FLUX.2-klein-base-9B
R01,vacuum_cleaner_005,yes,4,4,4,functionality,2,4,vacuum_cleaner,5,vacuum_cleaner_005.png,FLUX.2-klein-base-9B
R01,sneakers_018,yes,3,3,3,aesthetics,3,3,sneakers,18,sneakers_018.png,FLUX.2-klein-base-9B
R01,desk_lamp_001,partial,2,2,2,unclear,3,2,desk_lamp,1,desk_lamp_001.png,FLUX.2-klein-base-9B
R01,sports_car_007,yes,4,4,4,aesthetics,5,4,sports_car,7,sports_car_007.png,FLUX.2-klein-base-9B
R01,lounge_chair_006,yes,4,4,4,usability,3,4,lounge_chair,6,lounge_chair_006.png,FLUX.2-klein-base-9B
R01,desk_lamp_015,yes,3,4,4,aesthetics,5,4,desk_lamp,15,desk_lamp_015.png,FLUX.2-klein-base-9B
R01,desk_lamp_017,yes,4,4,4,functionality,2,4,desk_lamp,17,desk_lamp_017.png,FLUX.2-klein-base-9B
R01,vacuum_cleaner_011,yes,2,4,4,functionality,2,4,vacuum_cleaner,11,vacuum_cleaner_011.png,FLUX.2-klein-base-9B
R01,vacuum_cleaner_014,yes,3,4,4,functionality,2,4,vacuum_cleaner,14,vacuum_cleaner_014.png,FLUX.2-klein-base-9B
R01,vacuum_cleaner_013,yes,4,4,4,functionality,2,4,vacuum_cleaner,13,vacuum_cleaner_013.png,FLUX.2-klein-base-9B
R01,early_automobile_011,yes,4,4,4,symbolism,5,4,early_automobile,11,early_automobile_011.png,FLUX.2-klein-base-9B
R01,sports_car_006,yes,2,4,3,aesthetics,4,3,sports_car,6,sports_car_006.png,FLUX.2-klein-base-9B
R01,early_automobile_020,yes,4,5,4,symbolism,5,4,early_automobile,20,early_automobile_020.png,FLUX.2-klein-base-9B
R01,vacuum_cleaner_022,partial,2,3,3,functionality,2,3,vacuum_cleaner,22,vacuum_cleaner_022.png,FLUX.2-klein-base-9B
R01,broom_025,partial,2,2,2,functionality,2,2,broom,25,broom_025.png,FLUX.2-klein-base-9B
R01,lounge_chair_020,yes,3,4,4,aesthetics,5,3,lounge_chair,20,lounge_chair_020.png,FLUX.2-klein-base-9B
R01,early_automobile_024,yes,4,5,5,symbolism,5,4,early_automobile,24,early_automobile_024.png,FLUX.2-klein-base-9B
R01,sneakers_016,yes,3,4,4,aesthetics,4,4,sneakers,16,sneakers_016.png,FLUX.2-klein-base-9B
R01,sports_car_013,yes,4,4,4,aesthetics,4,5,sports_car,13,sports_car_013.png,FLUX.2-klein-base-9B
R01,electric_kettle_018,yes,4,4,4,functionality,2,4,electric_kettle,18,electric_kettle_018.png,FLUX.2-klein-base-9B
R01,electric_kettle_003,yes,4,4,4,functionality,2,4,electric_kettle,3,electric_kettle_003.png,FLUX.2-klein-base-9B
R01,desk_lamp_018,yes,4,5,4,functionality,2,4,desk_lamp,18,desk_lamp_018.png,FLUX.2-klein-base-9B
R01,lounge_chair_003,yes,4,5,4,usability,3,4,lounge_chair,3,lounge_chair_003.png,FLUX.2-klein-base-9B
R01,vacuum_cleaner_021,yes,3,4,4,functionality,2,4,vacuum_cleaner,21,vacuum_cleaner_021.png,FLUX.2-klein-base-9B
R02,desk_lamp_017,yes,5,5,5,functionality,1,5,desk_lamp,17,desk_lamp_017.png,FLUX.2-klein-base-9B
R02,early_automobile_005,yes,4,5,5,aesthetics,5,5,early_automobile,5,early_automobile_005.png,FLUX.2-klein-base-9B
R02,broom_024,yes,2,2,2,functionality,1,2,broom,24,broom_024.png,FLUX.2-klein-base-9B
R02,broom_001,yes,5,5,4,functionality,1,4,broom,1,broom_001.png,FLUX.2-klein-base-9B
R02,sports_car_013,yes,5,5,5,aesthetics,5,5,sports_car,13,sports_car_013.png,FLUX.2-klein-base-9B
R02,sports_car_018,yes,5,5,5,aesthetics,5,5,sports_car,18,sports_car_018.png,FLUX.2-klein-base-9B
R02,sneakers_006,yes,2,4,3,usability,4,4,sneakers,6,sneakers_006.png,FLUX.2-klein-base-9B
R02,broom_017,yes,4,5,5,functionality,1,5,broom,17,broom_017.png,FLUX.2-klein-base-9B
R02,vacuum_cleaner_005,yes,3,5,5,functionality,2,5,vacuum_cleaner,5,vacuum_cleaner_005.png,FLUX.2-klein-base-9B
R02,broom_009,no,1,1,1,symbolism,1,1,broom,9,broom_009.png,FLUX.2-klein-base-9B
R02,vacuum_cleaner_019,yes,4,5,5,functionality,1,5,vacuum_cleaner,19,vacuum_cleaner_019.png,FLUX.2-klein-base-9B
R02,sneakers_010,yes,2,4,3,usability,1,3,sneakers,10,sneakers_010.png,FLUX.2-klein-base-9B
R02,lounge_chair_012,yes,5,5,5,functionality,1,5,lounge_chair,12,lounge_chair_012.png,FLUX.2-klein-base-9B
R02,electric_kettle_006,yes,5,5,5,usability,1,5,electric_kettle,6,electric_kettle_006.png,FLUX.2-klein-base-9B
R02,early_automobile_006,yes,5,5,5,usability,5,5,early_automobile,6,early_automobile_006.png,FLUX.2-klein-base-9B
R02,sneakers_023,yes,5,5,5,usability,3,5,sneakers,23,sneakers_023.png,FLUX.2-klein-base-9B
R02,broom_004,yes,5,5,5,functionality,1,5,broom,4,broom_004.png,FLUX.2-klein-base-9B
R02,lounge_chair_003,yes,5,5,5,aesthetics,2,5,lounge_chair,3,lounge_chair_003.png,FLUX.2-klein-base-9B
R02,electric_kettle_015,yes,5,5,5,functionality,1,5,electric_kettle,15,electric_kettle_015.png,FLUX.2-klein-base-9B
R02,desk_lamp_021,yes,5,5,5,usability,4,5,desk_lamp,21,desk_lamp_021.png,FLUX.2-klein-base-9B
R02,electric_kettle_011,yes,5,5,5,functionality,1,5,electric_kettle,11,electric_kettle_011.png,FLUX.2-klein-base-9B
R02,sports_car_008,yes,5,5,5,aesthetics,4,5,sports_car,8,sports_car_008.png,FLUX.2-klein-base-9B
R02,lounge_chair_002,yes,4,5,5,usability,4,5,lounge_chair,2,lounge_chair_002.png,FLUX.2-klein-base-9B
R02,vacuum_cleaner_008,yes,2,4,4,functionality,1,4,vacuum_cleaner,8,vacuum_cleaner_008.png,FLUX.2-klein-base-9B
R02,broom_019,yes,5,5,5,usability,4,5,broom,19,broom_019.png,FLUX.2-klein-base-9B
R02,broom_022,yes,4,4,5,functionality,1,5,broom,22,broom_022.png,FLUX.2-klein-base-9B
R02,electric_kettle_020,yes,5,5,5,functionality,1,5,electric_kettle,20,electric_kettle_020.png,FLUX.2-klein-base-9B
R02,sports_car_020,yes,3,5,5,aesthetics,4,5,sports_car,20,sports_car_020.png,FLUX.2-klein-base-9B
R02,broom_020,partial,5,4,2,functionality,1,2,broom,20,broom_020.png,FLUX.2-klein-base-9B
R02,sneakers_013,partial,2,3,3,usability,1,3,sneakers,13,sneakers_013.png,FLUX.2-klein-base-9B
R02,electric_kettle_001,yes,5,5,5,functionality,1,5,electric_kettle,1,electric_kettle_001.png,FLUX.2-klein-base-9B
R02,sneakers_014,yes,5,5,5,usability,4,5,sneakers,14,sneakers_014.png,FLUX.2-klein-base-9B
R02,sports_car_016,yes,5,5,5,aesthetics,3,5,sports_car,16,sports_car_016.png,FLUX.2-klein-base-9B
R02,electric_kettle_024,yes,5,5,5,functionality,3,5,electric_kettle,24,electric_kettle_024.png,FLUX.2-klein-base-9B
R02,vacuum_cleaner_009,yes,3,4,4,functionality,1,4,vacuum_cleaner,9,vacuum_cleaner_009.png,FLUX.2-klein-base-9B
R02,electric_kettle_022,yes,5,5,5,functionality,1,5,electric_kettle,22,electric_kettle_022.png,FLUX.2-klein-base-9B
R02,electric_kettle_004,yes,5,5,5,functionality,1,5,electric_kettle,4,electric_kettle_004.png,FLUX.2-klein-base-9B
R02,sneakers_017,yes,5,5,5,usability,1,5,sneakers,17,sneakers_017.png,FLUX.2-klein-base-9B
R02,lounge_chair_017,yes,4,4,5,aesthetics,4,5,lounge_chair,17,lounge_chair_017.png,FLUX.2-klein-base-9B
R02,broom_023,partial,2,2,2,unclear,4,2,broom,23,broom_023.png,FLUX.2-klein-base-9B
R02,sneakers_005,partial,3,4,3,functionality,1,3,sneakers,5,sneakers_005.png,FLUX.2-klein-base-9B
R02,electric_kettle_012,yes,5,5,5,functionality,1,5,electric_kettle,12,electric_kettle_012.png,FLUX.2-klein-base-9B
R02,broom_016,partial,2,2,3,unclear,1,2,broom,16,broom_016.png,FLUX.2-klein-base-9B
R02,desk_lamp_025,yes,5,5,5,functionality,4,5,desk_lamp,25,desk_lamp_025.png,FLUX.2-klein-base-9B
R02,lounge_chair_008,partial,2,2,1,unclear,1,1,lounge_chair,8,lounge_chair_008.png,FLUX.2-klein-base-9B
R02,vacuum_cleaner_010,yes,2,4,4,usability,1,4,vacuum_cleaner,10,vacuum_cleaner_010.png,FLUX.2-klein-base-9B
R02,sports_car_001,yes,5,5,5,aesthetics,4,5,sports_car,1,sports_car_001.png,FLUX.2-klein-base-9B
R02,lounge_chair_004,yes,5,5,5,aesthetics,4,5,lounge_chair,4,lounge_chair_004.png,FLUX.2-klein-base-9B
R02,sports_car_006,yes,5,5,5,aesthetics,4,5,sports_car,6,sports_car_006.png,FLUX.2-klein-base-9B
R02,sports_car_012,yes,5,5,5,aesthetics,5,5,sports_car,12,sports_car_012.png,FLUX.2-klein-base-9B
R02,broom_012,partial,3,3,2,functionality,4,2,broom,12,broom_012.png,FLUX.2-klein-base-9B
R02,electric_kettle_007,yes,4,5,5,functionality,1,5,electric_kettle,7,electric_kettle_007.png,FLUX.2-klein-base-9B
R02,desk_lamp_002,yes,5,5,5,functionality,1,5,desk_lamp,2,desk_lamp_002.png,FLUX.2-klein-base-9B
R02,desk_lamp_023,yes,5,5,5,aesthetics,3,5,desk_lamp,23,desk_lamp_023.png,FLUX.2-klein-base-9B
R02,sports_car_019,yes,5,5,5,aesthetics,5,5,sports_car,19,sports_car_019.png,FLUX.2-klein-base-9B
R02,desk_lamp_016,yes,5,5,5,functionality,1,5,desk_lamp,16,desk_lamp_016.png,FLUX.2-klein-base-9B
R02,sports_car_025,yes,4,5,5,aesthetics,5,5,sports_car,25,sports_car_025.png,FLUX.2-klein-base-9B
R02,vacuum_cleaner_021,yes,4,4,5,functionality,1,5,vacuum_cleaner,21,vacuum_cleaner_021.png,FLUX.2-klein-base-9B
R02,sneakers_003,yes,5,5,5,usability,1,5,sneakers,3,sneakers_003.png,FLUX.2-klein-base-9B
R02,lounge_chair_015,yes,5,5,5,usability,2,5,lounge_chair,15,lounge_chair_015.png,FLUX.2-klein-base-9B
R02,early_automobile_004,yes,5,5,5,symbolism,5,5,early_automobile,4,early_automobile_004.png,FLUX.2-klein-base-9B
R02,broom_005,no,1,1,1,unclear,1,1,broom,5,broom_005.png,FLUX.2-klein-base-9B
R02,electric_kettle_002,yes,5,5,5,functionality,1,5,electric_kettle,2,electric_kettle_002.png,FLUX.2-klein-base-9B
R02,vacuum_cleaner_003,yes,4,5,5,functionality,1,5,vacuum_cleaner,3,vacuum_cleaner_003.png,FLUX.2-klein-base-9B
R02,lounge_chair_005,yes,5,5,5,usability,1,5,lounge_chair,5,lounge_chair_005.png,FLUX.2-klein-base-9B
R02,early_automobile_010,yes,5,5,5,functionality,2,5,early_automobile,10,early_automobile_010.png,FLUX.2-klein-base-9B
R02,early_automobile_014,yes,5,5,5,symbolism,4,5,early_automobile,14,early_automobile_014.png,FLUX.2-klein-base-9B
R02,early_automobile_013,yes,5,5,5,symbolism,5,5,early_automobile,13,early_automobile_013.png,FLUX.2-klein-base-9B
R02,vacuum_cleaner_006,yes,5,5,5,functionality,1,5,vacuum_cleaner,6,vacuum_cleaner_006.png,FLUX.2-klein-base-9B
R02,sneakers_004,yes,5,5,5,usability,2,5,sneakers,4,sneakers_004.png,FLUX.2-klein-base-9B
R02,desk_lamp_014,yes,5,5,5,aesthetics,2,5,desk_lamp,14,desk_lamp_014.png,FLUX.2-klein-base-9B
R02,desk_lamp_015,yes,5,5,5,aesthetics,4,5,desk_lamp,15,desk_lamp_015.png,FLUX.2-klein-base-9B
R02,desk_lamp_019,yes,5,5,5,functionality,2,5,desk_lamp,19,desk_lamp_019.png,FLUX.2-klein-base-9B
R02,electric_kettle_025,yes,5,5,5,functionality,1,5,electric_kettle,25,electric_kettle_025.png,FLUX.2-klein-base-9B
R02,electric_kettle_014,yes,5,5,5,functionality,1,5,electric_kettle,14,electric_kettle_014.png,FLUX.2-klein-base-9B
R02,sports_car_024,yes,5,5,5,aesthetics,5,5,sports_car,24,sports_car_024.png,FLUX.2-klein-base-9B
R02,early_automobile_002,yes,5,5,5,aesthetics,5,5,early_automobile,2,early_automobile_002.png,FLUX.2-klein-base-9B
R02,sneakers_008,yes,5,5,5,functionality,1,5,sneakers,8,sneakers_008.png,FLUX.2-klein-base-9B
R02,sports_car_005,yes,5,5,5,aesthetics,5,5,sports_car,5,sports_car_005.png,FLUX.2-klein-base-9B
R02,early_automobile_024,yes,5,5,3,symbolism,5,5,early_automobile,24,early_automobile_024.png,FLUX.2-klein-base-9B
R02,vacuum_cleaner_015,yes,5,5,5,functionality,1,5,vacuum_cleaner,15,vacuum_cleaner_015.png,FLUX.2-klein-base-9B
R02,lounge_chair_024,yes,5,5,5,aesthetics,4,5,lounge_chair,24,lounge_chair_024.png,FLUX.2-klein-base-9B
R02,vacuum_cleaner_007,yes,3,4,4,functionality,1,4,vacuum_cleaner,7,vacuum_cleaner_007.png,FLUX.2-klein-base-9B
R02,lounge_chair_025,yes,3,4,4,functionality,1,4,lounge_chair,25,lounge_chair_025.png,FLUX.2-klein-base-9B
R02,desk_lamp_006,partial,3,4,4,functionality,2,4,desk_lamp,6,desk_lamp_006.png,FLUX.2-klein-base-9B
R02,vacuum_cleaner_002,yes,5,5,5,functionality,1,5,vacuum_cleaner,2,vacuum_cleaner_002.png,FLUX.2-klein-base-9B
R02,electric_kettle_021,yes,5,5,5,functionality,1,5,electric_kettle,21,electric_kettle_021.png,FLUX.2-klein-base-9B
R02,lounge_chair_007,yes,4,4,4,aesthetics,4,4,lounge_chair,7,lounge_chair_007.png,FLUX.2-klein-base-9B
R02,lounge_chair_006,yes,5,5,5,usability,2,5,lounge_chair,6,lounge_chair_006.png,FLUX.2-klein-base-9B
R02,desk_lamp_007,yes,5,5,5,functionality,1,5,desk_lamp,7,desk_lamp_007.png,FLUX.2-klein-base-9B
R02,desk_lamp_018,yes,5,5,5,functionality,1,5,desk_lamp,18,desk_lamp_018.png,FLUX.2-klein-base-9B
R02,early_automobile_011,yes,5,5,5,symbolism,4,5,early_automobile,11,early_automobile_011.png,FLUX.2-klein-base-9B
R02,broom_008,yes,4,3,4,functionality,1,4,broom,8,broom_008.png,FLUX.2-klein-base-9B
R02,sports_car_017,yes,5,5,5,aesthetics,4,5,sports_car,17,sports_car_017.png,FLUX.2-klein-base-9B
R02,sneakers_020,yes,5,5,5,usability,2,5,sneakers,20,sneakers_020.png,FLUX.2-klein-base-9B
R02,electric_kettle_013,yes,5,5,5,functionality,1,5,electric_kettle,13,electric_kettle_013.png,FLUX.2-klein-base-9B
R02,sports_car_003,yes,5,5,5,aesthetics,4,5,sports_car,3,sports_car_003.png,FLUX.2-klein-base-9B
R02,lounge_chair_022,yes,5,5,5,functionality,1,5,lounge_chair,22,lounge_chair_022.png,FLUX.2-klein-base-9B
R02,lounge_chair_010,yes,4,4,5,aesthetics,4,5,lounge_chair,10,lounge_chair_010.png,FLUX.2-klein-base-9B
R02,sports_car_015,yes,5,5,5,aesthetics,4,5,sports_car,15,sports_car_015.png,FLUX.2-klein-base-9B
R02,desk_lamp_011,yes,5,5,5,functionality,2,5,desk_lamp,11,desk_lamp_011.png,FLUX.2-klein-base-9B
R02,electric_kettle_009,yes,5,5,5,functionality,1,5,electric_kettle,9,electric_kettle_009.png,FLUX.2-klein-base-9B
R02,sneakers_015,yes,3,4,4,usability,2,4,sneakers,15,sneakers_015.png,FLUX.2-klein-base-9B
R02,early_automobile_015,yes,5,5,5,symbolism,5,5,early_automobile,15,early_automobile_015.png,FLUX.2-klein-base-9B
R02,lounge_chair_019,yes,5,5,5,functionality,1,5,lounge_chair,19,lounge_chair_019.png,FLUX.2-klein-base-9B
R02,sports_car_007,yes,5,5,5,aesthetics,2,5,sports_car,7,sports_car_007.png,FLUX.2-klein-base-9B
R02,vacuum_cleaner_017,yes,5,5,5,functionality,1,5,vacuum_cleaner,17,vacuum_cleaner_017.png,FLUX.2-klein-base-9B
R02,sports_car_014,yes,5,5,5,aesthetics,4,5,sports_car,14,sports_car_014.png,FLUX.2-klein-base-9B
R02,early_automobile_003,yes,5,5,5,symbolism,5,5,early_automobile,3,early_automobile_003.png,FLUX.2-klein-base-9B
R02,early_automobile_017,yes,5,5,5,symbolism,5,5,early_automobile,17,early_automobile_017.png,FLUX.2-klein-base-9B
R02,vacuum_cleaner_011,yes,3,4,5,functionality,1,4,vacuum_cleaner,11,vacuum_cleaner_011.png,FLUX.2-klein-base-9B
R02,sneakers_021,yes,4,4,4,functionality,2,4,sneakers,21,sneakers_021.png,FLUX.2-klein-base-9B
R02,broom_003,no,2,1,1,functionality,1,2,broom,3,broom_003.png,FLUX.2-klein-base-9B
R02,vacuum_cleaner_023,partial,2,3,3,usability,1,3,vacuum_cleaner,23,vacuum_cleaner_023.png,FLUX.2-klein-base-9B
R02,sneakers_018,yes,5,5,4,functionality,2,4,sneakers,18,sneakers_018.png,FLUX.2-klein-base-9B
R02,lounge_chair_020,yes,5,5,5,aesthetics,4,5,lounge_chair,20,lounge_chair_020.png,FLUX.2-klein-base-9B
R02,electric_kettle_005,yes,5,5,5,functionality,1,5,electric_kettle,5,electric_kettle_005.png,FLUX.2-klein-base-9B
R02,broom_015,yes,5,5,5,functionality,1,5,broom,15,broom_015.png,FLUX.2-klein-base-9B
R02,broom_002,partial,3,3,4,usability,1,4,broom,2,broom_002.png,FLUX.2-klein-base-9B
R02,broom_010,partial,3,4,3,functionality,1,4,broom,10,broom_010.png,FLUX.2-klein-base-9B
R02,sneakers_009,yes,5,5,5,usability,2,5,sneakers,9,sneakers_009.png,FLUX.2-klein-base-9B
R02,early_automobile_009,yes,5,5,5,symbolism,5,5,early_automobile,9,early_automobile_009.png,FLUX.2-klein-base-9B
R02,vacuum_cleaner_014,yes,5,5,5,usability,1,5,vacuum_cleaner,14,vacuum_cleaner_014.png,FLUX.2-klein-base-9B
R02,sneakers_002,yes,5,5,5,usability,2,5,sneakers,2,sneakers_002.png,FLUX.2-klein-base-9B
R02,sneakers_019,yes,5,5,4,usability,3,4,sneakers,19,sneakers_019.png,FLUX.2-klein-base-9B
R02,vacuum_cleaner_020,yes,5,5,5,functionality,1,5,vacuum_cleaner,20,vacuum_cleaner_020.png,FLUX.2-klein-base-9B
R02,early_automobile_018,yes,2,3,3,symbolism,4,4,early_automobile,18,early_automobile_018.png,FLUX.2-klein-base-9B
R02,electric_kettle_010,yes,5,5,5,functionality,1,5,electric_kettle,10,electric_kettle_010.png,FLUX.2-klein-base-9B
R02,vacuum_cleaner_001,yes,4,5,5,usability,1,5,vacuum_cleaner,1,vacuum_cleaner_001.png,FLUX.2-klein-base-9B
R02,lounge_chair_013,yes,4,4,4,functionality,1,4,lounge_chair,13,lounge_chair_013.png,FLUX.2-klein-base-9B
R02,desk_lamp_001,yes,3,4,4,aesthetics,4,4,desk_lamp,1,desk_lamp_001.png,FLUX.2-klein-base-9B
R02,lounge_chair_001,yes,5,5,5,functionality,4,5,lounge_chair,1,lounge_chair_001.png,FLUX.2-klein-base-9B
R02,desk_lamp_003,yes,5,5,5,functionality,1,5,desk_lamp,3,desk_lamp_003.png,FLUX.2-klein-base-9B
R02,sneakers_025,yes,5,5,5,functionality,1,5,sneakers,25,sneakers_025.png,FLUX.2-klein-base-9B
R02,vacuum_cleaner_012,yes,5,5,5,functionality,2,5,vacuum_cleaner,12,vacuum_cleaner_012.png,FLUX.2-klein-base-9B
R02,desk_lamp_012,yes,5,5,5,aesthetics,3,5,desk_lamp,12,desk_lamp_012.png,FLUX.2-klein-base-9B
R02,vacuum_cleaner_013,yes,5,5,5,functionality,1,5,vacuum_cleaner,13,vacuum_cleaner_013.png,FLUX.2-klein-base-9B
R02,desk_lamp_009,yes,4,5,5,functionality,2,5,desk_lamp,9,desk_lamp_009.png,FLUX.2-klein-base-9B
R02,sports_car_010,yes,5,5,5,aesthetics,5,5,sports_car,10,sports_car_010.png,FLUX.2-klein-base-9B
R02,broom_018,yes,5,5,5,functionality,1,5,broom,18,broom_018.png,FLUX.2-klein-base-9B
R02,broom_013,yes,5,5,5,functionality,1,5,broom,13,broom_013.png,FLUX.2-klein-base-9B
R02,desk_lamp_024,yes,5,5,5,aesthetics,5,5,desk_lamp,24,desk_lamp_024.png,FLUX.2-klein-base-9B
R02,sneakers_022,yes,5,5,5,functionality,1,5,sneakers,22,sneakers_022.png,FLUX.2-klein-base-9B
R02,vacuum_cleaner_018,yes,5,5,5,usability,2,5,vacuum_cleaner,18,vacuum_cleaner_018.png,FLUX.2-klein-base-9B
R02,sports_car_023,yes,5,5,5,aesthetics,4,5,sports_car,23,sports_car_023.png,FLUX.2-klein-base-9B
R02,early_automobile_007,yes,5,5,5,aesthetics,4,5,early_automobile,7,early_automobile_007.png,FLUX.2-klein-base-9B
R02,sports_car_002,yes,5,5,5,aesthetics,5,5,sports_car,2,sports_car_002.png,FLUX.2-klein-base-9B
R02,early_automobile_021,yes,5,5,5,symbolism,5,5,early_automobile,21,early_automobile_021.png,FLUX.2-klein-base-9B
R02,early_automobile_012,yes,5,5,5,aesthetics,5,5,early_automobile,12,early_automobile_012.png,FLUX.2-klein-base-9B
R02,lounge_chair_009,yes,5,5,5,aesthetics,2,5,lounge_chair,9,lounge_chair_009.png,FLUX.2-klein-base-9B
R02,vacuum_cleaner_016,yes,5,5,5,functionality,1,5,vacuum_cleaner,16,vacuum_cleaner_016.png,FLUX.2-klein-base-9B
R02,early_automobile_016,yes,5,5,5,symbolism,5,5,early_automobile,16,early_automobile_016.png,FLUX.2-klein-base-9B
R02,lounge_chair_011,yes,5,5,5,aesthetics,4,5,lounge_chair,11,lounge_chair_011.png,FLUX.2-klein-base-9B
R02,electric_kettle_008,yes,5,5,5,functionality,1,5,electric_kettle,8,electric_kettle_008.png,FLUX.2-klein-base-9B
R02,desk_lamp_013,yes,5,5,5,functionality,1,5,desk_lamp,13,desk_lamp_013.png,FLUX.2-klein-base-9B
R02,sports_car_004,yes,5,5,5,aesthetics,4,5,sports_car,4,sports_car_004.png,FLUX.2-klein-base-9B
R02,lounge_chair_014,yes,5,5,5,aesthetics,4,5,lounge_chair,14,lounge_chair_014.png,FLUX.2-klein-base-9B
R02,vacuum_cleaner_025,no,1,2,2,aesthetics,5,2,vacuum_cleaner,25,vacuum_cleaner_025.png,FLUX.2-klein-base-9B
R02,sports_car_021,yes,5,5,5,aesthetics,5,5,sports_car,21,sports_car_021.png,FLUX.2-klein-base-9B
R02,sneakers_007,yes,3,5,5,usability,2,4,sneakers,7,sneakers_007.png,FLUX.2-klein-base-9B
R02,broom_007,yes,4,5,5,functionality,1,5,broom,7,broom_007.png,FLUX.2-klein-base-9B
R02,early_automobile_008,yes,5,5,5,aesthetics,4,5,early_automobile,8,early_automobile_008.png,FLUX.2-klein-base-9B
R02,electric_kettle_017,yes,5,5,5,functionality,1,5,electric_kettle,17,electric_kettle_017.png,FLUX.2-klein-base-9B
R02,desk_lamp_008,yes,5,5,5,functionality,2,5,desk_lamp,8,desk_lamp_008.png,FLUX.2-klein-base-9B
R02,broom_011,no,1,1,1,unclear,1,2,broom,11,broom_011.png,FLUX.2-klein-base-9B
R02,broom_021,partial,4,4,3,symbolism,3,4,broom,21,broom_021.png,FLUX.2-klein-base-9B
R02,lounge_chair_016,yes,5,5,5,functionality,1,5,lounge_chair,16,lounge_chair_016.png,FLUX.2-klein-base-9B
R02,sports_car_022,yes,5,5,5,aesthetics,5,5,sports_car,22,sports_car_022.png,FLUX.2-klein-base-9B
R02,early_automobile_019,yes,5,5,5,symbolism,5,5,early_automobile,19,early_automobile_019.png,FLUX.2-klein-base-9B
R02,sneakers_011,yes,5,5,5,functionality,4,5,sneakers,11,sneakers_011.png,FLUX.2-klein-base-9B
R02,sneakers_001,yes,5,5,5,functionality,2,5,sneakers,1,sneakers_001.png,FLUX.2-klein-base-9B
R02,early_automobile_020,yes,5,5,5,symbolism,5,5,early_automobile,20,early_automobile_020.png,FLUX.2-klein-base-9B
R02,lounge_chair_018,yes,5,5,5,usability,2,5,lounge_chair,18,lounge_chair_018.png,FLUX.2-klein-base-9B
R02,electric_kettle_016,yes,5,5,5,functionality,1,5,electric_kettle,16,electric_kettle_016.png,FLUX.2-klein-base-9B
R02,electric_kettle_019,yes,5,5,5,functionality,1,5,electric_kettle,19,electric_kettle_019.png,FLUX.2-klein-base-9B
R02,broom_025,no,2,2,2,aesthetics,1,3,broom,25,broom_025.png,FLUX.2-klein-base-9B
R02,desk_lamp_004,yes,5,5,5,functionality,1,5,desk_lamp,4,desk_lamp_004.png,FLUX.2-klein-base-9B
R02,lounge_chair_023,yes,4,5,5,usability,2,5,lounge_chair,23,lounge_chair_023.png,FLUX.2-klein-base-9B
R02,early_automobile_022,yes,5,5,5,symbolism,5,5,early_automobile,22,early_automobile_022.png,FLUX.2-klein-base-9B
R02,sneakers_016,yes,5,5,5,aesthetics,4,5,sneakers,16,sneakers_016.png,FLUX.2-klein-base-9B
R02,early_automobile_001,yes,5,5,5,symbolism,5,5,early_automobile,1,early_automobile_001.png,FLUX.2-klein-base-9B
R02,desk_lamp_020,yes,5,5,5,usability,2,5,desk_lamp,20,desk_lamp_020.png,FLUX.2-klein-base-9B
R02,sneakers_012,yes,3,4,5,usability,2,5,sneakers,12,sneakers_012.png,FLUX.2-klein-base-9B
R02,early_automobile_023,yes,5,5,5,symbolism,5,5,early_automobile,23,early_automobile_023.png,FLUX.2-klein-base-9B
R02,lounge_chair_021,yes,5,5,5,usability,2,5,lounge_chair,21,lounge_chair_021.png,FLUX.2-klein-base-9B
R02,electric_kettle_018,yes,5,5,5,usability,1,5,electric_kettle,18,electric_kettle_018.png,FLUX.2-klein-base-9B
R02,sports_car_011,yes,5,5,5,aesthetics,4,5,sports_car,11,sports_car_011.png,FLUX.2-klein-base-9B
R02,broom_006,yes,5,5,5,functionality,2,5,broom,6,broom_006.png,FLUX.2-klein-base-9B
R02,sports_car_009,yes,5,5,5,functionality,4,5,sports_car,9,sports_car_009.png,FLUX.2-klein-base-9B
R02,broom_014,partial,4,4,3,functionality,2,4,broom,14,broom_014.png,FLUX.2-klein-base-9B
R02,early_automobile_025,yes,5,5,5,functionality,2,5,early_automobile,25,early_automobile_025.png,FLUX.2-klein-base-9B
R02,desk_lamp_005,yes,5,5,5,functionality,2,5,desk_lamp,5,desk_lamp_005.png,FLUX.2-klein-base-9B
R02,desk_lamp_010,yes,5,5,5,functionality,1,5,desk_lamp,10,desk_lamp_010.png,FLUX.2-klein-base-9B
R02,sneakers_024,yes,5,5,5,aesthetics,4,5,sneakers,24,sneakers_024.png,FLUX.2-klein-base-9B
R02,electric_kettle_023,yes,5,5,5,functionality,1,5,electric_kettle,23,electric_kettle_023.png,FLUX.2-klein-base-9B
R02,desk_lamp_022,yes,5,5,5,functionality,2,5,desk_lamp,22,desk_lamp_022.png,FLUX.2-klein-base-9B
R02,vacuum_cleaner_004,yes,5,5,5,functionality,1,5,vacuum_cleaner,4,vacuum_cleaner_004.png,FLUX.2-klein-base-9B
R02,vacuum_cleaner_022,yes,3,4,4,functionality,1,4,vacuum_cleaner,22,vacuum_cleaner_022.png,FLUX.2-klein-base-9B
R02,electric_kettle_003,yes,5,5,5,usability,1,5,electric_kettle,3,electric_kettle_003.png,FLUX.2-klein-base-9B
R02,vacuum_cleaner_024,yes,4,5,5,functionality,1,5,vacuum_cleaner,24,vacuum_cleaner_024.png,FLUX.2-klein-base-9B
R03,lounge_chair_024,yes,5,4,4,aesthetics,2,5,lounge_chair,24,lounge_chair_024.png,FLUX.2-klein-base-9B
R03,desk_lamp_003,yes,5,5,4,functionality,4,4,desk_lamp,3,desk_lamp_003.png,FLUX.2-klein-base-9B
R03,lounge_chair_017,yes,4,4,5,functionality,4,4,lounge_chair,17,lounge_chair_017.png,FLUX.2-klein-base-9B
R03,broom_002,partial,2,3,5,functionality,1,2,broom,2,broom_002.png,FLUX.2-klein-base-9B
R03,broom_014,partial,4,4,4,functionality,3,2,broom,14,broom_014.png,FLUX.2-klein-base-9B
R03,electric_kettle_019,yes,4,4,5,functionality,2,4,electric_kettle,19,electric_kettle_019.png,FLUX.2-klein-base-9B
R03,sports_car_019,yes,5,5,4,usability,4,5,sports_car,19,sports_car_019.png,FLUX.2-klein-base-9B
R03,early_automobile_018,yes,2,3,5,symbolism,4,3,early_automobile,18,early_automobile_018.png,FLUX.2-klein-base-9B
R03,sports_car_010,yes,5,3,5,symbolism,4,4,sports_car,10,sports_car_010.png,FLUX.2-klein-base-9B
R03,lounge_chair_008,partial,3,3,3,unclear,1,1,lounge_chair,8,lounge_chair_008.png,FLUX.2-klein-base-9B
R03,sports_car_002,yes,5,5,4,symbolism,5,5,sports_car,2,sports_car_002.png,FLUX.2-klein-base-9B
R03,sneakers_007,yes,3,4,5,usability,3,4,sneakers,7,sneakers_007.png,FLUX.2-klein-base-9B
R03,broom_009,no,1,1,4,unclear,3,1,broom,9,broom_009.png,FLUX.2-klein-base-9B
R03,desk_lamp_014,yes,5,5,4,functionality,4,4,desk_lamp,14,desk_lamp_014.png,FLUX.2-klein-base-9B
R03,early_automobile_007,yes,5,5,5,symbolism,2,4,early_automobile,7,early_automobile_007.png,FLUX.2-klein-base-9B
R03,sneakers_019,yes,5,5,4,symbolism,3,5,sneakers,19,sneakers_019.png,FLUX.2-klein-base-9B
R03,lounge_chair_021,yes,3,3,5,usability,2,2,lounge_chair,21,lounge_chair_021.png,FLUX.2-klein-base-9B
R03,electric_kettle_002,yes,5,5,5,functionality,3,4,electric_kettle,2,electric_kettle_002.png,FLUX.2-klein-base-9B
R03,sneakers_012,yes,3,5,5,usability,2,4,sneakers,12,sneakers_012.png,FLUX.2-klein-base-9B
R03,vacuum_cleaner_006,partial,1,5,5,functionality,3,3,vacuum_cleaner,6,vacuum_cleaner_006.png,FLUX.2-klein-base-9B
R03,desk_lamp_025,yes,5,4,5,functionality,2,4,desk_lamp,25,desk_lamp_025.png,FLUX.2-klein-base-9B
R03,electric_kettle_025,yes,5,4,4,functionality,1,5,electric_kettle,25,electric_kettle_025.png,FLUX.2-klein-base-9B
R03,sports_car_017,yes,5,5,5,aesthetics,3,4,sports_car,17,sports_car_017.png,FLUX.2-klein-base-9B
R03,desk_lamp_006,yes,1,2,5,functionality,4,3,desk_lamp,6,desk_lamp_006.png,FLUX.2-klein-base-9B
R03,early_automobile_016,yes,5,4,5,functionality,2,4,early_automobile,16,early_automobile_016.png,FLUX.2-klein-base-9B
R03,sports_car_016,yes,5,5,4,aesthetics,4,4,sports_car,16,sports_car_016.png,FLUX.2-klein-base-9B
R03,sports_car_015,yes,4,5,4,aesthetics,4,5,sports_car,15,sports_car_015.png,FLUX.2-klein-base-9B
R03,early_automobile_009,yes,5,4,5,symbolism,4,4,early_automobile,9,early_automobile_009.png,FLUX.2-klein-base-9B
R03,sneakers_013,partial,1,5,3,functionality,3,3,sneakers,13,sneakers_013.png,FLUX.2-klein-base-9B
R03,lounge_chair_018,yes,5,4,4,usability,4,4,lounge_chair,18,lounge_chair_018.png,FLUX.2-klein-base-9B
R03,broom_004,yes,4,5,4,usability,1,4,broom,4,broom_004.png,FLUX.2-klein-base-9B
R03,desk_lamp_021,yes,4,4,4,functionality,3,5,desk_lamp,21,desk_lamp_021.png,FLUX.2-klein-base-9B
R03,vacuum_cleaner_023,yes,4,5,4,usability,2,4,vacuum_cleaner,23,vacuum_cleaner_023.png,FLUX.2-klein-base-9B
R03,desk_lamp_005,yes,3,3,4,functionality,3,4,desk_lamp,5,desk_lamp_005.png,FLUX.2-klein-base-9B
R03,sports_car_018,yes,4,5,5,aesthetics,4,4,sports_car,18,sports_car_018.png,FLUX.2-klein-base-9B
R03,vacuum_cleaner_019,yes,4,5,5,functionality,4,4,vacuum_cleaner,19,vacuum_cleaner_019.png,FLUX.2-klein-base-9B
R03,electric_kettle_024,yes,4,5,4,functionality,2,5,electric_kettle,24,electric_kettle_024.png,FLUX.2-klein-base-9B
R03,vacuum_cleaner_004,yes,4,5,5,functionality,1,5,vacuum_cleaner,4,vacuum_cleaner_004.png,FLUX.2-klein-base-9B
R03,sports_car_004,yes,4,4,5,aesthetics,3,4,sports_car,4,sports_car_004.png,FLUX.2-klein-base-9B
R03,broom_010,yes,1,3,3,functionality,4,4,broom,10,broom_010.png,FLUX.2-klein-base-9B
R03,desk_lamp_020,yes,4,3,4,functionality,3,3,desk_lamp,20,desk_lamp_020.png,FLUX.2-klein-base-9B
R03,lounge_chair_009,yes,4,5,3,functionality,5,4,lounge_chair,9,lounge_chair_009.png,FLUX.2-klein-base-9B
R03,lounge_chair_013,yes,5,3,5,usability,4,4,lounge_chair,13,lounge_chair_013.png,FLUX.2-klein-base-9B
R03,vacuum_cleaner_002,yes,5,4,4,functionality,2,5,vacuum_cleaner,2,vacuum_cleaner_002.png,FLUX.2-klein-base-9B
R03,electric_kettle_007,yes,5,5,3,functionality,3,4,electric_kettle,7,electric_kettle_007.png,FLUX.2-klein-base-9B
R03,sports_car_020,yes,1,4,3,aesthetics,4,4,sports_car,20,sports_car_020.png,FLUX.2-klein-base-9B
R03,vacuum_cleaner_012,yes,4,4,5,functionality,2,4,vacuum_cleaner,12,vacuum_cleaner_012.png,FLUX.2-klein-base-9B
R03,electric_kettle_005,yes,4,5,4,functionality,1,5,electric_kettle,5,electric_kettle_005.png,FLUX.2-klein-base-9B
R03,sneakers_020,yes,4,4,5,usability,3,4,sneakers,20,sneakers_020.png,FLUX.2-klein-base-9B
R03,electric_kettle_015,yes,4,4,5,aesthetics,4,5,electric_kettle,15,electric_kettle_015.png,FLUX.2-klein-base-9B
R03,electric_kettle_014,yes,4,5,4,functionality,1,3,electric_kettle,14,electric_kettle_014.png,FLUX.2-klein-base-9B
R03,sneakers_023,yes,5,5,5,usability,4,4,sneakers,23,sneakers_023.png,FLUX.2-klein-base-9B
R03,broom_020,yes,4,4,5,functionality,4,4,broom,20,broom_020.png,FLUX.2-klein-base-9B
R03,broom_008,yes,5,5,5,functionality,1,4,broom,8,broom_008.png,FLUX.2-klein-base-9B
R03,sneakers_009,yes,3,5,4,usability,4,5,sneakers,9,sneakers_009.png,FLUX.2-klein-base-9B
R03,sports_car_022,yes,5,4,5,aesthetics,4,4,sports_car,22,sports_car_022.png,FLUX.2-klein-base-9B
R03,broom_003,no,2,1,4,unclear,1,3,broom,3,broom_003.png,FLUX.2-klein-base-9B
R03,vacuum_cleaner_003,partial,4,3,3,functionality,3,3,vacuum_cleaner,3,vacuum_cleaner_003.png,FLUX.2-klein-base-9B
R03,early_automobile_013,yes,4,5,4,functionality,3,5,early_automobile,13,early_automobile_013.png,FLUX.2-klein-base-9B
R03,sneakers_004,yes,5,5,5,functionality,3,4,sneakers,4,sneakers_004.png,FLUX.2-klein-base-9B
R03,electric_kettle_012,yes,5,5,4,functionality,4,3,electric_kettle,12,electric_kettle_012.png,FLUX.2-klein-base-9B
R03,sports_car_025,yes,2,4,5,aesthetics,4,5,sports_car,25,sports_car_025.png,FLUX.2-klein-base-9B
R03,early_automobile_017,yes,4,5,5,usability,4,4,early_automobile,17,early_automobile_017.png,FLUX.2-klein-base-9B
R03,lounge_chair_015,yes,5,5,4,usability,2,5,lounge_chair,15,lounge_chair_015.png,FLUX.2-klein-base-9B
R03,sports_car_024,yes,4,5,5,aesthetics,4,4,sports_car,24,sports_car_024.png,FLUX.2-klein-base-9B
R03,early_automobile_001,yes,2,5,4,functionality,2,3,early_automobile,1,early_automobile_001.png,FLUX.2-klein-base-9B
R03,desk_lamp_022,yes,3,3,4,aesthetics,5,4,desk_lamp,22,desk_lamp_022.png,FLUX.2-klein-base-9B
R03,sports_car_021,yes,5,5,4,aesthetics,4,4,sports_car,21,sports_car_021.png,FLUX.2-klein-base-9B
R03,broom_005,partial,1,1,3,functionality,4,1,broom,5,broom_005.png,FLUX.2-klein-base-9B
R03,sneakers_011,yes,5,5,3,aesthetics,3,4,sneakers,11,sneakers_011.png,FLUX.2-klein-base-9B
R03,sneakers_005,partial,1,3,5,functionality,1,4,sneakers,5,sneakers_005.png,FLUX.2-klein-base-9B
R03,broom_006,yes,5,4,4,functionality,2,5,broom,6,broom_006.png,FLUX.2-klein-base-9B
R03,sneakers_002,yes,5,5,5,functionality,3,4,sneakers,2,sneakers_002.png,FLUX.2-klein-base-9B
R03,desk_lamp_002,yes,5,4,4,functionality,3,4,desk_lamp,2,desk_lamp_002.png,FLUX.2-klein-base-9B
R03,broom_018,yes,5,5,3,usability,1,2,broom,18,broom_018.png,FLUX.2-klein-base-9B
R03,lounge_chair_014,yes,5,4,5,usability,3,3,lounge_chair,14,lounge_chair_014.png,FLUX.2-klein-base-9B
R03,desk_lamp_007,yes,4,5,5,aesthetics,1,4,desk_lamp,7,desk_lamp_007.png,FLUX.2-klein-base-9B
R03,lounge_chair_010,yes,2,4,5,aesthetics,3,4,lounge_chair,10,lounge_chair_010.png,FLUX.2-klein-base-9B
R03,sports_car_014,yes,5,5,5,aesthetics,4,2,sports_car,14,sports_car_014.png,FLUX.2-klein-base-9B
R03,vacuum_cleaner_017,yes,5,5,3,symbolism,4,4,vacuum_cleaner,17,vacuum_cleaner_017.png,FLUX.2-klein-base-9B
R03,vacuum_cleaner_016,yes,3,4,5,functionality,2,4,vacuum_cleaner,16,vacuum_cleaner_016.png,FLUX.2-klein-base-9B
R03,desk_lamp_012,yes,5,4,4,functionality,5,5,desk_lamp,12,desk_lamp_012.png,FLUX.2-klein-base-9B
R03,electric_kettle_010,yes,4,5,5,functionality,1,4,electric_kettle,10,electric_kettle_010.png,FLUX.2-klein-base-9B
R03,sneakers_021,yes,4,4,5,aesthetics,4,3,sneakers,21,sneakers_021.png,FLUX.2-klein-base-9B
R03,lounge_chair_022,yes,5,5,5,functionality,3,3,lounge_chair,22,lounge_chair_022.png,FLUX.2-klein-base-9B
R03,desk_lamp_004,yes,5,5,4,functionality,4,4,desk_lamp,4,desk_lamp_004.png,FLUX.2-klein-base-9B
R03,sneakers_006,partial,2,4,3,usability,4,2,sneakers,6,sneakers_006.png,FLUX.2-klein-base-9B
R03,vacuum_cleaner_008,yes,2,4,5,usability,1,5,vacuum_cleaner,8,vacuum_cleaner_008.png,FLUX.2-klein-base-9B
R03,early_automobile_008,yes,4,5,4,symbolism,1,3,early_automobile,8,early_automobile_008.png,FLUX.2-klein-base-9B
R03,early_automobile_002,yes,4,5,4,symbolism,5,2,early_automobile,2,early_automobile_002.png,FLUX.2-klein-base-9B
R03,lounge_chair_012,yes,5,4,5,aesthetics,3,5,lounge_chair,12,lounge_chair_012.png,FLUX.2-klein-base-9B
R03,early_automobile_004,partial,5,4,4,symbolism,5,5,early_automobile,4,early_automobile_004.png,FLUX.2-klein-base-9B
R03,vacuum_cleaner_020,yes,4,3,5,functionality,3,5,vacuum_cleaner,20,vacuum_cleaner_020.png,FLUX.2-klein-base-9B
R03,lounge_chair_016,yes,4,3,5,functionality,4,5,lounge_chair,16,lounge_chair_016.png,FLUX.2-klein-base-9B
R03,electric_kettle_009,yes,4,5,5,functionality,1,4,electric_kettle,9,electric_kettle_009.png,FLUX.2-klein-base-9B
R03,electric_kettle_021,yes,5,4,5,functionality,1,4,electric_kettle,21,electric_kettle_021.png,FLUX.2-klein-base-9B
R03,broom_007,yes,4,5,4,functionality,1,4,broom,7,broom_007.png,FLUX.2-klein-base-9B
R03,sneakers_014,yes,5,5,5,usability,3,5,sneakers,14,sneakers_014.png,FLUX.2-klein-base-9B
R03,early_automobile_005,yes,5,5,4,functionality,5,5,early_automobile,5,early_automobile_005.png,FLUX.2-klein-base-9B
R03,sports_car_009,yes,4,5,4,symbolism,3,3,sports_car,9,sports_car_009.png,FLUX.2-klein-base-9B
R03,electric_kettle_020,yes,5,5,5,functionality,4,5,electric_kettle,20,electric_kettle_020.png,FLUX.2-klein-base-9B
R03,lounge_chair_004,yes,4,3,3,usability,3,5,lounge_chair,4,lounge_chair_004.png,FLUX.2-klein-base-9B
R03,electric_kettle_013,yes,5,5,5,functionality,2,5,electric_kettle,13,electric_kettle_013.png,FLUX.2-klein-base-9B
R03,sneakers_022,yes,4,5,5,aesthetics,4,4,sneakers,22,sneakers_022.png,FLUX.2-klein-base-9B
R03,early_automobile_019,yes,4,3,3,unclear,2,3,early_automobile,19,early_automobile_019.png,FLUX.2-klein-base-9B
R03,broom_022,yes,3,4,5,functionality,1,4,broom,22,broom_022.png,FLUX.2-klein-base-9B
R03,early_automobile_003,yes,3,5,3,functionality,5,4,early_automobile,3,early_automobile_003.png,FLUX.2-klein-base-9B
R03,early_automobile_021,yes,5,5,5,functionality,5,4,early_automobile,21,early_automobile_021.png,FLUX.2-klein-base-9B
R03,vacuum_cleaner_009,yes,4,5,5,functionality,1,4,vacuum_cleaner,9,vacuum_cleaner_009.png,FLUX.2-klein-base-9B
R03,electric_kettle_008,yes,5,4,5,functionality,1,4,electric_kettle,8,electric_kettle_008.png,FLUX.2-klein-base-9B
R03,lounge_chair_025,partial,3,3,5,usability,4,3,lounge_chair,25,lounge_chair_025.png,FLUX.2-klein-base-9B
R03,sports_car_012,yes,5,4,5,symbolism,4,4,sports_car,12,sports_car_012.png,FLUX.2-klein-base-9B
R03,lounge_chair_005,yes,5,5,5,functionality,1,4,lounge_chair,5,lounge_chair_005.png,FLUX.2-klein-base-9B
R03,early_automobile_014,yes,4,5,5,symbolism,4,5,early_automobile,14,early_automobile_014.png,FLUX.2-klein-base-9B
R03,desk_lamp_013,yes,5,5,5,functionality,3,5,desk_lamp,13,desk_lamp_013.png,FLUX.2-klein-base-9B
R03,early_automobile_025,yes,5,4,5,symbolism,4,4,early_automobile,25,early_automobile_025.png,FLUX.2-klein-base-9B
R03,broom_016,no,4,2,3,functionality,3,2,broom,16,broom_016.png,FLUX.2-klein-base-9B
R03,sports_car_023,yes,5,5,3,symbolism,5,4,sports_car,23,sports_car_023.png,FLUX.2-klein-base-9B
R03,broom_024,yes,2,5,3,usability,2,2,broom,24,broom_024.png,FLUX.2-klein-base-9B
R03,broom_015,yes,4,4,4,functionality,1,3,broom,15,broom_015.png,FLUX.2-klein-base-9B
R03,early_automobile_006,yes,2,4,3,symbolism,2,4,early_automobile,6,early_automobile_006.png,FLUX.2-klein-base-9B
R03,broom_021,yes,5,5,4,functionality,3,2,broom,21,broom_021.png,FLUX.2-klein-base-9B
R03,sports_car_008,yes,5,5,5,symbolism,4,4,sports_car,8,sports_car_008.png,FLUX.2-klein-base-9B
R03,vacuum_cleaner_025,partial,3,1,3,symbolism,5,1,vacuum_cleaner,25,vacuum_cleaner_025.png,FLUX.2-klein-base-9B
R03,sports_car_003,yes,5,5,5,aesthetics,4,4,sports_car,3,sports_car_003.png,FLUX.2-klein-base-9B
R03,lounge_chair_023,yes,4,5,4,usability,1,4,lounge_chair,23,lounge_chair_023.png,FLUX.2-klein-base-9B
R03,vacuum_cleaner_010,partial,1,4,4,functionality,2,4,vacuum_cleaner,10,vacuum_cleaner_010.png,FLUX.2-klein-base-9B
R03,sports_car_005,yes,5,3,3,aesthetics,4,4,sports_car,5,sports_car_005.png,FLUX.2-klein-base-9B
R03,vacuum_cleaner_001,yes,4,5,5,usability,4,3,vacuum_cleaner,1,vacuum_cleaner_001.png,FLUX.2-klein-base-9B
R03,broom_013,yes,5,2,5,functionality,2,2,broom,13,broom_013.png,FLUX.2-klein-base-9B
R03,vacuum_cleaner_024,partial,2,4,5,functionality,3,3,vacuum_cleaner,24,vacuum_cleaner_024.png,FLUX.2-klein-base-9B
R03,early_automobile_015,yes,5,4,4,symbolism,4,3,early_automobile,15,early_automobile_015.png,FLUX.2-klein-base-9B
R03,desk_lamp_008,yes,5,4,4,functionality,4,4,desk_lamp,8,desk_lamp_008.png,FLUX.2-klein-base-9B
R03,desk_lamp_023,yes,5,3,4,aesthetics,4,4,desk_lamp,23,desk_lamp_023.png,FLUX.2-klein-base-9B
R03,lounge_chair_002,yes,5,5,5,functionality,3,4,lounge_chair,2,lounge_chair_002.png,FLUX.2-klein-base-9B
R03,vacuum_cleaner_018,yes,4,5,5,functionality,3,5,vacuum_cleaner,18,vacuum_cleaner_018.png,FLUX.2-klein-base-9B
R03,electric_kettle_016,yes,5,5,5,functionality,2,4,electric_kettle,16,electric_kettle_016.png,FLUX.2-klein-base-9B
R03,lounge_chair_001,yes,4,3,4,functionality,3,3,lounge_chair,1,lounge_chair_001.png,FLUX.2-klein-base-9B
R03,broom_011,no,3,2,4,unclear,1,1,broom,11,broom_011.png,FLUX.2-klein-base-9B
R03,lounge_chair_019,yes,5,5,3,functionality,2,4,lounge_chair,19,lounge_chair_019.png,FLUX.2-klein-base-9B
R03,lounge_chair_007,yes,3,5,4,aesthetics,4,3,lounge_chair,7,lounge_chair_007.png,FLUX.2-klein-base-9B
R03,vacuum_cleaner_015,yes,4,5,4,functionality,5,4,vacuum_cleaner,15,vacuum_cleaner_015.png,FLUX.2-klein-base-9B
R03,sports_car_011,yes,5,4,4,aesthetics,4,4,sports_car,11,sports_car_011.png,FLUX.2-klein-base-9B
R03,early_automobile_023,yes,4,4,4,symbolism,5,4,early_automobile,23,early_automobile_023.png,FLUX.2-klein-base-9B
R03,sneakers_008,yes,4,4,4,functionality,3,4,sneakers,8,sneakers_008.png,FLUX.2-klein-base-9B
R03,sneakers_015,yes,2,4,5,aesthetics,2,4,sneakers,15,sneakers_015.png,FLUX.2-klein-base-9B
R03,desk_lamp_024,partial,2,5,5,aesthetics,4,2,desk_lamp,24,desk_lamp_024.png,FLUX.2-klein-base-9B
R03,sneakers_017,yes,4,5,5,functionality,3,5,sneakers,17,sneakers_017.png,FLUX.2-klein-base-9B
R03,broom_017,yes,4,4,4,functionality,1,5,broom,17,broom_017.png,FLUX.2-klein-base-9B
R03,sneakers_003,yes,4,4,4,usability,4,5,sneakers,3,sneakers_003.png,FLUX.2-klein-base-9B
R03,early_automobile_022,yes,3,4,4,functionality,5,4,early_automobile,22,early_automobile_022.png,FLUX.2-klein-base-9B
R03,desk_lamp_016,yes,3,5,3,functionality,3,3,desk_lamp,16,desk_lamp_016.png,FLUX.2-klein-base-9B
R03,sneakers_024,yes,5,5,5,usability,4,5,sneakers,24,sneakers_024.png,FLUX.2-klein-base-9B
R03,electric_kettle_022,yes,5,4,5,functionality,1,4,electric_kettle,22,electric_kettle_022.png,FLUX.2-klein-base-9B
R03,desk_lamp_009,yes,5,5,3,usability,3,2,desk_lamp,9,desk_lamp_009.png,FLUX.2-klein-base-9B
R03,desk_lamp_011,yes,5,5,5,functionality,3,4,desk_lamp,11,desk_lamp_011.png,FLUX.2-klein-base-9B
R03,broom_001,yes,5,4,4,functionality,1,4,broom,1,broom_001.png,FLUX.2-klein-base-9B
R03,desk_lamp_010,yes,4,5,3,aesthetics,4,4,desk_lamp,10,desk_lamp_010.png,FLUX.2-klein-base-9B
R03,sneakers_001,yes,5,5,4,aesthetics,4,4,sneakers,1,sneakers_001.png,FLUX.2-klein-base-9B
R03,electric_kettle_011,yes,4,5,5,functionality,2,3,electric_kettle,11,electric_kettle_011.png,FLUX.2-klein-base-9B
R03,broom_023,partial,2,4,5,unclear,2,3,broom,23,broom_023.png,FLUX.2-klein-base-9B
R03,electric_kettle_001,yes,4,5,5,functionality,1,5,electric_kettle,1,electric_kettle_001.png,FLUX.2-klein-base-9B
R03,electric_kettle_004,yes,4,5,5,functionality,2,5,electric_kettle,4,electric_kettle_004.png,FLUX.2-klein-base-9B
R03,electric_kettle_023,yes,5,5,5,functionality,2,5,electric_kettle,23,electric_kettle_023.png,FLUX.2-klein-base-9B
R03,electric_kettle_017,yes,5,4,4,functionality,2,5,electric_kettle,17,electric_kettle_017.png,FLUX.2-klein-base-9B
R03,early_automobile_010,yes,5,5,4,functionality,3,3,early_automobile,10,early_automobile_010.png,FLUX.2-klein-base-9B
R03,sports_car_001,yes,4,5,5,symbolism,4,3,sports_car,1,sports_car_001.png,FLUX.2-klein-base-9B
R03,desk_lamp_019,yes,3,5,4,usability,3,5,desk_lamp,19,desk_lamp_019.png,FLUX.2-klein-base-9B
R03,sneakers_025,yes,4,5,5,functionality,3,4,sneakers,25,sneakers_025.png,FLUX.2-klein-base-9B
R03,broom_012,yes,5,3,3,functionality,2,4,broom,12,broom_012.png,FLUX.2-klein-base-9B
R03,vacuum_cleaner_007,yes,5,5,4,functionality,1,2,vacuum_cleaner,7,vacuum_cleaner_007.png,FLUX.2-klein-base-9B
R03,lounge_chair_011,yes,5,5,5,usability,2,5,lounge_chair,11,lounge_chair_011.png,FLUX.2-klein-base-9B
R03,sneakers_010,no,3,2,4,usability,3,3,sneakers,10,sneakers_010.png,FLUX.2-klein-base-9B
R03,early_automobile_012,yes,3,4,4,symbolism,5,4,early_automobile,12,early_automobile_012.png,FLUX.2-klein-base-9B
R03,broom_019,yes,4,4,5,functionality,2,5,broom,19,broom_019.png,FLUX.2-klein-base-9B
R03,electric_kettle_006,yes,3,5,5,functionality,4,5,electric_kettle,6,electric_kettle_006.png,FLUX.2-klein-base-9B
R03,vacuum_cleaner_005,yes,5,4,4,functionality,3,3,vacuum_cleaner,5,vacuum_cleaner_005.png,FLUX.2-klein-base-9B
R03,sneakers_018,yes,4,5,4,aesthetics,4,3,sneakers,18,sneakers_018.png,FLUX.2-klein-base-9B
R03,desk_lamp_001,partial,2,4,5,functionality,2,4,desk_lamp,1,desk_lamp_001.png,FLUX.2-klein-base-9B
R03,sports_car_007,yes,5,3,5,aesthetics,4,3,sports_car,7,sports_car_007.png,FLUX.2-klein-base-9B
R03,lounge_chair_006,yes,5,5,5,functionality,3,5,lounge_chair,6,lounge_chair_006.png,FLUX.2-klein-base-9B
R03,desk_lamp_015,yes,4,3,5,aesthetics,2,4,desk_lamp,15,desk_lamp_015.png,FLUX.2-klein-base-9B
R03,desk_lamp_017,yes,5,5,4,aesthetics,4,4,desk_lamp,17,desk_lamp_017.png,FLUX.2-klein-base-9B
R03,vacuum_cleaner_011,yes,3,2,5,functionality,1,1,vacuum_cleaner,11,vacuum_cleaner_011.png,FLUX.2-klein-base-9B
R03,vacuum_cleaner_014,yes,5,5,4,usability,2,4,vacuum_cleaner,14,vacuum_cleaner_014.png,FLUX.2-klein-base-9B
R03,vacuum_cleaner_013,yes,5,3,4,functionality,2,5,vacuum_cleaner,13,vacuum_cleaner_013.png,FLUX.2-klein-base-9B
R03,early_automobile_011,yes,4,4,5,symbolism,4,5,early_automobile,11,early_automobile_011.png,FLUX.2-klein-base-9B
R03,sports_car_006,yes,3,5,3,aesthetics,4,4,sports_car,6,sports_car_006.png,FLUX.2-klein-base-9B
R03,early_automobile_020,yes,5,5,4,symbolism,5,4,early_automobile,20,early_automobile_020.png,FLUX.2-klein-base-9B
R03,vacuum_cleaner_022,yes,3,4,4,functionality,4,3,vacuum_cleaner,22,vacuum_cleaner_022.png,FLUX.2-klein-base-9B
R03,broom_025,partial,4,1,3,functionality,2,3,broom,25,broom_025.png,FLUX.2-klein-base-9B
R03,lounge_chair_020,yes,3,5,5,aesthetics,3,5,lounge_chair,20,lounge_chair_020.png,FLUX.2-klein-base-9B
R03,early_automobile_024,yes,5,4,5,functionality,2,4,early_automobile,24,early_automobile_024.png,FLUX.2-klein-base-9B
R03,sneakers_016,yes,3,5,5,aesthetics,2,4,sneakers,16,sneakers_016.png,FLUX.2-klein-base-9B
R03,sports_car_013,yes,4,4,4,functionality,4,4,sports_car,13,sports_car_013.png,FLUX.2-klein-base-9B
R03,electric_kettle_018,yes,4,5,3,usability,3,4,electric_kettle,18,electric_kettle_018.png,FLUX.2-klein-base-9B
R03,electric_kettle_003,yes,4,5,5,functionality,1,4,electric_kettle,3,electric_kettle_003.png,FLUX.2-klein-base-9B
R03,desk_lamp_018,yes,4,5,4,functionality,3,5,desk_lamp,18,desk_lamp_018.png,FLUX.2-klein-base-9B
R03,lounge_chair_003,yes,4,4,4,functionality,1,5,lounge_chair,3,lounge_chair_003.png,FLUX.2-klein-base-9B
R03,vacuum_cleaner_021,yes,4,5,5,usability,2,3,vacuum_cleaner,21,vacuum_cleaner_021.png,FLUX.2-klein-base-9B
R04,lounge_chair_024,yes,5,4,5,functionality,4,3,lounge_chair,24,lounge_chair_024.png,FLUX.2-klein-base-9B
R04,desk_lamp_003,yes,5,4,5,aesthetics,2,4,desk_lamp,3,desk_lamp_003.png,FLUX.2-klein-base-9B
R04,lounge_chair_017,yes,4,5,5,usability,4,4,lounge_chair,17,lounge_chair_017.png,FLUX.2-klein-base-9B
R04,broom_002,yes,2,3,3,usability,3,2,broom,2,broom_002.png,FLUX.2-klein-base-9B
R04,broom_014,yes,2,2,4,functionality,1,2,broom,14,broom_014.png,FLUX.2-klein-base-9B
R04,electric_kettle_019,yes,5,5,4,functionality,1,5,electric_kettle,19,electric_kettle_019.png,FLUX.2-klein-base-9B
R04,sports_car_019,yes,5,5,5,aesthetics,5,5,sports_car,19,sports_car_019.png,FLUX.2-klein-base-9B
R04,early_automobile_018,partial,3,4,3,symbolism,4,3,early_automobile,18,early_automobile_018.png,FLUX.2-klein-base-9B
R04,sports_car_010,yes,5,5,5,aesthetics,4,4,sports_car,10,sports_car_010.png,FLUX.2-klein-base-9B
R04,lounge_chair_008,partial,3,3,5,functionality,3,3,lounge_chair,8,lounge_chair_008.png,FLUX.2-klein-base-9B
R04,sports_car_002,yes,4,4,5,aesthetics,4,4,sports_car,2,sports_car_002.png,FLUX.2-klein-base-9B
R04,sneakers_007,yes,3,4,3,functionality,2,4,sneakers,7,sneakers_007.png,FLUX.2-klein-base-9B
R04,broom_009,no,3,1,3,unclear,3,2,broom,9,broom_009.png,FLUX.2-klein-base-9B
R04,desk_lamp_014,yes,4,4,5,aesthetics,2,4,desk_lamp,14,desk_lamp_014.png,FLUX.2-klein-base-9B
R04,early_automobile_007,yes,5,5,3,symbolism,4,5,early_automobile,7,early_automobile_007.png,FLUX.2-klein-base-9B
R04,sneakers_019,yes,5,5,5,usability,3,4,sneakers,19,sneakers_019.png,FLUX.2-klein-base-9B
R04,lounge_chair_021,yes,5,5,4,aesthetics,3,5,lounge_chair,21,lounge_chair_021.png,FLUX.2-klein-base-9B
R04,electric_kettle_002,yes,5,4,4,usability,3,4,electric_kettle,2,electric_kettle_002.png,FLUX.2-klein-base-9B
R04,sneakers_012,yes,3,4,3,functionality,4,4,sneakers,12,sneakers_012.png,FLUX.2-klein-base-9B
R04,vacuum_cleaner_006,yes,3,2,3,functionality,2,2,vacuum_cleaner,6,vacuum_cleaner_006.png,FLUX.2-klein-base-9B
R04,desk_lamp_025,yes,4,5,4,functionality,2,3,desk_lamp,25,desk_lamp_025.png,FLUX.2-klein-base-9B
R04,electric_kettle_025,yes,5,5,5,functionality,3,4,electric_kettle,25,electric_kettle_025.png,FLUX.2-klein-base-9B
R04,sports_car_017,yes,4,5,5,functionality,4,4,sports_car,17,sports_car_017.png,FLUX.2-klein-base-9B
R04,desk_lamp_006,partial,2,2,4,unclear,3,3,desk_lamp,6,desk_lamp_006.png,FLUX.2-klein-base-9B
R04,early_automobile_016,yes,5,5,5,symbolism,4,4,early_automobile,16,early_automobile_016.png,FLUX.2-klein-base-9B
R04,sports_car_016,yes,4,4,4,aesthetics,4,4,sports_car,16,sports_car_016.png,FLUX.2-klein-base-9B
R04,sports_car_015,yes,5,3,4,aesthetics,4,3,sports_car,15,sports_car_015.png,FLUX.2-klein-base-9B
R04,early_automobile_009,yes,4,5,5,symbolism,4,4,early_automobile,9,early_automobile_009.png,FLUX.2-klein-base-9B
R04,sneakers_013,no,2,2,5,unclear,1,4,sneakers,13,sneakers_013.png,FLUX.2-klein-base-9B
R04,lounge_chair_018,yes,2,4,4,aesthetics,2,5,lounge_chair,18,lounge_chair_018.png,FLUX.2-klein-base-9B
R04,broom_004,yes,5,4,4,functionality,2,5,broom,4,broom_004.png,FLUX.2-klein-base-9B
R04,desk_lamp_021,yes,5,5,5,usability,3,3,desk_lamp,21,desk_lamp_021.png,FLUX.2-klein-base-9B
R04,vacuum_cleaner_023,yes,4,4,4,functionality,4,3,vacuum_cleaner,23,vacuum_cleaner_023.png,FLUX.2-klein-base-9B
R04,desk_lamp_005,yes,5,5,5,functionality,3,4,desk_lamp,5,desk_lamp_005.png,FLUX.2-klein-base-9B
R04,sports_car_018,yes,5,4,5,aesthetics,4,5,sports_car,18,sports_car_018.png,FLUX.2-klein-base-9B
R04,vacuum_cleaner_019,yes,4,4,5,functionality,2,4,vacuum_cleaner,19,vacuum_cleaner_019.png,FLUX.2-klein-base-9B
R04,electric_kettle_024,yes,5,5,5,functionality,3,3,electric_kettle,24,electric_kettle_024.png,FLUX.2-klein-base-9B
R04,vacuum_cleaner_004,yes,5,5,5,functionality,3,2,vacuum_cleaner,4,vacuum_cleaner_004.png,FLUX.2-klein-base-9B
R04,sports_car_004,yes,4,4,4,aesthetics,4,4,sports_car,4,sports_car_004.png,FLUX.2-klein-base-9B
R04,broom_010,no,2,4,4,unclear,1,2,broom,10,broom_010.png,FLUX.2-klein-base-9B
R04,desk_lamp_020,partial,2,4,5,usability,4,3,desk_lamp,20,desk_lamp_020.png,FLUX.2-klein-base-9B
R04,lounge_chair_009,yes,3,4,5,aesthetics,2,4,lounge_chair,9,lounge_chair_009.png,FLUX.2-klein-base-9B
R04,lounge_chair_013,partial,5,3,4,functionality,4,2,lounge_chair,13,lounge_chair_013.png,FLUX.2-klein-base-9B
R04,vacuum_cleaner_002,yes,5,4,5,functionality,2,3,vacuum_cleaner,2,vacuum_cleaner_002.png,FLUX.2-klein-base-9B
R04,electric_kettle_007,yes,4,3,5,usability,1,5,electric_kettle,7,electric_kettle_007.png,FLUX.2-klein-base-9B
R04,sports_car_020,partial,4,4,5,aesthetics,3,4,sports_car,20,sports_car_020.png,FLUX.2-klein-base-9B
R04,vacuum_cleaner_012,yes,5,5,3,functionality,4,4,vacuum_cleaner,12,vacuum_cleaner_012.png,FLUX.2-klein-base-9B
R04,electric_kettle_005,yes,5,4,5,functionality,2,4,electric_kettle,5,electric_kettle_005.png,FLUX.2-klein-base-9B
R04,sneakers_020,yes,4,5,3,functionality,3,5,sneakers,20,sneakers_020.png,FLUX.2-klein-base-9B
R04,electric_kettle_015,yes,5,5,3,functionality,1,2,electric_kettle,15,electric_kettle_015.png,FLUX.2-klein-base-9B
R04,electric_kettle_014,yes,5,4,4,functionality,1,5,electric_kettle,14,electric_kettle_014.png,FLUX.2-klein-base-9B
R04,sneakers_023,yes,5,4,5,usability,3,5,sneakers,23,sneakers_023.png,FLUX.2-klein-base-9B
R04,broom_020,partial,4,4,4,functionality,1,4,broom,20,broom_020.png,FLUX.2-klein-base-9B
R04,broom_008,yes,5,4,4,functionality,3,4,broom,8,broom_008.png,FLUX.2-klein-base-9B
R04,sneakers_009,yes,5,3,5,usability,2,2,sneakers,9,sneakers_009.png,FLUX.2-klein-base-9B
R04,sports_car_022,yes,4,4,5,symbolism,4,4,sports_car,22,sports_car_022.png,FLUX.2-klein-base-9B
R04,broom_003,no,5,2,3,aesthetics,1,3,broom,3,broom_003.png,FLUX.2-klein-base-9B
R04,vacuum_cleaner_003,yes,2,3,4,functionality,2,2,vacuum_cleaner,3,vacuum_cleaner_003.png,FLUX.2-klein-base-9B
R04,early_automobile_013,yes,5,5,5,symbolism,5,4,early_automobile,13,early_automobile_013.png,FLUX.2-klein-base-9B
R04,sneakers_004,yes,3,5,4,usability,3,4,sneakers,4,sneakers_004.png,FLUX.2-klein-base-9B
R04,electric_kettle_012,yes,5,4,5,functionality,1,5,electric_kettle,12,electric_kettle_012.png,FLUX.2-klein-base-9B
R04,sports_car_025,yes,5,5,4,aesthetics,4,4,sports_car,25,sports_car_025.png,FLUX.2-klein-base-9B
R04,early_automobile_017,yes,5,4,5,symbolism,5,5,early_automobile,17,early_automobile_017.png,FLUX.2-klein-base-9B
R04,lounge_chair_015,yes,5,4,4,functionality,3,4,lounge_chair,15,lounge_chair_015.png,FLUX.2-klein-base-9B
R04,sports_car_024,yes,4,5,3,aesthetics,4,5,sports_car,24,sports_car_024.png,FLUX.2-klein-base-9B
R04,early_automobile_001,yes,5,5,5,symbolism,2,4,early_automobile,1,early_automobile_001.png,FLUX.2-klein-base-9B
R04,desk_lamp_022,yes,4,5,5,aesthetics,3,4,desk_lamp,22,desk_lamp_022.png,FLUX.2-klein-base-9B
R04,sports_car_021,yes,4,4,5,aesthetics,4,5,sports_car,21,sports_car_021.png,FLUX.2-klein-base-9B
R04,broom_005,no,4,2,5,unclear,1,1,broom,5,broom_005.png,FLUX.2-klein-base-9B
R04,sneakers_011,yes,4,4,5,symbolism,2,4,sneakers,11,sneakers_011.png,FLUX.2-klein-base-9B
R04,sneakers_005,yes,2,3,3,unclear,3,1,sneakers,5,sneakers_005.png,FLUX.2-klein-base-9B
R04,broom_006,yes,5,5,5,functionality,1,4,broom,6,broom_006.png,FLUX.2-klein-base-9B
R04,sneakers_002,yes,5,5,3,usability,2,5,sneakers,2,sneakers_002.png,FLUX.2-klein-base-9B
R04,desk_lamp_002,yes,5,5,5,functionality,1,5,desk_lamp,2,desk_lamp_002.png,FLUX.2-klein-base-9B
R04,broom_018,yes,4,5,5,functionality,2,5,broom,18,broom_018.png,FLUX.2-klein-base-9B
R04,lounge_chair_014,yes,5,4,5,aesthetics,4,5,lounge_chair,14,lounge_chair_014.png,FLUX.2-klein-base-9B
R04,desk_lamp_007,yes,5,5,5,functionality,3,5,desk_lamp,7,desk_lamp_007.png,FLUX.2-klein-base-9B
R04,lounge_chair_010,yes,5,4,4,usability,4,4,lounge_chair,10,lounge_chair_010.png,FLUX.2-klein-base-9B
R04,sports_car_014,yes,5,4,5,aesthetics,4,5,sports_car,14,sports_car_014.png,FLUX.2-klein-base-9B
R04,vacuum_cleaner_017,yes,2,5,5,functionality,1,2,vacuum_cleaner,17,vacuum_cleaner_017.png,FLUX.2-klein-base-9B
R04,vacuum_cleaner_016,yes,5,4,4,aesthetics,1,2,vacuum_cleaner,16,vacuum_cleaner_016.png,FLUX.2-klein-base-9B
R04,desk_lamp_012,yes,5,5,4,aesthetics,2,4,desk_lamp,12,desk_lamp_012.png,FLUX.2-klein-base-9B
R04,electric_kettle_010,yes,5,4,5,functionality,1,5,electric_kettle,10,electric_kettle_010.png,FLUX.2-klein-base-9B
R04,sneakers_021,yes,4,4,4,functionality,2,4,sneakers,21,sneakers_021.png,FLUX.2-klein-base-9B
R04,lounge_chair_022,yes,4,4,5,usability,1,5,lounge_chair,22,lounge_chair_022.png,FLUX.2-klein-base-9B
R04,desk_lamp_004,yes,4,4,5,usability,3,5,desk_lamp,4,desk_lamp_004.png,FLUX.2-klein-base-9B
R04,sneakers_006,yes,2,4,4,aesthetics,2,4,sneakers,6,sneakers_006.png,FLUX.2-klein-base-9B
R04,vacuum_cleaner_008,yes,5,4,4,functionality,3,2,vacuum_cleaner,8,vacuum_cleaner_008.png,FLUX.2-klein-base-9B
R04,early_automobile_008,yes,4,5,5,functionality,5,4,early_automobile,8,early_automobile_008.png,FLUX.2-klein-base-9B
R04,early_automobile_002,yes,5,4,4,symbolism,2,5,early_automobile,2,early_automobile_002.png,FLUX.2-klein-base-9B
R04,lounge_chair_012,yes,4,4,5,usability,3,4,lounge_chair,12,lounge_chair_012.png,FLUX.2-klein-base-9B
R04,early_automobile_004,yes,2,4,5,functionality,4,3,early_automobile,4,early_automobile_004.png,FLUX.2-klein-base-9B
R04,vacuum_cleaner_020,yes,4,5,5,usability,2,3,vacuum_cleaner,20,vacuum_cleaner_020.png,FLUX.2-klein-base-9B
R04,lounge_chair_016,yes,4,4,3,usability,2,3,lounge_chair,16,lounge_chair_016.png,FLUX.2-klein-base-9B
R04,electric_kettle_009,yes,5,4,4,functionality,5,5,electric_kettle,9,electric_kettle_009.png,FLUX.2-klein-base-9B
R04,electric_kettle_021,yes,4,5,3,functionality,3,3,electric_kettle,21,electric_kettle_021.png,FLUX.2-klein-base-9B
R04,broom_007,yes,5,4,4,functionality,1,5,broom,7,broom_007.png,FLUX.2-klein-base-9B
R04,sneakers_014,yes,4,4,5,functionality,3,4,sneakers,14,sneakers_014.png,FLUX.2-klein-base-9B
R04,early_automobile_005,yes,5,4,5,symbolism,2,3,early_automobile,5,early_automobile_005.png,FLUX.2-klein-base-9B
R04,sports_car_009,yes,5,5,4,functionality,4,3,sports_car,9,sports_car_009.png,FLUX.2-klein-base-9B
R04,electric_kettle_020,yes,4,3,4,functionality,1,5,electric_kettle,20,electric_kettle_020.png,FLUX.2-klein-base-9B
R04,lounge_chair_004,yes,5,5,5,aesthetics,2,3,lounge_chair,4,lounge_chair_004.png,FLUX.2-klein-base-9B
R04,electric_kettle_013,yes,4,4,5,functionality,2,4,electric_kettle,13,electric_kettle_013.png,FLUX.2-klein-base-9B
R04,sneakers_022,yes,5,5,5,functionality,4,4,sneakers,22,sneakers_022.png,FLUX.2-klein-base-9B
R04,early_automobile_019,yes,3,4,5,symbolism,3,3,early_automobile,19,early_automobile_019.png,FLUX.2-klein-base-9B
R04,broom_022,yes,4,4,4,functionality,4,5,broom,22,broom_022.png,FLUX.2-klein-base-9B
R04,early_automobile_003,yes,5,5,5,symbolism,3,4,early_automobile,3,early_automobile_003.png,FLUX.2-klein-base-9B
R04,early_automobile_021,yes,5,3,5,symbolism,2,5,early_automobile,21,early_automobile_021.png,FLUX.2-klein-base-9B
R04,vacuum_cleaner_009,yes,2,4,4,usability,4,5,vacuum_cleaner,9,vacuum_cleaner_009.png,FLUX.2-klein-base-9B
R04,electric_kettle_008,yes,5,5,5,functionality,3,4,electric_kettle,8,electric_kettle_008.png,FLUX.2-klein-base-9B
R04,lounge_chair_025,yes,3,3,3,aesthetics,4,3,lounge_chair,25,lounge_chair_025.png,FLUX.2-klein-base-9B
R04,sports_car_012,yes,5,5,4,aesthetics,4,4,sports_car,12,sports_car_012.png,FLUX.2-klein-base-9B
R04,lounge_chair_005,yes,5,5,5,usability,4,4,lounge_chair,5,lounge_chair_005.png,FLUX.2-klein-base-9B
R04,early_automobile_014,yes,5,4,4,symbolism,4,4,early_automobile,14,early_automobile_014.png,FLUX.2-klein-base-9B
R04,desk_lamp_013,yes,4,4,3,functionality,3,4,desk_lamp,13,desk_lamp_013.png,FLUX.2-klein-base-9B
R04,early_automobile_025,yes,4,5,4,functionality,5,4,early_automobile,25,early_automobile_025.png,FLUX.2-klein-base-9B
R04,broom_016,partial,2,4,4,unclear,1,5,broom,16,broom_016.png,FLUX.2-klein-base-9B
R04,sports_car_023,partial,2,5,5,aesthetics,2,3,sports_car,23,sports_car_023.png,FLUX.2-klein-base-9B
R04,broom_024,yes,5,3,5,functionality,1,5,broom,24,broom_024.png,FLUX.2-klein-base-9B
R04,broom_015,yes,4,4,4,functionality,1,3,broom,15,broom_015.png,FLUX.2-klein-base-9B
R04,early_automobile_006,yes,5,4,5,functionality,3,4,early_automobile,6,early_automobile_006.png,FLUX.2-klein-base-9B
R04,broom_021,partial,4,2,4,symbolism,2,4,broom,21,broom_021.png,FLUX.2-klein-base-9B
R04,sports_car_008,yes,3,3,3,aesthetics,4,5,sports_car,8,sports_car_008.png,FLUX.2-klein-base-9B
R04,vacuum_cleaner_025,yes,2,3,5,unclear,1,3,vacuum_cleaner,25,vacuum_cleaner_025.png,FLUX.2-klein-base-9B
R04,sports_car_003,yes,5,3,4,aesthetics,4,4,sports_car,3,sports_car_003.png,FLUX.2-klein-base-9B
R04,lounge_chair_023,yes,4,3,5,functionality,3,5,lounge_chair,23,lounge_chair_023.png,FLUX.2-klein-base-9B
R04,vacuum_cleaner_010,yes,4,4,4,usability,2,4,vacuum_cleaner,10,vacuum_cleaner_010.png,FLUX.2-klein-base-9B
R04,sports_car_005,yes,3,5,5,symbolism,4,4,sports_car,5,sports_car_005.png,FLUX.2-klein-base-9B
R04,vacuum_cleaner_001,yes,3,4,3,functionality,2,4,vacuum_cleaner,1,vacuum_cleaner_001.png,FLUX.2-klein-base-9B
R04,broom_013,yes,5,5,5,functionality,2,4,broom,13,broom_013.png,FLUX.2-klein-base-9B
R04,vacuum_cleaner_024,yes,4,4,4,usability,1,4,vacuum_cleaner,24,vacuum_cleaner_024.png,FLUX.2-klein-base-9B
R04,early_automobile_015,yes,4,4,4,functionality,2,3,early_automobile,15,early_automobile_015.png,FLUX.2-klein-base-9B
R04,desk_lamp_008,yes,4,5,5,functionality,2,5,desk_lamp,8,desk_lamp_008.png,FLUX.2-klein-base-9B
R04,desk_lamp_023,yes,5,5,4,functionality,4,4,desk_lamp,23,desk_lamp_023.png,FLUX.2-klein-base-9B
R04,lounge_chair_002,yes,3,4,3,functionality,3,5,lounge_chair,2,lounge_chair_002.png,FLUX.2-klein-base-9B
R04,vacuum_cleaner_018,yes,4,5,5,usability,1,4,vacuum_cleaner,18,vacuum_cleaner_018.png,FLUX.2-klein-base-9B
R04,electric_kettle_016,yes,5,5,5,functionality,2,4,electric_kettle,16,electric_kettle_016.png,FLUX.2-klein-base-9B
R04,lounge_chair_001,yes,4,5,5,functionality,2,5,lounge_chair,1,lounge_chair_001.png,FLUX.2-klein-base-9B
R04,broom_011,no,1,2,4,symbolism,3,4,broom,11,broom_011.png,FLUX.2-klein-base-9B
R04,lounge_chair_019,yes,4,5,5,aesthetics,3,4,lounge_chair,19,lounge_chair_019.png,FLUX.2-klein-base-9B
R04,lounge_chair_007,partial,5,4,3,functionality,4,4,lounge_chair,7,lounge_chair_007.png,FLUX.2-klein-base-9B
R04,vacuum_cleaner_015,yes,4,5,5,usability,1,4,vacuum_cleaner,15,vacuum_cleaner_015.png,FLUX.2-klein-base-9B
R04,sports_car_011,yes,4,5,5,aesthetics,4,4,sports_car,11,sports_car_011.png,FLUX.2-klein-base-9B
R04,early_automobile_023,yes,5,5,5,symbolism,5,4,early_automobile,23,early_automobile_023.png,FLUX.2-klein-base-9B
R04,sneakers_008,yes,5,5,5,usability,4,4,sneakers,8,sneakers_008.png,FLUX.2-klein-base-9B
R04,sneakers_015,yes,4,4,3,usability,2,4,sneakers,15,sneakers_015.png,FLUX.2-klein-base-9B
R04,desk_lamp_024,yes,4,4,5,functionality,5,5,desk_lamp,24,desk_lamp_024.png,FLUX.2-klein-base-9B
R04,sneakers_017,yes,4,3,4,aesthetics,4,3,sneakers,17,sneakers_017.png,FLUX.2-klein-base-9B
R04,broom_017,yes,4,5,5,functionality,3,5,broom,17,broom_017.png,FLUX.2-klein-base-9B
R04,sneakers_003,yes,5,5,5,functionality,3,4,sneakers,3,sneakers_003.png,FLUX.2-klein-base-9B
R04,early_automobile_022,yes,5,5,5,symbolism,5,4,early_automobile,22,early_automobile_022.png,FLUX.2-klein-base-9B
R04,desk_lamp_016,yes,5,3,4,functionality,4,5,desk_lamp,16,desk_lamp_016.png,FLUX.2-klein-base-9B
R04,sneakers_024,yes,3,3,3,functionality,2,4,sneakers,24,sneakers_024.png,FLUX.2-klein-base-9B
R04,electric_kettle_022,yes,5,5,5,functionality,3,5,electric_kettle,22,electric_kettle_022.png,FLUX.2-klein-base-9B
R04,desk_lamp_009,yes,4,5,5,aesthetics,3,4,desk_lamp,9,desk_lamp_009.png,FLUX.2-klein-base-9B
R04,desk_lamp_011,yes,4,5,5,functionality,3,5,desk_lamp,11,desk_lamp_011.png,FLUX.2-klein-base-9B
R04,broom_001,yes,4,5,4,functionality,2,5,broom,1,broom_001.png,FLUX.2-klein-base-9B
R04,desk_lamp_010,yes,5,5,5,functionality,1,4,desk_lamp,10,desk_lamp_010.png,FLUX.2-klein-base-9B
R04,sneakers_001,yes,4,5,5,functionality,2,5,sneakers,1,sneakers_001.png,FLUX.2-klein-base-9B
R04,electric_kettle_011,yes,5,4,4,usability,2,5,electric_kettle,11,electric_kettle_011.png,FLUX.2-klein-base-9B
R04,broom_023,partial,5,4,2,functionality,1,2,broom,23,broom_023.png,FLUX.2-klein-base-9B
R04,electric_kettle_001,yes,5,4,5,functionality,4,4,electric_kettle,1,electric_kettle_001.png,FLUX.2-klein-base-9B
R04,electric_kettle_004,yes,5,4,4,functionality,2,4,electric_kettle,4,electric_kettle_004.png,FLUX.2-klein-base-9B
R04,electric_kettle_023,yes,5,4,4,functionality,2,4,electric_kettle,23,electric_kettle_023.png,FLUX.2-klein-base-9B
R04,electric_kettle_017,yes,4,5,5,functionality,2,4,electric_kettle,17,electric_kettle_017.png,FLUX.2-klein-base-9B
R04,early_automobile_010,yes,5,5,4,symbolism,5,5,early_automobile,10,early_automobile_010.png,FLUX.2-klein-base-9B
R04,sports_car_001,yes,3,5,5,aesthetics,4,5,sports_car,1,sports_car_001.png,FLUX.2-klein-base-9B
R04,desk_lamp_019,yes,4,4,5,functionality,3,3,desk_lamp,19,desk_lamp_019.png,FLUX.2-klein-base-9B
R04,sneakers_025,yes,4,5,3,aesthetics,3,5,sneakers,25,sneakers_025.png,FLUX.2-klein-base-9B
R04,broom_012,partial,2,3,5,usability,3,4,broom,12,broom_012.png,FLUX.2-klein-base-9B
R04,vacuum_cleaner_007,yes,2,3,4,functionality,2,3,vacuum_cleaner,7,vacuum_cleaner_007.png,FLUX.2-klein-base-9B
R04,lounge_chair_011,yes,4,4,5,functionality,3,4,lounge_chair,11,lounge_chair_011.png,FLUX.2-klein-base-9B
R04,sneakers_010,yes,2,4,4,usability,1,3,sneakers,10,sneakers_010.png,FLUX.2-klein-base-9B
R04,early_automobile_012,yes,5,5,5,symbolism,3,4,early_automobile,12,early_automobile_012.png,FLUX.2-klein-base-9B
R04,broom_019,yes,5,4,4,usability,4,3,broom,19,broom_019.png,FLUX.2-klein-base-9B
R04,electric_kettle_006,yes,5,4,5,functionality,1,3,electric_kettle,6,electric_kettle_006.png,FLUX.2-klein-base-9B
R04,vacuum_cleaner_005,yes,3,4,4,usability,2,3,vacuum_cleaner,5,vacuum_cleaner_005.png,FLUX.2-klein-base-9B
R04,sneakers_018,yes,4,5,5,functionality,2,4,sneakers,18,sneakers_018.png,FLUX.2-klein-base-9B
R04,desk_lamp_001,partial,3,3,4,aesthetics,4,2,desk_lamp,1,desk_lamp_001.png,FLUX.2-klein-base-9B
R04,sports_car_007,yes,5,5,4,functionality,4,4,sports_car,7,sports_car_007.png,FLUX.2-klein-base-9B
R04,lounge_chair_006,yes,5,5,5,aesthetics,3,4,lounge_chair,6,lounge_chair_006.png,FLUX.2-klein-base-9B
R04,desk_lamp_015,yes,4,5,4,aesthetics,5,2,desk_lamp,15,desk_lamp_015.png,FLUX.2-klein-base-9B
R04,desk_lamp_017,yes,5,4,5,functionality,3,5,desk_lamp,17,desk_lamp_017.png,FLUX.2-klein-base-9B
R04,vacuum_cleaner_011,partial,2,5,4,unclear,3,3,vacuum_cleaner,11,vacuum_cleaner_011.png,FLUX.2-klein-base-9B
R04,vacuum_cleaner_014,yes,3,4,4,functionality,2,4,vacuum_cleaner,14,vacuum_cleaner_014.png,FLUX.2-klein-base-9B
R04,vacuum_cleaner_013,yes,4,5,4,aesthetics,2,3,vacuum_cleaner,13,vacuum_cleaner_013.png,FLUX.2-klein-base-9B
R04,early_automobile_011,yes,4,4,4,symbolism,2,3,early_automobile,11,early_automobile_011.png,FLUX.2-klein-base-9B
R04,sports_car_006,yes,5,5,5,aesthetics,4,3,sports_car,6,sports_car_006.png,FLUX.2-klein-base-9B
R04,early_automobile_020,yes,5,5,4,symbolism,4,5,early_automobile,20,early_automobile_020.png,FLUX.2-klein-base-9B
R04,vacuum_cleaner_022,partial,1,4,4,functionality,1,3,vacuum_cleaner,22,vacuum_cleaner_022.png,FLUX.2-klein-base-9B
R04,broom_025,partial,2,2,5,symbolism,2,2,broom,25,broom_025.png,FLUX.2-klein-base-9B
R04,lounge_chair_020,yes,5,3,5,functionality,4,3,lounge_chair,20,lounge_chair_020.png,FLUX.2-klein-base-9B
R04,early_automobile_024,yes,5,5,4,symbolism,5,5,early_automobile,24,early_automobile_024.png,FLUX.2-klein-base-9B
R04,sneakers_016,yes,5,5,4,functionality,3,5,sneakers,16,sneakers_016.png,FLUX.2-klein-base-9B
R04,sports_car_013,yes,4,5,4,aesthetics,4,4,sports_car,13,sports_car_013.png,FLUX.2-klein-base-9B
R04,electric_kettle_018,yes,5,4,5,functionality,2,4,electric_kettle,18,electric_kettle_018.png,FLUX.2-klein-base-9B
R04,electric_kettle_003,yes,4,3,4,functionality,4,4,electric_kettle,3,electric_kettle_003.png,FLUX.2-klein-base-9B
R04,desk_lamp_018,yes,5,4,5,functionality,4,5,desk_lamp,18,desk_lamp_018.png,FLUX.2-klein-base-9B
R04,lounge_chair_003,yes,5,5,4,aesthetics,4,4,lounge_chair,3,lounge_chair_003.png,FLUX.2-klein-base-9B
R04,vacuum_cleaner_021,yes,5,4,4,functionality,2,4,vacuum_cleaner,21,vacuum_cleaner_021.png,FLUX.2-klein-base-9B
R05,lounge_chair_024,yes,3,5,4,aesthetics,4,5,lounge_chair,24,lounge_chair_024.png,FLUX.2-klein-base-9B
R05,desk_lamp_003,yes,4,5,4,functionality,4,4,desk_lamp,3,desk_lamp_003.png,FLUX.2-klein-base-9B
R05,lounge_chair_017,yes,4,4,4,aesthetics,2,4,lounge_chair,17,lounge_chair_017.png,FLUX.2-klein-base-9B
R05,broom_002,partial,3,3,4,usability,2,4,broom,2,broom_002.png,FLUX.2-klein-base-9B
R05,broom_014,no,5,3,4,functionality,2,5,broom,14,broom_014.png,FLUX.2-klein-base-9B
R05,electric_kettle_019,yes,5,5,5,functionality,2,4,electric_kettle,19,electric_kettle_019.png,FLUX.2-klein-base-9B
R05,sports_car_019,yes,4,4,5,aesthetics,4,3,sports_car,19,sports_car_019.png,FLUX.2-klein-base-9B
R05,early_automobile_018,yes,2,3,4,functionality,2,3,early_automobile,18,early_automobile_018.png,FLUX.2-klein-base-9B
R05,sports_car_010,yes,4,5,4,aesthetics,4,4,sports_car,10,sports_car_010.png,FLUX.2-klein-base-9B
R05,lounge_chair_008,no,1,1,3,symbolism,4,3,lounge_chair,8,lounge_chair_008.png,FLUX.2-klein-base-9B
R05,sports_car_002,yes,5,5,5,aesthetics,4,4,sports_car,2,sports_car_002.png,FLUX.2-klein-base-9B
R05,sneakers_007,yes,3,5,5,aesthetics,3,5,sneakers,7,sneakers_007.png,FLUX.2-klein-base-9B
R05,broom_009,no,5,3,5,symbolism,1,1,broom,9,broom_009.png,FLUX.2-klein-base-9B
R05,desk_lamp_014,yes,5,5,5,aesthetics,4,5,desk_lamp,14,desk_lamp_014.png,FLUX.2-klein-base-9B
R05,early_automobile_007,yes,4,4,5,aesthetics,5,4,early_automobile,7,early_automobile_007.png,FLUX.2-klein-base-9B
R05,sneakers_019,yes,3,4,4,functionality,3,4,sneakers,19,sneakers_019.png,FLUX.2-klein-base-9B
R05,lounge_chair_021,yes,5,5,4,functionality,3,4,lounge_chair,21,lounge_chair_021.png,FLUX.2-klein-base-9B
R05,electric_kettle_002,yes,4,5,4,functionality,1,3,electric_kettle,2,electric_kettle_002.png,FLUX.2-klein-base-9B
R05,sneakers_012,yes,5,3,5,usability,2,4,sneakers,12,sneakers_012.png,FLUX.2-klein-base-9B
R05,vacuum_cleaner_006,yes,5,5,4,unclear,1,5,vacuum_cleaner,6,vacuum_cleaner_006.png,FLUX.2-klein-base-9B
R05,desk_lamp_025,yes,3,4,4,functionality,4,5,desk_lamp,25,desk_lamp_025.png,FLUX.2-klein-base-9B
R05,electric_kettle_025,yes,3,5,4,functionality,2,3,electric_kettle,25,electric_kettle_025.png,FLUX.2-klein-base-9B
R05,sports_car_017,yes,5,4,3,aesthetics,4,5,sports_car,17,sports_car_017.png,FLUX.2-klein-base-9B
R05,desk_lamp_006,partial,2,4,3,aesthetics,2,2,desk_lamp,6,desk_lamp_006.png,FLUX.2-klein-base-9B
R05,early_automobile_016,yes,4,4,4,symbolism,4,4,early_automobile,16,early_automobile_016.png,FLUX.2-klein-base-9B
R05,sports_car_016,yes,5,4,5,functionality,4,4,sports_car,16,sports_car_016.png,FLUX.2-klein-base-9B
R05,sports_car_015,yes,4,5,5,aesthetics,4,4,sports_car,15,sports_car_015.png,FLUX.2-klein-base-9B
R05,early_automobile_009,yes,4,4,3,functionality,3,4,early_automobile,9,early_automobile_009.png,FLUX.2-klein-base-9B
R05,sneakers_013,yes,2,2,4,usability,3,1,sneakers,13,sneakers_013.png,FLUX.2-klein-base-9B
R05,lounge_chair_018,yes,4,4,5,functionality,2,2,lounge_chair,18,lounge_chair_018.png,FLUX.2-klein-base-9B
R05,broom_004,yes,4,4,5,functionality,3,4,broom,4,broom_004.png,FLUX.2-klein-base-9B
R05,desk_lamp_021,yes,5,5,5,aesthetics,3,5,desk_lamp,21,desk_lamp_021.png,FLUX.2-klein-base-9B
R05,vacuum_cleaner_023,yes,2,4,4,functionality,1,4,vacuum_cleaner,23,vacuum_cleaner_023.png,FLUX.2-klein-base-9B
R05,desk_lamp_005,yes,3,5,4,aesthetics,4,3,desk_lamp,5,desk_lamp_005.png,FLUX.2-klein-base-9B
R05,sports_car_018,yes,5,5,4,aesthetics,4,4,sports_car,18,sports_car_018.png,FLUX.2-klein-base-9B
R05,vacuum_cleaner_019,yes,4,4,3,functionality,1,4,vacuum_cleaner,19,vacuum_cleaner_019.png,FLUX.2-klein-base-9B
R05,electric_kettle_024,yes,5,4,5,functionality,2,5,electric_kettle,24,electric_kettle_024.png,FLUX.2-klein-base-9B
R05,vacuum_cleaner_004,yes,4,3,3,functionality,3,5,vacuum_cleaner,4,vacuum_cleaner_004.png,FLUX.2-klein-base-9B
R05,sports_car_004,yes,5,5,5,symbolism,4,4,sports_car,4,sports_car_004.png,FLUX.2-klein-base-9B
R05,broom_010,partial,4,1,5,functionality,2,2,broom,10,broom_010.png,FLUX.2-klein-base-9B
R05,desk_lamp_020,yes,5,4,4,aesthetics,3,4,desk_lamp,20,desk_lamp_020.png,FLUX.2-klein-base-9B
R05,lounge_chair_009,yes,5,3,5,usability,3,4,lounge_chair,9,lounge_chair_009.png,FLUX.2-klein-base-9B
R05,lounge_chair_013,yes,2,5,4,aesthetics,3,2,lounge_chair,13,lounge_chair_013.png,FLUX.2-klein-base-9B
R05,vacuum_cleaner_002,yes,4,5,5,functionality,2,5,vacuum_cleaner,2,vacuum_cleaner_002.png,FLUX.2-klein-base-9B
R05,electric_kettle_007,yes,4,5,5,functionality,2,3,electric_kettle,7,electric_kettle_007.png,FLUX.2-klein-base-9B
R05,sports_car_020,yes,3,4,5,symbolism,4,2,sports_car,20,sports_car_020.png,FLUX.2-klein-base-9B
R05,vacuum_cleaner_012,yes,4,4,5,functionality,1,4,vacuum_cleaner,12,vacuum_cleaner_012.png,FLUX.2-klein-base-9B
R05,electric_kettle_005,yes,4,5,5,functionality,4,4,electric_kettle,5,electric_kettle_005.png,FLUX.2-klein-base-9B
R05,sneakers_020,yes,5,5,5,usability,3,5,sneakers,20,sneakers_020.png,FLUX.2-klein-base-9B
R05,electric_kettle_015,yes,2,4,5,functionality,3,4,electric_kettle,15,electric_kettle_015.png,FLUX.2-klein-base-9B
R05,electric_kettle_014,yes,5,5,5,functionality,4,5,electric_kettle,14,electric_kettle_014.png,FLUX.2-klein-base-9B
R05,sneakers_023,yes,4,5,3,functionality,2,3,sneakers,23,sneakers_023.png,FLUX.2-klein-base-9B
R05,broom_020,yes,5,4,4,functionality,2,3,broom,20,broom_020.png,FLUX.2-klein-base-9B
R05,broom_008,yes,2,4,5,usability,2,4,broom,8,broom_008.png,FLUX.2-klein-base-9B
R05,sneakers_009,yes,5,5,4,functionality,3,5,sneakers,9,sneakers_009.png,FLUX.2-klein-base-9B
R05,sports_car_022,yes,2,5,3,aesthetics,4,4,sports_car,22,sports_car_022.png,FLUX.2-klein-base-9B
R05,broom_003,partial,2,3,5,functionality,4,1,broom,3,broom_003.png,FLUX.2-klein-base-9B
R05,vacuum_cleaner_003,yes,2,4,5,functionality,1,4,vacuum_cleaner,3,vacuum_cleaner_003.png,FLUX.2-klein-base-9B
R05,early_automobile_013,yes,5,5,5,symbolism,2,5,early_automobile,13,early_automobile_013.png,FLUX.2-klein-base-9B
R05,sneakers_004,yes,5,4,4,functionality,3,5,sneakers,4,sneakers_004.png,FLUX.2-klein-base-9B
R05,electric_kettle_012,yes,4,5,5,functionality,1,5,electric_kettle,12,electric_kettle_012.png,FLUX.2-klein-base-9B
R05,sports_car_025,yes,5,5,5,symbolism,4,4,sports_car,25,sports_car_025.png,FLUX.2-klein-base-9B
R05,early_automobile_017,yes,5,5,4,symbolism,2,3,early_automobile,17,early_automobile_017.png,FLUX.2-klein-base-9B
R05,lounge_chair_015,yes,4,5,4,usability,3,5,lounge_chair,15,lounge_chair_015.png,FLUX.2-klein-base-9B
R05,sports_car_024,yes,5,4,5,aesthetics,4,3,sports_car,24,sports_car_024.png,FLUX.2-klein-base-9B
R05,early_automobile_001,yes,5,3,4,symbolism,5,5,early_automobile,1,early_automobile_001.png,FLUX.2-klein-base-9B
R05,desk_lamp_022,partial,3,3,4,functionality,3,2,desk_lamp,22,desk_lamp_022.png,FLUX.2-klein-base-9B
R05,sports_car_021,yes,5,4,5,aesthetics,5,3,sports_car,21,sports_car_021.png,FLUX.2-klein-base-9B
R05,broom_005,no,1,2,4,unclear,1,3,broom,5,broom_005.png,FLUX.2-klein-base-9B
R05,sneakers_011,yes,5,4,5,functionality,5,4,sneakers,11,sneakers_011.png,FLUX.2-klein-base-9B
R05,sneakers_005,partial,2,3,4,functionality,4,3,sneakers,5,sneakers_005.png,FLUX.2-klein-base-9B
R05,broom_006,yes,4,5,5,usability,2,4,broom,6,broom_006.png,FLUX.2-klein-base-9B
R05,sneakers_002,yes,3,4,5,usability,3,4,sneakers,2,sneakers_002.png,FLUX.2-klein-base-9B
R05,desk_lamp_002,yes,4,4,4,aesthetics,4,4,desk_lamp,2,desk_lamp_002.png,FLUX.2-klein-base-9B
R05,broom_018,partial,2,2,5,functionality,3,3,broom,18,broom_018.png,FLUX.2-klein-base-9B
R05,lounge_chair_014,yes,3,4,3,functionality,2,5,lounge_chair,14,lounge_chair_014.png,FLUX.2-klein-base-9B
R05,desk_lamp_007,yes,5,4,4,functionality,4,3,desk_lamp,7,desk_lamp_007.png,FLUX.2-klein-base-9B
R05,lounge_chair_010,yes,5,4,4,functionality,4,4,lounge_chair,10,lounge_chair_010.png,FLUX.2-klein-base-9B
R05,sports_car_014,yes,4,5,4,symbolism,4,5,sports_car,14,sports_car_014.png,FLUX.2-klein-base-9B
R05,vacuum_cleaner_017,yes,4,2,5,functionality,1,5,vacuum_cleaner,17,vacuum_cleaner_017.png,FLUX.2-klein-base-9B
R05,vacuum_cleaner_016,yes,2,4,4,functionality,4,5,vacuum_cleaner,16,vacuum_cleaner_016.png,FLUX.2-klein-base-9B
R05,desk_lamp_012,yes,4,5,5,functionality,3,5,desk_lamp,12,desk_lamp_012.png,FLUX.2-klein-base-9B
R05,electric_kettle_010,yes,5,5,4,functionality,2,4,electric_kettle,10,electric_kettle_010.png,FLUX.2-klein-base-9B
R05,sneakers_021,yes,2,4,3,usability,4,4,sneakers,21,sneakers_021.png,FLUX.2-klein-base-9B
R05,lounge_chair_022,yes,3,4,4,functionality,3,4,lounge_chair,22,lounge_chair_022.png,FLUX.2-klein-base-9B
R05,desk_lamp_004,yes,5,4,5,functionality,1,4,desk_lamp,4,desk_lamp_004.png,FLUX.2-klein-base-9B
R05,sneakers_006,yes,2,4,5,usability,2,4,sneakers,6,sneakers_006.png,FLUX.2-klein-base-9B
R05,vacuum_cleaner_008,yes,3,5,4,functionality,2,4,vacuum_cleaner,8,vacuum_cleaner_008.png,FLUX.2-klein-base-9B
R05,early_automobile_008,yes,4,3,4,symbolism,4,4,early_automobile,8,early_automobile_008.png,FLUX.2-klein-base-9B
R05,early_automobile_002,yes,5,4,5,functionality,3,4,early_automobile,2,early_automobile_002.png,FLUX.2-klein-base-9B
R05,lounge_chair_012,yes,4,5,3,functionality,3,4,lounge_chair,12,lounge_chair_012.png,FLUX.2-klein-base-9B
R05,early_automobile_004,yes,4,5,4,symbolism,3,2,early_automobile,4,early_automobile_004.png,FLUX.2-klein-base-9B
R05,vacuum_cleaner_020,yes,5,5,3,functionality,1,5,vacuum_cleaner,20,vacuum_cleaner_020.png,FLUX.2-klein-base-9B
R05,lounge_chair_016,yes,4,5,5,aesthetics,4,4,lounge_chair,16,lounge_chair_016.png,FLUX.2-klein-base-9B
R05,electric_kettle_009,yes,5,5,5,functionality,1,3,electric_kettle,9,electric_kettle_009.png,FLUX.2-klein-base-9B
R05,electric_kettle_021,yes,5,5,5,functionality,3,5,electric_kettle,21,electric_kettle_021.png,FLUX.2-klein-base-9B
R05,broom_007,yes,5,4,5,functionality,4,4,broom,7,broom_007.png,FLUX.2-klein-base-9B
R05,sneakers_014,yes,5,5,4,usability,3,4,sneakers,14,sneakers_014.png,FLUX.2-klein-base-9B
R05,early_automobile_005,yes,4,4,5,symbolism,5,5,early_automobile,5,early_automobile_005.png,FLUX.2-klein-base-9B
R05,sports_car_009,yes,3,3,5,aesthetics,4,5,sports_car,9,sports_car_009.png,FLUX.2-klein-base-9B
R05,electric_kettle_020,yes,5,5,5,functionality,2,3,electric_kettle,20,electric_kettle_020.png,FLUX.2-klein-base-9B
R05,lounge_chair_004,yes,4,5,5,usability,3,4,lounge_chair,4,lounge_chair_004.png,FLUX.2-klein-base-9B
R05,electric_kettle_013,yes,5,4,4,functionality,2,4,electric_kettle,13,electric_kettle_013.png,FLUX.2-klein-base-9B
R05,sneakers_022,yes,5,4,4,functionality,1,5,sneakers,22,sneakers_022.png,FLUX.2-klein-base-9B
R05,early_automobile_019,yes,4,4,4,symbolism,5,5,early_automobile,19,early_automobile_019.png,FLUX.2-klein-base-9B
R05,broom_022,yes,5,5,5,functionality,2,4,broom,22,broom_022.png,FLUX.2-klein-base-9B
R05,early_automobile_003,yes,5,4,5,symbolism,3,5,early_automobile,3,early_automobile_003.png,FLUX.2-klein-base-9B
R05,early_automobile_021,yes,4,5,4,symbolism,3,4,early_automobile,21,early_automobile_021.png,FLUX.2-klein-base-9B
R05,vacuum_cleaner_009,yes,5,4,4,functionality,2,3,vacuum_cleaner,9,vacuum_cleaner_009.png,FLUX.2-klein-base-9B
R05,electric_kettle_008,yes,4,5,4,functionality,1,5,electric_kettle,8,electric_kettle_008.png,FLUX.2-klein-base-9B
R05,lounge_chair_025,yes,3,5,4,functionality,1,4,lounge_chair,25,lounge_chair_025.png,FLUX.2-klein-base-9B
R05,sports_car_012,yes,3,5,4,aesthetics,4,4,sports_car,12,sports_car_012.png,FLUX.2-klein-base-9B
R05,lounge_chair_005,yes,3,4,4,usability,3,4,lounge_chair,5,lounge_chair_005.png,FLUX.2-klein-base-9B
R05,early_automobile_014,yes,5,5,4,symbolism,4,4,early_automobile,14,early_automobile_014.png,FLUX.2-klein-base-9B
R05,desk_lamp_013,yes,5,5,5,functionality,1,4,desk_lamp,13,desk_lamp_013.png,FLUX.2-klein-base-9B
R05,early_automobile_025,yes,5,5,5,aesthetics,2,5,early_automobile,25,early_automobile_025.png,FLUX.2-klein-base-9B
R05,broom_016,partial,5,2,5,unclear,3,2,broom,16,broom_016.png,FLUX.2-klein-base-9B
R05,sports_car_023,yes,3,2,5,aesthetics,4,2,sports_car,23,sports_car_023.png,FLUX.2-klein-base-9B
R05,broom_024,partial,5,5,5,functionality,3,5,broom,24,broom_024.png,FLUX.2-klein-base-9B
R05,broom_015,partial,4,5,4,symbolism,4,4,broom,15,broom_015.png,FLUX.2-klein-base-9B
R05,early_automobile_006,yes,5,4,5,usability,5,4,early_automobile,6,early_automobile_006.png,FLUX.2-klein-base-9B
R05,broom_021,yes,3,3,5,functionality,1,4,broom,21,broom_021.png,FLUX.2-klein-base-9B
R05,sports_car_008,yes,5,5,5,aesthetics,3,3,sports_car,8,sports_car_008.png,FLUX.2-klein-base-9B
R05,vacuum_cleaner_025,no,1,3,3,symbolism,3,3,vacuum_cleaner,25,vacuum_cleaner_025.png,FLUX.2-klein-base-9B
R05,sports_car_003,yes,4,5,5,aesthetics,4,5,sports_car,3,sports_car_003.png,FLUX.2-klein-base-9B
R05,lounge_chair_023,yes,5,5,5,usability,4,4,lounge_chair,23,lounge_chair_023.png,FLUX.2-klein-base-9B
R05,vacuum_cleaner_010,yes,4,4,4,symbolism,2,3,vacuum_cleaner,10,vacuum_cleaner_010.png,FLUX.2-klein-base-9B
R05,sports_car_005,yes,5,5,5,aesthetics,4,4,sports_car,5,sports_car_005.png,FLUX.2-klein-base-9B
R05,vacuum_cleaner_001,yes,4,4,4,functionality,1,4,vacuum_cleaner,1,vacuum_cleaner_001.png,FLUX.2-klein-base-9B
R05,broom_013,partial,2,5,3,usability,2,5,broom,13,broom_013.png,FLUX.2-klein-base-9B
R05,vacuum_cleaner_024,yes,4,4,4,functionality,3,3,vacuum_cleaner,24,vacuum_cleaner_024.png,FLUX.2-klein-base-9B
R05,early_automobile_015,yes,5,5,5,symbolism,5,5,early_automobile,15,early_automobile_015.png,FLUX.2-klein-base-9B
R05,desk_lamp_008,yes,5,5,5,aesthetics,3,5,desk_lamp,8,desk_lamp_008.png,FLUX.2-klein-base-9B
R05,desk_lamp_023,yes,2,5,5,aesthetics,1,4,desk_lamp,23,desk_lamp_023.png,FLUX.2-klein-base-9B
R05,lounge_chair_002,yes,5,4,5,usability,3,4,lounge_chair,2,lounge_chair_002.png,FLUX.2-klein-base-9B
R05,vacuum_cleaner_018,yes,4,2,3,functionality,4,3,vacuum_cleaner,18,vacuum_cleaner_018.png,FLUX.2-klein-base-9B
R05,electric_kettle_016,yes,4,4,3,functionality,2,5,electric_kettle,16,electric_kettle_016.png,FLUX.2-klein-base-9B
R05,lounge_chair_001,yes,2,4,4,aesthetics,5,2,lounge_chair,1,lounge_chair_001.png,FLUX.2-klein-base-9B
R05,broom_011,no,3,1,4,unclear,3,1,broom,11,broom_011.png,FLUX.2-klein-base-9B
R05,lounge_chair_019,yes,4,3,5,functionality,4,4,lounge_chair,19,lounge_chair_019.png,FLUX.2-klein-base-9B
R05,lounge_chair_007,yes,4,3,5,aesthetics,3,3,lounge_chair,7,lounge_chair_007.png,FLUX.2-klein-base-9B
R05,vacuum_cleaner_015,yes,5,4,4,functionality,2,4,vacuum_cleaner,15,vacuum_cleaner_015.png,FLUX.2-klein-base-9B
R05,sports_car_011,yes,4,5,5,aesthetics,4,4,sports_car,11,sports_car_011.png,FLUX.2-klein-base-9B
R05,early_automobile_023,yes,4,5,4,symbolism,2,4,early_automobile,23,early_automobile_023.png,FLUX.2-klein-base-9B
R05,sneakers_008,yes,5,5,4,functionality,2,4,sneakers,8,sneakers_008.png,FLUX.2-klein-base-9B
R05,sneakers_015,yes,4,5,4,usability,4,5,sneakers,15,sneakers_015.png,FLUX.2-klein-base-9B
R05,desk_lamp_024,yes,5,4,3,aesthetics,2,4,desk_lamp,24,desk_lamp_024.png,FLUX.2-klein-base-9B
R05,sneakers_017,yes,5,5,4,usability,3,5,sneakers,17,sneakers_017.png,FLUX.2-klein-base-9B
R05,broom_017,yes,4,5,5,functionality,1,3,broom,17,broom_017.png,FLUX.2-klein-base-9B
R05,sneakers_003,yes,5,5,5,usability,3,4,sneakers,3,sneakers_003.png,FLUX.2-klein-base-9B
R05,early_automobile_022,yes,5,4,4,symbolism,1,4,early_automobile,22,early_automobile_022.png,FLUX.2-klein-base-9B
R05,desk_lamp_016,yes,4,5,5,aesthetics,2,4,desk_lamp,16,desk_lamp_016.png,FLUX.2-klein-base-9B
R05,sneakers_024,yes,5,5,5,functionality,3,5,sneakers,24,sneakers_024.png,FLUX.2-klein-base-9B
R05,electric_kettle_022,yes,4,5,4,functionality,1,4,electric_kettle,22,electric_kettle_022.png,FLUX.2-klein-base-9B
R05,desk_lamp_009,yes,3,3,5,functionality,4,5,desk_lamp,9,desk_lamp_009.png,FLUX.2-klein-base-9B
R05,desk_lamp_011,yes,4,4,4,functionality,2,4,desk_lamp,11,desk_lamp_011.png,FLUX.2-klein-base-9B
R05,broom_001,yes,5,4,5,functionality,2,4,broom,1,broom_001.png,FLUX.2-klein-base-9B
R05,desk_lamp_010,yes,3,4,5,functionality,4,4,desk_lamp,10,desk_lamp_010.png,FLUX.2-klein-base-9B
R05,sneakers_001,yes,3,4,5,functionality,4,4,sneakers,1,sneakers_001.png,FLUX.2-klein-base-9B
R05,electric_kettle_011,yes,5,5,5,functionality,2,5,electric_kettle,11,electric_kettle_011.png,FLUX.2-klein-base-9B
R05,broom_023,yes,5,2,5,functionality,4,4,broom,23,broom_023.png,FLUX.2-klein-base-9B
R05,electric_kettle_001,yes,5,5,4,functionality,1,4,electric_kettle,1,electric_kettle_001.png,FLUX.2-klein-base-9B
R05,electric_kettle_004,yes,5,5,5,functionality,2,4,electric_kettle,4,electric_kettle_004.png,FLUX.2-klein-base-9B
R05,electric_kettle_023,yes,4,5,4,functionality,2,4,electric_kettle,23,electric_kettle_023.png,FLUX.2-klein-base-9B
R05,electric_kettle_017,yes,5,5,5,functionality,2,4,electric_kettle,17,electric_kettle_017.png,FLUX.2-klein-base-9B
R05,early_automobile_010,yes,3,4,5,symbolism,3,4,early_automobile,10,early_automobile_010.png,FLUX.2-klein-base-9B
R05,sports_car_001,yes,5,3,4,aesthetics,4,4,sports_car,1,sports_car_001.png,FLUX.2-klein-base-9B
R05,desk_lamp_019,yes,5,5,5,aesthetics,3,5,desk_lamp,19,desk_lamp_019.png,FLUX.2-klein-base-9B
R05,sneakers_025,yes,5,4,5,functionality,3,4,sneakers,25,sneakers_025.png,FLUX.2-klein-base-9B
R05,broom_012,partial,4,3,5,functionality,1,1,broom,12,broom_012.png,FLUX.2-klein-base-9B
R05,vacuum_cleaner_007,yes,2,4,4,functionality,3,4,vacuum_cleaner,7,vacuum_cleaner_007.png,FLUX.2-klein-base-9B
R05,lounge_chair_011,yes,5,4,3,aesthetics,4,4,lounge_chair,11,lounge_chair_011.png,FLUX.2-klein-base-9B
R05,sneakers_010,partial,2,4,5,symbolism,4,3,sneakers,10,sneakers_010.png,FLUX.2-klein-base-9B
R05,early_automobile_012,yes,5,4,5,functionality,2,4,early_automobile,12,early_automobile_012.png,FLUX.2-klein-base-9B
R05,broom_019,yes,5,5,4,functionality,1,4,broom,19,broom_019.png,FLUX.2-klein-base-9B
R05,electric_kettle_006,yes,5,5,3,functionality,1,4,electric_kettle,6,electric_kettle_006.png,FLUX.2-klein-base-9B
R05,vacuum_cleaner_005,yes,3,5,5,functionality,3,5,vacuum_cleaner,5,vacuum_cleaner_005.png,FLUX.2-klein-base-9B
R05,sneakers_018,yes,4,3,4,functionality,2,4,sneakers,18,sneakers_018.png,FLUX.2-klein-base-9B
R05,desk_lamp_001,yes,2,4,3,aesthetics,4,4,desk_lamp,1,desk_lamp_001.png,FLUX.2-klein-base-9B
R05,sports_car_007,yes,4,5,5,aesthetics,5,5,sports_car,7,sports_car_007.png,FLUX.2-klein-base-9B
R05,lounge_chair_006,yes,5,4,4,usability,3,5,lounge_chair,6,lounge_chair_006.png,FLUX.2-klein-base-9B
R05,desk_lamp_015,partial,2,3,4,functionality,4,4,desk_lamp,15,desk_lamp_015.png,FLUX.2-klein-base-9B
R05,desk_lamp_017,yes,5,5,5,functionality,1,5,desk_lamp,17,desk_lamp_017.png,FLUX.2-klein-base-9B
R05,vacuum_cleaner_011,yes,2,4,4,functionality,4,4,vacuum_cleaner,11,vacuum_cleaner_011.png,FLUX.2-klein-base-9B
R05,vacuum_cleaner_014,yes,3,4,5,functionality,2,4,vacuum_cleaner,14,vacuum_cleaner_014.png,FLUX.2-klein-base-9B
R05,vacuum_cleaner_013,yes,5,5,5,functionality,4,4,vacuum_cleaner,13,vacuum_cleaner_013.png,FLUX.2-klein-base-9B
R05,early_automobile_011,yes,4,5,4,functionality,4,3,early_automobile,11,early_automobile_011.png,FLUX.2-klein-base-9B
R05,sports_car_006,yes,2,3,5,functionality,4,3,sports_car,6,sports_car_006.png,FLUX.2-klein-base-9B
R05,early_automobile_020,yes,3,4,5,functionality,2,3,early_automobile,20,early_automobile_020.png,FLUX.2-klein-base-9B
R05,vacuum_cleaner_022,partial,3,3,4,unclear,2,3,vacuum_cleaner,22,vacuum_cleaner_022.png,FLUX.2-klein-base-9B
R05,broom_025,no,1,4,3,functionality,5,3,broom,25,broom_025.png,FLUX.2-klein-base-9B
R05,lounge_chair_020,yes,4,4,3,usability,5,4,lounge_chair,20,lounge_chair_020.png,FLUX.2-klein-base-9B
R05,early_automobile_024,yes,4,5,5,symbolism,5,4,early_automobile,24,early_automobile_024.png,FLUX.2-klein-base-9B
R05,sneakers_016,yes,5,3,5,symbolism,4,4,sneakers,16,sneakers_016.png,FLUX.2-klein-base-9B
R05,sports_car_013,yes,4,4,5,aesthetics,5,4,sports_car,13,sports_car_013.png,FLUX.2-klein-base-9B
R05,electric_kettle_018,yes,4,4,5,functionality,1,4,electric_kettle,18,electric_kettle_018.png,FLUX.2-klein-base-9B
R05,electric_kettle_003,yes,5,5,5,aesthetics,2,4,electric_kettle,3,electric_kettle_003.png,FLUX.2-klein-base-9B
R05,desk_lamp_018,yes,5,5,4,functionality,1,3,desk_lamp,18,desk_lamp_018.png,FLUX.2-klein-base-9B
R05,lounge_chair_003,yes,5,5,5,usability,4,5,lounge_chair,3,lounge_chair_003.png,FLUX.2-klein-base-9B
R05,vacuum_cleaner_021,yes,4,4,4,aesthetics,4,4,vacuum_cleaner,21,vacuum_cleaner_021.png,FLUX.2-klein-base-9B
R06,sneakers_007,yes,3,5,5,functionality,2,5,sneakers,7,sneakers_007.png,FLUX.2-klein-base-9B
R06,sports_car_011,yes,4,5,4,aesthetics,4,4,sports_car,11,sports_car_011.png,FLUX.2-klein-base-9B
R06,vacuum_cleaner_016,yes,5,5,4,aesthetics,4,3,vacuum_cleaner,16,vacuum_cleaner_016.png,FLUX.2-klein-base-9B
R06,desk_lamp_012,yes,5,5,4,aesthetics,4,5,desk_lamp,12,desk_lamp_012.png,FLUX.2-klein-base-9B
R06,electric_kettle_010,yes,5,5,4,symbolism,1,4,electric_kettle,10,electric_kettle_010.png,FLUX.2-klein-base-9B
R06,electric_kettle_009,yes,5,5,4,symbolism,1,3,electric_kettle,9,electric_kettle_009.png,FLUX.2-klein-base-9B
R06,electric_kettle_007,yes,5,3,4,usability,2,3,electric_kettle,7,electric_kettle_007.png,FLUX.2-klein-base-9B
R06,broom_021,no,4,1,4,unclear,3,1,broom,21,broom_021.png,FLUX.2-klein-base-9B
R06,desk_lamp_018,yes,5,5,4,aesthetics,3,4,desk_lamp,18,desk_lamp_018.png,FLUX.2-klein-base-9B
R06,desk_lamp_002,yes,5,5,4,aesthetics,3,4,desk_lamp,2,desk_lamp_002.png,FLUX.2-klein-base-9B
R06,vacuum_cleaner_002,yes,4,4,4,functionality,2,4,vacuum_cleaner,2,vacuum_cleaner_002.png,FLUX.2-klein-base-9B
R06,electric_kettle_011,yes,5,5,3,usability,2,3,electric_kettle,11,electric_kettle_011.png,FLUX.2-klein-base-9B
R06,electric_kettle_024,yes,5,5,4,usability,3,4,electric_kettle,24,electric_kettle_024.png,FLUX.2-klein-base-9B
R06,lounge_chair_007,yes,5,4,4,aesthetics,4,3,lounge_chair,7,lounge_chair_007.png,FLUX.2-klein-base-9B
R06,desk_lamp_016,yes,5,4,3,aesthetics,4,4,desk_lamp,16,desk_lamp_016.png,FLUX.2-klein-base-9B
R06,lounge_chair_011,yes,5,5,3,usability,2,4,lounge_chair,11,lounge_chair_011.png,FLUX.2-klein-base-9B
R06,early_automobile_019,yes,3,4,3,unclear,3,3,early_automobile,19,early_automobile_019.png,FLUX.2-klein-base-9B
R06,early_automobile_009,yes,3,4,3,aesthetics,4,3,early_automobile,9,early_automobile_009.png,FLUX.2-klein-base-9B
R06,sports_car_024,yes,5,5,4,aesthetics,4,4,sports_car,24,sports_car_024.png,FLUX.2-klein-base-9B
R06,electric_kettle_001,yes,5,5,3,usability,2,4,electric_kettle,1,electric_kettle_001.png,FLUX.2-klein-base-9B
R06,broom_013,partial,5,3,4,usability,4,4,broom,13,broom_013.png,FLUX.2-klein-base-9B
R06,broom_016,no,4,2,4,unclear,3,4,broom,16,broom_016.png,FLUX.2-klein-base-9B
R06,vacuum_cleaner_017,yes,4,4,4,usability,2,4,vacuum_cleaner,17,vacuum_cleaner_017.png,FLUX.2-klein-base-9B
R06,sports_car_007,yes,5,5,5,aesthetics,5,5,sports_car,7,sports_car_007.png,FLUX.2-klein-base-9B
R06,early_automobile_013,yes,5,5,3,unclear,3,5,early_automobile,13,early_automobile_013.png,FLUX.2-klein-base-9B
R06,lounge_chair_009,yes,5,5,5,symbolism,5,5,lounge_chair,9,lounge_chair_009.png,FLUX.2-klein-base-9B
R06,desk_lamp_007,yes,4,4,4,functionality,4,3,desk_lamp,7,desk_lamp_007.png,FLUX.2-klein-base-9B
R06,sports_car_014,yes,5,5,4,aesthetics,5,4,sports_car,14,sports_car_014.png,FLUX.2-klein-base-9B
R06,early_automobile_010,yes,5,5,4,symbolism,4,3,early_automobile,10,early_automobile_010.png,FLUX.2-klein-base-9B
R06,broom_019,yes,4,4,4,usability,4,3,broom,19,broom_019.png,FLUX.2-klein-base-9B
R06,sports_car_004,yes,4,4,3,aesthetics,3,4,sports_car,4,sports_car_004.png,FLUX.2-klein-base-9B
R06,vacuum_cleaner_022,yes,3,3,3,unclear,3,3,vacuum_cleaner,22,vacuum_cleaner_022.png,FLUX.2-klein-base-9B
R06,early_automobile_004,yes,5,5,4,symbolism,4,3,early_automobile,4,early_automobile_004.png,FLUX.2-klein-base-9B
R06,sneakers_025,yes,5,5,3,functionality,3,4,sneakers,25,sneakers_025.png,FLUX.2-klein-base-9B
R06,sports_car_010,yes,5,5,4,aesthetics,4,3,sports_car,10,sports_car_010.png,FLUX.2-klein-base-9B
R06,sneakers_001,yes,5,5,4,functionality,4,4,sneakers,1,sneakers_001.png,FLUX.2-klein-base-9B
R06,lounge_chair_025,yes,5,5,3,usability,2,4,lounge_chair,25,lounge_chair_025.png,FLUX.2-klein-base-9B
R06,sports_car_021,yes,5,5,4,aesthetics,4,3,sports_car,21,sports_car_021.png,FLUX.2-klein-base-9B
R06,vacuum_cleaner_004,yes,5,5,4,functionality,4,4,vacuum_cleaner,4,vacuum_cleaner_004.png,FLUX.2-klein-base-9B
R06,electric_kettle_018,yes,5,5,3,usability,4,4,electric_kettle,18,electric_kettle_018.png,FLUX.2-klein-base-9B
R06,vacuum_cleaner_003,yes,5,4,4,functionality,4,2,vacuum_cleaner,3,vacuum_cleaner_003.png,FLUX.2-klein-base-9B
R06,broom_008,yes,5,5,4,usability,4,4,broom,8,broom_008.png,FLUX.2-klein-base-9B
R06,early_automobile_015,yes,4,4,4,usability,4,3,early_automobile,15,early_automobile_015.png,FLUX.2-klein-base-9B
R06,sports_car_005,yes,5,5,3,aesthetics,4,4,sports_car,5,sports_car_005.png,FLUX.2-klein-base-9B
R06,lounge_chair_006,yes,5,5,4,usability,4,4,lounge_chair,6,lounge_chair_006.png,FLUX.2-klein-base-9B
R06,electric_kettle_004,yes,5,5,3,symbolism,4,4,electric_kettle,4,electric_kettle_004.png,FLUX.2-klein-base-9B
R06,broom_023,yes,5,5,3,symbolism,5,3,broom,23,broom_023.png,FLUX.2-klein-base-9B
R06,desk_lamp_001,yes,2,4,4,functionality,4,4,desk_lamp,1,desk_lamp_001.png,FLUX.2-klein-base-9B
R06,vacuum_cleaner_008,yes,3,4,4,usability,4,3,vacuum_cleaner,8,vacuum_cleaner_008.png,FLUX.2-klein-base-9B
R06,vacuum_cleaner_009,yes,5,4,4,usability,4,3,vacuum_cleaner,9,vacuum_cleaner_009.png,FLUX.2-klein-base-9B
R06,lounge_chair_021,yes,5,5,4,usability,4,3,lounge_chair,21,lounge_chair_021.png,FLUX.2-klein-base-9B
R06,lounge_chair_013,yes,5,5,4,usability,4,4,lounge_chair,13,lounge_chair_013.png,FLUX.2-klein-base-9B
R06,sneakers_013,yes,2,5,3,unclear,4,4,sneakers,13,sneakers_013.png,FLUX.2-klein-base-9B
R06,lounge_chair_017,yes,5,4,4,usability,4,4,lounge_chair,17,lounge_chair_017.png,FLUX.2-klein-base-9B
R06,sports_car_023,yes,2,3,4,symbolism,4,3,sports_car,23,sports_car_023.png,FLUX.2-klein-base-9B
R06,vacuum_cleaner_015,yes,5,5,4,usability,5,5,vacuum_cleaner,15,vacuum_cleaner_015.png,FLUX.2-klein-base-9B
R06,vacuum_cleaner_019,yes,5,5,3,usability,4,4,vacuum_cleaner,19,vacuum_cleaner_019.png,FLUX.2-klein-base-9B
R06,broom_007,yes,5,5,4,usability,5,5,broom,7,broom_007.png,FLUX.2-klein-base-9B
R06,early_automobile_021,yes,5,5,4,functionality,4,4,early_automobile,21,early_automobile_021.png,FLUX.2-klein-base-9B
R06,vacuum_cleaner_006,yes,4,3,4,unclear,4,2,vacuum_cleaner,6,vacuum_cleaner_006.png,FLUX.2-klein-base-9B
R06,sports_car_019,yes,5,5,4,aesthetics,5,4,sports_car,19,sports_car_019.png,FLUX.2-klein-base-9B
R06,desk_lamp_009,yes,5,5,4,symbolism,5,5,desk_lamp,9,desk_lamp_009.png,FLUX.2-klein-base-9B
R06,electric_kettle_014,yes,5,5,4,symbolism,5,5,electric_kettle,14,electric_kettle_014.png,FLUX.2-klein-base-9B
R06,sports_car_009,yes,5,5,4,aesthetics,4,3,sports_car,9,sports_car_009.png,FLUX.2-klein-base-9B
R06,early_automobile_012,yes,5,5,3,functionality,5,4,early_automobile,12,early_automobile_012.png,FLUX.2-klein-base-9B
R06,electric_kettle_021,yes,5,5,3,symbolism,5,4,electric_kettle,21,electric_kettle_021.png,FLUX.2-klein-base-9B
R06,sports_car_006,yes,5,5,4,aesthetics,5,4,sports_car,6,sports_car_006.png,FLUX.2-klein-base-9B
R06,electric_kettle_002,yes,5,4,4,usability,4,3,electric_kettle,2,electric_kettle_002.png,FLUX.2-klein-base-9B
R06,vacuum_cleaner_013,yes,4,4,4,usability,4,3,vacuum_cleaner,13,vacuum_cleaner_013.png,FLUX.2-klein-base-9B
R06,vacuum_cleaner_011,yes,3,4,4,usability,4,3,vacuum_cleaner,11,vacuum_cleaner_011.png,FLUX.2-klein-base-9B
R06,broom_010,yes,2,4,4,unclear,4,4,broom,10,broom_010.png,FLUX.2-klein-base-9B
R06,electric_kettle_023,yes,5,5,3,usability,3,4,electric_kettle,23,electric_kettle_023.png,FLUX.2-klein-base-9B
R06,vacuum_cleaner_001,yes,4,4,3,usability,4,4,vacuum_cleaner,1,vacuum_cleaner_001.png,FLUX.2-klein-base-9B
R06,desk_lamp_017,yes,5,4,3,usability,3,5,desk_lamp,17,desk_lamp_017.png,FLUX.2-klein-base-9B
R06,desk_lamp_008,yes,5,5,4,usability,4,5,desk_lamp,8,desk_lamp_008.png,FLUX.2-klein-base-9B
R06,sneakers_014,yes,5,5,4,usability,5,5,sneakers,14,sneakers_014.png,FLUX.2-klein-base-9B
R06,sports_car_013,yes,5,5,4,symbolism,5,4,sports_car,13,sports_car_013.png,FLUX.2-klein-base-9B
R06,sneakers_005,yes,2,3,4,unclear,3,3,sneakers,5,sneakers_005.png,FLUX.2-klein-base-9B
R06,sports_car_002,yes,5,5,4,aesthetics,5,4,sports_car,2,sports_car_002.png,FLUX.2-klein-base-9B
R06,broom_024,yes,3,3,4,usability,3,4,broom,24,broom_024.png,FLUX.2-klein-base-9B
R06,sneakers_024,yes,5,5,4,usability,5,5,sneakers,24,sneakers_024.png,FLUX.2-klein-base-9B
R06,lounge_chair_020,yes,5,5,4,usability,5,4,lounge_chair,20,lounge_chair_020.png,FLUX.2-klein-base-9B
R06,vacuum_cleaner_012,yes,5,5,4,usability,4,4,vacuum_cleaner,12,vacuum_cleaner_012.png,FLUX.2-klein-base-9B
R06,early_automobile_024,yes,4,4,3,symbolism,4,4,early_automobile,24,early_automobile_024.png,FLUX.2-klein-base-9B
R06,vacuum_cleaner_014,yes,5,4,4,usability,4,4,vacuum_cleaner,14,vacuum_cleaner_014.png,FLUX.2-klein-base-9B
R06,sneakers_021,yes,4,4,4,usability,4,4,sneakers,21,sneakers_021.png,FLUX.2-klein-base-9B
R06,early_automobile_014,yes,5,4,4,usability,4,4,early_automobile,14,early_automobile_014.png,FLUX.2-klein-base-9B
R06,sneakers_018,yes,4,3,4,symbolism,4,3,sneakers,18,sneakers_018.png,FLUX.2-klein-base-9B
R06,early_automobile_018,yes,4,4,5,symbolism,4,3,early_automobile,18,early_automobile_018.png,FLUX.2-klein-base-9B
R06,sneakers_008,yes,5,4,4,symbolism,4,4,sneakers,8,sneakers_008.png,FLUX.2-klein-base-9B
R06,broom_018,yes,4,3,3,symbolism,4,3,broom,18,broom_018.png,FLUX.2-klein-base-9B
R06,early_automobile_022,yes,5,5,4,symbolism,5,4,early_automobile,22,early_automobile_022.png,FLUX.2-klein-base-9B
R06,broom_009,no,5,4,4,symbolism,3,2,broom,9,broom_009.png,FLUX.2-klein-base-9B
R06,desk_lamp_015,yes,4,3,4,aesthetics,4,2,desk_lamp,15,desk_lamp_015.png,FLUX.2-klein-base-9B
R06,desk_lamp_004,yes,5,5,4,usability,5,4,desk_lamp,4,desk_lamp_004.png,FLUX.2-klein-base-9B
R06,sneakers_020,yes,5,4,3,usability,3,4,sneakers,20,sneakers_020.png,FLUX.2-klein-base-9B
R06,electric_kettle_017,yes,4,4,4,usability,4,4,electric_kettle,17,electric_kettle_017.png,FLUX.2-klein-base-9B
R06,sports_car_017,yes,5,5,4,symbolism,4,4,sports_car,17,sports_car_017.png,FLUX.2-klein-base-9B
R06,early_automobile_007,yes,5,5,4,symbolism,4,4,early_automobile,7,early_automobile_007.png,FLUX.2-klein-base-9B
R06,vacuum_cleaner_018,yes,4,4,4,usability,4,3,vacuum_cleaner,18,vacuum_cleaner_018.png,FLUX.2-klein-base-9B
R06,early_automobile_003,yes,4,4,3,symbolism,4,4,early_automobile,3,early_automobile_003.png,FLUX.2-klein-base-9B
R06,vacuum_cleaner_020,yes,4,4,4,symbolism,4,4,vacuum_cleaner,20,vacuum_cleaner_020.png,FLUX.2-klein-base-9B
R06,early_automobile_008,yes,4,4,4,symbolism,4,4,early_automobile,8,early_automobile_008.png,FLUX.2-klein-base-9B
R06,lounge_chair_003,yes,5,5,4,aesthetics,4,4,lounge_chair,3,lounge_chair_003.png,FLUX.2-klein-base-9B
R06,sports_car_018,yes,5,5,4,aesthetics,4,4,sports_car,18,sports_car_018.png,FLUX.2-klein-base-9B
R06,broom_004,yes,5,5,4,symbolism,3,5,broom,4,broom_004.png,FLUX.2-klein-base-9B
R06,sports_car_008,yes,5,4,4,aesthetics,4,4,sports_car,8,sports_car_008.png,FLUX.2-klein-base-9B
R06,broom_022,yes,5,4,4,usability,4,3,broom,22,broom_022.png,FLUX.2-klein-base-9B
R06,lounge_chair_014,yes,5,4,4,usability,4,4,lounge_chair,14,lounge_chair_014.png,FLUX.2-klein-base-9B
R06,broom_005,no,4,2,4,unclear,3,4,broom,5,broom_005.png,FLUX.2-klein-base-9B
R06,sneakers_004,yes,4,4,4,symbolism,4,4,sneakers,4,sneakers_004.png,FLUX.2-klein-base-9B
R06,sneakers_002,yes,5,5,4,usability,4,4,sneakers,2,sneakers_002.png,FLUX.2-klein-base-9B
R06,sneakers_019,yes,5,5,4,symbolism,5,4,sneakers,19,sneakers_019.png,FLUX.2-klein-base-9B
R06,early_automobile_023,yes,5,5,4,symbolism,5,4,early_automobile,23,early_automobile_023.png,FLUX.2-klein-base-9B
R06,broom_003,partial,4,2,4,symbolism,2,3,broom,3,broom_003.png,FLUX.2-klein-base-9B
R06,lounge_chair_001,yes,3,4,4,symbolism,3,4,lounge_chair,1,lounge_chair_001.png,FLUX.2-klein-base-9B
R06,broom_006,yes,5,5,4,symbolism,2,4,broom,6,broom_006.png,FLUX.2-klein-base-9B
R06,lounge_chair_019,yes,4,4,4,symbolism,4,4,lounge_chair,19,lounge_chair_019.png,FLUX.2-klein-base-9B
R06,broom_001,yes,5,5,4,symbolism,2,4,broom,1,broom_001.png,FLUX.2-klein-base-9B
R06,lounge_chair_018,yes,4,4,4,usability,4,3,lounge_chair,18,lounge_chair_018.png,FLUX.2-klein-base-9B
R06,sneakers_022,yes,5,5,4,usability,4,4,sneakers,22,sneakers_022.png,FLUX.2-klein-base-9B
R06,lounge_chair_023,yes,5,5,4,symbolism,4,4,lounge_chair,23,lounge_chair_023.png,FLUX.2-klein-base-9B
R06,lounge_chair_012,yes,4,5,3,symbolism,4,4,lounge_chair,12,lounge_chair_012.png,FLUX.2-klein-base-9B
R06,desk_lamp_023,yes,5,5,4,usability,4,4,desk_lamp,23,desk_lamp_023.png,FLUX.2-klein-base-9B
R06,sports_car_015,yes,5,5,4,aesthetics,4,4,sports_car,15,sports_car_015.png,FLUX.2-klein-base-9B
R06,desk_lamp_021,yes,5,5,4,symbolism,4,4,desk_lamp,21,desk_lamp_021.png,FLUX.2-klein-base-9B
R06,sneakers_016,yes,5,5,4,symbolism,4,4,sneakers,16,sneakers_016.png,FLUX.2-klein-base-9B
R06,broom_014,partial,4,2,4,usability,3,2,broom,14,broom_014.png,FLUX.2-klein-base-9B
R06,electric_kettle_022,yes,5,5,4,usability,4,4,electric_kettle,22,electric_kettle_022.png,FLUX.2-klein-base-9B
R06,vacuum_cleaner_010,yes,4,4,3,symbolism,3,4,vacuum_cleaner,10,vacuum_cleaner_010.png,FLUX.2-klein-base-9B
R06,early_automobile_006,yes,5,4,4,usability,4,4,early_automobile,6,early_automobile_006.png,FLUX.2-klein-base-9B
R06,early_automobile_017,yes,5,5,4,usability,4,4,early_automobile,17,early_automobile_017.png,FLUX.2-klein-base-9B
R06,broom_025,partial,4,4,3,symbolism,3,3,broom,25,broom_025.png,FLUX.2-klein-base-9B
R06,early_automobile_025,yes,5,5,4,usability,4,4,early_automobile,25,early_automobile_025.png,FLUX.2-klein-base-9B
R06,desk_lamp_010,yes,5,5,4,usability,3,4,desk_lamp,10,desk_lamp_010.png,FLUX.2-klein-base-9B
R06,broom_017,yes,5,5,4,usability,4,4,broom,17,broom_017.png,FLUX.2-klein-base-9B
R06,sneakers_009,yes,5,5,3,symbolism,3,4,sneakers,9,sneakers_009.png,FLUX.2-klein-base-9B
R06,lounge_chair_005,yes,5,5,4,usability,3,4,lounge_chair,5,lounge_chair_005.png,FLUX.2-klein-base-9B
R06,sneakers_011,yes,5,5,4,symbolism,3,4,sneakers,11,sneakers_011.png,FLUX.2-klein-base-9B
R06,desk_lamp_006,yes,3,4,3,usability,4,3,desk_lamp,6,desk_lamp_006.png,FLUX.2-klein-base-9B
R06,lounge_chair_015,yes,5,5,4,usability,4,4,lounge_chair,15,lounge_chair_015.png,FLUX.2-klein-base-9B
R06,early_automobile_011,yes,5,5,4,symbolism,4,3,early_automobile,11,early_automobile_011.png,FLUX.2-klein-base-9B
R06,early_automobile_020,yes,5,5,4,usability,3,4,early_automobile,20,early_automobile_020.png,FLUX.2-klein-base-9B
R06,lounge_chair_016,yes,4,4,4,symbolism,4,4,lounge_chair,16,lounge_chair_016.png,FLUX.2-klein-base-9B
R06,lounge_chair_010,yes,5,4,4,symbolism,4,4,lounge_chair,10,lounge_chair_010.png,FLUX.2-klein-base-9B
R06,electric_kettle_006,yes,5,5,4,usability,4,4,electric_kettle,6,electric_kettle_006.png,FLUX.2-klein-base-9B
R06,sports_car_001,yes,5,5,4,usability,4,4,sports_car,1,sports_car_001.png,FLUX.2-klein-base-9B
R06,electric_kettle_008,yes,5,5,4,usability,2,4,electric_kettle,8,electric_kettle_008.png,FLUX.2-klein-base-9B
R06,lounge_chair_002,yes,5,5,4,symbolism,3,4,lounge_chair,2,lounge_chair_002.png,FLUX.2-klein-base-9B
R06,sneakers_010,yes,3,4,4,usability,3,4,sneakers,10,sneakers_010.png,FLUX.2-klein-base-9B
R06,sports_car_022,yes,5,5,3,usability,4,4,sports_car,22,sports_car_022.png,FLUX.2-klein-base-9B
R06,lounge_chair_024,yes,5,5,4,symbolism,5,5,lounge_chair,24,lounge_chair_024.png,FLUX.2-klein-base-9B
R06,vacuum_cleaner_021,yes,4,4,3,symbolism,3,4,vacuum_cleaner,21,vacuum_cleaner_021.png,FLUX.2-klein-base-9B
R06,electric_kettle_005,yes,5,5,4,symbolism,4,4,electric_kettle,5,electric_kettle_005.png,FLUX.2-klein-base-9B
R06,lounge_chair_004,yes,5,4,4,symbolism,3,4,lounge_chair,4,lounge_chair_004.png,FLUX.2-klein-base-9B
R06,sneakers_015,yes,4,4,3,symbolism,4,4,sneakers,15,sneakers_015.png,FLUX.2-klein-base-9B
R06,electric_kettle_019,yes,5,5,4,symbolism,4,4,electric_kettle,19,electric_kettle_019.png,FLUX.2-klein-base-9B
R06,early_automobile_005,yes,5,4,4,symbolism,3,4,early_automobile,5,early_automobile_005.png,FLUX.2-klein-base-9B
R06,sports_car_012,yes,5,5,4,symbolism,3,4,sports_car,12,sports_car_012.png,FLUX.2-klein-base-9B
R06,lounge_chair_008,yes,3,4,3,symbolism,3,4,lounge_chair,8,lounge_chair_008.png,FLUX.2-klein-base-9B
R06,desk_lamp_013,yes,5,5,4,usability,3,4,desk_lamp,13,desk_lamp_013.png,FLUX.2-klein-base-9B
R06,sneakers_006,yes,3,4,3,symbolism,4,4,sneakers,6,sneakers_006.png,FLUX.2-klein-base-9B
R06,desk_lamp_025,yes,5,5,4,symbolism,4,4,desk_lamp,25,desk_lamp_025.png,FLUX.2-klein-base-9B
R06,sneakers_023,yes,5,5,4,usability,4,4,sneakers,23,sneakers_023.png,FLUX.2-klein-base-9B
R06,desk_lamp_019,yes,5,5,4,symbolism,4,4,desk_lamp,19,desk_lamp_019.png,FLUX.2-klein-base-9B
R06,desk_lamp_003,yes,5,5,4,symbolism,5,4,desk_lamp,3,desk_lamp_003.png,FLUX.2-klein-base-9B
R06,early_automobile_002,yes,5,5,4,usability,4,3,early_automobile,2,early_automobile_002.png,FLUX.2-klein-base-9B
R06,electric_kettle_013,yes,5,5,4,symbolism,4,4,electric_kettle,13,electric_kettle_013.png,FLUX.2-klein-base-9B
R06,electric_kettle_016,yes,4,4,4,usability,3,4,electric_kettle,16,electric_kettle_016.png,FLUX.2-klein-base-9B
R06,vacuum_cleaner_025,no,3,3,3,unclear,3,3,vacuum_cleaner,25,vacuum_cleaner_025.png,FLUX.2-klein-base-9B
R06,sneakers_017,yes,5,5,4,symbolism,4,3,sneakers,17,sneakers_017.png,FLUX.2-klein-base-9B
R06,desk_lamp_005,yes,4,4,4,symbolism,4,4,desk_lamp,5,desk_lamp_005.png,FLUX.2-klein-base-9B
R06,broom_020,yes,4,4,4,usability,4,3,broom,20,broom_020.png,FLUX.2-klein-base-9B
R06,electric_kettle_025,yes,5,5,4,usability,3,4,electric_kettle,25,electric_kettle_025.png,FLUX.2-klein-base-9B
R06,vacuum_cleaner_023,yes,5,5,4,symbolism,4,4,vacuum_cleaner,23,vacuum_cleaner_023.png,FLUX.2-klein-base-9B
R06,sports_car_025,yes,5,5,4,symbolism,4,4,sports_car,25,sports_car_025.png,FLUX.2-klein-base-9B
R06,desk_lamp_020,yes,4,4,4,symbolism,4,3,desk_lamp,20,desk_lamp_020.png,FLUX.2-klein-base-9B
R06,vacuum_cleaner_007,yes,5,5,4,symbolism,4,3,vacuum_cleaner,7,vacuum_cleaner_007.png,FLUX.2-klein-base-9B
R06,vacuum_cleaner_005,yes,5,5,4,symbolism,4,4,vacuum_cleaner,5,vacuum_cleaner_005.png,FLUX.2-klein-base-9B
R06,electric_kettle_012,yes,5,5,4,symbolism,4,3,electric_kettle,12,electric_kettle_012.png,FLUX.2-klein-base-9B
R06,sneakers_003,yes,5,5,4,symbolism,4,4,sneakers,3,sneakers_003.png,FLUX.2-klein-base-9B
R06,sports_car_016,yes,5,5,4,symbolism,3,4,sports_car,16,sports_car_016.png,FLUX.2-klein-base-9B
R06,broom_015,yes,4,4,4,symbolism,4,4,broom,15,broom_015.png,FLUX.2-klein-base-9B
R06,vacuum_cleaner_024,yes,4,4,4,usability,3,3,vacuum_cleaner,24,vacuum_cleaner_024.png,FLUX.2-klein-base-9B
R06,electric_kettle_020,yes,5,5,3,usability,4,3,electric_kettle,20,electric_kettle_020.png,FLUX.2-klein-base-9B
R06,desk_lamp_024,yes,5,5,4,symbolism,4,3,desk_lamp,24,desk_lamp_024.png,FLUX.2-klein-base-9B
R06,sports_car_003,yes,5,5,4,aesthetics,3,3,sports_car,3,sports_car_003.png,FLUX.2-klein-base-9B
R06,lounge_chair_022,yes,5,5,4,usability,3,3,lounge_chair,22,lounge_chair_022.png,FLUX.2-klein-base-9B
R06,early_automobile_001,yes,5,5,4,symbolism,4,3,early_automobile,1,early_automobile_001.png,FLUX.2-klein-base-9B
R06,desk_lamp_011,yes,5,5,3,symbolism,3,4,desk_lamp,11,desk_lamp_011.png,FLUX.2-klein-base-9B
R06,broom_012,partial,5,5,4,usability,3,3,broom,12,broom_012.png,FLUX.2-klein-base-9B
R06,desk_lamp_022,yes,5,5,4,symbolism,3,3,desk_lamp,22,desk_lamp_022.png,FLUX.2-klein-base-9B
R06,early_automobile_016,yes,5,5,4,usability,4,4,early_automobile,16,early_automobile_016.png,FLUX.2-klein-base-9B
R06,sports_car_020,yes,3,4,4,aesthetics,3,3,sports_car,20,sports_car_020.png,FLUX.2-klein-base-9B
R06,sneakers_012,yes,5,5,3,symbolism,4,4,sneakers,12,sneakers_012.png,FLUX.2-klein-base-9B
R06,broom_002,partial,3,3,4,usability,3,3,broom,2,broom_002.png,FLUX.2-klein-base-9B
R06,electric_kettle_015,yes,4,4,4,usability,3,3,electric_kettle,15,electric_kettle_015.png,FLUX.2-klein-base-9B
R06,broom_011,no,3,2,4,usability,4,3,broom,11,broom_011.png,FLUX.2-klein-base-9B
R06,electric_kettle_003,yes,5,5,4,usability,4,4,electric_kettle,3,electric_kettle_003.png,FLUX.2-klein-base-9B
R06,desk_lamp_014,yes,5,5,4,symbolism,4,4,desk_lamp,14,desk_lamp_014.png,FLUX.2-klein-base-9B
R07,lounge_chair_001,yes,5,5,5,functionality,1,5,lounge_chair,1,lounge_chair_001.png,FLUX.2-klein-base-9B
R07,electric_kettle_014,yes,3,3,3,functionality,3,3,electric_kettle,14,electric_kettle_014.png,FLUX.2-klein-base-9B
R07,sports_car_006,yes,3,3,3,functionality,3,3,sports_car,6,sports_car_006.png,FLUX.2-klein-base-9B
R07,sports_car_013,yes,3,5,5,aesthetics,5,5,sports_car,13,sports_car_013.png,FLUX.2-klein-base-9B
R07,sports_car_023,yes,4,5,5,symbolism,4,2,sports_car,23,sports_car_023.png,FLUX.2-klein-base-9B
R07,vacuum_cleaner_024,yes,5,5,5,usability,1,5,vacuum_cleaner,24,vacuum_cleaner_024.png,FLUX.2-klein-base-9B
R07,sneakers_020,yes,4,4,5,functionality,2,5,sneakers,20,sneakers_020.png,FLUX.2-klein-base-9B
R07,vacuum_cleaner_016,yes,4,5,5,functionality,2,5,vacuum_cleaner,16,vacuum_cleaner_016.png,FLUX.2-klein-base-9B
R07,vacuum_cleaner_017,yes,4,5,5,functionality,2,5,vacuum_cleaner,17,vacuum_cleaner_017.png,FLUX.2-klein-base-9B
R07,desk_lamp_008,yes,5,5,5,symbolism,4,5,desk_lamp,8,desk_lamp_008.png,FLUX.2-klein-base-9B
R07,sports_car_010,yes,5,5,5,aesthetics,2,5,sports_car,10,sports_car_010.png,FLUX.2-klein-base-9B
R07,early_automobile_023,yes,4,5,5,symbolism,5,4,early_automobile,23,early_automobile_023.png,FLUX.2-klein-base-9B
R07,electric_kettle_012,yes,5,5,5,functionality,1,5,electric_kettle,12,electric_kettle_012.png,FLUX.2-klein-base-9B
R07,desk_lamp_024,yes,5,5,5,symbolism,2,5,desk_lamp,24,desk_lamp_024.png,FLUX.2-klein-base-9B
R07,vacuum_cleaner_014,yes,4,5,5,functionality,1,5,vacuum_cleaner,14,vacuum_cleaner_014.png,FLUX.2-klein-base-9B
R07,desk_lamp_021,yes,5,5,5,functionality,2,5,desk_lamp,21,desk_lamp_021.png,FLUX.2-klein-base-9B
R07,sneakers_011,yes,5,5,5,symbolism,2,5,sneakers,11,sneakers_011.png,FLUX.2-klein-base-9B
R07,sneakers_023,yes,5,5,5,functionality,2,5,sneakers,23,sneakers_023.png,FLUX.2-klein-base-9B
R07,vacuum_cleaner_006,yes,5,5,5,functionality,1,5,vacuum_cleaner,6,vacuum_cleaner_006.png,FLUX.2-klein-base-9B
R07,vacuum_cleaner_009,yes,5,5,4,functionality,4,5,vacuum_cleaner,9,vacuum_cleaner_009.png,FLUX.2-klein-base-9B
R07,sports_car_017,yes,5,5,5,symbolism,5,5,sports_car,17,sports_car_017.png,FLUX.2-klein-base-9B
R07,vacuum_cleaner_015,yes,4,5,5,functionality,5,5,vacuum_cleaner,15,vacuum_cleaner_015.png,FLUX.2-klein-base-9B
R07,early_automobile_001,yes,5,5,5,symbolism,2,5,early_automobile,1,early_automobile_001.png,FLUX.2-klein-base-9B
R07,electric_kettle_008,yes,5,5,5,functionality,1,5,electric_kettle,8,electric_kettle_008.png,FLUX.2-klein-base-9B
R07,sneakers_009,yes,5,5,5,functionality,2,5,sneakers,9,sneakers_009.png,FLUX.2-klein-base-9B
R07,electric_kettle_003,yes,5,2,4,functionality,2,4,electric_kettle,3,electric_kettle_003.png,FLUX.2-klein-base-9B
R07,early_automobile_006,yes,5,4,5,symbolism,2,5,early_automobile,6,early_automobile_006.png,FLUX.2-klein-base-9B
R07,vacuum_cleaner_011,yes,2,5,5,functionality,2,2,vacuum_cleaner,11,vacuum_cleaner_011.png,FLUX.2-klein-base-9B
R07,lounge_chair_006,yes,5,4,5,aesthetics,3,4,lounge_chair,6,lounge_chair_006.png,FLUX.2-klein-base-9B
R07,sports_car_002,yes,5,5,5,symbolism,4,5,sports_car,2,sports_car_002.png,FLUX.2-klein-base-9B
R07,early_automobile_020,yes,5,5,5,symbolism,2,5,early_automobile,20,early_automobile_020.png,FLUX.2-klein-base-9B
R07,electric_kettle_024,yes,5,4,5,functionality,2,5,electric_kettle,24,electric_kettle_024.png,FLUX.2-klein-base-9B
R07,lounge_chair_018,yes,4,4,5,aesthetics,4,5,lounge_chair,18,lounge_chair_018.png,FLUX.2-klein-base-9B
R07,sports_car_014,yes,5,4,4,usability,4,5,sports_car,14,sports_car_014.png,FLUX.2-klein-base-9B
R07,vacuum_cleaner_022,partial,2,4,5,functionality,1,4,vacuum_cleaner,22,vacuum_cleaner_022.png,FLUX.2-klein-base-9B
R07,vacuum_cleaner_012,yes,5,4,3,functionality,2,4,vacuum_cleaner,12,vacuum_cleaner_012.png,FLUX.2-klein-base-9B
R07,lounge_chair_022,yes,5,4,5,functionality,4,3,lounge_chair,22,lounge_chair_022.png,FLUX.2-klein-base-9B
R07,early_automobile_022,yes,4,4,5,symbolism,5,4,early_automobile,22,early_automobile_022.png,FLUX.2-klein-base-9B
R07,early_automobile_002,yes,5,4,5,symbolism,3,5,early_automobile,2,early_automobile_002.png,FLUX.2-klein-base-9B
R07,sneakers_013,no,1,1,5,unclear,4,1,sneakers,13,sneakers_013.png,FLUX.2-klein-base-9B
R07,desk_lamp_012,yes,5,4,5,functionality,3,5,desk_lamp,12,desk_lamp_012.png,FLUX.2-klein-base-9B
R07,desk_lamp_006,partial,2,3,5,unclear,2,2,desk_lamp,6,desk_lamp_006.png,FLUX.2-klein-base-9B
R07,early_automobile_021,yes,5,5,5,symbolism,3,5,early_automobile,21,early_automobile_021.png,FLUX.2-klein-base-9B
R07,electric_kettle_001,yes,5,4,5,functionality,2,5,electric_kettle,1,electric_kettle_001.png,FLUX.2-klein-base-9B
R07,broom_021,partial,5,1,5,symbolism,1,2,broom,21,broom_021.png,FLUX.2-klein-base-9B
R07,broom_001,yes,5,4,5,functionality,1,5,broom,1,broom_001.png,FLUX.2-klein-base-9B
R07,electric_kettle_013,yes,5,4,5,functionality,2,5,electric_kettle,13,electric_kettle_013.png,FLUX.2-klein-base-9B
R07,lounge_chair_025,partial,2,2,5,aesthetics,4,4,lounge_chair,25,lounge_chair_025.png,FLUX.2-klein-base-9B
R07,early_automobile_012,yes,5,5,5,functionality,3,4,early_automobile,12,early_automobile_012.png,FLUX.2-klein-base-9B
R07,broom_014,partial,3,2,5,functionality,1,1,broom,14,broom_014.png,FLUX.2-klein-base-9B
R07,lounge_chair_010,yes,5,5,5,functionality,2,5,lounge_chair,10,lounge_chair_010.png,FLUX.2-klein-base-9B
R07,broom_025,yes,2,1,3,functionality,1,3,broom,25,broom_025.png,FLUX.2-klein-base-9B
R07,sports_car_004,yes,5,4,5,symbolism,2,5,sports_car,4,sports_car_004.png,FLUX.2-klein-base-9B
R07,broom_020,yes,3,3,4,functionality,3,4,broom,20,broom_020.png,FLUX.2-klein-base-9B
R07,electric_kettle_011,yes,5,4,5,usability,2,5,electric_kettle,11,electric_kettle_011.png,FLUX.2-klein-base-9B
R07,sports_car_025,yes,3,5,5,usability,2,4,sports_car,25,sports_car_025.png,FLUX.2-klein-base-9B
R07,desk_lamp_013,yes,5,5,5,symbolism,3,5,desk_lamp,13,desk_lamp_013.png,FLUX.2-klein-base-9B
R07,desk_lamp_011,yes,5,5,5,functionality,3,5,desk_lamp,11,desk_lamp_011.png,FLUX.2-klein-base-9B
R07,broom_012,partial,4,1,5,usability,1,1,broom,12,broom_012.png,FLUX.2-klein-base-9B
R07,broom_019,yes,5,2,5,functionality,5,2,broom,19,broom_019.png,FLUX.2-klein-base-9B
R07,desk_lamp_018,yes,5,4,4,functionality,2,5,desk_lamp,18,desk_lamp_018.png,FLUX.2-klein-base-9B
R07,lounge_chair_021,yes,5,4,4,aesthetics,2,5,lounge_chair,21,lounge_chair_021.png,FLUX.2-klein-base-9B
R07,early_automobile_004,no,4,5,5,symbolism,3,5,early_automobile,4,early_automobile_004.png,FLUX.2-klein-base-9B
R07,early_automobile_005,yes,4,2,5,symbolism,5,4,early_automobile,5,early_automobile_005.png,FLUX.2-klein-base-9B
R07,broom_016,partial,4,2,5,functionality,4,5,broom,16,broom_016.png,FLUX.2-klein-base-9B
R07,sports_car_012,yes,3,5,5,symbolism,3,5,sports_car,12,sports_car_012.png,FLUX.2-klein-base-9B
R07,sports_car_022,yes,4,4,5,usability,2,5,sports_car,22,sports_car_022.png,FLUX.2-klein-base-9B
R07,broom_022,yes,4,4,4,usability,2,5,broom,22,broom_022.png,FLUX.2-klein-base-9B
R07,lounge_chair_002,yes,5,4,3,functionality,2,3,lounge_chair,2,lounge_chair_002.png,FLUX.2-klein-base-9B
R07,sneakers_021,yes,3,3,3,usability,3,3,sneakers,21,sneakers_021.png,FLUX.2-klein-base-9B
R07,broom_008,partial,4,5,5,usability,1,5,broom,8,broom_008.png,FLUX.2-klein-base-9B
R07,sneakers_016,yes,5,5,5,functionality,1,5,sneakers,16,sneakers_016.png,FLUX.2-klein-base-9B
R07,electric_kettle_022,yes,5,5,5,functionality,1,5,electric_kettle,22,electric_kettle_022.png,FLUX.2-klein-base-9B
R07,vacuum_cleaner_023,yes,5,4,4,usability,4,4,vacuum_cleaner,23,vacuum_cleaner_023.png,FLUX.2-klein-base-9B
R07,broom_015,yes,5,5,5,functionality,1,5,broom,15,broom_015.png,FLUX.2-klein-base-9B
R07,vacuum_cleaner_002,yes,5,5,5,functionality,1,5,vacuum_cleaner,2,vacuum_cleaner_002.png,FLUX.2-klein-base-9B
R07,lounge_chair_014,yes,5,5,5,aesthetics,2,5,lounge_chair,14,lounge_chair_014.png,FLUX.2-klein-base-9B
R07,sneakers_005,partial,2,3,3,functionality,3,3,sneakers,5,sneakers_005.png,FLUX.2-klein-base-9B
R07,desk_lamp_016,yes,3,3,3,functionality,3,3,desk_lamp,16,desk_lamp_016.png,FLUX.2-klein-base-9B
R07,electric_kettle_021,yes,3,3,3,functionality,3,3,electric_kettle,21,electric_kettle_021.png,FLUX.2-klein-base-9B
R07,early_automobile_018,yes,2,4,4,symbolism,3,5,early_automobile,18,early_automobile_018.png,FLUX.2-klein-base-9B
R07,vacuum_cleaner_010,partial,2,4,3,functionality,3,3,vacuum_cleaner,10,vacuum_cleaner_010.png,FLUX.2-klein-base-9B
R07,electric_kettle_019,yes,5,4,4,functionality,2,5,electric_kettle,19,electric_kettle_019.png,FLUX.2-klein-base-9B
R07,desk_lamp_009,yes,5,5,5,functionality,4,4,desk_lamp,9,desk_lamp_009.png,FLUX.2-klein-base-9B
R07,electric_kettle_017,no,5,4,4,functionality,1,4,electric_kettle,17,electric_kettle_017.png,FLUX.2-klein-base-9B
R07,early_automobile_024,yes,5,5,5,symbolism,4,5,early_automobile,24,early_automobile_024.png,FLUX.2-klein-base-9B
R07,broom_023,partial,5,4,5,functionality,4,4,broom,23,broom_023.png,FLUX.2-klein-base-9B
R07,desk_lamp_020,yes,4,4,5,functionality,3,2,desk_lamp,20,desk_lamp_020.png,FLUX.2-klein-base-9B
R07,vacuum_cleaner_008,yes,5,5,5,functionality,3,4,vacuum_cleaner,8,vacuum_cleaner_008.png,FLUX.2-klein-base-9B
R07,electric_kettle_016,yes,5,5,3,functionality,2,5,electric_kettle,16,electric_kettle_016.png,FLUX.2-klein-base-9B
R07,early_automobile_011,yes,5,4,5,symbolism,3,5,early_automobile,11,early_automobile_011.png,FLUX.2-klein-base-9B
R07,sneakers_015,yes,4,5,5,usability,1,5,sneakers,15,sneakers_015.png,FLUX.2-klein-base-9B
R07,desk_lamp_015,yes,4,5,5,functionality,1,5,desk_lamp,15,desk_lamp_015.png,FLUX.2-klein-base-9B
R07,sports_car_019,yes,5,5,5,symbolism,5,5,sports_car,19,sports_car_019.png,FLUX.2-klein-base-9B
R07,lounge_chair_007,yes,5,5,5,aesthetics,4,5,lounge_chair,7,lounge_chair_007.png,FLUX.2-klein-base-9B
R07,sneakers_010,yes,3,4,5,usability,1,5,sneakers,10,sneakers_010.png,FLUX.2-klein-base-9B
R07,broom_010,partial,2,4,4,functionality,1,4,broom,10,broom_010.png,FLUX.2-klein-base-9B
R07,lounge_chair_024,yes,5,2,5,aesthetics,4,5,lounge_chair,24,lounge_chair_024.png,FLUX.2-klein-base-9B
R07,sneakers_022,yes,5,5,5,functionality,1,5,sneakers,22,sneakers_022.png,FLUX.2-klein-base-9B
R07,desk_lamp_017,yes,5,5,5,functionality,1,5,desk_lamp,17,desk_lamp_017.png,FLUX.2-klein-base-9B
R07,broom_003,yes,2,3,3,functionality,1,4,broom,3,broom_003.png,FLUX.2-klein-base-9B
R07,lounge_chair_023,yes,5,3,5,usability,1,5,lounge_chair,23,lounge_chair_023.png,FLUX.2-klein-base-9B
R07,early_automobile_014,yes,5,5,5,symbolism,4,5,early_automobile,14,early_automobile_014.png,FLUX.2-klein-base-9B
R07,vacuum_cleaner_021,yes,5,4,5,aesthetics,2,5,vacuum_cleaner,21,vacuum_cleaner_021.png,FLUX.2-klein-base-9B
R07,sneakers_024,yes,3,3,3,functionality,3,3,sneakers,24,sneakers_024.png,FLUX.2-klein-base-9B
R07,electric_kettle_009,yes,3,3,3,functionality,3,3,electric_kettle,9,electric_kettle_009.png,FLUX.2-klein-base-9B
R07,early_automobile_015,yes,5,3,3,symbolism,3,3,early_automobile,15,early_automobile_015.png,FLUX.2-klein-base-9B
R07,desk_lamp_007,yes,3,3,3,functionality,3,3,desk_lamp,7,desk_lamp_007.png,FLUX.2-klein-base-9B
R07,sports_car_001,yes,3,3,3,symbolism,3,3,sports_car,1,sports_car_001.png,FLUX.2-klein-base-9B
R07,early_automobile_017,yes,3,3,3,symbolism,3,3,early_automobile,17,early_automobile_017.png,FLUX.2-klein-base-9B
R07,desk_lamp_005,yes,3,3,3,usability,3,3,desk_lamp,5,desk_lamp_005.png,FLUX.2-klein-base-9B
R07,desk_lamp_014,yes,5,4,5,functionality,3,5,desk_lamp,14,desk_lamp_014.png,FLUX.2-klein-base-9B
R07,desk_lamp_023,yes,3,3,3,usability,3,3,desk_lamp,23,desk_lamp_023.png,FLUX.2-klein-base-9B
R07,lounge_chair_008,partial,3,3,3,unclear,3,3,lounge_chair,8,lounge_chair_008.png,FLUX.2-klein-base-9B
R07,early_automobile_025,yes,5,5,5,symbolism,5,5,early_automobile,25,early_automobile_025.png,FLUX.2-klein-base-9B
R07,vacuum_cleaner_005,yes,3,3,3,usability,3,3,vacuum_cleaner,5,vacuum_cleaner_005.png,FLUX.2-klein-base-9B
R07,lounge_chair_016,yes,3,3,3,usability,3,3,lounge_chair,16,lounge_chair_016.png,FLUX.2-klein-base-9B
R07,sports_car_009,yes,3,3,3,symbolism,3,3,sports_car,9,sports_car_009.png,FLUX.2-klein-base-9B
R07,broom_013,yes,3,3,3,aesthetics,3,3,broom,13,broom_013.png,FLUX.2-klein-base-9B
R07,vacuum_cleaner_019,yes,5,4,3,functionality,3,4,vacuum_cleaner,19,vacuum_cleaner_019.png,FLUX.2-klein-base-9B
R07,sneakers_014,yes,5,3,4,usability,3,4,sneakers,14,sneakers_014.png,FLUX.2-klein-base-9B
R07,electric_kettle_007,yes,3,3,3,functionality,3,3,electric_kettle,7,electric_kettle_007.png,FLUX.2-klein-base-9B
R07,desk_lamp_010,yes,3,3,3,functionality,3,3,desk_lamp,10,desk_lamp_010.png,FLUX.2-klein-base-9B
R07,broom_024,partial,3,3,3,functionality,3,3,broom,24,broom_024.png,FLUX.2-klein-base-9B
R07,electric_kettle_006,yes,3,3,3,functionality,1,3,electric_kettle,6,electric_kettle_006.png,FLUX.2-klein-base-9B
R07,sneakers_001,yes,4,4,4,functionality,3,4,sneakers,1,sneakers_001.png,FLUX.2-klein-base-9B
R07,lounge_chair_013,yes,4,3,4,functionality,4,3,lounge_chair,13,lounge_chair_013.png,FLUX.2-klein-base-9B
R07,vacuum_cleaner_003,yes,3,3,3,functionality,3,3,vacuum_cleaner,3,vacuum_cleaner_003.png,FLUX.2-klein-base-9B
R07,sports_car_007,yes,5,3,5,symbolism,5,5,sports_car,7,sports_car_007.png,FLUX.2-klein-base-9B
R07,early_automobile_016,yes,5,5,5,symbolism,4,5,early_automobile,16,early_automobile_016.png,FLUX.2-klein-base-9B
R07,electric_kettle_018,yes,5,5,5,functionality,1,5,electric_kettle,18,electric_kettle_018.png,FLUX.2-klein-base-9B
R07,desk_lamp_004,yes,5,4,5,functionality,1,5,desk_lamp,4,desk_lamp_004.png,FLUX.2-klein-base-9B
R07,broom_007,yes,5,4,3,functionality,4,4,broom,7,broom_007.png,FLUX.2-klein-base-9B
R07,desk_lamp_003,yes,5,5,3,functionality,4,3,desk_lamp,3,desk_lamp_003.png,FLUX.2-klein-base-9B
R07,sneakers_019,yes,5,5,4,usability,2,4,sneakers,19,sneakers_019.png,FLUX.2-klein-base-9B
R07,lounge_chair_015,yes,4,4,4,usability,2,5,lounge_chair,15,lounge_chair_015.png,FLUX.2-klein-base-9B
R07,sports_car_011,yes,5,5,5,aesthetics,3,3,sports_car,11,sports_car_011.png,FLUX.2-klein-base-9B
R07,sneakers_012,yes,2,3,3,usability,3,3,sneakers,12,sneakers_012.png,FLUX.2-klein-base-9B
R07,broom_004,yes,4,4,4,functionality,2,4,broom,4,broom_004.png,FLUX.2-klein-base-9B
R07,electric_kettle_005,yes,4,4,4,functionality,2,4,electric_kettle,5,electric_kettle_005.png,FLUX.2-klein-base-9B
R07,vacuum_cleaner_020,yes,3,3,3,functionality,3,3,vacuum_cleaner,20,vacuum_cleaner_020.png,FLUX.2-klein-base-9B
R07,early_automobile_008,yes,3,3,3,symbolism,3,3,early_automobile,8,early_automobile_008.png,FLUX.2-klein-base-9B
R07,early_automobile_003,yes,3,3,3,symbolism,3,3,early_automobile,3,early_automobile_003.png,FLUX.2-klein-base-9B
R07,early_automobile_009,yes,3,3,3,symbolism,3,3,early_automobile,9,early_automobile_009.png,FLUX.2-klein-base-9B
R07,lounge_chair_012,yes,3,3,3,functionality,3,3,lounge_chair,12,lounge_chair_012.png,FLUX.2-klein-base-9B
R07,desk_lamp_002,yes,4,2,2,functionality,4,4,desk_lamp,2,desk_lamp_002.png,FLUX.2-klein-base-9B
R07,vacuum_cleaner_013,yes,5,5,4,functionality,5,4,vacuum_cleaner,13,vacuum_cleaner_013.png,FLUX.2-klein-base-9B
R07,vacuum_cleaner_025,no,2,1,1,unclear,1,1,vacuum_cleaner,25,vacuum_cleaner_025.png,FLUX.2-klein-base-9B
R07,sneakers_008,yes,4,5,4,usability,3,4,sneakers,8,sneakers_008.png,FLUX.2-klein-base-9B
R07,broom_006,yes,4,3,4,functionality,3,4,broom,6,broom_006.png,FLUX.2-klein-base-9B
R07,lounge_chair_017,yes,5,5,5,functionality,2,4,lounge_chair,17,lounge_chair_017.png,FLUX.2-klein-base-9B
R07,lounge_chair_020,yes,3,3,3,usability,3,3,lounge_chair,20,lounge_chair_020.png,FLUX.2-klein-base-9B
R07,sports_car_020,yes,5,4,5,aesthetics,4,5,sports_car,20,sports_car_020.png,FLUX.2-klein-base-9B
R07,sneakers_017,yes,3,3,3,functionality,3,3,sneakers,17,sneakers_017.png,FLUX.2-klein-base-9B
R07,vacuum_cleaner_018,yes,3,3,3,usability,3,3,vacuum_cleaner,18,vacuum_cleaner_018.png,FLUX.2-klein-base-9B
R07,sneakers_006,yes,2,3,4,usability,2,4,sneakers,6,sneakers_006.png,FLUX.2-klein-base-9B
R07,sneakers_018,yes,4,4,5,functionality,1,5,sneakers,18,sneakers_018.png,FLUX.2-klein-base-9B
R07,electric_kettle_025,yes,3,3,3,functionality,3,3,electric_kettle,25,electric_kettle_025.png,FLUX.2-klein-base-9B
R07,broom_009,no,2,1,2,unclear,1,2,broom,9,broom_009.png,FLUX.2-klein-base-9B
R07,early_automobile_019,yes,5,5,5,symbolism,5,5,early_automobile,19,early_automobile_019.png,FLUX.2-klein-base-9B
R07,vacuum_cleaner_007,yes,3,3,3,functionality,3,3,vacuum_cleaner,7,vacuum_cleaner_007.png,FLUX.2-klein-base-9B
R07,vacuum_cleaner_001,yes,3,3,3,functionality,3,3,vacuum_cleaner,1,vacuum_cleaner_001.png,FLUX.2-klein-base-9B
R07,sports_car_003,yes,4,2,5,aesthetics,4,5,sports_car,3,sports_car_003.png,FLUX.2-klein-base-9B
R07,desk_lamp_001,yes,3,4,5,functionality,2,5,desk_lamp,1,desk_lamp_001.png,FLUX.2-klein-base-9B
R07,sports_car_024,yes,3,3,3,aesthetics,3,3,sports_car,24,sports_car_024.png,FLUX.2-klein-base-9B
R07,lounge_chair_011,yes,4,3,4,usability,3,3,lounge_chair,11,lounge_chair_011.png,FLUX.2-klein-base-9B
R07,sports_car_015,yes,4,5,4,aesthetics,4,4,sports_car,15,sports_car_015.png,FLUX.2-klein-base-9B
R07,sports_car_016,yes,5,4,5,aesthetics,4,4,sports_car,16,sports_car_016.png,FLUX.2-klein-base-9B
R07,electric_kettle_015,yes,4,4,5,functionality,1,5,electric_kettle,15,electric_kettle_015.png,FLUX.2-klein-base-9B
R07,sports_car_008,yes,5,5,5,aesthetics,4,5,sports_car,8,sports_car_008.png,FLUX.2-klein-base-9B
R07,broom_005,no,3,3,3,unclear,3,3,broom,5,broom_005.png,FLUX.2-klein-base-9B
R07,lounge_chair_005,yes,5,5,5,usability,3,5,lounge_chair,5,lounge_chair_005.png,FLUX.2-klein-base-9B
R07,early_automobile_010,yes,3,3,3,symbolism,3,3,early_automobile,10,early_automobile_010.png,FLUX.2-klein-base-9B
R07,desk_lamp_025,yes,5,5,5,functionality,1,5,desk_lamp,25,desk_lamp_025.png,FLUX.2-klein-base-9B
R07,sneakers_007,yes,3,4,5,functionality,3,4,sneakers,7,sneakers_007.png,FLUX.2-klein-base-9B
R07,lounge_chair_004,yes,3,3,3,usability,3,3,lounge_chair,4,lounge_chair_004.png,FLUX.2-klein-base-9B
R07,desk_lamp_022,yes,3,3,3,functionality,3,3,desk_lamp,22,desk_lamp_022.png,FLUX.2-klein-base-9B
R07,lounge_chair_009,yes,3,3,3,usability,3,3,lounge_chair,9,lounge_chair_009.png,FLUX.2-klein-base-9B
R07,sneakers_004,yes,3,3,3,functionality,3,3,sneakers,4,sneakers_004.png,FLUX.2-klein-base-9B
R07,early_automobile_013,yes,5,5,5,symbolism,5,5,early_automobile,13,early_automobile_013.png,FLUX.2-klein-base-9B
R07,broom_017,yes,3,4,4,functionality,1,3,broom,17,broom_017.png,FLUX.2-klein-base-9B
R07,electric_kettle_023,yes,5,5,5,functionality,1,5,electric_kettle,23,electric_kettle_023.png,FLUX.2-klein-base-9B
R07,sports_car_018,yes,5,4,5,aesthetics,4,5,sports_car,18,sports_car_018.png,FLUX.2-klein-base-9B
R07,sneakers_002,yes,4,5,5,usability,1,3,sneakers,2,sneakers_002.png,FLUX.2-klein-base-9B
R07,desk_lamp_019,yes,3,3,3,functionality,3,3,desk_lamp,19,desk_lamp_019.png,FLUX.2-klein-base-9B
R07,broom_011,partial,2,2,4,unclear,4,4,broom,11,broom_011.png,FLUX.2-klein-base-9B
R07,electric_kettle_010,yes,5,5,5,functionality,1,5,electric_kettle,10,electric_kettle_010.png,FLUX.2-klein-base-9B
R07,early_automobile_007,yes,3,5,4,symbolism,5,5,early_automobile,7,early_automobile_007.png,FLUX.2-klein-base-9B
R07,sneakers_003,yes,3,3,3,usability,3,3,sneakers,3,sneakers_003.png,FLUX.2-klein-base-9B
R07,lounge_chair_019,yes,3,3,3,functionality,3,3,lounge_chair,19,lounge_chair_019.png,FLUX.2-klein-base-9B
R07,electric_kettle_020,yes,3,3,5,functionality,3,5,electric_kettle,20,electric_kettle_020.png,FLUX.2-klein-base-9B
R07,electric_kettle_002,yes,5,5,5,functionality,1,5,electric_kettle,2,electric_kettle_002.png,FLUX.2-klein-base-9B
R07,broom_002,partial,2,2,3,usability,3,3,broom,2,broom_002.png,FLUX.2-klein-base-9B
R07,vacuum_cleaner_004,yes,3,3,3,functionality,3,3,vacuum_cleaner,4,vacuum_cleaner_004.png,FLUX.2-klein-base-9B
R07,electric_kettle_004,yes,5,5,5,functionality,1,5,electric_kettle,4,electric_kettle_004.png,FLUX.2-klein-base-9B
R07,sports_car_021,yes,5,4,5,aesthetics,5,4,sports_car,21,sports_car_021.png,FLUX.2-klein-base-9B
R07,lounge_chair_003,yes,3,3,3,functionality,3,3,lounge_chair,3,lounge_chair_003.png,FLUX.2-klein-base-9B
R07,sneakers_025,yes,3,3,3,functionality,3,3,sneakers,25,sneakers_025.png,FLUX.2-klein-base-9B
R07,sports_car_005,yes,3,3,3,aesthetics,3,3,sports_car,5,sports_car_005.png,FLUX.2-klein-base-9B
R07,broom_018,yes,4,4,5,functionality,3,4,broom,18,broom_018.png,FLUX.2-klein-base-9B
R08,sports_car_019,yes,3,3,5,aesthetics,3,3,sports_car,19,sports_car_019.png,FLUX.2-klein-base-9B
R08,early_automobile_024,yes,5,5,5,symbolism,5,3,early_automobile,24,early_automobile_024.png,FLUX.2-klein-base-9B
R08,electric_kettle_025,yes,5,5,5,functionality,1,5,electric_kettle,25,electric_kettle_025.png,FLUX.2-klein-base-9B
R08,lounge_chair_013,yes,5,5,4,aesthetics,4,4,lounge_chair,13,lounge_chair_013.png,FLUX.2-klein-base-9B
R08,vacuum_cleaner_009,yes,5,5,5,functionality,1,5,vacuum_cleaner,9,vacuum_cleaner_009.png,FLUX.2-klein-base-9B
R08,vacuum_cleaner_019,yes,5,5,5,functionality,2,5,vacuum_cleaner,19,vacuum_cleaner_019.png,FLUX.2-klein-base-9B
R08,sports_car_014,yes,5,5,5,aesthetics,5,2,sports_car,14,sports_car_014.png,FLUX.2-klein-base-9B
R08,electric_kettle_008,yes,5,5,5,functionality,3,5,electric_kettle,8,electric_kettle_008.png,FLUX.2-klein-base-9B
R08,desk_lamp_023,yes,5,5,4,aesthetics,4,3,desk_lamp,23,desk_lamp_023.png,FLUX.2-klein-base-9B
R08,early_automobile_017,yes,5,5,5,symbolism,4,3,early_automobile,17,early_automobile_017.png,FLUX.2-klein-base-9B
R08,lounge_chair_005,yes,5,5,3,functionality,3,3,lounge_chair,5,lounge_chair_005.png,FLUX.2-klein-base-9B
R08,sneakers_014,yes,5,5,5,functionality,2,5,sneakers,14,sneakers_014.png,FLUX.2-klein-base-9B
R08,lounge_chair_009,yes,5,5,4,functionality,3,4,lounge_chair,9,lounge_chair_009.png,FLUX.2-klein-base-9B
R08,vacuum_cleaner_008,yes,5,5,5,functionality,1,5,vacuum_cleaner,8,vacuum_cleaner_008.png,FLUX.2-klein-base-9B
R08,vacuum_cleaner_016,yes,5,5,5,functionality,3,5,vacuum_cleaner,16,vacuum_cleaner_016.png,FLUX.2-klein-base-9B
R08,desk_lamp_021,yes,5,5,5,functionality,3,5,desk_lamp,21,desk_lamp_021.png,FLUX.2-klein-base-9B
R08,electric_kettle_010,yes,5,5,5,functionality,1,5,electric_kettle,10,electric_kettle_010.png,FLUX.2-klein-base-9B
R08,desk_lamp_022,yes,5,5,5,aesthetics,5,4,desk_lamp,22,desk_lamp_022.png,FLUX.2-klein-base-9B
R08,lounge_chair_020,yes,5,5,5,aesthetics,5,4,lounge_chair,20,lounge_chair_020.png,FLUX.2-klein-base-9B
R08,sports_car_023,yes,5,5,5,aesthetics,5,3,sports_car,23,sports_car_023.png,FLUX.2-klein-base-9B
R08,desk_lamp_017,yes,5,5,5,functionality,3,5,desk_lamp,17,desk_lamp_017.png,FLUX.2-klein-base-9B
R08,broom_003,no,5,1,5,unclear,1,1,broom,3,broom_003.png,FLUX.2-klein-base-9B
R08,sports_car_009,yes,5,5,4,functionality,4,4,sports_car,9,sports_car_009.png,FLUX.2-klein-base-9B
R08,sports_car_012,yes,5,5,5,functionality,4,5,sports_car,12,sports_car_012.png,FLUX.2-klein-base-9B
R08,sports_car_010,yes,5,5,3,functionality,4,5,sports_car,10,sports_car_010.png,FLUX.2-klein-base-9B
R08,vacuum_cleaner_014,yes,5,5,5,functionality,2,5,vacuum_cleaner,14,vacuum_cleaner_014.png,FLUX.2-klein-base-9B
R08,electric_kettle_001,yes,5,5,5,functionality,1,5,electric_kettle,1,electric_kettle_001.png,FLUX.2-klein-base-9B
R08,broom_011,no,5,1,5,functionality,1,1,broom,11,broom_011.png,FLUX.2-klein-base-9B
R08,lounge_chair_021,yes,5,4,5,aesthetics,5,4,lounge_chair,21,lounge_chair_021.png,FLUX.2-klein-base-9B
R08,broom_021,partial,5,3,5,functionality,1,4,broom,21,broom_021.png,FLUX.2-klein-base-9B
R08,broom_009,no,5,1,5,functionality,1,1,broom,9,broom_009.png,FLUX.2-klein-base-9B
R08,lounge_chair_004,yes,5,5,3,usability,4,4,lounge_chair,4,lounge_chair_004.png,FLUX.2-klein-base-9B
R08,desk_lamp_018,yes,3,3,3,functionality,5,3,desk_lamp,18,desk_lamp_018.png,FLUX.2-klein-base-9B
R08,broom_001,yes,5,5,5,functionality,1,4,broom,1,broom_001.png,FLUX.2-klein-base-9B
R08,desk_lamp_025,yes,5,5,5,usability,1,5,desk_lamp,25,desk_lamp_025.png,FLUX.2-klein-base-9B
R08,broom_018,yes,5,5,5,usability,1,3,broom,18,broom_018.png,FLUX.2-klein-base-9B
R08,sneakers_005,partial,1,5,5,functionality,1,5,sneakers,5,sneakers_005.png,FLUX.2-klein-base-9B
R08,vacuum_cleaner_024,yes,5,5,5,functionality,3,5,vacuum_cleaner,24,vacuum_cleaner_024.png,FLUX.2-klein-base-9B
R08,desk_lamp_007,yes,5,5,5,functionality,3,5,desk_lamp,7,desk_lamp_007.png,FLUX.2-klein-base-9B
R08,electric_kettle_007,partial,5,5,5,functionality,1,4,electric_kettle,7,electric_kettle_007.png,FLUX.2-klein-base-9B
R08,electric_kettle_016,yes,5,5,5,functionality,1,5,electric_kettle,16,electric_kettle_016.png,FLUX.2-klein-base-9B
R08,early_automobile_008,yes,5,5,5,symbolism,5,4,early_automobile,8,early_automobile_008.png,FLUX.2-klein-base-9B
R08,vacuum_cleaner_004,yes,5,5,5,functionality,1,5,vacuum_cleaner,4,vacuum_cleaner_004.png,FLUX.2-klein-base-9B
R08,lounge_chair_002,yes,5,5,5,functionality,2,4,lounge_chair,2,lounge_chair_002.png,FLUX.2-klein-base-9B
R08,desk_lamp_008,yes,5,5,5,functionality,2,5,desk_lamp,8,desk_lamp_008.png,FLUX.2-klein-base-9B
R08,sneakers_007,partial,2,5,3,aesthetics,4,5,sneakers,7,sneakers_007.png,FLUX.2-klein-base-9B
R08,early_automobile_013,yes,5,5,5,symbolism,4,4,early_automobile,13,early_automobile_013.png,FLUX.2-klein-base-9B
R08,electric_kettle_019,yes,5,5,5,functionality,2,5,electric_kettle,19,electric_kettle_019.png,FLUX.2-klein-base-9B
R08,electric_kettle_018,yes,5,5,5,functionality,3,5,electric_kettle,18,electric_kettle_018.png,FLUX.2-klein-base-9B
R08,early_automobile_018,partial,1,5,5,symbolism,4,2,early_automobile,18,early_automobile_018.png,FLUX.2-klein-base-9B
R08,early_automobile_003,yes,5,5,5,symbolism,4,5,early_automobile,3,early_automobile_003.png,FLUX.2-klein-base-9B
R08,lounge_chair_014,yes,5,5,5,functionality,2,5,lounge_chair,14,lounge_chair_014.png,FLUX.2-klein-base-9B
R08,lounge_chair_019,yes,5,5,5,functionality,4,5,lounge_chair,19,lounge_chair_019.png,FLUX.2-klein-base-9B
R08,sneakers_009,yes,5,5,5,usability,4,5,sneakers,9,sneakers_009.png,FLUX.2-klein-base-9B
R08,sports_car_003,yes,5,5,5,aesthetics,4,5,sports_car,3,sports_car_003.png,FLUX.2-klein-base-9B
R08,broom_006,yes,5,5,5,functionality,1,5,broom,6,broom_006.png,FLUX.2-klein-base-9B
R08,desk_lamp_014,yes,5,5,5,functionality,3,5,desk_lamp,14,desk_lamp_014.png,FLUX.2-klein-base-9B
R08,vacuum_cleaner_021,yes,5,5,5,functionality,3,3,vacuum_cleaner,21,vacuum_cleaner_021.png,FLUX.2-klein-base-9B
R08,sports_car_013,partial,5,5,5,aesthetics,4,2,sports_car,13,sports_car_013.png,FLUX.2-klein-base-9B
R08,vacuum_cleaner_020,yes,5,5,5,functionality,1,5,vacuum_cleaner,20,vacuum_cleaner_020.png,FLUX.2-klein-base-9B
R08,vacuum_cleaner_011,yes,5,5,5,functionality,4,3,vacuum_cleaner,11,vacuum_cleaner_011.png,FLUX.2-klein-base-9B
R08,sports_car_024,yes,5,5,5,aesthetics,3,3,sports_car,24,sports_car_024.png,FLUX.2-klein-base-9B
R08,vacuum_cleaner_017,yes,5,5,5,functionality,1,5,vacuum_cleaner,17,vacuum_cleaner_017.png,FLUX.2-klein-base-9B
R08,vacuum_cleaner_002,yes,5,5,5,functionality,1,5,vacuum_cleaner,2,vacuum_cleaner_002.png,FLUX.2-klein-base-9B
R08,sneakers_006,partial,2,5,3,usability,2,3,sneakers,6,sneakers_006.png,FLUX.2-klein-base-9B
R08,early_automobile_015,yes,5,5,5,symbolism,5,3,early_automobile,15,early_automobile_015.png,FLUX.2-klein-base-9B
R08,electric_kettle_020,yes,5,5,5,functionality,1,5,electric_kettle,20,electric_kettle_020.png,FLUX.2-klein-base-9B
R08,sports_car_006,yes,5,5,5,aesthetics,5,4,sports_car,6,sports_car_006.png,FLUX.2-klein-base-9B
R08,broom_008,yes,5,5,5,functionality,2,5,broom,8,broom_008.png,FLUX.2-klein-base-9B
R08,lounge_chair_008,yes,5,5,5,functionality,2,4,lounge_chair,8,lounge_chair_008.png,FLUX.2-klein-base-9B
R08,sneakers_023,yes,5,5,5,usability,1,5,sneakers,23,sneakers_023.png,FLUX.2-klein-base-9B
R08,electric_kettle_017,yes,5,5,5,functionality,3,4,electric_kettle,17,electric_kettle_017.png,FLUX.2-klein-base-9B
R08,electric_kettle_003,yes,5,5,5,functionality,2,5,electric_kettle,3,electric_kettle_003.png,FLUX.2-klein-base-9B
R08,broom_013,yes,5,5,5,usability,1,5,broom,13,broom_013.png,FLUX.2-klein-base-9B
R08,electric_kettle_004,yes,5,5,5,functionality,1,5,electric_kettle,4,electric_kettle_004.png,FLUX.2-klein-base-9B
R08,broom_010,partial,2,2,5,functionality,1,4,broom,10,broom_010.png,FLUX.2-klein-base-9B
R08,electric_kettle_009,yes,5,5,5,functionality,1,5,electric_kettle,9,electric_kettle_009.png,FLUX.2-klein-base-9B
R08,desk_lamp_010,yes,5,5,5,functionality,1,5,desk_lamp,10,desk_lamp_010.png,FLUX.2-klein-base-9B
R08,vacuum_cleaner_007,yes,5,5,4,functionality,1,5,vacuum_cleaner,7,vacuum_cleaner_007.png,FLUX.2-klein-base-9B
R08,electric_kettle_012,yes,5,5,5,functionality,1,5,electric_kettle,12,electric_kettle_012.png,FLUX.2-klein-base-9B
R08,desk_lamp_001,partial,1,4,5,functionality,1,4,desk_lamp,1,desk_lamp_001.png,FLUX.2-klein-base-9B
R08,broom_002,partial,1,3,5,functionality,1,4,broom,2,broom_002.png,FLUX.2-klein-base-9B
R08,broom_004,yes,5,3,5,functionality,3,3,broom,4,broom_004.png,FLUX.2-klein-base-9B
R08,lounge_chair_022,yes,4,5,5,functionality,1,5,lounge_chair,22,lounge_chair_022.png,FLUX.2-klein-base-9B
R08,broom_017,yes,5,5,5,functionality,1,4,broom,17,broom_017.png,FLUX.2-klein-base-9B
R08,electric_kettle_015,yes,5,5,5,functionality,1,5,electric_kettle,15,electric_kettle_015.png,FLUX.2-klein-base-9B
R08,sports_car_011,yes,5,5,5,aesthetics,5,5,sports_car,11,sports_car_011.png,FLUX.2-klein-base-9B
R08,broom_007,yes,5,5,5,functionality,1,5,broom,7,broom_007.png,FLUX.2-klein-base-9B
R08,broom_005,no,1,1,5,unclear,1,1,broom,5,broom_005.png,FLUX.2-klein-base-9B
R08,broom_022,yes,5,5,5,functionality,1,5,broom,22,broom_022.png,FLUX.2-klein-base-9B
R08,early_automobile_006,yes,4,4,5,symbolism,4,4,early_automobile,6,early_automobile_006.png,FLUX.2-klein-base-9B
R08,early_automobile_012,yes,5,5,5,symbolism,4,4,early_automobile,12,early_automobile_012.png,FLUX.2-klein-base-9B
R08,early_automobile_009,yes,5,5,5,symbolism,4,4,early_automobile,9,early_automobile_009.png,FLUX.2-klein-base-9B
R08,early_automobile_025,yes,5,5,5,symbolism,4,4,early_automobile,25,early_automobile_025.png,FLUX.2-klein-base-9B
R08,lounge_chair_012,yes,5,5,5,aesthetics,4,4,lounge_chair,12,lounge_chair_012.png,FLUX.2-klein-base-9B
R08,sports_car_025,yes,5,5,5,aesthetics,5,5,sports_car,25,sports_car_025.png,FLUX.2-klein-base-9B
R08,sneakers_003,yes,5,5,5,usability,2,4,sneakers,3,sneakers_003.png,FLUX.2-klein-base-9B
R08,sneakers_015,yes,5,5,5,usability,2,5,sneakers,15,sneakers_015.png,FLUX.2-klein-base-9B
R08,early_automobile_005,yes,5,5,5,symbolism,5,5,early_automobile,5,early_automobile_005.png,FLUX.2-klein-base-9B
R08,desk_lamp_015,yes,5,5,5,aesthetics,5,5,desk_lamp,15,desk_lamp_015.png,FLUX.2-klein-base-9B
R08,sneakers_011,yes,5,5,5,aesthetics,4,5,sneakers,11,sneakers_011.png,FLUX.2-klein-base-9B
R08,desk_lamp_013,yes,5,5,5,functionality,4,4,desk_lamp,13,desk_lamp_013.png,FLUX.2-klein-base-9B
R08,broom_012,partial,2,3,5,functionality,1,2,broom,12,broom_012.png,FLUX.2-klein-base-9B
R08,sneakers_018,yes,5,5,5,functionality,2,5,sneakers,18,sneakers_018.png,FLUX.2-klein-base-9B
R08,vacuum_cleaner_003,partial,2,3,5,functionality,1,4,vacuum_cleaner,3,vacuum_cleaner_003.png,FLUX.2-klein-base-9B
R08,lounge_chair_015,yes,5,5,5,functionality,2,5,lounge_chair,15,lounge_chair_015.png,FLUX.2-klein-base-9B
R08,lounge_chair_024,yes,5,5,5,aesthetics,4,5,lounge_chair,24,lounge_chair_024.png,FLUX.2-klein-base-9B
R08,desk_lamp_012,yes,5,5,5,functionality,3,5,desk_lamp,12,desk_lamp_012.png,FLUX.2-klein-base-9B
R08,sneakers_013,partial,1,4,5,usability,2,2,sneakers,13,sneakers_013.png,FLUX.2-klein-base-9B
R08,sports_car_005,yes,4,5,5,usability,2,4,sports_car,5,sports_car_005.png,FLUX.2-klein-base-9B
R08,electric_kettle_021,yes,5,5,5,functionality,1,5,electric_kettle,21,electric_kettle_021.png,FLUX.2-klein-base-9B
R08,broom_024,yes,5,5,5,functionality,1,5,broom,24,broom_024.png,FLUX.2-klein-base-9B
R08,desk_lamp_009,yes,5,5,5,functionality,1,5,desk_lamp,9,desk_lamp_009.png,FLUX.2-klein-base-9B
R08,lounge_chair_007,yes,5,5,5,aesthetics,4,2,lounge_chair,7,lounge_chair_007.png,FLUX.2-klein-base-9B
R08,electric_kettle_002,yes,5,5,5,functionality,3,4,electric_kettle,2,electric_kettle_002.png,FLUX.2-klein-base-9B
R08,vacuum_cleaner_006,yes,5,5,5,functionality,1,5,vacuum_cleaner,6,vacuum_cleaner_006.png,FLUX.2-klein-base-9B
R08,lounge_chair_016,yes,5,5,5,aesthetics,4,5,lounge_chair,16,lounge_chair_016.png,FLUX.2-klein-base-9B
R08,sports_car_018,yes,5,5,5,usability,2,5,sports_car,18,sports_car_018.png,FLUX.2-klein-base-9B
R08,vacuum_cleaner_012,yes,5,5,5,functionality,4,5,vacuum_cleaner,12,vacuum_cleaner_012.png,FLUX.2-klein-base-9B
R08,desk_lamp_004,yes,5,5,5,functionality,3,5,desk_lamp,4,desk_lamp_004.png,FLUX.2-klein-base-9B
R08,vacuum_cleaner_013,yes,5,5,5,functionality,2,5,vacuum_cleaner,13,vacuum_cleaner_013.png,FLUX.2-klein-base-9B
R08,lounge_chair_001,yes,5,5,5,aesthetics,5,4,lounge_chair,1,lounge_chair_001.png,FLUX.2-klein-base-9B
R08,desk_lamp_006,partial,1,2,5,functionality,3,3,desk_lamp,6,desk_lamp_006.png,FLUX.2-klein-base-9B
R08,lounge_chair_003,yes,5,4,5,aesthetics,5,5,lounge_chair,3,lounge_chair_003.png,FLUX.2-klein-base-9B
R08,early_automobile_010,yes,5,5,5,symbolism,4,4,early_automobile,10,early_automobile_010.png,FLUX.2-klein-base-9B
R08,vacuum_cleaner_018,yes,5,5,5,usability,3,5,vacuum_cleaner,18,vacuum_cleaner_018.png,FLUX.2-klein-base-9B
R08,early_automobile_004,partial,2,3,4,symbolism,4,3,early_automobile,4,early_automobile_004.png,FLUX.2-klein-base-9B
R08,lounge_chair_006,yes,5,5,4,aesthetics,3,5,lounge_chair,6,lounge_chair_006.png,FLUX.2-klein-base-9B
R08,sneakers_010,partial,2,3,4,symbolism,2,3,sneakers,10,sneakers_010.png,FLUX.2-klein-base-9B
R08,electric_kettle_013,yes,5,5,5,functionality,3,5,electric_kettle,13,electric_kettle_013.png,FLUX.2-klein-base-9B
R08,early_automobile_002,yes,5,5,5,symbolism,2,4,early_automobile,2,early_automobile_002.png,FLUX.2-klein-base-9B
R08,sports_car_015,yes,5,4,5,aesthetics,3,4,sports_car,15,sports_car_015.png,FLUX.2-klein-base-9B
R08,desk_lamp_002,yes,5,5,5,functionality,4,5,desk_lamp,2,desk_lamp_002.png,FLUX.2-klein-base-9B
R08,electric_kettle_022,yes,5,4,5,functionality,1,5,electric_kettle,22,electric_kettle_022.png,FLUX.2-klein-base-9B
R08,electric_kettle_006,yes,5,5,5,functionality,1,5,electric_kettle,6,electric_kettle_006.png,FLUX.2-klein-base-9B
R08,sneakers_019,yes,5,5,5,usability,2,5,sneakers,19,sneakers_019.png,FLUX.2-klein-base-9B
R08,electric_kettle_024,yes,5,5,5,functionality,1,5,electric_kettle,24,electric_kettle_024.png,FLUX.2-klein-base-9B
R08,sneakers_012,yes,5,5,5,usability,2,4,sneakers,12,sneakers_012.png,FLUX.2-klein-base-9B
R08,sneakers_024,yes,5,5,5,functionality,2,5,sneakers,24,sneakers_024.png,FLUX.2-klein-base-9B
R08,desk_lamp_019,yes,5,5,5,functionality,2,5,desk_lamp,19,desk_lamp_019.png,FLUX.2-klein-base-9B
R08,vacuum_cleaner_025,yes,4,4,5,symbolism,2,5,vacuum_cleaner,25,vacuum_cleaner_025.png,FLUX.2-klein-base-9B
R08,sneakers_004,yes,5,5,5,functionality,2,5,sneakers,4,sneakers_004.png,FLUX.2-klein-base-9B
R08,electric_kettle_011,yes,5,5,5,functionality,1,5,electric_kettle,11,electric_kettle_011.png,FLUX.2-klein-base-9B
R08,sports_car_001,yes,3,4,5,functionality,4,4,sports_car,1,sports_car_001.png,FLUX.2-klein-base-9B
R08,vacuum_cleaner_005,yes,4,4,4,functionality,2,4,vacuum_cleaner,5,vacuum_cleaner_005.png,FLUX.2-klein-base-9B
R08,sneakers_017,yes,4,3,4,functionality,3,4,sneakers,17,sneakers_017.png,FLUX.2-klein-base-9B
R08,broom_019,yes,4,4,4,functionality,2,4,broom,19,broom_019.png,FLUX.2-klein-base-9B
R08,sneakers_002,yes,4,4,4,usability,2,4,sneakers,2,sneakers_002.png,FLUX.2-klein-base-9B
R08,desk_lamp_011,yes,4,4,4,functionality,2,4,desk_lamp,11,desk_lamp_011.png,FLUX.2-klein-base-9B
R08,vacuum_cleaner_010,yes,4,4,4,usability,2,4,vacuum_cleaner,10,vacuum_cleaner_010.png,FLUX.2-klein-base-9B
R08,lounge_chair_023,yes,4,4,4,functionality,4,3,lounge_chair,23,lounge_chair_023.png,FLUX.2-klein-base-9B
R08,electric_kettle_014,yes,5,5,4,functionality,1,4,electric_kettle,14,electric_kettle_014.png,FLUX.2-klein-base-9B
R08,broom_016,partial,2,2,3,functionality,3,3,broom,16,broom_016.png,FLUX.2-klein-base-9B
R08,lounge_chair_025,yes,4,4,3,functionality,3,3,lounge_chair,25,lounge_chair_025.png,FLUX.2-klein-base-9B
R08,broom_020,yes,5,5,5,functionality,1,4,broom,20,broom_020.png,FLUX.2-klein-base-9B
R08,sneakers_025,yes,4,4,4,functionality,2,4,sneakers,25,sneakers_025.png,FLUX.2-klein-base-9B
R08,electric_kettle_023,yes,5,4,4,functionality,2,4,electric_kettle,23,electric_kettle_023.png,FLUX.2-klein-base-9B
R08,sports_car_017,yes,5,4,4,aesthetics,2,5,sports_car,17,sports_car_017.png,FLUX.2-klein-base-9B
R08,vacuum_cleaner_023,yes,4,4,4,usability,2,4,vacuum_cleaner,23,vacuum_cleaner_023.png,FLUX.2-klein-base-9B
R08,broom_025,partial,2,2,4,functionality,3,3,broom,25,broom_025.png,FLUX.2-klein-base-9B
R08,sports_car_021,yes,4,4,4,aesthetics,4,4,sports_car,21,sports_car_021.png,FLUX.2-klein-base-9B
R08,desk_lamp_005,yes,5,4,4,functionality,4,4,desk_lamp,5,desk_lamp_005.png,FLUX.2-klein-base-9B
R08,electric_kettle_005,yes,4,4,4,aesthetics,4,5,electric_kettle,5,electric_kettle_005.png,FLUX.2-klein-base-9B
R08,early_automobile_016,yes,4,4,4,symbolism,4,4,early_automobile,16,early_automobile_016.png,FLUX.2-klein-base-9B
R08,sports_car_004,yes,3,4,4,aesthetics,4,4,sports_car,4,sports_car_004.png,FLUX.2-klein-base-9B
R08,early_automobile_022,yes,3,3,4,symbolism,3,4,early_automobile,22,early_automobile_022.png,FLUX.2-klein-base-9B
R08,early_automobile_023,yes,3,4,4,symbolism,3,4,early_automobile,23,early_automobile_023.png,FLUX.2-klein-base-9B
R08,broom_023,yes,4,4,4,functionality,1,5,broom,23,broom_023.png,FLUX.2-klein-base-9B
R08,desk_lamp_020,yes,4,4,4,aesthetics,4,4,desk_lamp,20,desk_lamp_020.png,FLUX.2-klein-base-9B
R08,desk_lamp_003,yes,4,4,4,functionality,4,4,desk_lamp,3,desk_lamp_003.png,FLUX.2-klein-base-9B
R08,sports_car_008,yes,4,4,5,usability,4,3,sports_car,8,sports_car_008.png,FLUX.2-klein-base-9B
R08,broom_015,yes,4,4,4,functionality,2,4,broom,15,broom_015.png,FLUX.2-klein-base-9B
R08,early_automobile_021,yes,4,4,4,symbolism,3,4,early_automobile,21,early_automobile_021.png,FLUX.2-klein-base-9B
R08,sports_car_020,partial,1,4,3,functionality,3,3,sports_car,20,sports_car_020.png,FLUX.2-klein-base-9B
R08,sneakers_008,yes,4,4,4,functionality,4,4,sneakers,8,sneakers_008.png,FLUX.2-klein-base-9B
R08,lounge_chair_017,yes,2,4,4,aesthetics,4,3,lounge_chair,17,lounge_chair_017.png,FLUX.2-klein-base-9B
R08,desk_lamp_016,yes,4,4,3,functionality,2,4,desk_lamp,16,desk_lamp_016.png,FLUX.2-klein-base-9B
R08,early_automobile_001,yes,4,4,4,symbolism,4,4,early_automobile,1,early_automobile_001.png,FLUX.2-klein-base-9B
R08,early_automobile_011,yes,4,4,4,symbolism,3,4,early_automobile,11,early_automobile_011.png,FLUX.2-klein-base-9B
R08,sports_car_007,yes,4,4,4,functionality,4,5,sports_car,7,sports_car_007.png,FLUX.2-klein-base-9B
R08,early_automobile_019,yes,4,4,4,symbolism,3,4,early_automobile,19,early_automobile_019.png,FLUX.2-klein-base-9B
R08,broom_014,yes,5,4,4,functionality,1,4,broom,14,broom_014.png,FLUX.2-klein-base-9B
R08,desk_lamp_024,yes,5,4,5,aesthetics,4,4,desk_lamp,24,desk_lamp_024.png,FLUX.2-klein-base-9B
R08,sneakers_021,yes,5,4,5,aesthetics,4,4,sneakers,21,sneakers_021.png,FLUX.2-klein-base-9B
R08,sneakers_022,yes,5,5,4,functionality,3,5,sneakers,22,sneakers_022.png,FLUX.2-klein-base-9B
R08,sneakers_001,yes,5,5,5,functionality,3,4,sneakers,1,sneakers_001.png,FLUX.2-klein-base-9B
R08,sports_car_022,partial,2,4,4,aesthetics,4,3,sports_car,22,sports_car_022.png,FLUX.2-klein-base-9B
R08,sneakers_016,yes,3,3,4,functionality,3,3,sneakers,16,sneakers_016.png,FLUX.2-klein-base-9B
R08,lounge_chair_010,yes,4,4,4,aesthetics,4,4,lounge_chair,10,lounge_chair_010.png,FLUX.2-klein-base-9B
R08,sneakers_020,yes,4,4,4,usability,3,4,sneakers,20,sneakers_020.png,FLUX.2-klein-base-9B
R08,vacuum_cleaner_001,yes,4,4,4,usability,2,4,vacuum_cleaner,1,vacuum_cleaner_001.png,FLUX.2-klein-base-9B
R08,lounge_chair_011,yes,4,4,4,aesthetics,4,4,lounge_chair,11,lounge_chair_011.png,FLUX.2-klein-base-9B
R08,sports_car_002,yes,4,4,4,aesthetics,4,4,sports_car,2,sports_car_002.png,FLUX.2-klein-base-9B
R08,vacuum_cleaner_022,yes,4,4,4,aesthetics,4,4,vacuum_cleaner,22,vacuum_cleaner_022.png,FLUX.2-klein-base-9B
R08,early_automobile_007,yes,3,3,3,symbolism,3,3,early_automobile,7,early_automobile_007.png,FLUX.2-klein-base-9B
R08,lounge_chair_018,yes,5,5,5,functionality,3,5,lounge_chair,18,lounge_chair_018.png,FLUX.2-klein-base-9B
R08,early_automobile_014,yes,4,4,4,symbolism,4,4,early_automobile,14,early_automobile_014.png,FLUX.2-klein-base-9B
R08,early_automobile_020,yes,4,4,4,aesthetics,4,4,early_automobile,20,early_automobile_020.png,FLUX.2-klein-base-9B
R08,vacuum_cleaner_015,yes,4,4,4,aesthetics,4,4,vacuum_cleaner,15,vacuum_cleaner_015.png,FLUX.2-klein-base-9B
R08,sports_car_016,yes,3,3,3,aesthetics,3,4,sports_car,16,sports_car_016.png,FLUX.2-klein-base-9B
R09,sneakers_007,yes,5,5,5,symbolism,1,4,sneakers,7,sneakers_007.png,FLUX.2-klein-base-9B
R09,electric_kettle_021,yes,5,5,5,functionality,5,5,electric_kettle,21,electric_kettle_021.png,FLUX.2-klein-base-9B
R09,early_automobile_020,yes,5,5,5,aesthetics,5,5,early_automobile,20,early_automobile_020.png,FLUX.2-klein-base-9B
R09,broom_023,partial,5,3,5,unclear,1,2,broom,23,broom_023.png,FLUX.2-klein-base-9B
R09,lounge_chair_004,yes,5,3,5,usability,1,3,lounge_chair,4,lounge_chair_004.png,FLUX.2-klein-base-9B
R09,electric_kettle_020,yes,5,5,5,functionality,5,5,electric_kettle,20,electric_kettle_020.png,FLUX.2-klein-base-9B
R09,broom_025,partial,2,2,5,unclear,4,2,broom,25,broom_025.png,FLUX.2-klein-base-9B
R09,lounge_chair_017,partial,2,2,5,unclear,2,2,lounge_chair,17,lounge_chair_017.png,FLUX.2-klein-base-9B
R09,electric_kettle_018,yes,3,2,5,functionality,2,2,electric_kettle,18,electric_kettle_018.png,FLUX.2-klein-base-9B
R09,vacuum_cleaner_003,partial,2,3,5,usability,2,2,vacuum_cleaner,3,vacuum_cleaner_003.png,FLUX.2-klein-base-9B
R09,electric_kettle_025,yes,5,5,5,functionality,5,5,electric_kettle,25,electric_kettle_025.png,FLUX.2-klein-base-9B
R09,lounge_chair_013,partial,2,2,5,unclear,3,2,lounge_chair,13,lounge_chair_013.png,FLUX.2-klein-base-9B
R09,electric_kettle_011,yes,5,5,5,usability,5,5,electric_kettle,11,electric_kettle_011.png,FLUX.2-klein-base-9B
R09,lounge_chair_011,yes,4,4,5,functionality,4,4,lounge_chair,11,lounge_chair_011.png,FLUX.2-klein-base-9B
R09,sports_car_008,yes,4,4,5,functionality,2,4,sports_car,8,sports_car_008.png,FLUX.2-klein-base-9B
R09,desk_lamp_008,yes,5,5,5,functionality,5,5,desk_lamp,8,desk_lamp_008.png,FLUX.2-klein-base-9B
R09,desk_lamp_023,partial,2,3,5,aesthetics,4,3,desk_lamp,23,desk_lamp_023.png,FLUX.2-klein-base-9B
R09,electric_kettle_023,yes,5,5,5,functionality,5,5,electric_kettle,23,electric_kettle_023.png,FLUX.2-klein-base-9B
R09,electric_kettle_014,yes,5,5,5,functionality,5,5,electric_kettle,14,electric_kettle_014.png,FLUX.2-klein-base-9B
R09,electric_kettle_001,yes,5,5,5,functionality,5,5,electric_kettle,1,electric_kettle_001.png,FLUX.2-klein-base-9B
R09,broom_007,yes,4,5,5,functionality,1,5,broom,7,broom_007.png,FLUX.2-klein-base-9B
R09,desk_lamp_011,yes,5,5,5,functionality,5,5,desk_lamp,11,desk_lamp_011.png,FLUX.2-klein-base-9B
R09,lounge_chair_022,partial,1,3,5,unclear,4,2,lounge_chair,22,lounge_chair_022.png,FLUX.2-klein-base-9B
R09,early_automobile_004,partial,2,3,5,unclear,4,2,early_automobile,4,early_automobile_004.png,FLUX.2-klein-base-9B
R09,broom_005,no,1,2,5,unclear,4,1,broom,5,broom_005.png,FLUX.2-klein-base-9B
R09,electric_kettle_013,yes,2,4,5,functionality,2,5,electric_kettle,13,electric_kettle_013.png,FLUX.2-klein-base-9B
R09,sports_car_001,yes,3,4,5,aesthetics,4,3,sports_car,1,sports_car_001.png,FLUX.2-klein-base-9B
R09,desk_lamp_007,yes,5,5,5,functionality,5,5,desk_lamp,7,desk_lamp_007.png,FLUX.2-klein-base-9B
R09,electric_kettle_017,yes,5,5,5,functionality,5,5,electric_kettle,17,electric_kettle_017.png,FLUX.2-klein-base-9B
R09,vacuum_cleaner_001,partial,2,4,5,unclear,2,2,vacuum_cleaner,1,vacuum_cleaner_001.png,FLUX.2-klein-base-9B
R09,sports_car_004,partial,2,3,5,unclear,2,2,sports_car,4,sports_car_004.png,FLUX.2-klein-base-9B
R09,sports_car_021,yes,5,5,5,usability,5,5,sports_car,21,sports_car_021.png,FLUX.2-klein-base-9B
R09,vacuum_cleaner_004,partial,2,2,5,unclear,2,2,vacuum_cleaner,4,vacuum_cleaner_004.png,FLUX.2-klein-base-9B
R09,early_automobile_019,no,2,2,5,unclear,2,3,early_automobile,19,early_automobile_019.png,FLUX.2-klein-base-9B
R09,sneakers_024,yes,5,5,5,functionality,5,5,sneakers,24,sneakers_024.png,FLUX.2-klein-base-9B
R09,sports_car_006,partial,2,2,5,unclear,4,2,sports_car,6,sports_car_006.png,FLUX.2-klein-base-9B
R09,electric_kettle_004,yes,4,4,4,functionality,4,4,electric_kettle,4,electric_kettle_004.png,FLUX.2-klein-base-9B
R09,sports_car_013,yes,3,3,3,functionality,3,3,sports_car,13,sports_car_013.png,FLUX.2-klein-base-9B
R09,early_automobile_013,yes,5,5,5,functionality,4,4,early_automobile,13,early_automobile_013.png,FLUX.2-klein-base-9B
R09,sports_car_018,partial,2,2,4,functionality,4,4,sports_car,18,sports_car_018.png,FLUX.2-klein-base-9B
R09,sports_car_024,yes,4,5,5,functionality,5,5,sports_car,24,sports_car_024.png,FLUX.2-klein-base-9B
R09,lounge_chair_025,partial,3,2,5,aesthetics,2,2,lounge_chair,25,lounge_chair_025.png,FLUX.2-klein-base-9B
R09,early_automobile_015,yes,4,4,5,functionality,5,3,early_automobile,15,early_automobile_015.png,FLUX.2-klein-base-9B
R09,lounge_chair_010,partial,2,2,5,usability,2,2,lounge_chair,10,lounge_chair_010.png,FLUX.2-klein-base-9B
R09,electric_kettle_007,yes,4,4,5,functionality,5,5,electric_kettle,7,electric_kettle_007.png,FLUX.2-klein-base-9B
R09,lounge_chair_015,yes,5,5,4,functionality,5,5,lounge_chair,15,lounge_chair_015.png,FLUX.2-klein-base-9B
R09,sneakers_003,yes,5,5,5,functionality,5,5,sneakers,3,sneakers_003.png,FLUX.2-klein-base-9B
R09,broom_021,partial,2,2,5,usability,2,2,broom,21,broom_021.png,FLUX.2-klein-base-9B
R09,electric_kettle_003,partial,2,2,5,functionality,2,2,electric_kettle,3,electric_kettle_003.png,FLUX.2-klein-base-9B
R09,desk_lamp_013,yes,4,4,5,functionality,4,5,desk_lamp,13,desk_lamp_013.png,FLUX.2-klein-base-9B
R09,vacuum_cleaner_025,no,2,2,5,unclear,2,1,vacuum_cleaner,25,vacuum_cleaner_025.png,FLUX.2-klein-base-9B
R09,sneakers_013,no,1,1,5,unclear,1,1,sneakers,13,sneakers_013.png,FLUX.2-klein-base-9B
R09,broom_008,partial,2,2,5,unclear,2,2,broom,8,broom_008.png,FLUX.2-klein-base-9B
R09,electric_kettle_009,yes,5,5,5,functionality,5,5,electric_kettle,9,electric_kettle_009.png,FLUX.2-klein-base-9B
R09,sports_car_015,partial,2,2,5,functionality,2,2,sports_car,15,sports_car_015.png,FLUX.2-klein-base-9B
R09,sneakers_005,no,1,1,5,unclear,1,1,sneakers,5,sneakers_005.png,FLUX.2-klein-base-9B
R09,early_automobile_010,partial,2,4,5,functionality,4,4,early_automobile,10,early_automobile_010.png,FLUX.2-klein-base-9B
R09,lounge_chair_008,no,1,1,5,unclear,1,1,lounge_chair,8,lounge_chair_008.png,FLUX.2-klein-base-9B
R09,early_automobile_018,no,1,1,5,unclear,1,1,early_automobile,18,early_automobile_018.png,FLUX.2-klein-base-9B
R09,desk_lamp_004,yes,5,5,5,functionality,5,5,desk_lamp,4,desk_lamp_004.png,FLUX.2-klein-base-9B
R09,broom_002,no,1,1,5,unclear,1,1,broom,2,broom_002.png,FLUX.2-klein-base-9B
R09,vacuum_cleaner_022,partial,1,2,5,unclear,2,2,vacuum_cleaner,22,vacuum_cleaner_022.png,FLUX.2-klein-base-9B
R09,lounge_chair_001,no,2,2,5,functionality,2,2,lounge_chair,1,lounge_chair_001.png,FLUX.2-klein-base-9B
R09,desk_lamp_022,partial,1,1,5,functionality,2,2,desk_lamp,22,desk_lamp_022.png,FLUX.2-klein-base-9B
R09,lounge_chair_018,no,2,2,5,functionality,2,2,lounge_chair,18,lounge_chair_018.png,FLUX.2-klein-base-9B
R09,sneakers_018,partial,2,2,5,usability,2,2,sneakers,18,sneakers_018.png,FLUX.2-klein-base-9B
R09,early_automobile_012,yes,4,4,5,functionality,5,4,early_automobile,12,early_automobile_012.png,FLUX.2-klein-base-9B
R09,sneakers_022,yes,5,5,5,usability,5,5,sneakers,22,sneakers_022.png,FLUX.2-klein-base-9B
R09,broom_018,no,2,2,5,usability,2,2,broom,18,broom_018.png,FLUX.2-klein-base-9B
R09,sneakers_014,yes,5,5,5,usability,5,5,sneakers,14,sneakers_014.png,FLUX.2-klein-base-9B
R09,lounge_chair_005,partial,2,2,5,functionality,2,2,lounge_chair,5,lounge_chair_005.png,FLUX.2-klein-base-9B
R09,early_automobile_016,partial,2,2,5,functionality,2,2,early_automobile,16,early_automobile_016.png,FLUX.2-klein-base-9B
R09,desk_lamp_017,yes,5,5,5,functionality,5,5,desk_lamp,17,desk_lamp_017.png,FLUX.2-klein-base-9B
R09,sneakers_012,partial,3,2,5,usability,2,4,sneakers,12,sneakers_012.png,FLUX.2-klein-base-9B
R09,vacuum_cleaner_019,yes,4,4,5,usability,4,4,vacuum_cleaner,19,vacuum_cleaner_019.png,FLUX.2-klein-base-9B
R09,vacuum_cleaner_016,partial,3,2,5,usability,2,3,vacuum_cleaner,16,vacuum_cleaner_016.png,FLUX.2-klein-base-9B
R09,lounge_chair_012,yes,4,4,5,usability,4,4,lounge_chair,12,lounge_chair_012.png,FLUX.2-klein-base-9B
R09,desk_lamp_018,yes,4,5,5,functionality,5,5,desk_lamp,18,desk_lamp_018.png,FLUX.2-klein-base-9B
R09,vacuum_cleaner_010,partial,3,2,5,usability,3,4,vacuum_cleaner,10,vacuum_cleaner_010.png,FLUX.2-klein-base-9B
R09,electric_kettle_016,yes,4,4,5,functionality,4,4,electric_kettle,16,electric_kettle_016.png,FLUX.2-klein-base-9B
R09,sports_car_022,partial,2,2,5,functionality,2,2,sports_car,22,sports_car_022.png,FLUX.2-klein-base-9B
R09,sneakers_020,yes,4,5,5,functionality,5,5,sneakers,20,sneakers_020.png,FLUX.2-klein-base-9B
R09,sneakers_002,yes,5,5,5,functionality,5,5,sneakers,2,sneakers_002.png,FLUX.2-klein-base-9B
R09,sports_car_007,yes,5,4,5,functionality,5,5,sports_car,7,sports_car_007.png,FLUX.2-klein-base-9B
R09,broom_015,partial,3,4,5,functionality,4,2,broom,15,broom_015.png,FLUX.2-klein-base-9B
R09,early_automobile_006,partial,3,2,5,usability,3,2,early_automobile,6,early_automobile_006.png,FLUX.2-klein-base-9B
R09,sneakers_006,no,2,2,5,usability,2,2,sneakers,6,sneakers_006.png,FLUX.2-klein-base-9B
R09,lounge_chair_003,yes,4,5,5,functionality,5,5,lounge_chair,3,lounge_chair_003.png,FLUX.2-klein-base-9B
R09,vacuum_cleaner_020,partial,4,3,5,usability,4,4,vacuum_cleaner,20,vacuum_cleaner_020.png,FLUX.2-klein-base-9B
R09,broom_003,no,1,1,5,unclear,1,1,broom,3,broom_003.png,FLUX.2-klein-base-9B
R09,sports_car_020,partial,1,2,5,unclear,2,2,sports_car,20,sports_car_020.png,FLUX.2-klein-base-9B
R09,vacuum_cleaner_005,yes,5,5,5,functionality,5,5,vacuum_cleaner,5,vacuum_cleaner_005.png,FLUX.2-klein-base-9B
R09,desk_lamp_010,yes,5,5,5,usability,5,5,desk_lamp,10,desk_lamp_010.png,FLUX.2-klein-base-9B
R09,desk_lamp_024,partial,2,2,5,usability,2,2,desk_lamp,24,desk_lamp_024.png,FLUX.2-klein-base-9B
R09,early_automobile_011,partial,2,2,5,symbolism,2,3,early_automobile,11,early_automobile_011.png,FLUX.2-klein-base-9B
R09,lounge_chair_020,partial,3,3,5,functionality,4,5,lounge_chair,20,lounge_chair_020.png,FLUX.2-klein-base-9B
R09,lounge_chair_002,partial,2,3,5,functionality,3,4,lounge_chair,2,lounge_chair_002.png,FLUX.2-klein-base-9B
R09,lounge_chair_024,partial,3,3,5,functionality,3,5,lounge_chair,24,lounge_chair_024.png,FLUX.2-klein-base-9B
R09,desk_lamp_021,yes,5,5,5,usability,5,5,desk_lamp,21,desk_lamp_021.png,FLUX.2-klein-base-9B
R09,broom_010,no,1,2,5,functionality,1,1,broom,10,broom_010.png,FLUX.2-klein-base-9B
R09,early_automobile_008,yes,2,2,5,usability,4,4,early_automobile,8,early_automobile_008.png,FLUX.2-klein-base-9B
R09,sneakers_017,yes,4,4,5,functionality,4,4,sneakers,17,sneakers_017.png,FLUX.2-klein-base-9B
R09,sneakers_004,yes,5,4,5,functionality,5,5,sneakers,4,sneakers_004.png,FLUX.2-klein-base-9B
R09,broom_017,yes,4,4,5,usability,4,5,broom,17,broom_017.png,FLUX.2-klein-base-9B
R09,sneakers_019,yes,5,4,5,functionality,4,5,sneakers,19,sneakers_019.png,FLUX.2-klein-base-9B
R09,sneakers_001,yes,5,5,5,functionality,5,4,sneakers,1,sneakers_001.png,FLUX.2-klein-base-9B
R09,broom_001,yes,5,4,5,usability,4,4,broom,1,broom_001.png,FLUX.2-klein-base-9B
R09,broom_014,no,3,2,5,unclear,2,2,broom,14,broom_014.png,FLUX.2-klein-base-9B
R09,vacuum_cleaner_024,partial,4,4,5,usability,4,3,vacuum_cleaner,24,vacuum_cleaner_024.png,FLUX.2-klein-base-9B
R09,vacuum_cleaner_021,partial,3,3,5,usability,2,3,vacuum_cleaner,21,vacuum_cleaner_021.png,FLUX.2-klein-base-9B
R09,electric_kettle_024,yes,4,4,5,functionality,4,5,electric_kettle,24,electric_kettle_024.png,FLUX.2-klein-base-9B
R09,sports_car_012,partial,2,2,5,functionality,2,2,sports_car,12,sports_car_012.png,FLUX.2-klein-base-9B
R09,lounge_chair_006,yes,4,4,5,functionality,4,4,lounge_chair,6,lounge_chair_006.png,FLUX.2-klein-base-9B
R09,lounge_chair_021,partial,3,2,5,functionality,3,2,lounge_chair,21,lounge_chair_021.png,FLUX.2-klein-base-9B
R09,sneakers_021,partial,2,2,5,unclear,2,2,sneakers,21,sneakers_021.png,FLUX.2-klein-base-9B
R09,vacuum_cleaner_023,partial,2,2,5,functionality,2,2,vacuum_cleaner,23,vacuum_cleaner_023.png,FLUX.2-klein-base-9B
R09,electric_kettle_010,partial,3,3,5,functionality,2,4,electric_kettle,10,electric_kettle_010.png,FLUX.2-klein-base-9B
R09,vacuum_cleaner_018,partial,2,2,5,functionality,2,3,vacuum_cleaner,18,vacuum_cleaner_018.png,FLUX.2-klein-base-9B
R09,sports_car_016,partial,3,2,5,functionality,2,4,sports_car,16,sports_car_016.png,FLUX.2-klein-base-9B
R09,early_automobile_021,partial,3,2,5,functionality,3,4,early_automobile,21,early_automobile_021.png,FLUX.2-klein-base-9B
R09,lounge_chair_016,partial,2,2,5,aesthetics,2,2,lounge_chair,16,lounge_chair_016.png,FLUX.2-klein-base-9B
R09,early_automobile_005,yes,4,4,5,symbolism,5,4,early_automobile,5,early_automobile_005.png,FLUX.2-klein-base-9B
R09,early_automobile_014,yes,4,4,5,symbolism,4,4,early_automobile,14,early_automobile_014.png,FLUX.2-klein-base-9B
R09,early_automobile_023,partial,3,2,5,symbolism,4,4,early_automobile,23,early_automobile_023.png,FLUX.2-klein-base-9B
R09,early_automobile_009,yes,4,4,5,symbolism,4,4,early_automobile,9,early_automobile_009.png,FLUX.2-klein-base-9B
R09,sports_car_010,partial,3,3,5,functionality,2,4,sports_car,10,sports_car_010.png,FLUX.2-klein-base-9B
R09,vacuum_cleaner_006,partial,2,2,5,usability,2,2,vacuum_cleaner,6,vacuum_cleaner_006.png,FLUX.2-klein-base-9B
R09,sports_car_009,partial,2,2,5,functionality,2,2,sports_car,9,sports_car_009.png,FLUX.2-klein-base-9B
R09,early_automobile_002,partial,3,2,5,symbolism,2,2,early_automobile,2,early_automobile_002.png,FLUX.2-klein-base-9B
R09,electric_kettle_005,yes,4,4,5,usability,4,4,electric_kettle,5,electric_kettle_005.png,FLUX.2-klein-base-9B
R09,early_automobile_007,partial,4,4,5,symbolism,4,4,early_automobile,7,early_automobile_007.png,FLUX.2-klein-base-9B
R09,early_automobile_022,partial,2,3,5,symbolism,3,3,early_automobile,22,early_automobile_022.png,FLUX.2-klein-base-9B
R09,vacuum_cleaner_015,yes,4,4,5,usability,4,4,vacuum_cleaner,15,vacuum_cleaner_015.png,FLUX.2-klein-base-9B
R09,electric_kettle_019,yes,4,4,5,functionality,4,4,electric_kettle,19,electric_kettle_019.png,FLUX.2-klein-base-9B
R09,desk_lamp_019,yes,4,5,5,usability,5,5,desk_lamp,19,desk_lamp_019.png,FLUX.2-klein-base-9B
R09,sports_car_019,yes,4,5,5,usability,5,5,sports_car,19,sports_car_019.png,FLUX.2-klein-base-9B
R09,broom_012,partial,2,2,5,usability,2,3,broom,12,broom_012.png,FLUX.2-klein-base-9B
R09,sports_car_014,yes,4,4,5,functionality,4,4,sports_car,14,sports_car_014.png,FLUX.2-klein-base-9B
R09,vacuum_cleaner_012,yes,4,4,5,functionality,4,4,vacuum_cleaner,12,vacuum_cleaner_012.png,FLUX.2-klein-base-9B
R09,sneakers_008,yes,4,4,5,functionality,4,5,sneakers,8,sneakers_008.png,FLUX.2-klein-base-9B
R09,desk_lamp_025,yes,3,3,5,functionality,2,3,desk_lamp,25,desk_lamp_025.png,FLUX.2-klein-base-9B
R09,broom_011,no,1,1,5,unclear,1,1,broom,11,broom_011.png,FLUX.2-klein-base-9B
R09,desk_lamp_006,no,1,1,5,unclear,1,1,desk_lamp,6,desk_lamp_006.png,FLUX.2-klein-base-9B
R09,desk_lamp_003,yes,4,4,5,functionality,4,4,desk_lamp,3,desk_lamp_003.png,FLUX.2-klein-base-9B
R09,electric_kettle_006,partial,3,4,5,functionality,4,4,electric_kettle,6,electric_kettle_006.png,FLUX.2-klein-base-9B
R09,sneakers_025,yes,5,5,5,functionality,5,4,sneakers,25,sneakers_025.png,FLUX.2-klein-base-9B
R09,sneakers_015,partial,2,2,5,functionality,2,2,sneakers,15,sneakers_015.png,FLUX.2-klein-base-9B
R09,early_automobile_024,yes,3,4,5,symbolism,5,5,early_automobile,24,early_automobile_024.png,FLUX.2-klein-base-9B
R09,sports_car_017,yes,4,4,5,functionality,4,4,sports_car,17,sports_car_017.png,FLUX.2-klein-base-9B
R09,sneakers_023,yes,4,4,5,functionality,4,4,sneakers,23,sneakers_023.png,FLUX.2-klein-base-9B
R09,vacuum_cleaner_014,partial,3,2,5,functionality,2,3,vacuum_cleaner,14,vacuum_cleaner_014.png,FLUX.2-klein-base-9B
R09,desk_lamp_012,yes,3,3,5,functionality,5,5,desk_lamp,12,desk_lamp_012.png,FLUX.2-klein-base-9B
R09,vacuum_cleaner_011,no,2,1,5,unclear,1,1,vacuum_cleaner,11,vacuum_cleaner_011.png,FLUX.2-klein-base-9B
R09,desk_lamp_016,partial,2,2,5,functionality,2,2,desk_lamp,16,desk_lamp_016.png,FLUX.2-klein-base-9B
R09,broom_016,partial,2,2,5,functionality,2,2,broom,16,broom_016.png,FLUX.2-klein-base-9B
R09,sports_car_003,yes,4,4,5,aesthetics,4,4,sports_car,3,sports_car_003.png,FLUX.2-klein-base-9B
R09,vacuum_cleaner_008,partial,2,2,5,usability,2,3,vacuum_cleaner,8,vacuum_cleaner_008.png,FLUX.2-klein-base-9B
R09,desk_lamp_015,no,2,2,5,unclear,2,2,desk_lamp,15,desk_lamp_015.png,FLUX.2-klein-base-9B
R09,vacuum_cleaner_007,partial,2,2,5,usability,2,2,vacuum_cleaner,7,vacuum_cleaner_007.png,FLUX.2-klein-base-9B
R09,sneakers_011,partial,4,4,5,functionality,3,3,sneakers,11,sneakers_011.png,FLUX.2-klein-base-9B
R09,lounge_chair_019,partial,3,3,5,aesthetics,2,4,lounge_chair,19,lounge_chair_019.png,FLUX.2-klein-base-9B
R09,sports_car_023,no,2,2,5,unclear,2,2,sports_car,23,sports_car_023.png,FLUX.2-klein-base-9B
R09,broom_019,yes,4,4,5,usability,4,4,broom,19,broom_019.png,FLUX.2-klein-base-9B
R09,early_automobile_003,yes,4,3,5,symbolism,4,4,early_automobile,3,early_automobile_003.png,FLUX.2-klein-base-9B
R09,sports_car_005,yes,4,4,5,aesthetics,4,4,sports_car,5,sports_car_005.png,FLUX.2-klein-base-9B
R09,sneakers_009,yes,4,4,5,usability,4,3,sneakers,9,sneakers_009.png,FLUX.2-klein-base-9B
R09,broom_024,partial,2,3,5,usability,3,2,broom,24,broom_024.png,FLUX.2-klein-base-9B
R09,vacuum_cleaner_013,partial,3,2,5,usability,4,3,vacuum_cleaner,13,vacuum_cleaner_013.png,FLUX.2-klein-base-9B
R09,electric_kettle_002,yes,4,4,5,functionality,4,4,electric_kettle,2,electric_kettle_002.png,FLUX.2-klein-base-9B
R09,vacuum_cleaner_009,partial,2,2,5,usability,2,2,vacuum_cleaner,9,vacuum_cleaner_009.png,FLUX.2-klein-base-9B
R09,electric_kettle_012,yes,4,4,5,usability,4,5,electric_kettle,12,electric_kettle_012.png,FLUX.2-klein-base-9B
R09,broom_004,yes,4,4,5,usability,4,4,broom,4,broom_004.png,FLUX.2-klein-base-9B
R09,vacuum_cleaner_002,yes,4,4,5,usability,4,5,vacuum_cleaner,2,vacuum_cleaner_002.png,FLUX.2-klein-base-9B
R09,desk_lamp_001,yes,3,4,5,usability,3,3,desk_lamp,1,desk_lamp_001.png,FLUX.2-klein-base-9B
R09,desk_lamp_005,partial,2,2,5,functionality,3,3,desk_lamp,5,desk_lamp_005.png,FLUX.2-klein-base-9B
R09,sports_car_025,partial,2,3,5,aesthetics,2,2,sports_car,25,sports_car_025.png,FLUX.2-klein-base-9B
R09,sneakers_016,yes,3,4,5,usability,3,4,sneakers,16,sneakers_016.png,FLUX.2-klein-base-9B
R09,broom_006,yes,3,3,5,usability,2,2,broom,6,broom_006.png,FLUX.2-klein-base-9B
R09,broom_013,partial,2,2,5,usability,2,2,broom,13,broom_013.png,FLUX.2-klein-base-9B
R09,lounge_chair_009,partial,2,2,5,aesthetics,2,3,lounge_chair,9,lounge_chair_009.png,FLUX.2-klein-base-9B
R09,desk_lamp_009,partial,2,2,5,usability,3,3,desk_lamp,9,desk_lamp_009.png,FLUX.2-klein-base-9B
R09,broom_020,yes,4,4,5,functionality,4,3,broom,20,broom_020.png,FLUX.2-klein-base-9B
R09,electric_kettle_008,yes,4,4,5,functionality,4,4,electric_kettle,8,electric_kettle_008.png,FLUX.2-klein-base-9B
R09,lounge_chair_014,yes,4,4,5,functionality,4,4,lounge_chair,14,lounge_chair_014.png,FLUX.2-klein-base-9B
R09,desk_lamp_014,yes,4,4,5,functionality,4,3,desk_lamp,14,desk_lamp_014.png,FLUX.2-klein-base-9B
R09,sports_car_011,yes,4,4,5,aesthetics,4,4,sports_car,11,sports_car_011.png,FLUX.2-klein-base-9B
R09,desk_lamp_020,partial,2,1,5,usability,2,2,desk_lamp,20,desk_lamp_020.png,FLUX.2-klein-base-9B
R09,early_automobile_001,partial,2,2,5,usability,3,3,early_automobile,1,early_automobile_001.png,FLUX.2-klein-base-9B
R09,electric_kettle_015,partial,2,2,5,functionality,2,2,electric_kettle,15,electric_kettle_015.png,FLUX.2-klein-base-9B
R09,lounge_chair_007,partial,3,3,5,functionality,2,3,lounge_chair,7,lounge_chair_007.png,FLUX.2-klein-base-9B
R09,broom_022,partial,3,3,5,functionality,5,4,broom,22,broom_022.png,FLUX.2-klein-base-9B
R09,early_automobile_025,yes,4,4,5,symbolism,4,4,early_automobile,25,early_automobile_025.png,FLUX.2-klein-base-9B
R09,early_automobile_017,yes,4,4,5,symbolism,4,4,early_automobile,17,early_automobile_017.png,FLUX.2-klein-base-9B
R09,lounge_chair_023,yes,4,4,5,usability,4,4,lounge_chair,23,lounge_chair_023.png,FLUX.2-klein-base-9B
R09,broom_009,no,1,1,5,unclear,1,1,broom,9,broom_009.png,FLUX.2-klein-base-9B
R09,sports_car_002,yes,4,4,5,aesthetics,4,4,sports_car,2,sports_car_002.png,FLUX.2-klein-base-9B
R09,electric_kettle_022,yes,4,4,4,functionality,4,4,electric_kettle,22,electric_kettle_022.png,FLUX.2-klein-base-9B
R09,sneakers_010,no,1,1,5,unclear,1,1,sneakers,10,sneakers_010.png,FLUX.2-klein-base-9B
R09,desk_lamp_002,yes,4,4,5,functionality,4,5,desk_lamp,2,desk_lamp_002.png,FLUX.2-klein-base-9B
R09,vacuum_cleaner_017,yes,4,4,5,usability,4,4,vacuum_cleaner,17,vacuum_cleaner_017.png,FLUX.2-klein-base-9B
R10,electric_kettle_018,yes,3,3,3,functionality,3,3,electric_kettle,18,electric_kettle_018.png,FLUX.2-klein-base-9B
R10,early_automobile_007,yes,5,5,5,symbolism,5,5,early_automobile,7,early_automobile_007.png,FLUX.2-klein-base-9B
R10,sneakers_010,yes,4,4,3,usability,3,3,sneakers,10,sneakers_010.png,FLUX.2-klein-base-9B
R10,sneakers_016,yes,5,2,5,functionality,2,5,sneakers,16,sneakers_016.png,FLUX.2-klein-base-9B
R10,sports_car_019,yes,5,5,5,aesthetics,4,5,sports_car,19,sports_car_019.png,FLUX.2-klein-base-9B
R10,lounge_chair_005,yes,5,5,5,usability,2,5,lounge_chair,5,lounge_chair_005.png,FLUX.2-klein-base-9B
R10,sneakers_006,yes,3,4,4,usability,2,4,sneakers,6,sneakers_006.png,FLUX.2-klein-base-9B
R10,broom_012,partial,3,3,3,functionality,3,3,broom,12,broom_012.png,FLUX.2-klein-base-9B
R10,vacuum_cleaner_002,yes,3,3,3,functionality,3,3,vacuum_cleaner,2,vacuum_cleaner_002.png,FLUX.2-klein-base-9B
R10,sneakers_023,yes,3,3,3,usability,3,3,sneakers,23,sneakers_023.png,FLUX.2-klein-base-9B
R10,sports_car_024,yes,3,3,3,symbolism,5,3,sports_car,24,sports_car_024.png,FLUX.2-klein-base-9B
R10,early_automobile_004,yes,3,3,3,symbolism,3,3,early_automobile,4,early_automobile_004.png,FLUX.2-klein-base-9B
R10,vacuum_cleaner_007,yes,3,3,3,functionality,3,3,vacuum_cleaner,7,vacuum_cleaner_007.png,FLUX.2-klein-base-9B
R10,electric_kettle_012,yes,5,5,5,functionality,1,5,electric_kettle,12,electric_kettle_012.png,FLUX.2-klein-base-9B
R10,broom_021,yes,3,3,3,functionality,3,3,broom,21,broom_021.png,FLUX.2-klein-base-9B
R10,vacuum_cleaner_011,yes,2,4,3,functionality,3,3,vacuum_cleaner,11,vacuum_cleaner_011.png,FLUX.2-klein-base-9B
R10,sports_car_006,yes,3,5,5,aesthetics,5,5,sports_car,6,sports_car_006.png,FLUX.2-klein-base-9B
R10,broom_018,yes,3,3,3,functionality,3,3,broom,18,broom_018.png,FLUX.2-klein-base-9B
R10,sneakers_019,yes,3,3,3,usability,3,3,sneakers,19,sneakers_019.png,FLUX.2-klein-base-9B
R10,vacuum_cleaner_009,yes,3,3,3,functionality,3,3,vacuum_cleaner,9,vacuum_cleaner_009.png,FLUX.2-klein-base-9B
R10,sneakers_012,yes,2,4,5,usability,2,4,sneakers,12,sneakers_012.png,FLUX.2-klein-base-9B
R10,sneakers_001,yes,3,3,3,functionality,3,3,sneakers,1,sneakers_001.png,FLUX.2-klein-base-9B
R10,sports_car_014,yes,3,3,5,symbolism,3,5,sports_car,14,sports_car_014.png,FLUX.2-klein-base-9B
R10,lounge_chair_007,yes,3,3,3,aesthetics,3,3,lounge_chair,7,lounge_chair_007.png,FLUX.2-klein-base-9B
R10,early_automobile_015,yes,3,3,3,symbolism,3,3,early_automobile,15,early_automobile_015.png,FLUX.2-klein-base-9B
R10,broom_001,yes,3,3,3,functionality,3,3,broom,1,broom_001.png,FLUX.2-klein-base-9B
R10,electric_kettle_005,yes,3,3,3,functionality,3,3,electric_kettle,5,electric_kettle_005.png,FLUX.2-klein-base-9B
R10,desk_lamp_009,yes,3,3,3,usability,3,3,desk_lamp,9,desk_lamp_009.png,FLUX.2-klein-base-9B
R10,lounge_chair_017,yes,4,4,5,functionality,2,5,lounge_chair,17,lounge_chair_017.png,FLUX.2-klein-base-9B
R10,electric_kettle_014,yes,4,4,4,functionality,1,4,electric_kettle,14,electric_kettle_014.png,FLUX.2-klein-base-9B
R10,lounge_chair_004,yes,4,4,4,aesthetics,2,5,lounge_chair,4,lounge_chair_004.png,FLUX.2-klein-base-9B
R10,sneakers_018,yes,4,3,3,functionality,2,4,sneakers,18,sneakers_018.png,FLUX.2-klein-base-9B
R10,lounge_chair_024,yes,3,4,4,aesthetics,4,3,lounge_chair,24,lounge_chair_024.png,FLUX.2-klein-base-9B
R10,early_automobile_011,yes,4,4,4,symbolism,4,4,early_automobile,11,early_automobile_011.png,FLUX.2-klein-base-9B
R10,early_automobile_025,yes,4,4,5,symbolism,5,4,early_automobile,25,early_automobile_025.png,FLUX.2-klein-base-9B
R10,early_automobile_010,yes,3,3,3,symbolism,3,3,early_automobile,10,early_automobile_010.png,FLUX.2-klein-base-9B
R10,electric_kettle_023,yes,3,3,3,functionality,3,3,electric_kettle,23,electric_kettle_023.png,FLUX.2-klein-base-9B
R10,lounge_chair_020,yes,3,3,3,usability,3,3,lounge_chair,20,lounge_chair_020.png,FLUX.2-klein-base-9B
R10,vacuum_cleaner_020,yes,3,3,3,functionality,3,3,vacuum_cleaner,20,vacuum_cleaner_020.png,FLUX.2-klein-base-9B
R10,broom_024,partial,2,4,3,functionality,2,4,broom,24,broom_024.png,FLUX.2-klein-base-9B
R10,broom_013,yes,3,3,3,functionality,3,3,broom,13,broom_013.png,FLUX.2-klein-base-9B
R10,desk_lamp_018,yes,3,3,3,usability,3,3,desk_lamp,18,desk_lamp_018.png,FLUX.2-klein-base-9B
R10,early_automobile_012,yes,3,3,3,symbolism,3,3,early_automobile,12,early_automobile_012.png,FLUX.2-klein-base-9B
R10,desk_lamp_015,yes,3,3,3,functionality,3,3,desk_lamp,15,desk_lamp_015.png,FLUX.2-klein-base-9B
R10,sports_car_017,yes,3,3,3,symbolism,3,3,sports_car,17,sports_car_017.png,FLUX.2-klein-base-9B
R10,broom_023,partial,3,3,3,functionality,3,3,broom,23,broom_023.png,FLUX.2-klein-base-9B
R10,sports_car_003,yes,3,3,4,symbolism,4,4,sports_car,3,sports_car_003.png,FLUX.2-klein-base-9B
R10,lounge_chair_021,yes,3,3,3,usability,3,3,lounge_chair,21,lounge_chair_021.png,FLUX.2-klein-base-9B
R10,lounge_chair_019,yes,3,3,3,usability,3,3,lounge_chair,19,lounge_chair_019.png,FLUX.2-klein-base-9B
R10,early_automobile_002,yes,3,3,3,symbolism,3,3,early_automobile,2,early_automobile_002.png,FLUX.2-klein-base-9B
R10,broom_003,no,3,3,3,unclear,3,3,broom,3,broom_003.png,FLUX.2-klein-base-9B
R10,electric_kettle_025,yes,3,4,4,functionality,1,3,electric_kettle,25,electric_kettle_025.png,FLUX.2-klein-base-9B
R10,broom_005,partial,2,3,3,functionality,3,2,broom,5,broom_005.png,FLUX.2-klein-base-9B
R10,sneakers_004,yes,5,4,4,functionality,2,4,sneakers,4,sneakers_004.png,FLUX.2-klein-base-9B
R10,sports_car_020,yes,4,3,4,symbolism,3,4,sports_car,20,sports_car_020.png,FLUX.2-klein-base-9B
R10,broom_006,yes,3,3,5,functionality,3,3,broom,6,broom_006.png,FLUX.2-klein-base-9B
R10,desk_lamp_005,yes,3,3,4,functionality,3,3,desk_lamp,5,desk_lamp_005.png,FLUX.2-klein-base-9B
R10,broom_014,partial,2,3,2,functionality,3,3,broom,14,broom_014.png,FLUX.2-klein-base-9B
R10,electric_kettle_010,yes,4,5,5,functionality,2,5,electric_kettle,10,electric_kettle_010.png,FLUX.2-klein-base-9B
R10,electric_kettle_022,yes,4,4,5,functionality,2,5,electric_kettle,22,electric_kettle_022.png,FLUX.2-klein-base-9B
R10,sports_car_008,yes,3,3,3,symbolism,3,3,sports_car,8,sports_car_008.png,FLUX.2-klein-base-9B
R10,vacuum_cleaner_003,yes,4,3,4,functionality,3,5,vacuum_cleaner,3,vacuum_cleaner_003.png,FLUX.2-klein-base-9B
R10,desk_lamp_014,yes,5,4,5,usability,2,5,desk_lamp,14,desk_lamp_014.png,FLUX.2-klein-base-9B
R10,broom_011,partial,2,4,4,unclear,2,4,broom,11,broom_011.png,FLUX.2-klein-base-9B
R10,broom_020,yes,4,4,3,functionality,2,4,broom,20,broom_020.png,FLUX.2-klein-base-9B
R10,lounge_chair_023,yes,4,3,4,aesthetics,2,4,lounge_chair,23,lounge_chair_023.png,FLUX.2-klein-base-9B
R10,broom_017,yes,4,4,4,functionality,2,3,broom,17,broom_017.png,FLUX.2-klein-base-9B
R10,desk_lamp_006,yes,2,3,3,functionality,3,4,desk_lamp,6,desk_lamp_006.png,FLUX.2-klein-base-9B
R10,electric_kettle_004,yes,3,3,5,functionality,2,3,electric_kettle,4,electric_kettle_004.png,FLUX.2-klein-base-9B
R10,vacuum_cleaner_001,yes,3,3,3,functionality,3,3,vacuum_cleaner,1,vacuum_cleaner_001.png,FLUX.2-klein-base-9B
R10,electric_kettle_024,yes,3,3,3,functionality,3,3,electric_kettle,24,electric_kettle_024.png,FLUX.2-klein-base-9B
R10,lounge_chair_018,yes,3,3,3,functionality,3,3,lounge_chair,18,lounge_chair_018.png,FLUX.2-klein-base-9B
R10,electric_kettle_011,yes,3,3,3,functionality,3,3,electric_kettle,11,electric_kettle_011.png,FLUX.2-klein-base-9B
R10,desk_lamp_013,yes,3,3,3,functionality,3,3,desk_lamp,13,desk_lamp_013.png,FLUX.2-klein-base-9B
R10,desk_lamp_011,yes,3,3,4,functionality,3,3,desk_lamp,11,desk_lamp_011.png,FLUX.2-klein-base-9B
R10,desk_lamp_023,yes,3,3,4,functionality,2,4,desk_lamp,23,desk_lamp_023.png,FLUX.2-klein-base-9B
R10,sports_car_002,yes,3,3,4,symbolism,4,3,sports_car,2,sports_car_002.png,FLUX.2-klein-base-9B
R10,desk_lamp_022,yes,3,3,3,functionality,3,3,desk_lamp,22,desk_lamp_022.png,FLUX.2-klein-base-9B
R10,early_automobile_020,yes,3,3,3,symbolism,3,3,early_automobile,20,early_automobile_020.png,FLUX.2-klein-base-9B
R10,sneakers_009,yes,3,3,3,functionality,3,3,sneakers,9,sneakers_009.png,FLUX.2-klein-base-9B
R10,electric_kettle_020,yes,3,3,3,functionality,3,3,electric_kettle,20,electric_kettle_020.png,FLUX.2-klein-base-9B
R10,sneakers_005,yes,2,3,4,functionality,3,4,sneakers,5,sneakers_005.png,FLUX.2-klein-base-9B
R10,electric_kettle_003,yes,3,3,5,functionality,1,5,electric_kettle,3,electric_kettle_003.png,FLUX.2-klein-base-9B
R10,desk_lamp_001,yes,2,3,4,usability,3,4,desk_lamp,1,desk_lamp_001.png,FLUX.2-klein-base-9B
R10,vacuum_cleaner_012,yes,3,3,3,functionality,3,3,vacuum_cleaner,12,vacuum_cleaner_012.png,FLUX.2-klein-base-9B
R10,lounge_chair_014,yes,3,3,3,functionality,3,3,lounge_chair,14,lounge_chair_014.png,FLUX.2-klein-base-9B
R10,early_automobile_018,yes,2,3,4,symbolism,4,4,early_automobile,18,early_automobile_018.png,FLUX.2-klein-base-9B
R10,broom_008,yes,3,4,4,functionality,3,4,broom,8,broom_008.png,FLUX.2-klein-base-9B
R10,sneakers_003,yes,3,3,3,usability,3,3,sneakers,3,sneakers_003.png,FLUX.2-klein-base-9B
R10,vacuum_cleaner_014,yes,3,3,3,functionality,3,3,vacuum_cleaner,14,vacuum_cleaner_014.png,FLUX.2-klein-base-9B
R10,broom_025,partial,3,3,3,functionality,3,3,broom,25,broom_025.png,FLUX.2-klein-base-9B
R10,early_automobile_014,yes,3,3,3,symbolism,3,3,early_automobile,14,early_automobile_014.png,FLUX.2-klein-base-9B
R10,vacuum_cleaner_013,yes,3,3,3,functionality,3,3,vacuum_cleaner,13,vacuum_cleaner_013.png,FLUX.2-klein-base-9B
R10,desk_lamp_021,yes,3,3,3,aesthetics,3,3,desk_lamp,21,desk_lamp_021.png,FLUX.2-klein-base-9B
R10,early_automobile_008,yes,4,5,4,symbolism,4,4,early_automobile,8,early_automobile_008.png,FLUX.2-klein-base-9B
R10,sneakers_013,partial,2,3,4,usability,3,3,sneakers,13,sneakers_013.png,FLUX.2-klein-base-9B
R10,sports_car_009,yes,3,3,3,aesthetics,3,3,sports_car,9,sports_car_009.png,FLUX.2-klein-base-9B
R10,electric_kettle_006,yes,3,3,3,functionality,3,3,electric_kettle,6,electric_kettle_006.png,FLUX.2-klein-base-9B
R10,sports_car_007,yes,3,3,3,aesthetics,3,3,sports_car,7,sports_car_007.png,FLUX.2-klein-base-9B
R10,broom_004,yes,3,3,4,functionality,3,3,broom,4,broom_004.png,FLUX.2-klein-base-9B
R10,lounge_chair_025,yes,3,3,3,usability,3,3,lounge_chair,25,lounge_chair_025.png,FLUX.2-klein-base-9B
R10,sports_car_011,yes,3,3,3,symbolism,3,3,sports_car,11,sports_car_011.png,FLUX.2-klein-base-9B
R10,lounge_chair_012,yes,3,3,3,functionality,3,3,lounge_chair,12,lounge_chair_012.png,FLUX.2-klein-base-9B
R10,early_automobile_006,yes,3,3,3,symbolism,3,3,early_automobile,6,early_automobile_006.png,FLUX.2-klein-base-9B
R10,desk_lamp_024,yes,3,3,3,functionality,3,3,desk_lamp,24,desk_lamp_024.png,FLUX.2-klein-base-9B
R10,early_automobile_017,yes,4,5,5,symbolism,5,5,early_automobile,17,early_automobile_017.png,FLUX.2-klein-base-9B
R10,sports_car_001,yes,3,3,5,symbolism,4,4,sports_car,1,sports_car_001.png,FLUX.2-klein-base-9B
R10,early_automobile_021,yes,3,3,3,symbolism,3,3,early_automobile,21,early_automobile_021.png,FLUX.2-klein-base-9B
R10,broom_002,partial,3,3,3,usability,3,3,broom,2,broom_002.png,FLUX.2-klein-base-9B
R10,desk_lamp_019,yes,3,3,3,functionality,3,3,desk_lamp,19,desk_lamp_019.png,FLUX.2-klein-base-9B
R10,sneakers_011,yes,3,3,3,functionality,3,3,sneakers,11,sneakers_011.png,FLUX.2-klein-base-9B
R10,early_automobile_005,yes,3,3,3,symbolism,3,3,early_automobile,5,early_automobile_005.png,FLUX.2-klein-base-9B
R10,electric_kettle_001,yes,5,5,5,functionality,1,5,electric_kettle,1,electric_kettle_001.png,FLUX.2-klein-base-9B
R10,desk_lamp_020,yes,3,3,3,functionality,3,3,desk_lamp,20,desk_lamp_020.png,FLUX.2-klein-base-9B
R10,vacuum_cleaner_022,yes,3,3,3,functionality,3,3,vacuum_cleaner,22,vacuum_cleaner_022.png,FLUX.2-klein-base-9B
R10,sports_car_015,yes,3,3,3,symbolism,3,3,sports_car,15,sports_car_015.png,FLUX.2-klein-base-9B
R10,desk_lamp_016,yes,3,3,3,functionality,3,3,desk_lamp,16,desk_lamp_016.png,FLUX.2-klein-base-9B
R10,early_automobile_019,yes,3,3,3,symbolism,3,3,early_automobile,19,early_automobile_019.png,FLUX.2-klein-base-9B
R10,sneakers_025,yes,4,5,4,functionality,1,5,sneakers,25,sneakers_025.png,FLUX.2-klein-base-9B
R10,vacuum_cleaner_023,yes,5,5,5,usability,2,5,vacuum_cleaner,23,vacuum_cleaner_023.png,FLUX.2-klein-base-9B
R10,sports_car_025,yes,5,5,4,symbolism,3,5,sports_car,25,sports_car_025.png,FLUX.2-klein-base-9B
R10,sports_car_022,yes,4,5,5,symbolism,4,5,sports_car,22,sports_car_022.png,FLUX.2-klein-base-9B
R10,electric_kettle_009,yes,5,5,5,functionality,1,5,electric_kettle,9,electric_kettle_009.png,FLUX.2-klein-base-9B
R10,sneakers_007,yes,3,4,3,functionality,3,3,sneakers,7,sneakers_007.png,FLUX.2-klein-base-9B
R10,electric_kettle_017,yes,5,4,5,functionality,1,5,electric_kettle,17,electric_kettle_017.png,FLUX.2-klein-base-9B
R10,vacuum_cleaner_025,yes,1,1,2,unclear,1,2,vacuum_cleaner,25,vacuum_cleaner_025.png,FLUX.2-klein-base-9B
R10,desk_lamp_002,yes,4,4,4,functionality,2,4,desk_lamp,2,desk_lamp_002.png,FLUX.2-klein-base-9B
R10,broom_022,yes,3,4,4,functionality,2,4,broom,22,broom_022.png,FLUX.2-klein-base-9B
R10,electric_kettle_013,yes,5,5,5,functionality,1,5,electric_kettle,13,electric_kettle_013.png,FLUX.2-klein-base-9B
R10,sports_car_012,yes,5,5,4,symbolism,4,4,sports_car,12,sports_car_012.png,FLUX.2-klein-base-9B
R10,sneakers_002,yes,3,3,3,functionality,3,3,sneakers,2,sneakers_002.png,FLUX.2-klein-base-9B
R10,vacuum_cleaner_005,yes,3,3,3,usability,3,3,vacuum_cleaner,5,vacuum_cleaner_005.png,FLUX.2-klein-base-9B
R10,sneakers_008,yes,3,3,3,functionality,3,3,sneakers,8,sneakers_008.png,FLUX.2-klein-base-9B
R10,sports_car_023,yes,4,5,4,symbolism,4,4,sports_car,23,sports_car_023.png,FLUX.2-klein-base-9B
R10,desk_lamp_008,yes,3,3,5,functionality,3,5,desk_lamp,8,desk_lamp_008.png,FLUX.2-klein-base-9B
R10,electric_kettle_019,yes,5,5,5,functionality,1,5,electric_kettle,19,electric_kettle_019.png,FLUX.2-klein-base-9B
R10,early_automobile_023,yes,4,5,5,symbolism,5,5,early_automobile,23,early_automobile_023.png,FLUX.2-klein-base-9B
R10,electric_kettle_002,yes,3,3,3,functionality,3,3,electric_kettle,2,electric_kettle_002.png,FLUX.2-klein-base-9B
R10,electric_kettle_007,yes,3,3,3,functionality,3,3,electric_kettle,7,electric_kettle_007.png,FLUX.2-klein-base-9B
R10,sneakers_022,yes,3,3,3,functionality,3,3,sneakers,22,sneakers_022.png,FLUX.2-klein-base-9B
R10,sneakers_021,yes,3,3,3,functionality,3,3,sneakers,21,sneakers_021.png,FLUX.2-klein-base-9B
R10,broom_019,yes,3,3,3,usability,3,3,broom,19,broom_019.png,FLUX.2-klein-base-9B
R10,lounge_chair_009,yes,4,3,5,usability,5,5,lounge_chair,9,lounge_chair_009.png,FLUX.2-klein-base-9B
R10,broom_015,yes,4,4,3,functionality,2,3,broom,15,broom_015.png,FLUX.2-klein-base-9B
R10,sneakers_014,yes,3,3,3,usability,3,3,sneakers,14,sneakers_014.png,FLUX.2-klein-base-9B
R10,desk_lamp_007,yes,4,4,4,functionality,3,4,desk_lamp,7,desk_lamp_007.png,FLUX.2-klein-base-9B
R10,lounge_chair_008,partial,3,3,3,usability,3,3,lounge_chair,8,lounge_chair_008.png,FLUX.2-klein-base-9B
R10,lounge_chair_010,yes,4,4,5,usability,2,4,lounge_chair,10,lounge_chair_010.png,FLUX.2-klein-base-9B
R10,lounge_chair_011,yes,4,4,5,functionality,2,5,lounge_chair,11,lounge_chair_011.png,FLUX.2-klein-base-9B
R10,desk_lamp_025,yes,3,3,3,functionality,3,3,desk_lamp,25,desk_lamp_025.png,FLUX.2-klein-base-9B
R10,vacuum_cleaner_019,yes,3,3,3,functionality,3,3,vacuum_cleaner,19,vacuum_cleaner_019.png,FLUX.2-klein-base-9B
R10,lounge_chair_015,yes,5,5,4,usability,2,5,lounge_chair,15,lounge_chair_015.png,FLUX.2-klein-base-9B
R10,early_automobile_016,yes,5,4,5,symbolism,2,5,early_automobile,16,early_automobile_016.png,FLUX.2-klein-base-9B
R10,sports_car_004,yes,4,5,5,symbolism,4,5,sports_car,4,sports_car_004.png,FLUX.2-klein-base-9B
R10,early_automobile_009,yes,5,4,5,symbolism,4,4,early_automobile,9,early_automobile_009.png,FLUX.2-klein-base-9B
R10,lounge_chair_016,yes,4,3,5,functionality,3,4,lounge_chair,16,lounge_chair_016.png,FLUX.2-klein-base-9B
R10,desk_lamp_010,yes,3,3,3,functionality,3,3,desk_lamp,10,desk_lamp_010.png,FLUX.2-klein-base-9B
R10,sneakers_017,yes,3,3,3,functionality,3,3,sneakers,17,sneakers_017.png,FLUX.2-klein-base-9B
R10,sports_car_010,yes,4,2,5,symbolism,4,4,sports_car,10,sports_car_010.png,FLUX.2-klein-base-9B
R10,vacuum_cleaner_024,yes,2,3,4,functionality,2,4,vacuum_cleaner,24,vacuum_cleaner_024.png,FLUX.2-klein-base-9B
R10,electric_kettle_016,yes,4,4,3,functionality,2,4,electric_kettle,16,electric_kettle_016.png,FLUX.2-klein-base-9B
R10,broom_010,partial,3,3,3,functionality,3,3,broom,10,broom_010.png,FLUX.2-klein-base-9B
R10,sports_car_021,yes,4,2,4,aesthetics,4,4,sports_car,21,sports_car_021.png,FLUX.2-klein-base-9B
R10,lounge_chair_001,yes,3,4,3,functionality,3,3,lounge_chair,1,lounge_chair_001.png,FLUX.2-klein-base-9B
R10,desk_lamp_004,yes,4,4,5,functionality,2,5,desk_lamp,4,desk_lamp_004.png,FLUX.2-klein-base-9B
R10,vacuum_cleaner_010,yes,2,4,5,usability,2,5,vacuum_cleaner,10,vacuum_cleaner_010.png,FLUX.2-klein-base-9B
R10,sports_car_005,yes,3,3,3,aesthetics,3,3,sports_car,5,sports_car_005.png,FLUX.2-klein-base-9B
R10,lounge_chair_022,yes,3,3,3,usability,3,3,lounge_chair,22,lounge_chair_022.png,FLUX.2-klein-base-9B
R10,sneakers_024,yes,3,3,3,functionality,3,3,sneakers,24,sneakers_024.png,FLUX.2-klein-base-9B
R10,broom_007,yes,4,2,4,functionality,4,4,broom,7,broom_007.png,FLUX.2-klein-base-9B
R10,vacuum_cleaner_008,yes,4,2,5,functionality,4,5,vacuum_cleaner,8,vacuum_cleaner_008.png,FLUX.2-klein-base-9B
R10,early_automobile_001,yes,3,3,3,symbolism,3,3,early_automobile,1,early_automobile_001.png,FLUX.2-klein-base-9B
R10,vacuum_cleaner_015,yes,5,5,3,functionality,3,3,vacuum_cleaner,15,vacuum_cleaner_015.png,FLUX.2-klein-base-9B
R10,vacuum_cleaner_016,yes,5,2,3,aesthetics,3,2,vacuum_cleaner,16,vacuum_cleaner_016.png,FLUX.2-klein-base-9B
R10,vacuum_cleaner_017,yes,5,2,3,functionality,4,2,vacuum_cleaner,17,vacuum_cleaner_017.png,FLUX.2-klein-base-9B
R10,early_automobile_022,yes,5,5,3,functionality,2,5,early_automobile,22,early_automobile_022.png,FLUX.2-klein-base-9B
R10,vacuum_cleaner_018,partial,5,1,3,unclear,4,2,vacuum_cleaner,18,vacuum_cleaner_018.png,FLUX.2-klein-base-9B
R10,desk_lamp_012,yes,5,5,3,functionality,1,5,desk_lamp,12,desk_lamp_012.png,FLUX.2-klein-base-9B
R10,sports_car_016,yes,5,4,3,aesthetics,4,5,sports_car,16,sports_car_016.png,FLUX.2-klein-base-9B
R10,desk_lamp_003,yes,5,4,3,aesthetics,5,3,desk_lamp,3,desk_lamp_003.png,FLUX.2-klein-base-9B
R10,lounge_chair_002,yes,5,5,3,aesthetics,4,3,lounge_chair,2,lounge_chair_002.png,FLUX.2-klein-base-9B
R10,vacuum_cleaner_021,yes,5,2,3,usability,4,2,vacuum_cleaner,21,vacuum_cleaner_021.png,FLUX.2-klein-base-9B
R10,electric_kettle_015,yes,5,4,3,aesthetics,4,2,electric_kettle,15,electric_kettle_015.png,FLUX.2-klein-base-9B
R10,vacuum_cleaner_006,yes,5,5,3,functionality,2,4,vacuum_cleaner,6,vacuum_cleaner_006.png,FLUX.2-klein-base-9B
R10,electric_kettle_021,yes,5,5,3,functionality,1,5,electric_kettle,21,electric_kettle_021.png,FLUX.2-klein-base-9B
R10,early_automobile_013,yes,5,5,3,functionality,2,5,early_automobile,13,early_automobile_013.png,FLUX.2-klein-base-9B
R10,sports_car_018,yes,5,5,3,aesthetics,3,5,sports_car,18,sports_car_018.png,FLUX.2-klein-base-9B
R10,vacuum_cleaner_004,yes,5,5,3,aesthetics,4,5,vacuum_cleaner,4,vacuum_cleaner_004.png,FLUX.2-klein-base-9B
R10,sneakers_020,yes,5,5,3,aesthetics,4,4,sneakers,20,sneakers_020.png,FLUX.2-klein-base-9B
R10,lounge_chair_013,partial,5,2,3,aesthetics,4,2,lounge_chair,13,lounge_chair_013.png,FLUX.2-klein-base-9B
R10,lounge_chair_003,yes,5,5,3,functionality,1,5,lounge_chair,3,lounge_chair_003.png,FLUX.2-klein-base-9B
R10,electric_kettle_008,yes,5,5,3,functionality,1,5,electric_kettle,8,electric_kettle_008.png,FLUX.2-klein-base-9B
R10,sports_car_013,yes,5,5,3,aesthetics,4,5,sports_car,13,sports_car_013.png,FLUX.2-klein-base-9B
R10,early_automobile_024,yes,5,5,3,functionality,2,5,early_automobile,24,early_automobile_024.png,FLUX.2-klein-base-9B
R10,early_automobile_003,yes,5,5,3,functionality,1,5,early_automobile,3,early_automobile_003.png,FLUX.2-klein-base-9B
R10,lounge_chair_006,yes,5,5,3,functionality,2,5,lounge_chair,6,lounge_chair_006.png,FLUX.2-klein-base-9B
R10,broom_009,no,5,1,3,unclear,3,1,broom,9,broom_009.png,FLUX.2-klein-base-9B
R10,sneakers_015,yes,5,5,3,functionality,2,5,sneakers,15,sneakers_015.png,FLUX.2-klein-base-9B
R10,desk_lamp_017,yes,5,5,3,aesthetics,5,5,desk_lamp,17,desk_lamp_017.png,FLUX.2-klein-base-9B
R10,broom_016,no,5,1,3,unclear,3,1,broom,16,broom_016.png,FLUX.2-klein-base-9B
R11,electric_kettle_003,yes,4,5,5,functionality,2,5,electric_kettle,3,electric_kettle_003.png,FLUX.2-klein-base-9B
R11,sneakers_022,yes,4,5,5,functionality,1,4,sneakers,22,sneakers_022.png,FLUX.2-klein-base-9B
R11,lounge_chair_023,yes,3,5,5,usability,3,4,lounge_chair,23,lounge_chair_023.png,FLUX.2-klein-base-9B
R11,broom_023,yes,4,5,5,functionality,1,4,broom,23,broom_023.png,FLUX.2-klein-base-9B
R11,lounge_chair_015,yes,4,4,4,usability,3,5,lounge_chair,15,lounge_chair_015.png,FLUX.2-klein-base-9B
R11,sneakers_021,partial,2,4,4,usability,3,3,sneakers,21,sneakers_021.png,FLUX.2-klein-base-9B
R11,lounge_chair_012,yes,4,4,5,aesthetics,4,4,lounge_chair,12,lounge_chair_012.png,FLUX.2-klein-base-9B
R11,sports_car_014,yes,4,5,4,symbolism,4,2,sports_car,14,sports_car_014.png,FLUX.2-klein-base-9B
R11,sneakers_005,partial,1,3,3,functionality,2,3,sneakers,5,sneakers_005.png,FLUX.2-klein-base-9B
R11,sports_car_024,yes,4,5,5,aesthetics,4,3,sports_car,24,sports_car_024.png,FLUX.2-klein-base-9B
R11,electric_kettle_005,yes,4,5,5,functionality,2,5,electric_kettle,5,electric_kettle_005.png,FLUX.2-klein-base-9B
R11,sports_car_007,yes,4,5,5,aesthetics,4,3,sports_car,7,sports_car_007.png,FLUX.2-klein-base-9B
R11,broom_005,no,1,1,4,unclear,2,1,broom,5,broom_005.png,FLUX.2-klein-base-9B
R11,sports_car_001,yes,3,5,5,symbolism,4,3,sports_car,1,sports_car_001.png,FLUX.2-klein-base-9B
R11,broom_002,partial,1,3,4,usability,2,2,broom,2,broom_002.png,FLUX.2-klein-base-9B
R11,desk_lamp_003,yes,5,5,5,aesthetics,5,4,desk_lamp,3,desk_lamp_003.png,FLUX.2-klein-base-9B
R11,early_automobile_003,yes,5,5,4,symbolism,4,4,early_automobile,3,early_automobile_003.png,FLUX.2-klein-base-9B
R11,sneakers_006,yes,1,3,4,usability,3,1,sneakers,6,sneakers_006.png,FLUX.2-klein-base-9B
R11,sneakers_009,yes,5,2,4,usability,4,4,sneakers,9,sneakers_009.png,FLUX.2-klein-base-9B
R11,broom_018,no,2,2,4,functionality,1,2,broom,18,broom_018.png,FLUX.2-klein-base-9B
R11,broom_013,partial,4,2,4,functionality,2,2,broom,13,broom_013.png,FLUX.2-klein-base-9B
R11,vacuum_cleaner_005,yes,2,4,4,functionality,2,2,vacuum_cleaner,5,vacuum_cleaner_005.png,FLUX.2-klein-base-9B
R11,desk_lamp_024,yes,2,4,4,aesthetics,4,4,desk_lamp,24,desk_lamp_024.png,FLUX.2-klein-base-9B
R11,lounge_chair_011,yes,4,5,5,aesthetics,4,4,lounge_chair,11,lounge_chair_011.png,FLUX.2-klein-base-9B
R11,sneakers_024,yes,5,5,5,usability,2,5,sneakers,24,sneakers_024.png,FLUX.2-klein-base-9B
R11,sneakers_018,yes,4,5,5,functionality,2,5,sneakers,18,sneakers_018.png,FLUX.2-klein-base-9B
R11,lounge_chair_021,yes,4,5,4,functionality,2,4,lounge_chair,21,lounge_chair_021.png,FLUX.2-klein-base-9B
R11,vacuum_cleaner_006,yes,1,5,3,functionality,1,2,vacuum_cleaner,6,vacuum_cleaner_006.png,FLUX.2-klein-base-9B
R11,sports_car_013,yes,3,4,4,aesthetics,4,4,sports_car,13,sports_car_013.png,FLUX.2-klein-base-9B
R11,desk_lamp_018,yes,5,5,5,functionality,3,5,desk_lamp,18,desk_lamp_018.png,FLUX.2-klein-base-9B
R11,early_automobile_024,yes,5,5,5,symbolism,5,4,early_automobile,24,early_automobile_024.png,FLUX.2-klein-base-9B
R11,vacuum_cleaner_003,yes,2,3,3,functionality,1,3,vacuum_cleaner,3,vacuum_cleaner_003.png,FLUX.2-klein-base-9B
R11,early_automobile_025,yes,5,5,5,functionality,3,5,early_automobile,25,early_automobile_025.png,FLUX.2-klein-base-9B
R11,vacuum_cleaner_007,yes,2,4,3,functionality,2,3,vacuum_cleaner,7,vacuum_cleaner_007.png,FLUX.2-klein-base-9B
R11,sports_car_009,yes,4,5,4,functionality,4,3,sports_car,9,sports_car_009.png,FLUX.2-klein-base-9B
R11,electric_kettle_010,yes,5,4,5,functionality,1,4,electric_kettle,10,electric_kettle_010.png,FLUX.2-klein-base-9B
R11,desk_lamp_009,yes,3,5,4,aesthetics,3,3,desk_lamp,9,desk_lamp_009.png,FLUX.2-klein-base-9B
R11,broom_010,no,1,1,2,functionality,2,3,broom,10,broom_010.png,FLUX.2-klein-base-9B
R11,lounge_chair_018,yes,3,3,4,functionality,3,2,lounge_chair,18,lounge_chair_018.png,FLUX.2-klein-base-9B
R11,broom_019,yes,4,4,4,usability,1,4,broom,19,broom_019.png,FLUX.2-klein-base-9B
R11,sports_car_008,yes,4,5,4,aesthetics,4,5,sports_car,8,sports_car_008.png,FLUX.2-klein-base-9B
R11,broom_012,partial,4,2,5,functionality,1,4,broom,12,broom_012.png,FLUX.2-klein-base-9B
R11,broom_014,no,3,1,4,functionality,1,2,broom,14,broom_014.png,FLUX.2-klein-base-9B
R11,early_automobile_017,yes,5,5,5,symbolism,5,4,early_automobile,17,early_automobile_017.png,FLUX.2-klein-base-9B
R11,desk_lamp_019,yes,4,5,5,aesthetics,3,5,desk_lamp,19,desk_lamp_019.png,FLUX.2-klein-base-9B
R11,desk_lamp_016,yes,4,5,5,usability,3,5,desk_lamp,16,desk_lamp_016.png,FLUX.2-klein-base-9B
R11,sneakers_001,yes,2,5,5,functionality,4,4,sneakers,1,sneakers_001.png,FLUX.2-klein-base-9B
R11,early_automobile_002,yes,5,5,4,symbolism,5,2,early_automobile,2,early_automobile_002.png,FLUX.2-klein-base-9B
R11,vacuum_cleaner_017,yes,2,3,5,functionality,1,4,vacuum_cleaner,17,vacuum_cleaner_017.png,FLUX.2-klein-base-9B
R11,electric_kettle_013,yes,5,5,5,functionality,1,5,electric_kettle,13,electric_kettle_013.png,FLUX.2-klein-base-9B
R11,broom_020,yes,5,4,4,functionality,1,4,broom,20,broom_020.png,FLUX.2-klein-base-9B
R11,sneakers_002,yes,5,5,5,usability,2,4,sneakers,2,sneakers_002.png,FLUX.2-klein-base-9B
R11,vacuum_cleaner_024,yes,2,4,5,functionality,1,4,vacuum_cleaner,24,vacuum_cleaner_024.png,FLUX.2-klein-base-9B
R11,electric_kettle_014,yes,5,4,5,functionality,1,5,electric_kettle,14,electric_kettle_014.png,FLUX.2-klein-base-9B
R11,sneakers_025,yes,5,5,5,functionality,4,5,sneakers,25,sneakers_025.png,FLUX.2-klein-base-9B
R11,sports_car_022,yes,4,5,5,symbolism,4,5,sports_car,22,sports_car_022.png,FLUX.2-klein-base-9B
R11,sneakers_007,yes,2,4,5,symbolism,4,5,sneakers,7,sneakers_007.png,FLUX.2-klein-base-9B
R11,lounge_chair_008,partial,1,2,3,unclear,3,2,lounge_chair,8,lounge_chair_008.png,FLUX.2-klein-base-9B
R11,broom_008,yes,2,4,4,functionality,2,2,broom,8,broom_008.png,FLUX.2-klein-base-9B
R11,vacuum_cleaner_001,yes,4,4,4,usability,4,4,vacuum_cleaner,1,vacuum_cleaner_001.png,FLUX.2-klein-base-9B
R11,broom_006,yes,5,5,5,symbolism,3,5,broom,6,broom_006.png,FLUX.2-klein-base-9B
R11,sports_car_004,yes,4,4,4,aesthetics,4,4,sports_car,4,sports_car_004.png,FLUX.2-klein-base-9B
R11,electric_kettle_018,yes,4,5,5,usability,2,4,electric_kettle,18,electric_kettle_018.png,FLUX.2-klein-base-9B
R11,lounge_chair_016,yes,4,5,5,aesthetics,4,4,lounge_chair,16,lounge_chair_016.png,FLUX.2-klein-base-9B
R11,sports_car_017,yes,5,5,5,aesthetics,4,4,sports_car,17,sports_car_017.png,FLUX.2-klein-base-9B
R11,desk_lamp_014,yes,5,5,5,aesthetics,3,4,desk_lamp,14,desk_lamp_014.png,FLUX.2-klein-base-9B
R11,lounge_chair_005,yes,5,5,5,usability,4,4,lounge_chair,5,lounge_chair_005.png,FLUX.2-klein-base-9B
R11,desk_lamp_023,yes,4,4,5,aesthetics,4,4,desk_lamp,23,desk_lamp_023.png,FLUX.2-klein-base-9B
R11,lounge_chair_024,yes,4,5,5,aesthetics,4,5,lounge_chair,24,lounge_chair_024.png,FLUX.2-klein-base-9B
R11,desk_lamp_011,yes,4,4,5,functionality,2,4,desk_lamp,11,desk_lamp_011.png,FLUX.2-klein-base-9B
R11,sneakers_016,yes,4,5,5,symbolism,2,4,sneakers,16,sneakers_016.png,FLUX.2-klein-base-9B
R11,electric_kettle_023,yes,5,4,5,functionality,2,4,electric_kettle,23,electric_kettle_023.png,FLUX.2-klein-base-9B
R11,broom_009,no,2,1,4,unclear,3,1,broom,9,broom_009.png,FLUX.2-klein-base-9B
R11,sports_car_011,yes,4,4,5,aesthetics,3,4,sports_car,11,sports_car_011.png,FLUX.2-klein-base-9B
R11,vacuum_cleaner_012,yes,4,5,4,functionality,2,4,vacuum_cleaner,12,vacuum_cleaner_012.png,FLUX.2-klein-base-9B
R11,broom_025,no,1,1,4,functionality,2,2,broom,25,broom_025.png,FLUX.2-klein-base-9B
R11,lounge_chair_014,partial,3,2,3,usability,4,2,lounge_chair,14,lounge_chair_014.png,FLUX.2-klein-base-9B
R11,early_automobile_001,yes,4,4,4,symbolism,5,4,early_automobile,1,early_automobile_001.png,FLUX.2-klein-base-9B
R11,vacuum_cleaner_019,yes,3,4,4,functionality,4,4,vacuum_cleaner,19,vacuum_cleaner_019.png,FLUX.2-klein-base-9B
R11,electric_kettle_006,yes,5,5,5,functionality,3,4,electric_kettle,6,electric_kettle_006.png,FLUX.2-klein-base-9B
R11,lounge_chair_003,yes,5,5,5,usability,4,4,lounge_chair,3,lounge_chair_003.png,FLUX.2-klein-base-9B
R11,lounge_chair_002,yes,3,4,5,functionality,3,4,lounge_chair,2,lounge_chair_002.png,FLUX.2-klein-base-9B
R11,early_automobile_010,yes,5,5,5,functionality,3,4,early_automobile,10,early_automobile_010.png,FLUX.2-klein-base-9B
R11,sports_car_019,yes,5,5,4,usability,4,5,sports_car,19,sports_car_019.png,FLUX.2-klein-base-9B
R11,electric_kettle_007,yes,5,5,5,usability,2,5,electric_kettle,7,electric_kettle_007.png,FLUX.2-klein-base-9B
R11,sports_car_018,yes,4,5,5,aesthetics,4,5,sports_car,18,sports_car_018.png,FLUX.2-klein-base-9B
R11,early_automobile_007,yes,5,4,5,symbolism,5,4,early_automobile,7,early_automobile_007.png,FLUX.2-klein-base-9B
R11,broom_015,partial,4,4,4,functionality,4,2,broom,15,broom_015.png,FLUX.2-klein-base-9B
R11,broom_004,yes,4,4,4,functionality,2,4,broom,4,broom_004.png,FLUX.2-klein-base-9B
R11,electric_kettle_024,yes,5,4,5,functionality,4,4,electric_kettle,24,electric_kettle_024.png,FLUX.2-klein-base-9B
R11,sneakers_015,yes,2,4,4,usability,2,4,sneakers,15,sneakers_015.png,FLUX.2-klein-base-9B
R11,desk_lamp_017,yes,5,5,4,usability,4,4,desk_lamp,17,desk_lamp_017.png,FLUX.2-klein-base-9B
R11,desk_lamp_001,yes,2,5,3,aesthetics,4,4,desk_lamp,1,desk_lamp_001.png,FLUX.2-klein-base-9B
R11,desk_lamp_021,yes,4,4,4,usability,3,4,desk_lamp,21,desk_lamp_021.png,FLUX.2-klein-base-9B
R11,lounge_chair_006,yes,5,5,4,usability,4,5,lounge_chair,6,lounge_chair_006.png,FLUX.2-klein-base-9B
R11,sneakers_003,yes,5,5,5,usability,5,4,sneakers,3,sneakers_003.png,FLUX.2-klein-base-9B
R11,electric_kettle_017,yes,5,5,5,functionality,2,5,electric_kettle,17,electric_kettle_017.png,FLUX.2-klein-base-9B
R11,sneakers_008,yes,5,5,4,functionality,2,4,sneakers,8,sneakers_008.png,FLUX.2-klein-base-9B
R11,electric_kettle_011,yes,5,4,4,functionality,2,4,electric_kettle,11,electric_kettle_011.png,FLUX.2-klein-base-9B
R11,desk_lamp_010,yes,4,5,4,functionality,4,4,desk_lamp,10,desk_lamp_010.png,FLUX.2-klein-base-9B
R11,sports_car_012,yes,4,5,4,aesthetics,4,4,sports_car,12,sports_car_012.png,FLUX.2-klein-base-9B
R11,electric_kettle_021,yes,5,5,4,functionality,2,4,electric_kettle,21,electric_kettle_021.png,FLUX.2-klein-base-9B
R11,lounge_chair_022,yes,4,4,4,functionality,2,4,lounge_chair,22,lounge_chair_022.png,FLUX.2-klein-base-9B
R11,lounge_chair_007,partial,3,3,3,aesthetics,4,3,lounge_chair,7,lounge_chair_007.png,FLUX.2-klein-base-9B
R11,vacuum_cleaner_016,yes,2,3,4,functionality,2,2,vacuum_cleaner,16,vacuum_cleaner_016.png,FLUX.2-klein-base-9B
R11,broom_017,yes,2,4,4,functionality,2,3,broom,17,broom_017.png,FLUX.2-klein-base-9B
R11,broom_016,no,2,2,4,unclear,1,2,broom,16,broom_016.png,FLUX.2-klein-base-9B
R11,broom_007,yes,4,4,4,functionality,2,3,broom,7,broom_007.png,FLUX.2-klein-base-9B
R11,electric_kettle_001,yes,2,4,4,functionality,3,4,electric_kettle,1,electric_kettle_001.png,FLUX.2-klein-base-9B
R11,early_automobile_005,yes,5,5,4,functionality,4,5,early_automobile,5,early_automobile_005.png,FLUX.2-klein-base-9B
R11,broom_024,yes,5,5,4,functionality,2,4,broom,24,broom_024.png,FLUX.2-klein-base-9B
R11,lounge_chair_010,yes,3,4,3,aesthetics,4,3,lounge_chair,10,lounge_chair_010.png,FLUX.2-klein-base-9B
R11,sports_car_025,yes,5,4,4,aesthetics,4,4,sports_car,25,sports_car_025.png,FLUX.2-klein-base-9B
R11,sports_car_006,yes,4,5,4,functionality,2,4,sports_car,6,sports_car_006.png,FLUX.2-klein-base-9B
R11,broom_001,yes,4,4,4,functionality,2,4,broom,1,broom_001.png,FLUX.2-klein-base-9B
R11,early_automobile_020,yes,4,4,4,symbolism,4,4,early_automobile,20,early_automobile_020.png,FLUX.2-klein-base-9B
R11,sports_car_015,yes,5,5,4,aesthetics,4,5,sports_car,15,sports_car_015.png,FLUX.2-klein-base-9B
R11,lounge_chair_020,yes,3,4,4,aesthetics,5,3,lounge_chair,20,lounge_chair_020.png,FLUX.2-klein-base-9B
R11,early_automobile_021,yes,5,5,4,symbolism,4,4,early_automobile,21,early_automobile_021.png,FLUX.2-klein-base-9B
R11,vacuum_cleaner_018,yes,4,4,4,functionality,4,4,vacuum_cleaner,18,vacuum_cleaner_018.png,FLUX.2-klein-base-9B
R11,desk_lamp_008,yes,4,4,4,functionality,4,4,desk_lamp,8,desk_lamp_008.png,FLUX.2-klein-base-9B
R11,sports_car_002,yes,4,4,4,aesthetics,5,4,sports_car,2,sports_car_002.png,FLUX.2-klein-base-9B
R11,electric_kettle_004,yes,4,5,4,functionality,4,4,electric_kettle,4,electric_kettle_004.png,FLUX.2-klein-base-9B
R11,early_automobile_022,yes,5,5,4,symbolism,5,4,early_automobile,22,early_automobile_022.png,FLUX.2-klein-base-9B
R11,sneakers_012,yes,4,4,4,usability,2,4,sneakers,12,sneakers_012.png,FLUX.2-klein-base-9B
R11,vacuum_cleaner_025,partial,3,2,4,symbolism,5,3,vacuum_cleaner,25,vacuum_cleaner_025.png,FLUX.2-klein-base-9B
R11,sneakers_014,yes,5,5,5,usability,3,4,sneakers,14,sneakers_014.png,FLUX.2-klein-base-9B
R11,electric_kettle_019,yes,5,5,4,functionality,2,4,electric_kettle,19,electric_kettle_019.png,FLUX.2-klein-base-9B
R11,sneakers_011,yes,4,4,4,functionality,2,4,sneakers,11,sneakers_011.png,FLUX.2-klein-base-9B
R11,lounge_chair_025,yes,2,3,4,aesthetics,4,3,lounge_chair,25,lounge_chair_025.png,FLUX.2-klein-base-9B
R11,electric_kettle_025,yes,4,4,4,functionality,2,4,electric_kettle,25,electric_kettle_025.png,FLUX.2-klein-base-9B
R11,sneakers_020,yes,5,5,4,usability,2,4,sneakers,20,sneakers_020.png,FLUX.2-klein-base-9B
R11,vacuum_cleaner_014,yes,4,5,4,usability,2,4,vacuum_cleaner,14,vacuum_cleaner_014.png,FLUX.2-klein-base-9B
R11,lounge_chair_017,yes,4,4,4,aesthetics,4,4,lounge_chair,17,lounge_chair_017.png,FLUX.2-klein-base-9B
R11,sneakers_013,partial,1,2,5,unclear,2,2,sneakers,13,sneakers_013.png,FLUX.2-klein-base-9B
R11,electric_kettle_012,yes,5,5,5,functionality,1,4,electric_kettle,12,electric_kettle_012.png,FLUX.2-klein-base-9B
R11,early_automobile_006,yes,2,4,4,symbolism,4,3,early_automobile,6,early_automobile_006.png,FLUX.2-klein-base-9B
R11,vacuum_cleaner_022,partial,1,2,4,functionality,2,3,vacuum_cleaner,22,vacuum_cleaner_022.png,FLUX.2-klein-base-9B
R11,early_automobile_009,yes,4,4,4,symbolism,4,4,early_automobile,9,early_automobile_009.png,FLUX.2-klein-base-9B
R11,vacuum_cleaner_015,yes,2,4,4,functionality,2,4,vacuum_cleaner,15,vacuum_cleaner_015.png,FLUX.2-klein-base-9B
R11,desk_lamp_015,yes,2,3,3,aesthetics,4,3,desk_lamp,15,desk_lamp_015.png,FLUX.2-klein-base-9B
R11,electric_kettle_008,yes,4,5,5,functionality,1,5,electric_kettle,8,electric_kettle_008.png,FLUX.2-klein-base-9B
R11,early_automobile_016,yes,5,5,4,symbolism,5,4,early_automobile,16,early_automobile_016.png,FLUX.2-klein-base-9B
R11,vacuum_cleaner_011,partial,2,2,3,unclear,4,2,vacuum_cleaner,11,vacuum_cleaner_011.png,FLUX.2-klein-base-9B
R11,sneakers_004,yes,5,5,4,functionality,3,5,sneakers,4,sneakers_004.png,FLUX.2-klein-base-9B
R11,lounge_chair_001,yes,4,5,4,aesthetics,4,4,lounge_chair,1,lounge_chair_001.png,FLUX.2-klein-base-9B
R11,desk_lamp_002,yes,4,4,4,usability,4,4,desk_lamp,2,desk_lamp_002.png,FLUX.2-klein-base-9B
R11,sports_car_020,yes,4,4,4,aesthetics,4,4,sports_car,20,sports_car_020.png,FLUX.2-klein-base-9B
R11,vacuum_cleaner_004,yes,4,4,4,functionality,2,4,vacuum_cleaner,4,vacuum_cleaner_004.png,FLUX.2-klein-base-9B
R11,electric_kettle_020,yes,4,2,4,functionality,2,4,electric_kettle,20,electric_kettle_020.png,FLUX.2-klein-base-9B
R11,desk_lamp_006,partial,1,2,3,unclear,4,3,desk_lamp,6,desk_lamp_006.png,FLUX.2-klein-base-9B
R11,desk_lamp_012,yes,5,5,4,aesthetics,3,5,desk_lamp,12,desk_lamp_012.png,FLUX.2-klein-base-9B
R11,desk_lamp_025,yes,4,4,4,functionality,4,4,desk_lamp,25,desk_lamp_025.png,FLUX.2-klein-base-9B
R11,lounge_chair_019,yes,4,4,4,aesthetics,4,4,lounge_chair,19,lounge_chair_019.png,FLUX.2-klein-base-9B
R11,sports_car_003,yes,5,4,4,aesthetics,4,4,sports_car,3,sports_car_003.png,FLUX.2-klein-base-9B
R11,broom_021,yes,3,4,4,functionality,2,4,broom,21,broom_021.png,FLUX.2-klein-base-9B
R11,electric_kettle_016,yes,5,5,4,functionality,2,4,electric_kettle,16,electric_kettle_016.png,FLUX.2-klein-base-9B
R11,electric_kettle_002,yes,5,5,4,usability,4,4,electric_kettle,2,electric_kettle_002.png,FLUX.2-klein-base-9B
R11,sneakers_023,yes,5,5,4,usability,2,5,sneakers,23,sneakers_023.png,FLUX.2-klein-base-9B
R11,desk_lamp_020,partial,2,2,4,aesthetics,4,3,desk_lamp,20,desk_lamp_020.png,FLUX.2-klein-base-9B
R11,vacuum_cleaner_002,yes,4,4,4,functionality,2,4,vacuum_cleaner,2,vacuum_cleaner_002.png,FLUX.2-klein-base-9B
R11,early_automobile_011,yes,4,5,4,symbolism,5,4,early_automobile,11,early_automobile_011.png,FLUX.2-klein-base-9B
R11,sneakers_017,yes,4,4,4,aesthetics,2,4,sneakers,17,sneakers_017.png,FLUX.2-klein-base-9B
R11,early_automobile_013,yes,4,4,4,symbolism,4,4,early_automobile,13,early_automobile_013.png,FLUX.2-klein-base-9B
R11,desk_lamp_004,yes,4,4,4,usability,4,4,desk_lamp,4,desk_lamp_004.png,FLUX.2-klein-base-9B
R11,early_automobile_014,yes,5,5,4,symbolism,5,5,early_automobile,14,early_automobile_014.png,FLUX.2-klein-base-9B
R11,sports_car_023,partial,2,4,4,aesthetics,4,3,sports_car,23,sports_car_023.png,FLUX.2-klein-base-9B
R11,early_automobile_012,yes,4,4,4,symbolism,4,2,early_automobile,12,early_automobile_012.png,FLUX.2-klein-base-9B
R11,electric_kettle_009,yes,4,4,4,symbolism,5,4,electric_kettle,9,electric_kettle_009.png,FLUX.2-klein-base-9B
R11,electric_kettle_022,yes,4,4,4,functionality,1,4,electric_kettle,22,electric_kettle_022.png,FLUX.2-klein-base-9B
R11,early_automobile_023,yes,5,5,4,symbolism,4,5,early_automobile,23,early_automobile_023.png,FLUX.2-klein-base-9B
R11,sports_car_021,yes,4,4,4,aesthetics,4,4,sports_car,21,sports_car_021.png,FLUX.2-klein-base-9B
R11,sports_car_005,yes,5,5,4,aesthetics,4,4,sports_car,5,sports_car_005.png,FLUX.2-klein-base-9B
R11,early_automobile_008,yes,5,5,4,symbolism,5,4,early_automobile,8,early_automobile_008.png,FLUX.2-klein-base-9B
R11,desk_lamp_007,yes,5,5,4,functionality,2,5,desk_lamp,7,desk_lamp_007.png,FLUX.2-klein-base-9B
R11,vacuum_cleaner_009,yes,2,4,4,functionality,2,4,vacuum_cleaner,9,vacuum_cleaner_009.png,FLUX.2-klein-base-9B
R11,sports_car_016,yes,4,4,4,aesthetics,4,4,sports_car,16,sports_car_016.png,FLUX.2-klein-base-9B
R11,early_automobile_019,yes,2,4,4,symbolism,4,3,early_automobile,19,early_automobile_019.png,FLUX.2-klein-base-9B
R11,vacuum_cleaner_021,yes,5,4,4,usability,3,4,vacuum_cleaner,21,vacuum_cleaner_021.png,FLUX.2-klein-base-9B
R11,lounge_chair_009,yes,4,4,4,usability,4,4,lounge_chair,9,lounge_chair_009.png,FLUX.2-klein-base-9B
R11,lounge_chair_013,partial,3,4,4,aesthetics,4,2,lounge_chair,13,lounge_chair_013.png,FLUX.2-klein-base-9B
R11,early_automobile_018,partial,2,2,3,symbolism,4,3,early_automobile,18,early_automobile_018.png,FLUX.2-klein-base-9B
R11,broom_022,yes,3,4,4,functionality,2,4,broom,22,broom_022.png,FLUX.2-klein-base-9B
R11,desk_lamp_022,partial,3,2,4,aesthetics,4,3,desk_lamp,22,desk_lamp_022.png,FLUX.2-klein-base-9B
R11,broom_011,no,1,2,4,unclear,2,2,broom,11,broom_011.png,FLUX.2-klein-base-9B
R11,early_automobile_004,yes,4,4,4,symbolism,4,3,early_automobile,4,early_automobile_004.png,FLUX.2-klein-base-9B
R11,vacuum_cleaner_023,yes,2,4,4,usability,2,3,vacuum_cleaner,23,vacuum_cleaner_023.png,FLUX.2-klein-base-9B
R11,broom_003,no,2,2,4,functionality,2,2,broom,3,broom_003.png,FLUX.2-klein-base-9B
R11,desk_lamp_005,yes,4,5,4,functionality,3,4,desk_lamp,5,desk_lamp_005.png,FLUX.2-klein-base-9B
R11,desk_lamp_013,yes,5,5,4,functionality,3,4,desk_lamp,13,desk_lamp_013.png,FLUX.2-klein-base-9B
R11,sneakers_019,yes,4,4,4,functionality,2,5,sneakers,19,sneakers_019.png,FLUX.2-klein-base-9B
R11,vacuum_cleaner_013,yes,5,5,4,functionality,2,5,vacuum_cleaner,13,vacuum_cleaner_013.png,FLUX.2-klein-base-9B
R11,vacuum_cleaner_008,yes,3,4,4,functionality,2,4,vacuum_cleaner,8,vacuum_cleaner_008.png,FLUX.2-klein-base-9B
R11,vacuum_cleaner_010,yes,1,3,4,functionality,1,3,vacuum_cleaner,10,vacuum_cleaner_010.png,FLUX.2-klein-base-9B
R11,vacuum_cleaner_020,yes,5,5,4,functionality,1,5,vacuum_cleaner,20,vacuum_cleaner_020.png,FLUX.2-klein-base-9B
R11,early_automobile_015,yes,5,4,4,symbolism,4,4,early_automobile,15,early_automobile_015.png,FLUX.2-klein-base-9B
R11,electric_kettle_015,yes,5,4,4,functionality,2,4,electric_kettle,15,electric_kettle_015.png,FLUX.2-klein-base-9B
R11,lounge_chair_004,yes,5,5,5,usability,4,4,lounge_chair,4,lounge_chair_004.png,FLUX.2-klein-base-9B
R11,sports_car_010,yes,5,4,4,symbolism,4,4,sports_car,10,sports_car_010.png,FLUX.2-klein-base-9B
R11,sneakers_010,partial,1,3,4,unclear,2,3,sneakers,10,sneakers_010.png,FLUX.2-klein-base-9B
R12,desk_lamp_003,yes,5,5,4,functionality,2,5,desk_lamp,3,desk_lamp_003.png,FLUX.2-klein-base-9B
R12,lounge_chair_008,partial,1,2,4,unclear,4,1,lounge_chair,8,lounge_chair_008.png,FLUX.2-klein-base-9B
R12,broom_005,no,1,1,5,unclear,1,2,broom,5,broom_005.png,FLUX.2-klein-base-9B
R12,vacuum_cleaner_003,yes,2,5,4,symbolism,1,4,vacuum_cleaner,3,vacuum_cleaner_003.png,FLUX.2-klein-base-9B
R12,early_automobile_022,yes,5,5,5,symbolism,5,5,early_automobile,22,early_automobile_022.png,FLUX.2-klein-base-9B
R12,sports_car_017,yes,5,5,5,aesthetics,4,5,sports_car,17,sports_car_017.png,FLUX.2-klein-base-9B
R12,electric_kettle_021,yes,4,5,5,usability,1,5,electric_kettle,21,electric_kettle_021.png,FLUX.2-klein-base-9B
R12,sports_car_020,yes,2,5,5,symbolism,5,2,sports_car,20,sports_car_020.png,FLUX.2-klein-base-9B
R12,sports_car_004,yes,4,4,4,aesthetics,4,5,sports_car,4,sports_car_004.png,FLUX.2-klein-base-9B
R12,sneakers_019,yes,5,5,4,usability,3,5,sneakers,19,sneakers_019.png,FLUX.2-klein-base-9B
R12,early_automobile_004,yes,5,5,5,symbolism,5,5,early_automobile,4,early_automobile_004.png,FLUX.2-klein-base-9B
R12,vacuum_cleaner_008,yes,4,5,5,functionality,1,5,vacuum_cleaner,8,vacuum_cleaner_008.png,FLUX.2-klein-base-9B
R12,broom_003,partial,5,3,4,aesthetics,3,2,broom,3,broom_003.png,FLUX.2-klein-base-9B
R12,lounge_chair_014,yes,5,5,4,aesthetics,4,5,lounge_chair,14,lounge_chair_014.png,FLUX.2-klein-base-9B
R12,early_automobile_021,yes,5,5,5,symbolism,5,5,early_automobile,21,early_automobile_021.png,FLUX.2-klein-base-9B
R12,electric_kettle_001,yes,5,5,5,functionality,1,5,electric_kettle,1,electric_kettle_001.png,FLUX.2-klein-base-9B
R12,lounge_chair_016,yes,4,5,4,aesthetics,5,5,lounge_chair,16,lounge_chair_016.png,FLUX.2-klein-base-9B
R12,early_automobile_019,yes,5,5,5,symbolism,5,5,early_automobile,19,early_automobile_019.png,FLUX.2-klein-base-9B
R12,desk_lamp_023,yes,5,5,5,aesthetics,4,5,desk_lamp,23,desk_lamp_023.png,FLUX.2-klein-base-9B
R12,lounge_chair_022,yes,4,5,4,functionality,2,5,lounge_chair,22,lounge_chair_022.png,FLUX.2-klein-base-9B
R12,broom_019,yes,5,5,5,usability,1,5,broom,19,broom_019.png,FLUX.2-klein-base-9B
R12,electric_kettle_004,yes,5,5,5,functionality,2,5,electric_kettle,4,electric_kettle_004.png,FLUX.2-klein-base-9B
R12,sneakers_025,yes,5,5,5,aesthetics,4,5,sneakers,25,sneakers_025.png,FLUX.2-klein-base-9B
R12,lounge_chair_020,yes,5,5,5,usability,4,5,lounge_chair,20,lounge_chair_020.png,FLUX.2-klein-base-9B
R12,early_automobile_018,yes,3,3,4,symbolism,5,5,early_automobile,18,early_automobile_018.png,FLUX.2-klein-base-9B
R12,sneakers_004,yes,5,5,4,aesthetics,4,5,sneakers,4,sneakers_004.png,FLUX.2-klein-base-9B
R12,sneakers_005,yes,1,5,3,usability,3,2,sneakers,5,sneakers_005.png,FLUX.2-klein-base-9B
R12,vacuum_cleaner_016,yes,4,5,4,functionality,1,5,vacuum_cleaner,16,vacuum_cleaner_016.png,FLUX.2-klein-base-9B
R12,early_automobile_006,yes,5,5,4,symbolism,2,5,early_automobile,6,early_automobile_006.png,FLUX.2-klein-base-9B
R12,desk_lamp_010,yes,4,5,5,functionality,1,5,desk_lamp,10,desk_lamp_010.png,FLUX.2-klein-base-9B
R12,sneakers_021,yes,4,5,5,aesthetics,5,5,sneakers,21,sneakers_021.png,FLUX.2-klein-base-9B
R12,desk_lamp_025,yes,3,5,4,unclear,2,5,desk_lamp,25,desk_lamp_025.png,FLUX.2-klein-base-9B
R12,broom_006,yes,5,5,5,functionality,2,5,broom,6,broom_006.png,FLUX.2-klein-base-9B
R12,electric_kettle_002,yes,5,5,4,aesthetics,5,5,electric_kettle,2,electric_kettle_002.png,FLUX.2-klein-base-9B
R12,electric_kettle_023,yes,5,5,5,functionality,1,5,electric_kettle,23,electric_kettle_023.png,FLUX.2-klein-base-9B
R12,electric_kettle_016,yes,5,5,5,functionality,2,5,electric_kettle,16,electric_kettle_016.png,FLUX.2-klein-base-9B
R12,desk_lamp_001,partial,3,3,5,aesthetics,5,4,desk_lamp,1,desk_lamp_001.png,FLUX.2-klein-base-9B
R12,broom_012,yes,5,5,5,usability,3,5,broom,12,broom_012.png,FLUX.2-klein-base-9B
R12,vacuum_cleaner_001,yes,4,5,5,aesthetics,4,4,vacuum_cleaner,1,vacuum_cleaner_001.png,FLUX.2-klein-base-9B
R12,desk_lamp_017,yes,5,5,5,functionality,4,5,desk_lamp,17,desk_lamp_017.png,FLUX.2-klein-base-9B
R12,lounge_chair_023,yes,4,5,5,aesthetics,5,5,lounge_chair,23,lounge_chair_023.png,FLUX.2-klein-base-9B
R12,vacuum_cleaner_006,yes,3,5,4,unclear,3,2,vacuum_cleaner,6,vacuum_cleaner_006.png,FLUX.2-klein-base-9B
R12,electric_kettle_014,yes,5,5,5,functionality,3,5,electric_kettle,14,electric_kettle_014.png,FLUX.2-klein-base-9B
R12,electric_kettle_008,yes,5,5,4,functionality,1,5,electric_kettle,8,electric_kettle_008.png,FLUX.2-klein-base-9B
R12,lounge_chair_013,yes,4,5,5,functionality,5,4,lounge_chair,13,lounge_chair_013.png,FLUX.2-klein-base-9B
R12,sports_car_023,yes,3,5,5,aesthetics,5,4,sports_car,23,sports_car_023.png,FLUX.2-klein-base-9B
R12,sports_car_014,yes,5,5,5,aesthetics,3,5,sports_car,14,sports_car_014.png,FLUX.2-klein-base-9B
R12,sneakers_007,yes,4,5,4,functionality,4,5,sneakers,7,sneakers_007.png,FLUX.2-klein-base-9B
R12,lounge_chair_010,yes,5,5,4,aesthetics,5,5,lounge_chair,10,lounge_chair_010.png,FLUX.2-klein-base-9B
R12,broom_016,yes,5,5,5,aesthetics,4,5,broom,16,broom_016.png,FLUX.2-klein-base-9B
R12,desk_lamp_009,yes,5,5,4,aesthetics,4,4,desk_lamp,9,desk_lamp_009.png,FLUX.2-klein-base-9B
R12,sports_car_018,yes,5,5,5,aesthetics,4,5,sports_car,18,sports_car_018.png,FLUX.2-klein-base-9B
R12,vacuum_cleaner_002,yes,5,5,5,functionality,1,5,vacuum_cleaner,2,vacuum_cleaner_002.png,FLUX.2-klein-base-9B
R12,sports_car_013,yes,4,5,5,aesthetics,5,4,sports_car,13,sports_car_013.png,FLUX.2-klein-base-9B
R12,vacuum_cleaner_004,yes,5,5,5,functionality,2,5,vacuum_cleaner,4,vacuum_cleaner_004.png,FLUX.2-klein-base-9B
R12,sneakers_001,yes,4,5,5,aesthetics,4,5,sneakers,1,sneakers_001.png,FLUX.2-klein-base-9B
R12,electric_kettle_017,yes,5,5,5,functionality,2,5,electric_kettle,17,electric_kettle_017.png,FLUX.2-klein-base-9B
R12,sneakers_010,partial,2,4,5,usability,4,4,sneakers,10,sneakers_010.png,FLUX.2-klein-base-9B
R12,lounge_chair_015,yes,5,5,5,usability,5,5,lounge_chair,15,lounge_chair_015.png,FLUX.2-klein-base-9B
R12,sports_car_024,yes,5,5,5,aesthetics,5,5,sports_car,24,sports_car_024.png,FLUX.2-klein-base-9B
R12,lounge_chair_001,yes,4,5,5,aesthetics,5,5,lounge_chair,1,lounge_chair_001.png,FLUX.2-klein-base-9B
R12,sneakers_024,yes,5,5,4,functionality,2,5,sneakers,24,sneakers_024.png,FLUX.2-klein-base-9B
R12,early_automobile_003,yes,5,5,5,symbolism,5,5,early_automobile,3,early_automobile_003.png,FLUX.2-klein-base-9B
R12,desk_lamp_014,yes,5,5,5,aesthetics,5,5,desk_lamp,14,desk_lamp_014.png,FLUX.2-klein-base-9B
R12,sports_car_022,yes,4,5,5,aesthetics,5,5,sports_car,22,sports_car_022.png,FLUX.2-klein-base-9B
R12,vacuum_cleaner_020,yes,5,5,4,functionality,1,5,vacuum_cleaner,20,vacuum_cleaner_020.png,FLUX.2-klein-base-9B
R12,electric_kettle_019,yes,5,5,5,functionality,2,5,electric_kettle,19,electric_kettle_019.png,FLUX.2-klein-base-9B
R12,desk_lamp_012,yes,5,5,5,aesthetics,5,5,desk_lamp,12,desk_lamp_012.png,FLUX.2-klein-base-9B
R12,desk_lamp_011,yes,4,5,4,functionality,3,5,desk_lamp,11,desk_lamp_011.png,FLUX.2-klein-base-9B
R12,sneakers_017,yes,5,5,5,aesthetics,5,5,sneakers,17,sneakers_017.png,FLUX.2-klein-base-9B
R12,early_automobile_005,yes,5,5,4,symbolism,4,5,early_automobile,5,early_automobile_005.png,FLUX.2-klein-base-9B
R12,broom_025,yes,4,5,5,symbolism,4,5,broom,25,broom_025.png,FLUX.2-klein-base-9B
R12,lounge_chair_017,yes,5,5,5,usability,5,5,lounge_chair,17,lounge_chair_017.png,FLUX.2-klein-base-9B
R12,early_automobile_013,yes,5,5,5,symbolism,5,5,early_automobile,13,early_automobile_013.png,FLUX.2-klein-base-9B
R12,electric_kettle_011,yes,5,5,5,functionality,2,5,electric_kettle,11,electric_kettle_011.png,FLUX.2-klein-base-9B
R12,vacuum_cleaner_014,yes,4,5,5,usability,2,4,vacuum_cleaner,14,vacuum_cleaner_014.png,FLUX.2-klein-base-9B
R12,early_automobile_025,yes,5,5,5,aesthetics,5,5,early_automobile,25,early_automobile_025.png,FLUX.2-klein-base-9B
R12,electric_kettle_009,yes,5,5,5,functionality,4,4,electric_kettle,9,electric_kettle_009.png,FLUX.2-klein-base-9B
R12,broom_022,yes,5,5,5,functionality,5,4,broom,22,broom_022.png,FLUX.2-klein-base-9B
R12,vacuum_cleaner_011,yes,4,5,5,unclear,1,4,vacuum_cleaner,11,vacuum_cleaner_011.png,FLUX.2-klein-base-9B
R12,electric_kettle_012,yes,5,5,5,functionality,3,5,electric_kettle,12,electric_kettle_012.png,FLUX.2-klein-base-9B
R12,sports_car_021,yes,5,5,5,aesthetics,4,5,sports_car,21,sports_car_021.png,FLUX.2-klein-base-9B
R12,early_automobile_016,yes,5,5,5,symbolism,5,4,early_automobile,16,early_automobile_016.png,FLUX.2-klein-base-9B
R12,early_automobile_020,yes,5,5,5,symbolism,5,5,early_automobile,20,early_automobile_020.png,FLUX.2-klein-base-9B
R12,sneakers_006,yes,2,4,5,aesthetics,5,4,sneakers,6,sneakers_006.png,FLUX.2-klein-base-9B
R12,sports_car_015,yes,5,5,5,aesthetics,5,5,sports_car,15,sports_car_015.png,FLUX.2-klein-base-9B
R12,early_automobile_014,yes,4,5,5,symbolism,5,5,early_automobile,14,early_automobile_014.png,FLUX.2-klein-base-9B
R12,vacuum_cleaner_023,yes,4,5,5,usability,3,4,vacuum_cleaner,23,vacuum_cleaner_023.png,FLUX.2-klein-base-9B
R12,sports_car_007,yes,5,5,4,aesthetics,5,4,sports_car,7,sports_car_007.png,FLUX.2-klein-base-9B
R12,broom_018,yes,4,5,5,functionality,1,5,broom,18,broom_018.png,FLUX.2-klein-base-9B
R12,desk_lamp_006,partial,2,4,5,aesthetics,4,2,desk_lamp,6,desk_lamp_006.png,FLUX.2-klein-base-9B
R12,lounge_chair_024,yes,4,5,5,aesthetics,5,4,lounge_chair,24,lounge_chair_024.png,FLUX.2-klein-base-9B
R12,lounge_chair_005,yes,5,5,5,usability,4,5,lounge_chair,5,lounge_chair_005.png,FLUX.2-klein-base-9B
R12,desk_lamp_007,yes,5,5,5,functionality,2,5,desk_lamp,7,desk_lamp_007.png,FLUX.2-klein-base-9B
R12,vacuum_cleaner_009,yes,5,5,5,functionality,2,4,vacuum_cleaner,9,vacuum_cleaner_009.png,FLUX.2-klein-base-9B
R12,sports_car_019,yes,5,5,5,aesthetics,5,5,sports_car,19,sports_car_019.png,FLUX.2-klein-base-9B
R12,desk_lamp_005,yes,4,5,5,aesthetics,5,5,desk_lamp,5,desk_lamp_005.png,FLUX.2-klein-base-9B
R12,broom_021,yes,5,5,5,symbolism,4,5,broom,21,broom_021.png,FLUX.2-klein-base-9B
R12,desk_lamp_022,yes,4,5,4,aesthetics,5,4,desk_lamp,22,desk_lamp_022.png,FLUX.2-klein-base-9B
R12,sports_car_003,yes,5,5,5,aesthetics,5,5,sports_car,3,sports_car_003.png,FLUX.2-klein-base-9B
R12,desk_lamp_002,yes,5,5,5,functionality,4,5,desk_lamp,2,desk_lamp_002.png,FLUX.2-klein-base-9B
R12,sneakers_009,yes,5,5,4,functionality,3,5,sneakers,9,sneakers_009.png,FLUX.2-klein-base-9B
R12,sneakers_018,yes,5,5,4,aesthetics,5,4,sneakers,18,sneakers_018.png,FLUX.2-klein-base-9B
R12,vacuum_cleaner_019,yes,4,5,5,functionality,1,4,vacuum_cleaner,19,vacuum_cleaner_019.png,FLUX.2-klein-base-9B
R12,broom_002,yes,2,5,5,symbolism,4,2,broom,2,broom_002.png,FLUX.2-klein-base-9B
R12,broom_020,yes,5,5,5,functionality,2,5,broom,20,broom_020.png,FLUX.2-klein-base-9B
R12,sports_car_002,yes,5,5,5,aesthetics,5,5,sports_car,2,sports_car_002.png,FLUX.2-klein-base-9B
R12,desk_lamp_024,yes,5,5,5,aesthetics,5,4,desk_lamp,24,desk_lamp_024.png,FLUX.2-klein-base-9B
R12,desk_lamp_013,yes,5,5,3,functionality,1,5,desk_lamp,13,desk_lamp_013.png,FLUX.2-klein-base-9B
R12,lounge_chair_002,yes,5,5,5,usability,5,5,lounge_chair,2,lounge_chair_002.png,FLUX.2-klein-base-9B
R12,lounge_chair_025,yes,2,5,5,aesthetics,5,4,lounge_chair,25,lounge_chair_025.png,FLUX.2-klein-base-9B
R12,sports_car_012,yes,4,5,5,aesthetics,5,5,sports_car,12,sports_car_012.png,FLUX.2-klein-base-9B
R12,vacuum_cleaner_015,yes,5,5,5,usability,4,4,vacuum_cleaner,15,vacuum_cleaner_015.png,FLUX.2-klein-base-9B
R12,sports_car_011,yes,5,5,5,aesthetics,5,5,sports_car,11,sports_car_011.png,FLUX.2-klein-base-9B
R12,sneakers_023,yes,5,5,5,usability,4,5,sneakers,23,sneakers_023.png,FLUX.2-klein-base-9B
R12,desk_lamp_015,yes,4,5,5,aesthetics,5,4,desk_lamp,15,desk_lamp_015.png,FLUX.2-klein-base-9B
R12,broom_024,yes,5,5,5,functionality,1,5,broom,24,broom_024.png,FLUX.2-klein-base-9B
R12,vacuum_cleaner_017,yes,4,5,5,symbolism,1,2,vacuum_cleaner,17,vacuum_cleaner_017.png,FLUX.2-klein-base-9B
R12,lounge_chair_006,yes,5,5,5,aesthetics,5,5,lounge_chair,6,lounge_chair_006.png,FLUX.2-klein-base-9B
R12,broom_017,yes,5,5,5,functionality,1,5,broom,17,broom_017.png,FLUX.2-klein-base-9B
R12,desk_lamp_016,yes,5,5,5,functionality,2,5,desk_lamp,16,desk_lamp_016.png,FLUX.2-klein-base-9B
R12,sneakers_016,yes,5,5,5,aesthetics,5,5,sneakers,16,sneakers_016.png,FLUX.2-klein-base-9B
R12,electric_kettle_007,yes,5,5,5,usability,3,5,electric_kettle,7,electric_kettle_007.png,FLUX.2-klein-base-9B
R12,broom_013,yes,5,5,5,aesthetics,5,5,broom,13,broom_013.png,FLUX.2-klein-base-9B
R12,early_automobile_001,yes,5,5,5,symbolism,5,5,early_automobile,1,early_automobile_001.png,FLUX.2-klein-base-9B
R12,broom_010,yes,4,5,5,aesthetics,4,2,broom,10,broom_010.png,FLUX.2-klein-base-9B
R12,electric_kettle_013,yes,5,5,5,functionality,2,4,electric_kettle,13,electric_kettle_013.png,FLUX.2-klein-base-9B
R12,desk_lamp_004,yes,5,5,5,functionality,2,5,desk_lamp,4,desk_lamp_004.png,FLUX.2-klein-base-9B
R12,sneakers_020,yes,5,5,5,usability,5,5,sneakers,20,sneakers_020.png,FLUX.2-klein-base-9B
R12,lounge_chair_009,yes,5,5,5,usability,5,5,lounge_chair,9,lounge_chair_009.png,FLUX.2-klein-base-9B
R12,early_automobile_017,yes,5,5,5,symbolism,4,5,early_automobile,17,early_automobile_017.png,FLUX.2-klein-base-9B
R12,lounge_chair_019,yes,5,5,5,functionality,2,5,lounge_chair,19,lounge_chair_019.png,FLUX.2-klein-base-9B
R12,early_automobile_002,yes,5,5,5,aesthetics,5,5,early_automobile,2,early_automobile_002.png,FLUX.2-klein-base-9B
R12,early_automobile_009,yes,5,5,3,symbolism,4,5,early_automobile,9,early_automobile_009.png,FLUX.2-klein-base-9B
R12,sneakers_022,yes,5,5,5,aesthetics,5,5,sneakers,22,sneakers_022.png,FLUX.2-klein-base-9B
R12,early_automobile_011,yes,4,5,5,symbolism,4,5,early_automobile,11,early_automobile_011.png,FLUX.2-klein-base-9B
R12,electric_kettle_018,yes,5,5,5,functionality,1,4,electric_kettle,18,electric_kettle_018.png,FLUX.2-klein-base-9B
R12,electric_kettle_020,yes,5,5,5,functionality,1,5,electric_kettle,20,electric_kettle_020.png,FLUX.2-klein-base-9B
R12,electric_kettle_005,yes,4,5,5,functionality,2,5,electric_kettle,5,electric_kettle_005.png,FLUX.2-klein-base-9B
R12,desk_lamp_021,yes,5,5,5,aesthetics,3,5,desk_lamp,21,desk_lamp_021.png,FLUX.2-klein-base-9B
R12,sneakers_015,yes,4,5,4,aesthetics,5,5,sneakers,15,sneakers_015.png,FLUX.2-klein-base-9B
R12,lounge_chair_003,yes,5,5,5,usability,4,5,lounge_chair,3,lounge_chair_003.png,FLUX.2-klein-base-9B
R12,sneakers_014,yes,5,5,5,usability,4,5,sneakers,14,sneakers_014.png,FLUX.2-klein-base-9B
R12,vacuum_cleaner_025,no,1,1,4,symbolism,5,2,vacuum_cleaner,25,vacuum_cleaner_025.png,FLUX.2-klein-base-9B
R12,lounge_chair_018,yes,4,5,5,usability,4,4,lounge_chair,18,lounge_chair_018.png,FLUX.2-klein-base-9B
R12,early_automobile_008,yes,4,5,5,symbolism,4,4,early_automobile,8,early_automobile_008.png,FLUX.2-klein-base-9B
R12,sneakers_008,yes,5,5,4,usability,4,5,sneakers,8,sneakers_008.png,FLUX.2-klein-base-9B
R12,early_automobile_012,yes,5,5,5,symbolism,4,5,early_automobile,12,early_automobile_012.png,FLUX.2-klein-base-9B
R12,sports_car_006,yes,4,5,5,aesthetics,5,4,sports_car,6,sports_car_006.png,FLUX.2-klein-base-9B
R12,vacuum_cleaner_024,yes,3,5,5,functionality,1,3,vacuum_cleaner,24,vacuum_cleaner_024.png,FLUX.2-klein-base-9B
R12,lounge_chair_007,yes,5,5,5,aesthetics,5,4,lounge_chair,7,lounge_chair_007.png,FLUX.2-klein-base-9B
R12,sports_car_009,yes,4,5,5,usability,5,5,sports_car,9,sports_car_009.png,FLUX.2-klein-base-9B
R12,vacuum_cleaner_022,partial,2,4,4,unclear,4,1,vacuum_cleaner,22,vacuum_cleaner_022.png,FLUX.2-klein-base-9B
R12,lounge_chair_021,yes,5,5,4,aesthetics,5,5,lounge_chair,21,lounge_chair_021.png,FLUX.2-klein-base-9B
R12,broom_015,yes,5,5,4,functionality,1,5,broom,15,broom_015.png,FLUX.2-klein-base-9B
R12,early_automobile_023,yes,4,5,4,symbolism,5,5,early_automobile,23,early_automobile_023.png,FLUX.2-klein-base-9B
R12,electric_kettle_024,yes,5,5,5,functionality,1,5,electric_kettle,24,electric_kettle_024.png,FLUX.2-klein-base-9B
R12,broom_007,yes,5,5,5,functionality,1,5,broom,7,broom_007.png,FLUX.2-klein-base-9B
R12,early_automobile_024,yes,5,5,5,symbolism,4,5,early_automobile,24,early_automobile_024.png,FLUX.2-klein-base-9B
R12,broom_004,yes,4,5,5,functionality,1,5,broom,4,broom_004.png,FLUX.2-klein-base-9B
R12,vacuum_cleaner_005,yes,4,5,4,usability,3,4,vacuum_cleaner,5,vacuum_cleaner_005.png,FLUX.2-klein-base-9B
R12,early_automobile_007,yes,5,5,5,aesthetics,5,5,early_automobile,7,early_automobile_007.png,FLUX.2-klein-base-9B
R12,electric_kettle_015,yes,5,5,5,aesthetics,4,5,electric_kettle,15,electric_kettle_015.png,FLUX.2-klein-base-9B
R12,desk_lamp_008,yes,5,5,5,functionality,2,5,desk_lamp,8,desk_lamp_008.png,FLUX.2-klein-base-9B
R12,electric_kettle_003,yes,5,5,5,aesthetics,3,4,electric_kettle,3,electric_kettle_003.png,FLUX.2-klein-base-9B
R12,broom_009,no,3,1,5,unclear,2,1,broom,9,broom_009.png,FLUX.2-klein-base-9B
R12,lounge_chair_011,yes,5,5,5,usability,4,5,lounge_chair,11,lounge_chair_011.png,FLUX.2-klein-base-9B
R12,sports_car_008,yes,4,5,5,aesthetics,5,5,sports_car,8,sports_car_008.png,FLUX.2-klein-base-9B
R12,electric_kettle_006,yes,5,5,5,functionality,2,5,electric_kettle,6,electric_kettle_006.png,FLUX.2-klein-base-9B
R12,broom_011,no,3,1,5,symbolism,4,1,broom,11,broom_011.png,FLUX.2-klein-base-9B
R12,early_automobile_015,yes,5,5,4,symbolism,5,5,early_automobile,15,early_automobile_015.png,FLUX.2-klein-base-9B
R12,desk_lamp_018,yes,5,5,5,functionality,2,5,desk_lamp,18,desk_lamp_018.png,FLUX.2-klein-base-9B
R12,sports_car_010,yes,5,5,5,aesthetics,5,4,sports_car,10,sports_car_010.png,FLUX.2-klein-base-9B
R12,vacuum_cleaner_010,yes,4,5,4,usability,2,3,vacuum_cleaner,10,vacuum_cleaner_010.png,FLUX.2-klein-base-9B
R12,broom_014,yes,5,4,4,functionality,2,5,broom,14,broom_014.png,FLUX.2-klein-base-9B
R12,sneakers_011,yes,5,5,5,aesthetics,5,5,sneakers,11,sneakers_011.png,FLUX.2-klein-base-9B
R12,electric_kettle_025,yes,4,5,4,functionality,1,5,electric_kettle,25,electric_kettle_025.png,FLUX.2-klein-base-9B
R12,electric_kettle_010,yes,5,5,5,functionality,1,5,electric_kettle,10,electric_kettle_010.png,FLUX.2-klein-base-9B
R12,vacuum_cleaner_007,yes,4,5,4,functionality,2,2,vacuum_cleaner,7,vacuum_cleaner_007.png,FLUX.2-klein-base-9B
R12,vacuum_cleaner_013,yes,5,5,5,aesthetics,4,5,vacuum_cleaner,13,vacuum_cleaner_013.png,FLUX.2-klein-base-9B
R12,sneakers_002,yes,5,5,5,usability,3,5,sneakers,2,sneakers_002.png,FLUX.2-klein-base-9B
R12,sports_car_025,yes,4,5,4,aesthetics,4,5,sports_car,25,sports_car_025.png,FLUX.2-klein-base-9B
R12,broom_001,yes,5,5,5,functionality,1,5,broom,1,broom_001.png,FLUX.2-klein-base-9B
R12,sneakers_003,yes,5,5,4,aesthetics,4,5,sneakers,3,sneakers_003.png,FLUX.2-klein-base-9B
R12,lounge_chair_004,yes,5,5,5,aesthetics,4,5,lounge_chair,4,lounge_chair_004.png,FLUX.2-klein-base-9B
R12,desk_lamp_020,yes,5,5,4,aesthetics,5,4,desk_lamp,20,desk_lamp_020.png,FLUX.2-klein-base-9B
R12,lounge_chair_012,yes,5,5,5,functionality,3,5,lounge_chair,12,lounge_chair_012.png,FLUX.2-klein-base-9B
R12,sneakers_012,yes,4,5,5,usability,4,5,sneakers,12,sneakers_012.png,FLUX.2-klein-base-9B
R12,vacuum_cleaner_021,yes,5,5,5,aesthetics,3,4,vacuum_cleaner,21,vacuum_cleaner_021.png,FLUX.2-klein-base-9B
R12,sports_car_005,yes,5,5,5,aesthetics,5,5,sports_car,5,sports_car_005.png,FLUX.2-klein-base-9B
R12,desk_lamp_019,yes,5,5,5,aesthetics,3,5,desk_lamp,19,desk_lamp_019.png,FLUX.2-klein-base-9B
R12,vacuum_cleaner_012,yes,4,5,5,functionality,1,4,vacuum_cleaner,12,vacuum_cleaner_012.png,FLUX.2-klein-base-9B
R12,sports_car_016,yes,5,5,5,aesthetics,5,5,sports_car,16,sports_car_016.png,FLUX.2-klein-base-9B
R12,broom_023,yes,5,4,5,functionality,1,4,broom,23,broom_023.png,FLUX.2-klein-base-9B
R12,sneakers_013,partial,1,2,4,unclear,3,1,sneakers,13,sneakers_013.png,FLUX.2-klein-base-9B
R12,electric_kettle_022,yes,5,5,5,functionality,1,4,electric_kettle,22,electric_kettle_022.png,FLUX.2-klein-base-9B
R12,early_automobile_010,yes,5,5,5,aesthetics,5,5,early_automobile,10,early_automobile_010.png,FLUX.2-klein-base-9B
R12,vacuum_cleaner_018,yes,4,5,5,usability,3,4,vacuum_cleaner,18,vacuum_cleaner_018.png,FLUX.2-klein-base-9B
R12,broom_008,yes,5,5,5,functionality,1,4,broom,8,broom_008.png,FLUX.2-klein-base-9B
R12,sports_car_001,yes,5,5,5,aesthetics,5,5,sports_car,1,sports_car_001.png,FLUX.2-klein-base-9B
R13,vacuum_cleaner_006,yes,4,5,5,functionality,1,4,vacuum_cleaner,6,vacuum_cleaner_006.png,FLUX.2-klein-base-9B
R13,electric_kettle_018,yes,4,5,5,usability,3,5,electric_kettle,18,electric_kettle_018.png,FLUX.2-klein-base-9B
R13,desk_lamp_001,partial,2,3,5,aesthetics,4,2,desk_lamp,1,desk_lamp_001.png,FLUX.2-klein-base-9B
R13,sports_car_020,yes,3,5,5,aesthetics,3,4,sports_car,20,sports_car_020.png,FLUX.2-klein-base-9B
R13,broom_013,yes,5,5,5,functionality,1,5,broom,13,broom_013.png,FLUX.2-klein-base-9B
R13,vacuum_cleaner_022,yes,3,5,5,functionality,1,3,vacuum_cleaner,22,vacuum_cleaner_022.png,FLUX.2-klein-base-9B
R13,lounge_chair_023,yes,4,5,5,usability,3,5,lounge_chair,23,lounge_chair_023.png,FLUX.2-klein-base-9B
R13,broom_011,no,3,1,5,unclear,3,1,broom,11,broom_011.png,FLUX.2-klein-base-9B
R13,early_automobile_012,yes,4,5,5,symbolism,3,5,early_automobile,12,early_automobile_012.png,FLUX.2-klein-base-9B
R13,vacuum_cleaner_012,yes,3,5,5,functionality,2,5,vacuum_cleaner,12,vacuum_cleaner_012.png,FLUX.2-klein-base-9B
R13,early_automobile_015,yes,4,5,5,symbolism,3,4,early_automobile,15,early_automobile_015.png,FLUX.2-klein-base-9B
R13,early_automobile_007,yes,4,5,5,symbolism,2,5,early_automobile,7,early_automobile_007.png,FLUX.2-klein-base-9B
R13,broom_006,yes,4,5,5,functionality,1,5,broom,6,broom_006.png,FLUX.2-klein-base-9B
R13,electric_kettle_001,yes,4,5,5,functionality,1,5,electric_kettle,1,electric_kettle_001.png,FLUX.2-klein-base-9B
R13,lounge_chair_004,yes,4,5,5,usability,3,5,lounge_chair,4,lounge_chair_004.png,FLUX.2-klein-base-9B
R13,lounge_chair_003,yes,5,5,5,aesthetics,4,5,lounge_chair,3,lounge_chair_003.png,FLUX.2-klein-base-9B
R13,sports_car_023,yes,3,5,5,aesthetics,4,4,sports_car,23,sports_car_023.png,FLUX.2-klein-base-9B
R13,electric_kettle_013,yes,4,5,5,functionality,1,5,electric_kettle,13,electric_kettle_013.png,FLUX.2-klein-base-9B
R13,vacuum_cleaner_020,yes,4,5,5,functionality,1,5,vacuum_cleaner,20,vacuum_cleaner_020.png,FLUX.2-klein-base-9B
R13,sneakers_010,partial,2,4,5,usability,3,3,sneakers,10,sneakers_010.png,FLUX.2-klein-base-9B
R13,sneakers_007,yes,3,5,5,aesthetics,3,5,sneakers,7,sneakers_007.png,FLUX.2-klein-base-9B
R13,desk_lamp_014,yes,4,5,5,aesthetics,4,5,desk_lamp,14,desk_lamp_014.png,FLUX.2-klein-base-9B
R13,sports_car_011,yes,3,5,5,aesthetics,4,5,sports_car,11,sports_car_011.png,FLUX.2-klein-base-9B
R13,early_automobile_021,yes,5,5,5,symbolism,4,5,early_automobile,21,early_automobile_021.png,FLUX.2-klein-base-9B
R13,sneakers_025,yes,4,5,5,functionality,3,5,sneakers,25,sneakers_025.png,FLUX.2-klein-base-9B
R13,electric_kettle_017,yes,4,5,5,functionality,2,5,electric_kettle,17,electric_kettle_017.png,FLUX.2-klein-base-9B
R13,electric_kettle_007,yes,4,5,5,usability,2,5,electric_kettle,7,electric_kettle_007.png,FLUX.2-klein-base-9B
R13,vacuum_cleaner_008,yes,3,5,5,functionality,1,5,vacuum_cleaner,8,vacuum_cleaner_008.png,FLUX.2-klein-base-9B
R13,desk_lamp_011,yes,4,5,5,functionality,3,5,desk_lamp,11,desk_lamp_011.png,FLUX.2-klein-base-9B
R13,sneakers_012,yes,3,5,5,usability,2,5,sneakers,12,sneakers_012.png,FLUX.2-klein-base-9B
R13,electric_kettle_023,yes,4,5,5,functionality,2,5,electric_kettle,23,electric_kettle_023.png,FLUX.2-klein-base-9B
R13,broom_001,yes,4,5,5,functionality,1,5,broom,1,broom_001.png,FLUX.2-klein-base-9B
R13,lounge_chair_002,yes,4,5,5,usability,4,5,lounge_chair,2,lounge_chair_002.png,FLUX.2-klein-base-9B
R13,lounge_chair_020,yes,4,5,5,aesthetics,4,5,lounge_chair,20,lounge_chair_020.png,FLUX.2-klein-base-9B
R13,vacuum_cleaner_003,yes,2,5,5,functionality,1,2,vacuum_cleaner,3,vacuum_cleaner_003.png,FLUX.2-klein-base-9B
R13,desk_lamp_019,yes,4,5,5,aesthetics,4,5,desk_lamp,19,desk_lamp_019.png,FLUX.2-klein-base-9B
R13,sports_car_015,yes,4,5,5,symbolism,3,5,sports_car,15,sports_car_015.png,FLUX.2-klein-base-9B
R13,sports_car_024,yes,4,5,5,symbolism,4,5,sports_car,24,sports_car_024.png,FLUX.2-klein-base-9B
R13,sneakers_015,yes,3,5,5,functionality,2,5,sneakers,15,sneakers_015.png,FLUX.2-klein-base-9B
R13,sneakers_024,yes,4,5,5,functionality,2,5,sneakers,24,sneakers_024.png,FLUX.2-klein-base-9B
R13,vacuum_cleaner_021,yes,4,5,5,functionality,1,5,vacuum_cleaner,21,vacuum_cleaner_021.png,FLUX.2-klein-base-9B
R13,vacuum_cleaner_016,yes,3,5,5,functionality,1,4,vacuum_cleaner,16,vacuum_cleaner_016.png,FLUX.2-klein-base-9B
R13,sports_car_004,yes,4,5,5,aesthetics,4,5,sports_car,4,sports_car_004.png,FLUX.2-klein-base-9B
R13,electric_kettle_004,yes,4,5,5,functionality,1,5,electric_kettle,4,electric_kettle_004.png,FLUX.2-klein-base-9B
R13,early_automobile_010,yes,4,5,5,symbolism,4,5,early_automobile,10,early_automobile_010.png,FLUX.2-klein-base-9B
R13,early_automobile_017,yes,5,5,5,symbolism,3,5,early_automobile,17,early_automobile_017.png,FLUX.2-klein-base-9B
R13,desk_lamp_005,yes,3,5,5,aesthetics,4,5,desk_lamp,5,desk_lamp_005.png,FLUX.2-klein-base-9B
R13,vacuum_cleaner_017,yes,3,5,5,functionality,1,5,vacuum_cleaner,17,vacuum_cleaner_017.png,FLUX.2-klein-base-9B
R13,vacuum_cleaner_005,yes,3,5,5,functionality,1,5,vacuum_cleaner,5,vacuum_cleaner_005.png,FLUX.2-klein-base-9B
R13,desk_lamp_008,yes,5,5,5,aesthetics,4,5,desk_lamp,8,desk_lamp_008.png,FLUX.2-klein-base-9B
R13,early_automobile_018,partial,3,5,5,symbolism,4,2,early_automobile,18,early_automobile_018.png,FLUX.2-klein-base-9B
R13,broom_017,yes,4,5,5,functionality,1,5,broom,17,broom_017.png,FLUX.2-klein-base-9B
R13,electric_kettle_019,yes,4,5,5,functionality,1,5,electric_kettle,19,electric_kettle_019.png,FLUX.2-klein-base-9B
R13,early_automobile_016,yes,5,5,5,symbolism,4,5,early_automobile,16,early_automobile_016.png,FLUX.2-klein-base-9B
R13,vacuum_cleaner_001,yes,4,5,5,functionality,1,5,vacuum_cleaner,1,vacuum_cleaner_001.png,FLUX.2-klein-base-9B
R13,sneakers_014,yes,4,5,5,functionality,2,5,sneakers,14,sneakers_014.png,FLUX.2-klein-base-9B
R13,lounge_chair_018,yes,4,5,5,usability,3,4,lounge_chair,18,lounge_chair_018.png,FLUX.2-klein-base-9B
R13,lounge_chair_011,yes,5,5,5,usability,3,5,lounge_chair,11,lounge_chair_011.png,FLUX.2-klein-base-9B
R13,lounge_chair_012,yes,5,5,5,usability,3,5,lounge_chair,12,lounge_chair_012.png,FLUX.2-klein-base-9B
R13,sports_car_001,yes,4,5,5,symbolism,4,5,sports_car,1,sports_car_001.png,FLUX.2-klein-base-9B
R13,electric_kettle_016,yes,5,5,5,functionality,1,5,electric_kettle,16,electric_kettle_016.png,FLUX.2-klein-base-9B
R13,sports_car_022,yes,4,5,5,symbolism,4,5,sports_car,22,sports_car_022.png,FLUX.2-klein-base-9B
R13,sports_car_018,yes,4,5,5,symbolism,4,5,sports_car,18,sports_car_018.png,FLUX.2-klein-base-9B
R13,lounge_chair_024,yes,5,5,5,aesthetics,4,5,lounge_chair,24,lounge_chair_024.png,FLUX.2-klein-base-9B
R13,early_automobile_009,yes,4,5,5,symbolism,4,5,early_automobile,9,early_automobile_009.png,FLUX.2-klein-base-9B
R13,sneakers_018,yes,5,5,5,functionality,2,5,sneakers,18,sneakers_018.png,FLUX.2-klein-base-9B
R13,desk_lamp_003,yes,5,5,5,aesthetics,3,3,desk_lamp,3,desk_lamp_003.png,FLUX.2-klein-base-9B
R13,lounge_chair_017,yes,4,4,4,aesthetics,4,4,lounge_chair,17,lounge_chair_017.png,FLUX.2-klein-base-9B
R13,broom_002,partial,2,4,3,usability,2,3,broom,2,broom_002.png,FLUX.2-klein-base-9B
R13,broom_014,partial,4,3,4,functionality,1,3,broom,14,broom_014.png,FLUX.2-klein-base-9B
R13,sports_car_019,yes,5,4,5,aesthetics,4,5,sports_car,19,sports_car_019.png,FLUX.2-klein-base-9B
R13,sports_car_010,yes,5,4,5,aesthetics,4,4,sports_car,10,sports_car_010.png,FLUX.2-klein-base-9B
R13,lounge_chair_008,yes,2,3,4,aesthetics,2,2,lounge_chair,8,lounge_chair_008.png,FLUX.2-klein-base-9B
R13,sports_car_002,yes,4,4,4,aesthetics,4,4,sports_car,2,sports_car_002.png,FLUX.2-klein-base-9B
R13,broom_009,no,3,2,4,symbolism,3,2,broom,9,broom_009.png,FLUX.2-klein-base-9B
R13,sneakers_019,yes,4,4,4,symbolism,3,5,sneakers,19,sneakers_019.png,FLUX.2-klein-base-9B
R13,lounge_chair_021,yes,5,4,5,functionality,2,3,lounge_chair,21,lounge_chair_021.png,FLUX.2-klein-base-9B
R13,electric_kettle_002,yes,5,5,4,functionality,3,3,electric_kettle,2,electric_kettle_002.png,FLUX.2-klein-base-9B
R13,desk_lamp_025,yes,5,4,5,usability,3,4,desk_lamp,25,desk_lamp_025.png,FLUX.2-klein-base-9B
R13,electric_kettle_025,yes,5,5,4,functionality,2,5,electric_kettle,25,electric_kettle_025.png,FLUX.2-klein-base-9B
R13,sports_car_017,yes,5,5,4,symbolism,4,5,sports_car,17,sports_car_017.png,FLUX.2-klein-base-9B
R13,desk_lamp_006,partial,3,2,4,functionality,3,2,desk_lamp,6,desk_lamp_006.png,FLUX.2-klein-base-9B
R13,sports_car_016,yes,5,4,4,functionality,4,4,sports_car,16,sports_car_016.png,FLUX.2-klein-base-9B
R13,sneakers_013,partial,1,3,4,usability,2,3,sneakers,13,sneakers_013.png,FLUX.2-klein-base-9B
R13,broom_004,yes,4,5,4,functionality,2,5,broom,4,broom_004.png,FLUX.2-klein-base-9B
R13,desk_lamp_021,yes,4,5,5,usability,3,4,desk_lamp,21,desk_lamp_021.png,FLUX.2-klein-base-9B
R13,vacuum_cleaner_023,yes,3,4,5,usability,3,3,vacuum_cleaner,23,vacuum_cleaner_023.png,FLUX.2-klein-base-9B
R13,vacuum_cleaner_019,yes,5,4,5,functionality,2,4,vacuum_cleaner,19,vacuum_cleaner_019.png,FLUX.2-klein-base-9B
R13,electric_kettle_024,yes,5,5,5,functionality,2,4,electric_kettle,24,electric_kettle_024.png,FLUX.2-klein-base-9B
R13,vacuum_cleaner_004,yes,5,4,4,functionality,3,4,vacuum_cleaner,4,vacuum_cleaner_004.png,FLUX.2-klein-base-9B
R13,broom_010,no,2,2,4,aesthetics,2,3,broom,10,broom_010.png,FLUX.2-klein-base-9B
R13,desk_lamp_020,partial,4,4,4,usability,3,3,desk_lamp,20,desk_lamp_020.png,FLUX.2-klein-base-9B
R13,lounge_chair_009,yes,3,4,4,functionality,4,4,lounge_chair,9,lounge_chair_009.png,FLUX.2-klein-base-9B
R13,lounge_chair_013,partial,4,4,4,functionality,3,3,lounge_chair,13,lounge_chair_013.png,FLUX.2-klein-base-9B
R13,vacuum_cleaner_002,yes,5,4,5,functionality,1,4,vacuum_cleaner,2,vacuum_cleaner_002.png,FLUX.2-klein-base-9B
R13,electric_kettle_005,yes,4,5,5,functionality,3,5,electric_kettle,5,electric_kettle_005.png,FLUX.2-klein-base-9B
R13,sneakers_020,yes,4,5,4,usability,3,5,sneakers,20,sneakers_020.png,FLUX.2-klein-base-9B
R13,electric_kettle_015,yes,4,4,5,unclear,3,3,electric_kettle,15,electric_kettle_015.png,FLUX.2-klein-base-9B
R13,electric_kettle_014,yes,5,4,4,functionality,2,4,electric_kettle,14,electric_kettle_014.png,FLUX.2-klein-base-9B
R13,sneakers_023,yes,5,4,4,functionality,2,4,sneakers,23,sneakers_023.png,FLUX.2-klein-base-9B
R13,broom_020,partial,5,4,4,functionality,3,3,broom,20,broom_020.png,FLUX.2-klein-base-9B
R13,broom_008,yes,4,4,5,functionality,2,4,broom,8,broom_008.png,FLUX.2-klein-base-9B
R13,sneakers_009,yes,5,5,5,functionality,4,4,sneakers,9,sneakers_009.png,FLUX.2-klein-base-9B
R13,broom_003,partial,3,2,4,functionality,1,2,broom,3,broom_003.png,FLUX.2-klein-base-9B
R13,early_automobile_013,yes,4,5,5,unclear,4,5,early_automobile,13,early_automobile_013.png,FLUX.2-klein-base-9B
R13,sneakers_004,yes,4,4,4,usability,3,5,sneakers,4,sneakers_004.png,FLUX.2-klein-base-9B
R13,electric_kettle_012,yes,4,4,4,functionality,1,4,electric_kettle,12,electric_kettle_012.png,FLUX.2-klein-base-9B
R13,sports_car_025,yes,4,5,5,aesthetics,4,5,sports_car,25,sports_car_025.png,FLUX.2-klein-base-9B
R13,lounge_chair_015,yes,5,4,4,functionality,3,5,lounge_chair,15,lounge_chair_015.png,FLUX.2-klein-base-9B
R13,early_automobile_001,yes,4,4,4,symbolism,3,4,early_automobile,1,early_automobile_001.png,FLUX.2-klein-base-9B
R13,desk_lamp_022,yes,3,3,4,unclear,4,3,desk_lamp,22,desk_lamp_022.png,FLUX.2-klein-base-9B
R13,sports_car_021,yes,5,4,4,aesthetics,4,4,sports_car,21,sports_car_021.png,FLUX.2-klein-base-9B
R13,broom_005,no,2,1,4,unclear,2,2,broom,5,broom_005.png,FLUX.2-klein-base-9B
R13,sneakers_011,partial,4,4,4,functionality,4,4,sneakers,11,sneakers_011.png,FLUX.2-klein-base-9B
R13,sneakers_005,yes,1,4,5,usability,2,2,sneakers,5,sneakers_005.png,FLUX.2-klein-base-9B
R13,sneakers_002,yes,4,4,4,usability,3,4,sneakers,2,sneakers_002.png,FLUX.2-klein-base-9B
R13,desk_lamp_002,yes,4,5,4,functionality,3,4,desk_lamp,2,desk_lamp_002.png,FLUX.2-klein-base-9B
R13,broom_018,yes,4,5,4,functionality,2,3,broom,18,broom_018.png,FLUX.2-klein-base-9B
R13,lounge_chair_014,yes,4,4,4,functionality,4,4,lounge_chair,14,lounge_chair_014.png,FLUX.2-klein-base-9B
R13,desk_lamp_007,yes,5,4,5,functionality,3,4,desk_lamp,7,desk_lamp_007.png,FLUX.2-klein-base-9B
R13,lounge_chair_010,yes,4,4,5,usability,4,4,lounge_chair,10,lounge_chair_010.png,FLUX.2-klein-base-9B
R13,sports_car_014,yes,5,4,5,symbolism,4,3,sports_car,14,sports_car_014.png,FLUX.2-klein-base-9B
R13,desk_lamp_012,yes,5,5,4,functionality,4,4,desk_lamp,12,desk_lamp_012.png,FLUX.2-klein-base-9B
R13,electric_kettle_010,yes,5,5,4,functionality,1,5,electric_kettle,10,electric_kettle_010.png,FLUX.2-klein-base-9B
R13,sneakers_021,yes,3,4,5,unclear,4,4,sneakers,21,sneakers_021.png,FLUX.2-klein-base-9B
R13,lounge_chair_022,yes,4,5,5,usability,3,3,lounge_chair,22,lounge_chair_022.png,FLUX.2-klein-base-9B
R13,desk_lamp_004,yes,5,4,4,functionality,2,4,desk_lamp,4,desk_lamp_004.png,FLUX.2-klein-base-9B
R13,sneakers_006,yes,2,3,5,usability,3,3,sneakers,6,sneakers_006.png,FLUX.2-klein-base-9B
R13,early_automobile_008,yes,4,4,4,symbolism,3,3,early_automobile,8,early_automobile_008.png,FLUX.2-klein-base-9B
R13,early_automobile_002,yes,5,5,5,symbolism,3,4,early_automobile,2,early_automobile_002.png,FLUX.2-klein-base-9B
R13,early_automobile_004,yes,3,5,4,symbolism,4,4,early_automobile,4,early_automobile_004.png,FLUX.2-klein-base-9B
R13,lounge_chair_016,yes,4,4,4,usability,3,5,lounge_chair,16,lounge_chair_016.png,FLUX.2-klein-base-9B
R13,electric_kettle_009,yes,4,4,4,functionality,3,4,electric_kettle,9,electric_kettle_009.png,FLUX.2-klein-base-9B
R13,electric_kettle_021,yes,4,5,5,usability,2,4,electric_kettle,21,electric_kettle_021.png,FLUX.2-klein-base-9B
R13,broom_007,yes,4,4,5,functionality,2,5,broom,7,broom_007.png,FLUX.2-klein-base-9B
R13,early_automobile_005,yes,4,4,4,symbolism,4,4,early_automobile,5,early_automobile_005.png,FLUX.2-klein-base-9B
R13,sports_car_009,yes,4,4,4,functionality,4,4,sports_car,9,sports_car_009.png,FLUX.2-klein-base-9B
R13,electric_kettle_020,yes,5,5,4,functionality,2,4,electric_kettle,20,electric_kettle_020.png,FLUX.2-klein-base-9B
R13,sneakers_022,yes,4,5,4,symbolism,3,4,sneakers,22,sneakers_022.png,FLUX.2-klein-base-9B
R13,early_automobile_019,yes,4,3,4,symbolism,4,3,early_automobile,19,early_automobile_019.png,FLUX.2-klein-base-9B
R13,broom_022,yes,4,4,5,functionality,2,4,broom,22,broom_022.png,FLUX.2-klein-base-9B
R13,early_automobile_003,yes,4,5,5,symbolism,3,5,early_automobile,3,early_automobile_003.png,FLUX.2-klein-base-9B
R13,vacuum_cleaner_009,yes,4,4,4,functionality,3,4,vacuum_cleaner,9,vacuum_cleaner_009.png,FLUX.2-klein-base-9B
R13,electric_kettle_008,yes,5,4,4,functionality,1,4,electric_kettle,8,electric_kettle_008.png,FLUX.2-klein-base-9B
R13,lounge_chair_025,partial,3,4,3,usability,4,3,lounge_chair,25,lounge_chair_025.png,FLUX.2-klein-base-9B
R13,sports_car_012,partial,4,4,4,aesthetics,4,5,sports_car,12,sports_car_012.png,FLUX.2-klein-base-9B
R13,lounge_chair_005,yes,4,5,4,usability,2,4,lounge_chair,5,lounge_chair_005.png,FLUX.2-klein-base-9B
R13,early_automobile_014,yes,4,4,4,symbolism,3,4,early_automobile,14,early_automobile_014.png,FLUX.2-klein-base-9B
R13,desk_lamp_013,yes,4,5,5,functionality,2,5,desk_lamp,13,desk_lamp_013.png,FLUX.2-klein-base-9B
R13,early_automobile_025,yes,4,5,5,symbolism,3,5,early_automobile,25,early_automobile_025.png,FLUX.2-klein-base-9B
R13,broom_016,partial,4,3,4,unclear,2,3,broom,16,broom_016.png,FLUX.2-klein-base-9B
R13,broom_024,partial,4,3,4,functionality,2,4,broom,24,broom_024.png,FLUX.2-klein-base-9B
R13,broom_015,yes,4,5,4,functionality,2,4,broom,15,broom_015.png,FLUX.2-klein-base-9B
R13,early_automobile_006,yes,4,4,5,symbolism,3,4,early_automobile,6,early_automobile_006.png,FLUX.2-klein-base-9B
R13,broom_021,partial,4,3,4,unclear,2,4,broom,21,broom_021.png,FLUX.2-klein-base-9B
R13,sports_car_008,yes,4,5,5,aesthetics,4,4,sports_car,8,sports_car_008.png,FLUX.2-klein-base-9B
R13,vacuum_cleaner_025,partial,2,3,3,aesthetics,3,3,vacuum_cleaner,25,vacuum_cleaner_025.png,FLUX.2-klein-base-9B
R13,sports_car_003,yes,5,4,5,aesthetics,4,4,sports_car,3,sports_car_003.png,FLUX.2-klein-base-9B
R13,vacuum_cleaner_010,yes,2,4,4,usability,2,3,vacuum_cleaner,10,vacuum_cleaner_010.png,FLUX.2-klein-base-9B
R13,sports_car_005,yes,4,4,4,aesthetics,3,4,sports_car,5,sports_car_005.png,FLUX.2-klein-base-9B
R13,vacuum_cleaner_024,partial,4,4,4,functionality,2,4,vacuum_cleaner,24,vacuum_cleaner_024.png,FLUX.2-klein-base-9B
R13,desk_lamp_023,yes,3,5,5,functionality,3,4,desk_lamp,23,desk_lamp_023.png,FLUX.2-klein-base-9B
R13,vacuum_cleaner_018,yes,4,4,5,functionality,2,4,vacuum_cleaner,18,vacuum_cleaner_018.png,FLUX.2-klein-base-9B
R13,lounge_chair_001,yes,4,4,4,functionality,4,4,lounge_chair,1,lounge_chair_001.png,FLUX.2-klein-base-9B
R13,lounge_chair_019,yes,4,5,5,aesthetics,3,4,lounge_chair,19,lounge_chair_019.png,FLUX.2-klein-base-9B
R13,lounge_chair_007,yes,5,4,4,aesthetics,3,3,lounge_chair,7,lounge_chair_007.png,FLUX.2-klein-base-9B
R13,vacuum_cleaner_015,yes,4,4,5,functionality,3,4,vacuum_cleaner,15,vacuum_cleaner_015.png,FLUX.2-klein-base-9B
R13,early_automobile_023,yes,3,4,4,symbolism,3,4,early_automobile,23,early_automobile_023.png,FLUX.2-klein-base-9B
R13,sneakers_008,yes,4,4,4,functionality,3,3,sneakers,8,sneakers_008.png,FLUX.2-klein-base-9B
R13,desk_lamp_024,yes,3,5,5,aesthetics,3,3,desk_lamp,24,desk_lamp_024.png,FLUX.2-klein-base-9B
R13,sneakers_017,yes,5,4,4,aesthetics,4,4,sneakers,17,sneakers_017.png,FLUX.2-klein-base-9B
R13,sneakers_003,yes,5,5,5,usability,3,4,sneakers,3,sneakers_003.png,FLUX.2-klein-base-9B
R13,early_automobile_022,yes,5,5,5,functionality,3,4,early_automobile,22,early_automobile_022.png,FLUX.2-klein-base-9B
R13,desk_lamp_016,yes,3,5,4,functionality,2,4,desk_lamp,16,desk_lamp_016.png,FLUX.2-klein-base-9B
R13,electric_kettle_022,yes,5,5,5,functionality,2,5,electric_kettle,22,electric_kettle_022.png,FLUX.2-klein-base-9B
R13,desk_lamp_009,yes,5,4,4,aesthetics,3,4,desk_lamp,9,desk_lamp_009.png,FLUX.2-klein-base-9B
R13,desk_lamp_010,yes,5,5,4,functionality,3,4,desk_lamp,10,desk_lamp_010.png,FLUX.2-klein-base-9B
R13,sneakers_001,yes,5,5,5,functionality,3,5,sneakers,1,sneakers_001.png,FLUX.2-klein-base-9B
R13,electric_kettle_011,yes,4,5,5,functionality,2,5,electric_kettle,11,electric_kettle_011.png,FLUX.2-klein-base-9B
R13,broom_023,yes,5,4,5,functionality,2,4,broom,23,broom_023.png,FLUX.2-klein-base-9B
R13,broom_012,partial,3,3,5,usability,3,3,broom,12,broom_012.png,FLUX.2-klein-base-9B
R13,vacuum_cleaner_007,yes,4,4,3,functionality,3,4,vacuum_cleaner,7,vacuum_cleaner_007.png,FLUX.2-klein-base-9B
R13,broom_019,yes,4,5,4,usability,3,4,broom,19,broom_019.png,FLUX.2-klein-base-9B
R13,electric_kettle_006,yes,5,5,4,usability,1,4,electric_kettle,6,electric_kettle_006.png,FLUX.2-klein-base-9B
R13,sports_car_007,yes,5,5,5,aesthetics,4,3,sports_car,7,sports_car_007.png,FLUX.2-klein-base-9B
R13,lounge_chair_006,yes,5,5,4,functionality,3,4,lounge_chair,6,lounge_chair_006.png,FLUX.2-klein-base-9B
R13,desk_lamp_015,yes,3,3,5,aesthetics,4,4,desk_lamp,15,desk_lamp_015.png,FLUX.2-klein-base-9B
R13,desk_lamp_017,yes,4,5,4,usability,3,5,desk_lamp,17,desk_lamp_017.png,FLUX.2-klein-base-9B
R13,vacuum_cleaner_011,yes,3,4,4,unclear,2,3,vacuum_cleaner,11,vacuum_cleaner_011.png,FLUX.2-klein-base-9B
R13,vacuum_cleaner_014,yes,4,4,5,usability,2,4,vacuum_cleaner,14,vacuum_cleaner_014.png,FLUX.2-klein-base-9B
R13,vacuum_cleaner_013,yes,4,4,5,aesthetics,2,4,vacuum_cleaner,13,vacuum_cleaner_013.png,FLUX.2-klein-base-9B
R13,early_automobile_011,yes,3,5,5,symbolism,3,4,early_automobile,11,early_automobile_011.png,FLUX.2-klein-base-9B
R13,sports_car_006,yes,3,4,5,aesthetics,4,4,sports_car,6,sports_car_006.png,FLUX.2-klein-base-9B
R13,early_automobile_020,yes,5,4,4,symbolism,4,5,early_automobile,20,early_automobile_020.png,FLUX.2-klein-base-9B
R13,broom_025,partial,2,3,3,functionality,3,2,broom,25,broom_025.png,FLUX.2-klein-base-9B
R13,early_automobile_024,yes,5,4,4,functionality,3,5,early_automobile,24,early_automobile_024.png,FLUX.2-klein-base-9B
R13,sneakers_016,yes,5,5,5,functionality,3,5,sneakers,16,sneakers_016.png,FLUX.2-klein-base-9B
R13,sports_car_013,yes,4,5,5,aesthetics,4,4,sports_car,13,sports_car_013.png,FLUX.2-klein-base-9B
R13,electric_kettle_003,yes,5,4,4,aesthetics,3,4,electric_kettle,3,electric_kettle_003.png,FLUX.2-klein-base-9B
R13,desk_lamp_018,yes,4,4,5,functionality,2,4,desk_lamp,18,desk_lamp_018.png,FLUX.2-klein-base-9B
R14,lounge_chair_024,yes,4,5,4,usability,4,5,lounge_chair,24,lounge_chair_024.png,FLUX.2-klein-base-9B
R14,desk_lamp_003,yes,4,5,4,functionality,4,4,desk_lamp,3,desk_lamp_003.png,FLUX.2-klein-base-9B
R14,lounge_chair_017,yes,4,5,5,aesthetics,3,4,lounge_chair,17,lounge_chair_017.png,FLUX.2-klein-base-9B
R14,broom_002,yes,3,3,4,usability,1,3,broom,2,broom_002.png,FLUX.2-klein-base-9B
R14,broom_014,partial,4,3,4,functionality,3,3,broom,14,broom_014.png,FLUX.2-klein-base-9B
R14,electric_kettle_019,yes,5,5,5,functionality,2,4,electric_kettle,19,electric_kettle_019.png,FLUX.2-klein-base-9B
R14,sports_car_019,yes,4,5,4,aesthetics,5,5,sports_car,19,sports_car_019.png,FLUX.2-klein-base-9B
R14,early_automobile_018,partial,2,3,4,symbolism,4,4,early_automobile,18,early_automobile_018.png,FLUX.2-klein-base-9B
R14,sports_car_010,yes,4,5,4,aesthetics,4,4,sports_car,10,sports_car_010.png,FLUX.2-klein-base-9B
R14,lounge_chair_008,partial,3,3,3,usability,2,3,lounge_chair,8,lounge_chair_008.png,FLUX.2-klein-base-9B
R14,sports_car_002,yes,4,5,5,aesthetics,4,4,sports_car,2,sports_car_002.png,FLUX.2-klein-base-9B
R14,sneakers_007,partial,3,4,4,functionality,2,4,sneakers,7,sneakers_007.png,FLUX.2-klein-base-9B
R14,broom_009,no,3,2,4,unclear,2,1,broom,9,broom_009.png,FLUX.2-klein-base-9B
R14,desk_lamp_014,yes,5,5,5,aesthetics,3,4,desk_lamp,14,desk_lamp_014.png,FLUX.2-klein-base-9B
R14,early_automobile_007,yes,4,5,4,symbolism,4,4,early_automobile,7,early_automobile_007.png,FLUX.2-klein-base-9B
R14,sneakers_019,yes,5,4,5,functionality,3,4,sneakers,19,sneakers_019.png,FLUX.2-klein-base-9B
R14,lounge_chair_021,yes,4,5,4,functionality,3,4,lounge_chair,21,lounge_chair_021.png,FLUX.2-klein-base-9B
R14,electric_kettle_002,yes,5,4,4,usability,2,4,electric_kettle,2,electric_kettle_002.png,FLUX.2-klein-base-9B
R14,sneakers_012,yes,4,4,4,usability,3,4,sneakers,12,sneakers_012.png,FLUX.2-klein-base-9B
R14,vacuum_cleaner_006,yes,3,4,5,unclear,2,4,vacuum_cleaner,6,vacuum_cleaner_006.png,FLUX.2-klein-base-9B
R14,desk_lamp_025,yes,4,4,5,functionality,2,3,desk_lamp,25,desk_lamp_025.png,FLUX.2-klein-base-9B
R14,electric_kettle_025,yes,5,5,4,functionality,2,4,electric_kettle,25,electric_kettle_025.png,FLUX.2-klein-base-9B
R14,sports_car_017,yes,5,5,4,aesthetics,3,4,sports_car,17,sports_car_017.png,FLUX.2-klein-base-9B
R14,desk_lamp_006,partial,2,3,4,usability,3,2,desk_lamp,6,desk_lamp_006.png,FLUX.2-klein-base-9B
R14,early_automobile_016,yes,5,4,5,symbolism,4,4,early_automobile,16,early_automobile_016.png,FLUX.2-klein-base-9B
R14,sports_car_016,yes,5,4,5,aesthetics,3,4,sports_car,16,sports_car_016.png,FLUX.2-klein-base-9B
R14,sports_car_015,yes,4,4,5,aesthetics,4,4,sports_car,15,sports_car_015.png,FLUX.2-klein-base-9B
R14,early_automobile_009,yes,4,5,5,functionality,4,5,early_automobile,9,early_automobile_009.png,FLUX.2-klein-base-9B
R14,sneakers_013,partial,2,3,4,usability,3,2,sneakers,13,sneakers_013.png,FLUX.2-klein-base-9B
R14,lounge_chair_018,yes,4,5,5,functionality,3,3,lounge_chair,18,lounge_chair_018.png,FLUX.2-klein-base-9B
R14,broom_004,yes,5,4,4,functionality,2,5,broom,4,broom_004.png,FLUX.2-klein-base-9B
R14,desk_lamp_021,yes,4,5,5,functionality,3,4,desk_lamp,21,desk_lamp_021.png,FLUX.2-klein-base-9B
R14,vacuum_cleaner_023,yes,3,4,5,usability,3,3,vacuum_cleaner,23,vacuum_cleaner_023.png,FLUX.2-klein-base-9B
R14,desk_lamp_005,yes,4,4,4,aesthetics,4,4,desk_lamp,5,desk_lamp_005.png,FLUX.2-klein-base-9B
R14,sports_car_018,yes,5,5,4,symbolism,4,5,sports_car,18,sports_car_018.png,FLUX.2-klein-base-9B
R14,vacuum_cleaner_019,yes,3,4,5,functionality,3,3,vacuum_cleaner,19,vacuum_cleaner_019.png,FLUX.2-klein-base-9B
R14,electric_kettle_024,yes,5,4,5,functionality,3,4,electric_kettle,24,electric_kettle_024.png,FLUX.2-klein-base-9B
R14,vacuum_cleaner_004,yes,5,5,5,functionality,2,4,vacuum_cleaner,4,vacuum_cleaner_004.png,FLUX.2-klein-base-9B
R14,sports_car_004,yes,4,5,4,symbolism,4,4,sports_car,4,sports_car_004.png,FLUX.2-klein-base-9B
R14,broom_010,partial,3,3,4,functionality,2,3,broom,10,broom_010.png,FLUX.2-klein-base-9B
R14,desk_lamp_020,yes,4,3,5,aesthetics,3,4,desk_lamp,20,desk_lamp_020.png,FLUX.2-klein-base-9B
R14,lounge_chair_009,yes,4,4,5,usability,3,4,lounge_chair,9,lounge_chair_009.png,FLUX.2-klein-base-9B
R14,lounge_chair_013,partial,4,3,4,functionality,3,2,lounge_chair,13,lounge_chair_013.png,FLUX.2-klein-base-9B
R14,vacuum_cleaner_002,yes,4,5,5,functionality,2,5,vacuum_cleaner,2,vacuum_cleaner_002.png,FLUX.2-klein-base-9B
R14,electric_kettle_007,partial,4,4,4,functionality,2,4,electric_kettle,7,electric_kettle_007.png,FLUX.2-klein-base-9B
R14,sports_car_020,yes,3,4,5,symbolism,5,4,sports_car,20,sports_car_020.png,FLUX.2-klein-base-9B
R14,vacuum_cleaner_012,yes,5,4,4,functionality,3,4,vacuum_cleaner,12,vacuum_cleaner_012.png,FLUX.2-klein-base-9B
R14,electric_kettle_005,yes,5,4,5,functionality,2,4,electric_kettle,5,electric_kettle_005.png,FLUX.2-klein-base-9B
R14,sneakers_020,yes,4,4,5,functionality,2,4,sneakers,20,sneakers_020.png,FLUX.2-klein-base-9B
R14,electric_kettle_015,yes,3,5,4,aesthetics,3,3,electric_kettle,15,electric_kettle_015.png,FLUX.2-klein-base-9B
R14,electric_kettle_014,yes,5,5,4,functionality,2,4,electric_kettle,14,electric_kettle_014.png,FLUX.2-klein-base-9B
R14,sneakers_023,yes,4,4,5,symbolism,3,3,sneakers,23,sneakers_023.png,FLUX.2-klein-base-9B
R14,broom_020,yes,4,4,5,functionality,3,4,broom,20,broom_020.png,FLUX.2-klein-base-9B
R14,broom_008,yes,4,4,5,functionality,2,4,broom,8,broom_008.png,FLUX.2-klein-base-9B
R14,sneakers_009,yes,5,5,4,functionality,3,4,sneakers,9,sneakers_009.png,FLUX.2-klein-base-9B
R14,sports_car_022,yes,4,4,5,symbolism,4,5,sports_car,22,sports_car_022.png,FLUX.2-klein-base-9B
R14,broom_003,no,3,2,4,unclear,2,3,broom,3,broom_003.png,FLUX.2-klein-base-9B
R14,vacuum_cleaner_003,yes,2,4,4,usability,2,3,vacuum_cleaner,3,vacuum_cleaner_003.png,FLUX.2-klein-base-9B
R14,early_automobile_013,yes,4,4,4,functionality,4,5,early_automobile,13,early_automobile_013.png,FLUX.2-klein-base-9B
R14,sneakers_004,yes,4,4,5,functionality,3,5,sneakers,4,sneakers_004.png,FLUX.2-klein-base-9B
R14,electric_kettle_012,yes,4,4,5,functionality,2,4,electric_kettle,12,electric_kettle_012.png,FLUX.2-klein-base-9B
R14,sports_car_025,yes,5,5,5,aesthetics,4,4,sports_car,25,sports_car_025.png,FLUX.2-klein-base-9B
R14,early_automobile_017,yes,4,4,5,functionality,4,4,early_automobile,17,early_automobile_017.png,FLUX.2-klein-base-9B
R14,lounge_chair_015,yes,4,4,5,usability,2,5,lounge_chair,15,lounge_chair_015.png,FLUX.2-klein-base-9B
R14,sports_car_024,yes,5,5,5,aesthetics,3,4,sports_car,24,sports_car_024.png,FLUX.2-klein-base-9B
R14,early_automobile_001,yes,4,4,4,usability,3,4,early_automobile,1,early_automobile_001.png,FLUX.2-klein-base-9B
R14,desk_lamp_022,yes,4,4,4,aesthetics,4,4,desk_lamp,22,desk_lamp_022.png,FLUX.2-klein-base-9B
R14,sports_car_021,yes,5,5,5,aesthetics,5,4,sports_car,21,sports_car_021.png,FLUX.2-klein-base-9B
R14,broom_005,no,2,2,3,unclear,3,2,broom,5,broom_005.png,FLUX.2-klein-base-9B
R14,sneakers_011,yes,4,4,5,functionality,3,4,sneakers,11,sneakers_011.png,FLUX.2-klein-base-9B
R14,sneakers_005,partial,2,2,4,functionality,3,3,sneakers,5,sneakers_005.png,FLUX.2-klein-base-9B
R14,broom_006,yes,5,5,5,functionality,3,4,broom,6,broom_006.png,FLUX.2-klein-base-9B
R14,sneakers_002,yes,4,5,4,functionality,3,4,sneakers,2,sneakers_002.png,FLUX.2-klein-base-9B
R14,desk_lamp_002,yes,5,4,4,functionality,3,4,desk_lamp,2,desk_lamp_002.png,FLUX.2-klein-base-9B
R14,broom_018,yes,4,4,5,usability,2,3,broom,18,broom_018.png,FLUX.2-klein-base-9B
R14,lounge_chair_014,partial,5,3,4,functionality,3,4,lounge_chair,14,lounge_chair_014.png,FLUX.2-klein-base-9B
R14,desk_lamp_007,yes,4,4,4,functionality,3,5,desk_lamp,7,desk_lamp_007.png,FLUX.2-klein-base-9B
R14,lounge_chair_010,partial,3,4,4,aesthetics,3,4,lounge_chair,10,lounge_chair_010.png,FLUX.2-klein-base-9B
R14,sports_car_014,yes,5,5,4,aesthetics,3,4,sports_car,14,sports_car_014.png,FLUX.2-klein-base-9B
R14,vacuum_cleaner_017,yes,4,4,4,functionality,2,4,vacuum_cleaner,17,vacuum_cleaner_017.png,FLUX.2-klein-base-9B
R14,vacuum_cleaner_016,yes,4,4,4,functionality,2,4,vacuum_cleaner,16,vacuum_cleaner_016.png,FLUX.2-klein-base-9B
R14,desk_lamp_012,yes,5,5,4,aesthetics,3,4,desk_lamp,12,desk_lamp_012.png,FLUX.2-klein-base-9B
R14,electric_kettle_010,yes,5,5,5,functionality,2,5,electric_kettle,10,electric_kettle_010.png,FLUX.2-klein-base-9B
R14,sneakers_021,yes,3,4,4,aesthetics,3,3,sneakers,21,sneakers_021.png,FLUX.2-klein-base-9B
R14,lounge_chair_022,yes,3,4,4,unclear,2,4,lounge_chair,22,lounge_chair_022.png,FLUX.2-klein-base-9B
R14,desk_lamp_004,yes,5,4,5,functionality,2,5,desk_lamp,4,desk_lamp_004.png,FLUX.2-klein-base-9B
R14,sneakers_006,yes,2,4,4,usability,3,3,sneakers,6,sneakers_006.png,FLUX.2-klein-base-9B
R14,vacuum_cleaner_008,yes,3,5,5,functionality,3,3,vacuum_cleaner,8,vacuum_cleaner_008.png,FLUX.2-klein-base-9B
R14,early_automobile_008,yes,4,4,5,symbolism,4,5,early_automobile,8,early_automobile_008.png,FLUX.2-klein-base-9B
R14,early_automobile_002,yes,5,4,4,symbolism,3,4,early_automobile,2,early_automobile_002.png,FLUX.2-klein-base-9B
R14,lounge_chair_012,yes,4,4,5,functionality,3,4,lounge_chair,12,lounge_chair_012.png,FLUX.2-klein-base-9B
R14,early_automobile_004,yes,4,4,4,symbolism,4,3,early_automobile,4,early_automobile_004.png,FLUX.2-klein-base-9B
R14,vacuum_cleaner_020,partial,4,4,4,functionality,2,4,vacuum_cleaner,20,vacuum_cleaner_020.png,FLUX.2-klein-base-9B
R14,lounge_chair_016,yes,4,4,5,symbolism,4,4,lounge_chair,16,lounge_chair_016.png,FLUX.2-klein-base-9B
R14,electric_kettle_009,yes,4,5,4,functionality,2,4,electric_kettle,9,electric_kettle_009.png,FLUX.2-klein-base-9B
R14,electric_kettle_021,yes,5,5,5,functionality,2,4,electric_kettle,21,electric_kettle_021.png,FLUX.2-klein-base-9B
R14,broom_007,yes,5,4,4,functionality,2,5,broom,7,broom_007.png,FLUX.2-klein-base-9B
R14,sneakers_014,yes,4,5,5,functionality,3,4,sneakers,14,sneakers_014.png,FLUX.2-klein-base-9B
R14,early_automobile_005,yes,5,4,4,symbolism,4,4,early_automobile,5,early_automobile_005.png,FLUX.2-klein-base-9B
R14,sports_car_009,yes,4,4,5,usability,4,4,sports_car,9,sports_car_009.png,FLUX.2-klein-base-9B
R14,electric_kettle_020,yes,5,4,4,functionality,2,4,electric_kettle,20,electric_kettle_020.png,FLUX.2-klein-base-9B
R14,lounge_chair_004,yes,4,4,5,usability,3,5,lounge_chair,4,lounge_chair_004.png,FLUX.2-klein-base-9B
R14,electric_kettle_013,yes,5,4,5,functionality,2,5,electric_kettle,13,electric_kettle_013.png,FLUX.2-klein-base-9B
R14,sneakers_022,yes,5,5,5,aesthetics,3,4,sneakers,22,sneakers_022.png,FLUX.2-klein-base-9B
R14,early_automobile_019,yes,4,3,4,symbolism,3,4,early_automobile,19,early_automobile_019.png,FLUX.2-klein-base-9B
R14,broom_022,yes,4,5,5,functionality,3,4,broom,22,broom_022.png,FLUX.2-klein-base-9B
R14,early_automobile_003,yes,4,5,5,symbolism,3,4,early_automobile,3,early_automobile_003.png,FLUX.2-klein-base-9B
R14,early_automobile_021,yes,4,4,5,usability,3,4,early_automobile,21,early_automobile_021.png,FLUX.2-klein-base-9B
R14,vacuum_cleaner_009,partial,3,4,4,functionality,2,4,vacuum_cleaner,9,vacuum_cleaner_009.png,FLUX.2-klein-base-9B
R14,electric_kettle_008,yes,5,4,4,functionality,2,5,electric_kettle,8,electric_kettle_008.png,FLUX.2-klein-base-9B
R14,lounge_chair_025,partial,3,3,4,usability,3,4,lounge_chair,25,lounge_chair_025.png,FLUX.2-klein-base-9B
R14,sports_car_012,yes,4,4,4,aesthetics,4,3,sports_car,12,sports_car_012.png,FLUX.2-klein-base-9B
R14,lounge_chair_005,yes,4,4,5,functionality,3,4,lounge_chair,5,lounge_chair_005.png,FLUX.2-klein-base-9B
R14,early_automobile_014,yes,5,5,4,symbolism,4,5,early_automobile,14,early_automobile_014.png,FLUX.2-klein-base-9B
R14,desk_lamp_013,yes,5,4,4,usability,3,5,desk_lamp,13,desk_lamp_013.png,FLUX.2-klein-base-9B
R14,early_automobile_025,yes,5,5,5,symbolism,3,4,early_automobile,25,early_automobile_025.png,FLUX.2-klein-base-9B
R14,broom_016,no,3,2,4,unclear,3,3,broom,16,broom_016.png,FLUX.2-klein-base-9B
R14,sports_car_023,yes,4,5,4,unclear,4,3,sports_car,23,sports_car_023.png,FLUX.2-klein-base-9B
R14,broom_024,yes,4,4,4,functionality,2,4,broom,24,broom_024.png,FLUX.2-klein-base-9B
R14,broom_015,yes,4,4,4,functionality,3,3,broom,15,broom_015.png,FLUX.2-klein-base-9B
R14,early_automobile_006,yes,4,4,4,functionality,4,4,early_automobile,6,early_automobile_006.png,FLUX.2-klein-base-9B
R14,broom_021,partial,4,3,4,functionality,2,3,broom,21,broom_021.png,FLUX.2-klein-base-9B
R14,sports_car_008,yes,4,5,4,symbolism,4,5,sports_car,8,sports_car_008.png,FLUX.2-klein-base-9B
R14,vacuum_cleaner_025,no,2,2,3,symbolism,3,2,vacuum_cleaner,25,vacuum_cleaner_025.png,FLUX.2-klein-base-9B
R14,sports_car_003,yes,4,4,4,aesthetics,4,4,sports_car,3,sports_car_003.png,FLUX.2-klein-base-9B
R14,lounge_chair_023,yes,4,5,4,aesthetics,2,5,lounge_chair,23,lounge_chair_023.png,FLUX.2-klein-base-9B
R14,vacuum_cleaner_010,yes,3,4,4,symbolism,1,3,vacuum_cleaner,10,vacuum_cleaner_010.png,FLUX.2-klein-base-9B
R14,sports_car_005,yes,5,5,4,aesthetics,4,4,sports_car,5,sports_car_005.png,FLUX.2-klein-base-9B
R14,vacuum_cleaner_001,yes,4,5,5,functionality,3,4,vacuum_cleaner,1,vacuum_cleaner_001.png,FLUX.2-klein-base-9B
R14,broom_013,yes,4,4,5,functionality,2,3,broom,13,broom_013.png,FLUX.2-klein-base-9B
R14,vacuum_cleaner_024,yes,3,4,5,usability,2,4,vacuum_cleaner,24,vacuum_cleaner_024.png,FLUX.2-klein-base-9B
R14,early_automobile_015,yes,4,4,5,symbolism,3,4,early_automobile,15,early_automobile_015.png,FLUX.2-klein-base-9B
R14,desk_lamp_008,yes,5,5,5,aesthetics,3,5,desk_lamp,8,desk_lamp_008.png,FLUX.2-klein-base-9B
R14,desk_lamp_023,partial,5,4,4,aesthetics,3,4,desk_lamp,23,desk_lamp_023.png,FLUX.2-klein-base-9B
R14,lounge_chair_002,yes,5,5,5,usability,3,4,lounge_chair,2,lounge_chair_002.png,FLUX.2-klein-base-9B
R14,vacuum_cleaner_018,partial,5,4,4,unclear,3,3,vacuum_cleaner,18,vacuum_cleaner_018.png,FLUX.2-klein-base-9B
R14,electric_kettle_016,yes,5,5,4,functionality,2,4,electric_kettle,16,electric_kettle_016.png,FLUX.2-klein-base-9B
R14,lounge_chair_001,yes,4,5,4,functionality,3,3,lounge_chair,1,lounge_chair_001.png,FLUX.2-klein-base-9B
R14,broom_011,no,2,2,4,usability,3,2,broom,11,broom_011.png,FLUX.2-klein-base-9B
R14,lounge_chair_019,partial,5,3,4,usability,3,4,lounge_chair,19,lounge_chair_019.png,FLUX.2-klein-base-9B
R14,lounge_chair_007,yes,3,4,4,aesthetics,4,4,lounge_chair,7,lounge_chair_007.png,FLUX.2-klein-base-9B
R14,vacuum_cleaner_015,yes,4,4,5,functionality,2,3,vacuum_cleaner,15,vacuum_cleaner_015.png,FLUX.2-klein-base-9B
R14,sports_car_011,yes,4,5,5,aesthetics,4,4,sports_car,11,sports_car_011.png,FLUX.2-klein-base-9B
R14,early_automobile_023,yes,4,5,4,symbolism,4,4,early_automobile,23,early_automobile_023.png,FLUX.2-klein-base-9B
R14,sneakers_008,yes,4,5,4,aesthetics,3,4,sneakers,8,sneakers_008.png,FLUX.2-klein-base-9B
R14,sneakers_015,yes,3,5,4,usability,3,5,sneakers,15,sneakers_015.png,FLUX.2-klein-base-9B
R14,desk_lamp_024,yes,4,4,5,aesthetics,4,3,desk_lamp,24,desk_lamp_024.png,FLUX.2-klein-base-9B
R14,sneakers_017,yes,5,5,4,functionality,4,4,sneakers,17,sneakers_017.png,FLUX.2-klein-base-9B
R14,broom_017,yes,4,4,4,functionality,1,4,broom,17,broom_017.png,FLUX.2-klein-base-9B
R14,sneakers_003,yes,5,5,4,aesthetics,4,4,sneakers,3,sneakers_003.png,FLUX.2-klein-base-9B
R14,early_automobile_022,yes,4,4,5,symbolism,4,5,early_automobile,22,early_automobile_022.png,FLUX.2-klein-base-9B
R14,desk_lamp_016,yes,4,4,4,aesthetics,2,4,desk_lamp,16,desk_lamp_016.png,FLUX.2-klein-base-9B
R14,sneakers_024,yes,4,5,5,functionality,3,5,sneakers,24,sneakers_024.png,FLUX.2-klein-base-9B
R14,electric_kettle_022,yes,5,5,4,functionality,2,4,electric_kettle,22,electric_kettle_022.png,FLUX.2-klein-base-9B
R14,desk_lamp_009,partial,5,4,4,usability,3,3,desk_lamp,9,desk_lamp_009.png,FLUX.2-klein-base-9B
R14,desk_lamp_011,yes,4,4,5,functionality,2,3,desk_lamp,11,desk_lamp_011.png,FLUX.2-klein-base-9B
R14,broom_001,yes,4,4,5,functionality,1,5,broom,1,broom_001.png,FLUX.2-klein-base-9B
R14,desk_lamp_010,yes,4,5,3,functionality,3,4,desk_lamp,10,desk_lamp_010.png,FLUX.2-klein-base-9B
R14,sneakers_001,yes,4,4,4,symbolism,3,4,sneakers,1,sneakers_001.png,FLUX.2-klein-base-9B
R14,electric_kettle_011,yes,5,4,5,functionality,2,5,electric_kettle,11,electric_kettle_011.png,FLUX.2-klein-base-9B
R14,broom_023,partial,4,3,4,unclear,2,3,broom,23,broom_023.png,FLUX.2-klein-base-9B
R14,electric_kettle_001,yes,5,5,5,functionality,2,4,electric_kettle,1,electric_kettle_001.png,FLUX.2-klein-base-9B
R14,electric_kettle_004,yes,5,5,4,functionality,3,4,electric_kettle,4,electric_kettle_004.png,FLUX.2-klein-base-9B
R14,electric_kettle_023,yes,5,4,5,functionality,2,3,electric_kettle,23,electric_kettle_023.png,FLUX.2-klein-base-9B
R14,electric_kettle_017,no,5,4,4,functionality,1,4,electric_kettle,17,electric_kettle_017.png,FLUX.2-klein-base-9B
R14,early_automobile_010,yes,4,4,5,functionality,3,4,early_automobile,10,early_automobile_010.png,FLUX.2-klein-base-9B
R14,sports_car_001,yes,4,5,5,aesthetics,4,4,sports_car,1,sports_car_001.png,FLUX.2-klein-base-9B
R14,desk_lamp_019,yes,5,5,4,aesthetics,3,4,desk_lamp,19,desk_lamp_019.png,FLUX.2-klein-base-9B
R14,sneakers_025,yes,4,5,4,functionality,3,4,sneakers,25,sneakers_025.png,FLUX.2-klein-base-9B
R14,broom_012,partial,3,3,4,functionality,2,3,broom,12,broom_012.png,FLUX.2-klein-base-9B
R14,vacuum_cleaner_007,yes,3,5,4,functionality,1,4,vacuum_cleaner,7,vacuum_cleaner_007.png,FLUX.2-klein-base-9B
R14,lounge_chair_011,yes,4,4,4,usability,3,5,lounge_chair,11,lounge_chair_011.png,FLUX.2-klein-base-9B
R14,sneakers_010,yes,3,4,5,unclear,3,3,sneakers,10,sneakers_010.png,FLUX.2-klein-base-9B
R14,early_automobile_012,yes,5,5,4,functionality,4,4,early_automobile,12,early_automobile_012.png,FLUX.2-klein-base-9B
R14,broom_019,yes,5,4,5,functionality,2,4,broom,19,broom_019.png,FLUX.2-klein-base-9B
R14,electric_kettle_006,yes,5,5,5,functionality,2,4,electric_kettle,6,electric_kettle_006.png,FLUX.2-klein-base-9B
R14,vacuum_cleaner_005,yes,4,5,5,functionality,2,4,vacuum_cleaner,5,vacuum_cleaner_005.png,FLUX.2-klein-base-9B
R14,sneakers_018,yes,5,4,4,aesthetics,2,4,sneakers,18,sneakers_018.png,FLUX.2-klein-base-9B
R14,desk_lamp_001,partial,2,4,3,aesthetics,3,3,desk_lamp,1,desk_lamp_001.png,FLUX.2-klein-base-9B
R14,sports_car_007,yes,5,4,4,symbolism,4,4,sports_car,7,sports_car_007.png,FLUX.2-klein-base-9B
R14,lounge_chair_006,yes,4,4,4,usability,3,5,lounge_chair,6,lounge_chair_006.png,FLUX.2-klein-base-9B
R14,desk_lamp_015,yes,3,4,4,functionality,3,3,desk_lamp,15,desk_lamp_015.png,FLUX.2-klein-base-9B
R14,desk_lamp_017,yes,5,5,5,functionality,3,5,desk_lamp,17,desk_lamp_017.png,FLUX.2-klein-base-9B
R14,vacuum_cleaner_011,yes,2,4,5,unclear,3,2,vacuum_cleaner,11,vacuum_cleaner_011.png,FLUX.2-klein-base-9B
R14,vacuum_cleaner_014,yes,4,4,5,functionality,1,3,vacuum_cleaner,14,vacuum_cleaner_014.png,FLUX.2-klein-base-9B
R14,vacuum_cleaner_013,yes,5,4,5,functionality,3,4,vacuum_cleaner,13,vacuum_cleaner_013.png,FLUX.2-klein-base-9B
R14,early_automobile_011,yes,4,5,5,symbolism,4,3,early_automobile,11,early_automobile_011.png,FLUX.2-klein-base-9B
R14,sports_car_006,yes,3,4,4,aesthetics,5,4,sports_car,6,sports_car_006.png,FLUX.2-klein-base-9B
R14,early_automobile_020,yes,5,4,4,functionality,4,4,early_automobile,20,early_automobile_020.png,FLUX.2-klein-base-9B
R14,vacuum_cleaner_022,yes,2,3,5,functionality,2,3,vacuum_cleaner,22,vacuum_cleaner_022.png,FLUX.2-klein-base-9B
R14,broom_025,yes,2,3,4,aesthetics,2,2,broom,25,broom_025.png,FLUX.2-klein-base-9B
R14,lounge_chair_020,yes,5,4,4,functionality,4,4,lounge_chair,20,lounge_chair_020.png,FLUX.2-klein-base-9B
R14,early_automobile_024,yes,4,4,5,functionality,4,5,early_automobile,24,early_automobile_024.png,FLUX.2-klein-base-9B
R14,sneakers_016,yes,4,4,5,functionality,3,5,sneakers,16,sneakers_016.png,FLUX.2-klein-base-9B
R14,sports_car_013,yes,4,4,4,functionality,5,4,sports_car,13,sports_car_013.png,FLUX.2-klein-base-9B
R14,electric_kettle_018,yes,4,5,4,functionality,3,5,electric_kettle,18,electric_kettle_018.png,FLUX.2-klein-base-9B
R14,electric_kettle_003,yes,5,4,4,usability,2,4,electric_kettle,3,electric_kettle_003.png,FLUX.2-klein-base-9B
R14,desk_lamp_018,yes,5,4,4,functionality,2,4,desk_lamp,18,desk_lamp_018.png,FLUX.2-klein-base-9B
R14,lounge_chair_003,yes,5,5,4,usability,2,5,lounge_chair,3,lounge_chair_003.png,FLUX.2-klein-base-9B
R14,vacuum_cleaner_021,yes,4,4,5,functionality,3,4,vacuum_cleaner,21,vacuum_cleaner_021.png,FLUX.2-klein-base-9B
R15,lounge_chair_024,partial,5,4,4,aesthetics,3,4,lounge_chair,24,lounge_chair_024.png,FLUX.2-klein-base-9B
R15,desk_lamp_003,yes,4,4,4,functionality,3,4,desk_lamp,3,desk_lamp_003.png,FLUX.2-klein-base-9B
R15,lounge_chair_017,partial,4,4,4,aesthetics,4,4,lounge_chair,17,lounge_chair_017.png,FLUX.2-klein-base-9B
R15,broom_002,partial,3,3,4,usability,2,2,broom,2,broom_002.png,FLUX.2-klein-base-9B
R15,broom_014,yes,3,3,4,functionality,2,3,broom,14,broom_014.png,FLUX.2-klein-base-9B
R15,electric_kettle_019,yes,5,5,5,functionality,2,5,electric_kettle,19,electric_kettle_019.png,FLUX.2-klein-base-9B
R15,sports_car_019,yes,5,5,5,aesthetics,5,4,sports_car,19,sports_car_019.png,FLUX.2-klein-base-9B
R15,early_automobile_018,partial,3,3,4,symbolism,3,3,early_automobile,18,early_automobile_018.png,FLUX.2-klein-base-9B
R15,sports_car_010,yes,5,5,5,symbolism,3,4,sports_car,10,sports_car_010.png,FLUX.2-klein-base-9B
R15,lounge_chair_008,no,2,2,3,unclear,2,2,lounge_chair,8,lounge_chair_008.png,FLUX.2-klein-base-9B
R15,sports_car_002,yes,5,5,4,symbolism,4,5,sports_car,2,sports_car_002.png,FLUX.2-klein-base-9B
R15,sneakers_007,yes,3,5,4,symbolism,3,4,sneakers,7,sneakers_007.png,FLUX.2-klein-base-9B
R15,broom_009,no,3,1,4,unclear,2,2,broom,9,broom_009.png,FLUX.2-klein-base-9B
R15,desk_lamp_014,yes,5,4,4,aesthetics,3,4,desk_lamp,14,desk_lamp_014.png,FLUX.2-klein-base-9B
R15,early_automobile_007,yes,4,5,4,functionality,4,5,early_automobile,7,early_automobile_007.png,FLUX.2-klein-base-9B
R15,sneakers_019,yes,5,4,5,usability,3,4,sneakers,19,sneakers_019.png,FLUX.2-klein-base-9B
R15,lounge_chair_021,yes,5,4,4,usability,2,3,lounge_chair,21,lounge_chair_021.png,FLUX.2-klein-base-9B
R15,electric_kettle_002,yes,5,4,4,functionality,2,3,electric_kettle,2,electric_kettle_002.png,FLUX.2-klein-base-9B
R15,sneakers_012,partial,3,3,4,usability,3,4,sneakers,12,sneakers_012.png,FLUX.2-klein-base-9B
R15,vacuum_cleaner_006,yes,4,4,4,symbolism,2,3,vacuum_cleaner,6,vacuum_cleaner_006.png,FLUX.2-klein-base-9B
R15,desk_lamp_025,yes,4,5,5,aesthetics,3,5,desk_lamp,25,desk_lamp_025.png,FLUX.2-klein-base-9B
R15,electric_kettle_025,yes,5,4,5,functionality,2,5,electric_kettle,25,electric_kettle_025.png,FLUX.2-klein-base-9B
R15,sports_car_017,yes,4,4,5,symbolism,4,5,sports_car,17,sports_car_017.png,FLUX.2-klein-base-9B
R15,desk_lamp_006,yes,2,3,5,aesthetics,3,2,desk_lamp,6,desk_lamp_006.png,FLUX.2-klein-base-9B
R15,early_automobile_016,yes,5,5,5,symbolism,4,4,early_automobile,16,early_automobile_016.png,FLUX.2-klein-base-9B
R15,sports_car_016,yes,4,5,5,aesthetics,5,5,sports_car,16,sports_car_016.png,FLUX.2-klein-base-9B
R15,sports_car_015,partial,5,4,4,functionality,3,4,sports_car,15,sports_car_015.png,FLUX.2-klein-base-9B
R15,early_automobile_009,yes,4,4,4,symbolism,3,4,early_automobile,9,early_automobile_009.png,FLUX.2-klein-base-9B
R15,sneakers_013,no,2,3,3,unclear,3,2,sneakers,13,sneakers_013.png,FLUX.2-klein-base-9B
R15,lounge_chair_018,yes,4,4,5,usability,3,5,lounge_chair,18,lounge_chair_018.png,FLUX.2-klein-base-9B
R15,broom_004,yes,5,4,4,functionality,2,4,broom,4,broom_004.png,FLUX.2-klein-base-9B
R15,desk_lamp_021,yes,5,5,4,functionality,4,4,desk_lamp,21,desk_lamp_021.png,FLUX.2-klein-base-9B
R15,vacuum_cleaner_023,yes,3,5,5,functionality,2,4,vacuum_cleaner,23,vacuum_cleaner_023.png,FLUX.2-klein-base-9B
R15,desk_lamp_005,partial,4,4,4,functionality,3,4,desk_lamp,5,desk_lamp_005.png,FLUX.2-klein-base-9B
R15,sports_car_018,yes,4,5,4,aesthetics,4,5,sports_car,18,sports_car_018.png,FLUX.2-klein-base-9B
R15,vacuum_cleaner_019,yes,4,4,4,functionality,3,3,vacuum_cleaner,19,vacuum_cleaner_019.png,FLUX.2-klein-base-9B
R15,electric_kettle_024,yes,5,4,4,functionality,3,4,electric_kettle,24,electric_kettle_024.png,FLUX.2-klein-base-9B
R15,vacuum_cleaner_004,yes,4,4,5,functionality,2,4,vacuum_cleaner,4,vacuum_cleaner_004.png,FLUX.2-klein-base-9B
R15,sports_car_004,yes,4,4,5,aesthetics,4,4,sports_car,4,sports_car_004.png,FLUX.2-klein-base-9B
R15,broom_010,yes,3,3,5,usability,2,2,broom,10,broom_010.png,FLUX.2-klein-base-9B
R15,desk_lamp_020,yes,4,4,4,aesthetics,4,3,desk_lamp,20,desk_lamp_020.png,FLUX.2-klein-base-9B
R15,lounge_chair_009,yes,4,5,5,usability,3,4,lounge_chair,9,lounge_chair_009.png,FLUX.2-klein-base-9B
R15,lounge_chair_013,partial,4,3,4,usability,4,3,lounge_chair,13,lounge_chair_013.png,FLUX.2-klein-base-9B
R15,vacuum_cleaner_002,yes,4,4,4,functionality,2,4,vacuum_cleaner,2,vacuum_cleaner_002.png,FLUX.2-klein-base-9B
R15,electric_kettle_007,yes,4,4,4,functionality,2,4,electric_kettle,7,electric_kettle_007.png,FLUX.2-klein-base-9B
R15,sports_car_020,yes,2,4,5,unclear,4,3,sports_car,20,sports_car_020.png,FLUX.2-klein-base-9B
R15,vacuum_cleaner_012,yes,4,4,4,functionality,3,4,vacuum_cleaner,12,vacuum_cleaner_012.png,FLUX.2-klein-base-9B
R15,electric_kettle_005,yes,4,5,5,functionality,3,4,electric_kettle,5,electric_kettle_005.png,FLUX.2-klein-base-9B
R15,sneakers_020,yes,5,5,4,functionality,3,4,sneakers,20,sneakers_020.png,FLUX.2-klein-base-9B
R15,electric_kettle_015,yes,3,5,4,functionality,2,4,electric_kettle,15,electric_kettle_015.png,FLUX.2-klein-base-9B
R15,electric_kettle_014,yes,4,4,5,usability,1,5,electric_kettle,14,electric_kettle_014.png,FLUX.2-klein-base-9B
R15,sneakers_023,yes,5,4,5,usability,2,4,sneakers,23,sneakers_023.png,FLUX.2-klein-base-9B
R15,broom_020,yes,5,4,5,functionality,3,4,broom,20,broom_020.png,FLUX.2-klein-base-9B
R15,broom_008,yes,4,4,5,functionality,2,4,broom,8,broom_008.png,FLUX.2-klein-base-9B
R15,sneakers_009,yes,4,4,5,symbolism,3,3,sneakers,9,sneakers_009.png,FLUX.2-klein-base-9B
R15,sports_car_022,yes,4,4,5,usability,3,4,sports_car,22,sports_car_022.png,FLUX.2-klein-base-9B
R15,broom_003,no,3,1,4,aesthetics,2,2,broom,3,broom_003.png,FLUX.2-klein-base-9B
R15,vacuum_cleaner_003,yes,3,4,4,functionality,2,3,vacuum_cleaner,3,vacuum_cleaner_003.png,FLUX.2-klein-base-9B
R15,early_automobile_013,yes,5,5,5,symbolism,3,5,early_automobile,13,early_automobile_013.png,FLUX.2-klein-base-9B
R15,sneakers_004,yes,4,4,4,functionality,3,4,sneakers,4,sneakers_004.png,FLUX.2-klein-base-9B
R15,electric_kettle_012,yes,5,5,4,symbolism,3,5,electric_kettle,12,electric_kettle_012.png,FLUX.2-klein-base-9B
R15,sports_car_025,yes,4,4,5,aesthetics,4,4,sports_car,25,sports_car_025.png,FLUX.2-klein-base-9B
R15,early_automobile_017,yes,5,4,4,usability,3,4,early_automobile,17,early_automobile_017.png,FLUX.2-klein-base-9B
R15,lounge_chair_015,yes,5,5,4,usability,3,5,lounge_chair,15,lounge_chair_015.png,FLUX.2-klein-base-9B
R15,sports_car_024,yes,5,5,4,aesthetics,4,4,sports_car,24,sports_car_024.png,FLUX.2-klein-base-9B
R15,early_automobile_001,yes,5,5,4,symbolism,3,4,early_automobile,1,early_automobile_001.png,FLUX.2-klein-base-9B
R15,desk_lamp_022,yes,4,4,4,aesthetics,3,3,desk_lamp,22,desk_lamp_022.png,FLUX.2-klein-base-9B
R15,sports_car_021,yes,4,4,5,usability,5,5,sports_car,21,sports_car_021.png,FLUX.2-klein-base-9B
R15,broom_005,no,2,2,4,unclear,2,1,broom,5,broom_005.png,FLUX.2-klein-base-9B
R15,sneakers_011,yes,4,4,4,aesthetics,3,4,sneakers,11,sneakers_011.png,FLUX.2-klein-base-9B
R15,sneakers_005,partial,2,3,4,functionality,2,3,sneakers,5,sneakers_005.png,FLUX.2-klein-base-9B
R15,broom_006,yes,4,5,5,functionality,2,5,broom,6,broom_006.png,FLUX.2-klein-base-9B
R15,sneakers_002,yes,4,5,4,usability,2,4,sneakers,2,sneakers_002.png,FLUX.2-klein-base-9B
R15,desk_lamp_002,yes,4,4,4,functionality,3,4,desk_lamp,2,desk_lamp_002.png,FLUX.2-klein-base-9B
R15,broom_018,no,4,3,4,symbolism,1,2,broom,18,broom_018.png,FLUX.2-klein-base-9B
R15,lounge_chair_014,yes,4,4,4,aesthetics,3,5,lounge_chair,14,lounge_chair_014.png,FLUX.2-klein-base-9B
R15,desk_lamp_007,yes,4,5,4,aesthetics,2,4,desk_lamp,7,desk_lamp_007.png,FLUX.2-klein-base-9B
R15,lounge_chair_010,yes,4,4,4,aesthetics,4,4,lounge_chair,10,lounge_chair_010.png,FLUX.2-klein-base-9B
R15,sports_car_014,yes,4,5,5,usability,4,4,sports_car,14,sports_car_014.png,FLUX.2-klein-base-9B
R15,vacuum_cleaner_017,partial,4,4,4,usability,3,3,vacuum_cleaner,17,vacuum_cleaner_017.png,FLUX.2-klein-base-9B
R15,vacuum_cleaner_016,yes,4,4,5,functionality,3,4,vacuum_cleaner,16,vacuum_cleaner_016.png,FLUX.2-klein-base-9B
R15,desk_lamp_012,yes,5,4,5,functionality,3,5,desk_lamp,12,desk_lamp_012.png,FLUX.2-klein-base-9B
R15,electric_kettle_010,yes,5,5,5,functionality,1,4,electric_kettle,10,electric_kettle_010.png,FLUX.2-klein-base-9B
R15,sneakers_021,yes,3,4,4,usability,3,4,sneakers,21,sneakers_021.png,FLUX.2-klein-base-9B
R15,lounge_chair_022,yes,4,5,5,functionality,2,4,lounge_chair,22,lounge_chair_022.png,FLUX.2-klein-base-9B
R15,desk_lamp_004,yes,5,5,5,functionality,3,4,desk_lamp,4,desk_lamp_004.png,FLUX.2-klein-base-9B
R15,sneakers_006,yes,3,4,4,aesthetics,4,3,sneakers,6,sneakers_006.png,FLUX.2-klein-base-9B
R15,vacuum_cleaner_008,yes,3,5,5,usability,1,4,vacuum_cleaner,8,vacuum_cleaner_008.png,FLUX.2-klein-base-9B
R15,early_automobile_008,yes,4,5,5,symbolism,4,4,early_automobile,8,early_automobile_008.png,FLUX.2-klein-base-9B
R15,early_automobile_002,yes,5,5,5,symbolism,3,4,early_automobile,2,early_automobile_002.png,FLUX.2-klein-base-9B
R15,lounge_chair_012,yes,4,4,4,usability,3,5,lounge_chair,12,lounge_chair_012.png,FLUX.2-klein-base-9B
R15,early_automobile_004,yes,4,4,5,symbolism,4,4,early_automobile,4,early_automobile_004.png,FLUX.2-klein-base-9B
R15,vacuum_cleaner_020,yes,5,5,4,functionality,2,3,vacuum_cleaner,20,vacuum_cleaner_020.png,FLUX.2-klein-base-9B
R15,lounge_chair_016,yes,5,4,4,functionality,3,4,lounge_chair,16,lounge_chair_016.png,FLUX.2-klein-base-9B
R15,electric_kettle_009,yes,5,4,5,functionality,2,4,electric_kettle,9,electric_kettle_009.png,FLUX.2-klein-base-9B
R15,electric_kettle_021,yes,5,5,4,functionality,2,4,electric_kettle,21,electric_kettle_021.png,FLUX.2-klein-base-9B
R15,broom_007,yes,4,4,4,functionality,2,5,broom,7,broom_007.png,FLUX.2-klein-base-9B
R15,sneakers_014,yes,5,5,5,usability,3,4,sneakers,14,sneakers_014.png,FLUX.2-klein-base-9B
R15,early_automobile_005,yes,4,5,4,symbolism,3,4,early_automobile,5,early_automobile_005.png,FLUX.2-klein-base-9B
R15,sports_car_009,yes,5,5,4,functionality,3,4,sports_car,9,sports_car_009.png,FLUX.2-klein-base-9B
R15,electric_kettle_020,yes,5,5,5,usability,1,5,electric_kettle,20,electric_kettle_020.png,FLUX.2-klein-base-9B
R15,lounge_chair_004,yes,4,5,4,usability,2,4,lounge_chair,4,lounge_chair_004.png,FLUX.2-klein-base-9B
R15,electric_kettle_013,yes,5,5,4,functionality,2,5,electric_kettle,13,electric_kettle_013.png,FLUX.2-klein-base-9B
R15,sneakers_022,yes,5,5,5,functionality,2,4,sneakers,22,sneakers_022.png,FLUX.2-klein-base-9B
R15,early_automobile_019,yes,4,4,4,functionality,4,4,early_automobile,19,early_automobile_019.png,FLUX.2-klein-base-9B
R15,broom_022,yes,4,4,5,usability,2,4,broom,22,broom_022.png,FLUX.2-klein-base-9B
R15,early_automobile_003,yes,5,4,4,symbolism,4,4,early_automobile,3,early_automobile_003.png,FLUX.2-klein-base-9B
R15,early_automobile_021,yes,5,5,5,symbolism,3,4,early_automobile,21,early_automobile_021.png,FLUX.2-klein-base-9B
R15,vacuum_cleaner_009,yes,5,4,5,usability,2,4,vacuum_cleaner,9,vacuum_cleaner_009.png,FLUX.2-klein-base-9B
R15,electric_kettle_008,yes,4,4,5,functionality,2,4,electric_kettle,8,electric_kettle_008.png,FLUX.2-klein-base-9B
R15,lounge_chair_025,partial,3,3,4,functionality,4,3,lounge_chair,25,lounge_chair_025.png,FLUX.2-klein-base-9B
R15,sports_car_012,yes,4,5,4,aesthetics,4,4,sports_car,12,sports_car_012.png,FLUX.2-klein-base-9B
R15,lounge_chair_005,yes,4,5,5,functionality,3,4,lounge_chair,5,lounge_chair_005.png,FLUX.2-klein-base-9B
R15,early_automobile_014,yes,4,5,4,symbolism,4,4,early_automobile,14,early_automobile_014.png,FLUX.2-klein-base-9B
R15,desk_lamp_013,yes,5,5,4,functionality,2,4,desk_lamp,13,desk_lamp_013.png,FLUX.2-klein-base-9B
R15,early_automobile_025,yes,5,4,5,functionality,3,5,early_automobile,25,early_automobile_025.png,FLUX.2-klein-base-9B
R15,broom_016,partial,4,3,4,usability,3,2,broom,16,broom_016.png,FLUX.2-klein-base-9B
R15,sports_car_023,partial,3,4,4,aesthetics,4,2,sports_car,23,sports_car_023.png,FLUX.2-klein-base-9B
R15,broom_024,partial,4,4,4,functionality,2,5,broom,24,broom_024.png,FLUX.2-klein-base-9B
R15,broom_015,yes,4,4,5,symbolism,2,3,broom,15,broom_015.png,FLUX.2-klein-base-9B
R15,early_automobile_006,yes,4,5,5,functionality,3,4,early_automobile,6,early_automobile_006.png,FLUX.2-klein-base-9B
R15,broom_021,partial,4,3,4,symbolism,2,4,broom,21,broom_021.png,FLUX.2-klein-base-9B
R15,sports_car_008,partial,4,4,4,aesthetics,3,4,sports_car,8,sports_car_008.png,FLUX.2-klein-base-9B
R15,vacuum_cleaner_025,yes,2,3,4,symbolism,3,3,vacuum_cleaner,25,vacuum_cleaner_025.png,FLUX.2-klein-base-9B
R15,sports_car_003,yes,4,5,5,aesthetics,3,4,sports_car,3,sports_car_003.png,FLUX.2-klein-base-9B
R15,lounge_chair_023,yes,4,4,4,functionality,3,4,lounge_chair,23,lounge_chair_023.png,FLUX.2-klein-base-9B
R15,vacuum_cleaner_010,yes,3,4,4,usability,2,3,vacuum_cleaner,10,vacuum_cleaner_010.png,FLUX.2-klein-base-9B
R15,sports_car_005,yes,4,5,4,symbolism,4,4,sports_car,5,sports_car_005.png,FLUX.2-klein-base-9B
R15,vacuum_cleaner_001,yes,3,4,5,functionality,2,3,vacuum_cleaner,1,vacuum_cleaner_001.png,FLUX.2-klein-base-9B
R15,broom_013,yes,3,4,4,aesthetics,1,4,broom,13,broom_013.png,FLUX.2-klein-base-9B
R15,vacuum_cleaner_024,yes,4,4,4,functionality,3,4,vacuum_cleaner,24,vacuum_cleaner_024.png,FLUX.2-klein-base-9B
R15,early_automobile_015,yes,5,4,4,functionality,4,4,early_automobile,15,early_automobile_015.png,FLUX.2-klein-base-9B
R15,desk_lamp_008,yes,5,5,5,symbolism,3,4,desk_lamp,8,desk_lamp_008.png,FLUX.2-klein-base-9B
R15,desk_lamp_023,yes,4,5,4,functionality,3,5,desk_lamp,23,desk_lamp_023.png,FLUX.2-klein-base-9B
R15,lounge_chair_002,yes,5,4,4,usability,3,5,lounge_chair,2,lounge_chair_002.png,FLUX.2-klein-base-9B
R15,vacuum_cleaner_018,yes,4,5,5,functionality,2,4,vacuum_cleaner,18,vacuum_cleaner_018.png,FLUX.2-klein-base-9B
R15,electric_kettle_016,yes,4,5,5,functionality,2,5,electric_kettle,16,electric_kettle_016.png,FLUX.2-klein-base-9B
R15,lounge_chair_001,yes,3,4,4,aesthetics,3,3,lounge_chair,1,lounge_chair_001.png,FLUX.2-klein-base-9B
R15,broom_011,partial,2,2,5,unclear,3,2,broom,11,broom_011.png,FLUX.2-klein-base-9B
R15,lounge_chair_019,yes,5,4,4,functionality,3,4,lounge_chair,19,lounge_chair_019.png,FLUX.2-klein-base-9B
R15,lounge_chair_007,yes,4,4,4,functionality,4,3,lounge_chair,7,lounge_chair_007.png,FLUX.2-klein-base-9B
R15,vacuum_cleaner_015,yes,4,5,4,functionality,2,4,vacuum_cleaner,15,vacuum_cleaner_015.png,FLUX.2-klein-base-9B
R15,sports_car_011,yes,5,4,5,aesthetics,4,4,sports_car,11,sports_car_011.png,FLUX.2-klein-base-9B
R15,early_automobile_023,yes,5,5,5,symbolism,5,4,early_automobile,23,early_automobile_023.png,FLUX.2-klein-base-9B
R15,sneakers_008,yes,5,5,5,functionality,4,4,sneakers,8,sneakers_008.png,FLUX.2-klein-base-9B
R15,sneakers_015,yes,4,4,5,usability,3,5,sneakers,15,sneakers_015.png,FLUX.2-klein-base-9B
R15,desk_lamp_024,yes,4,5,4,functionality,4,4,desk_lamp,24,desk_lamp_024.png,FLUX.2-klein-base-9B
R15,sneakers_017,yes,4,4,4,functionality,3,5,sneakers,17,sneakers_017.png,FLUX.2-klein-base-9B
R15,broom_017,yes,5,5,4,functionality,2,4,broom,17,broom_017.png,FLUX.2-klein-base-9B
R15,sneakers_003,yes,4,5,5,usability,3,5,sneakers,3,sneakers_003.png,FLUX.2-klein-base-9B
R15,early_automobile_022,yes,4,4,5,symbolism,3,4,early_automobile,22,early_automobile_022.png,FLUX.2-klein-base-9B
R15,desk_lamp_016,yes,4,4,4,functionality,3,4,desk_lamp,16,desk_lamp_016.png,FLUX.2-klein-base-9B
R15,sneakers_024,yes,5,4,5,functionality,2,4,sneakers,24,sneakers_024.png,FLUX.2-klein-base-9B
R15,electric_kettle_022,yes,4,5,5,functionality,1,4,electric_kettle,22,electric_kettle_022.png,FLUX.2-klein-base-9B
R15,desk_lamp_009,yes,3,5,4,functionality,3,4,desk_lamp,9,desk_lamp_009.png,FLUX.2-klein-base-9B
R15,desk_lamp_011,yes,4,5,5,functionality,3,5,desk_lamp,11,desk_lamp_011.png,FLUX.2-klein-base-9B
R15,broom_001,yes,4,5,4,usability,2,5,broom,1,broom_001.png,FLUX.2-klein-base-9B
R15,desk_lamp_010,yes,3,5,4,functionality,3,3,desk_lamp,10,desk_lamp_010.png,FLUX.2-klein-base-9B
R15,sneakers_001,yes,4,4,4,functionality,3,4,sneakers,1,sneakers_001.png,FLUX.2-klein-base-9B
R15,electric_kettle_011,yes,5,5,5,usability,2,4,electric_kettle,11,electric_kettle_011.png,FLUX.2-klein-base-9B
R15,broom_023,yes,4,4,4,unclear,3,3,broom,23,broom_023.png,FLUX.2-klein-base-9B
R15,electric_kettle_001,yes,5,4,5,functionality,2,5,electric_kettle,1,electric_kettle_001.png,FLUX.2-klein-base-9B
R15,electric_kettle_004,yes,4,4,4,symbolism,2,4,electric_kettle,4,electric_kettle_004.png,FLUX.2-klein-base-9B
R15,electric_kettle_023,yes,5,5,4,usability,1,4,electric_kettle,23,electric_kettle_023.png,FLUX.2-klein-base-9B
R15,electric_kettle_017,yes,5,5,5,usability,2,4,electric_kettle,17,electric_kettle_017.png,FLUX.2-klein-base-9B
R15,early_automobile_010,yes,4,5,4,functionality,4,4,early_automobile,10,early_automobile_010.png,FLUX.2-klein-base-9B
R15,sports_car_001,yes,5,5,5,aesthetics,4,4,sports_car,1,sports_car_001.png,FLUX.2-klein-base-9B
R15,desk_lamp_019,yes,4,5,5,aesthetics,3,4,desk_lamp,19,desk_lamp_019.png,FLUX.2-klein-base-9B
R15,sneakers_025,yes,5,5,5,aesthetics,3,5,sneakers,25,sneakers_025.png,FLUX.2-klein-base-9B
R15,broom_012,partial,3,3,5,unclear,2,3,broom,12,broom_012.png,FLUX.2-klein-base-9B
R15,vacuum_cleaner_007,partial,3,4,3,functionality,2,4,vacuum_cleaner,7,vacuum_cleaner_007.png,FLUX.2-klein-base-9B
R15,lounge_chair_011,yes,4,5,4,usability,3,5,lounge_chair,11,lounge_chair_011.png,FLUX.2-klein-base-9B
R15,sneakers_010,no,2,3,4,functionality,3,3,sneakers,10,sneakers_010.png,FLUX.2-klein-base-9B
R15,early_automobile_012,yes,4,4,5,symbolism,4,3,early_automobile,12,early_automobile_012.png,FLUX.2-klein-base-9B
R15,broom_019,yes,4,4,5,usability,2,3,broom,19,broom_019.png,FLUX.2-klein-base-9B
R15,electric_kettle_006,yes,4,5,4,functionality,2,4,electric_kettle,6,electric_kettle_006.png,FLUX.2-klein-base-9B
R15,vacuum_cleaner_005,yes,4,5,4,functionality,2,4,vacuum_cleaner,5,vacuum_cleaner_005.png,FLUX.2-klein-base-9B
R15,sneakers_018,yes,3,4,5,functionality,3,3,sneakers,18,sneakers_018.png,FLUX.2-klein-base-9B
R15,desk_lamp_001,yes,3,4,5,usability,3,3,desk_lamp,1,desk_lamp_001.png,FLUX.2-klein-base-9B
R15,sports_car_007,yes,4,4,5,aesthetics,4,5,sports_car,7,sports_car_007.png,FLUX.2-klein-base-9B
R15,lounge_chair_006,yes,5,5,4,usability,3,4,lounge_chair,6,lounge_chair_006.png,FLUX.2-klein-base-9B
R15,desk_lamp_015,yes,4,4,4,aesthetics,4,3,desk_lamp,15,desk_lamp_015.png,FLUX.2-klein-base-9B
R15,desk_lamp_017,yes,5,4,5,usability,2,4,desk_lamp,17,desk_lamp_017.png,FLUX.2-klein-base-9B
R15,vacuum_cleaner_011,no,2,3,4,functionality,2,2,vacuum_cleaner,11,vacuum_cleaner_011.png,FLUX.2-klein-base-9B
R15,vacuum_cleaner_014,yes,3,4,4,functionality,2,4,vacuum_cleaner,14,vacuum_cleaner_014.png,FLUX.2-klein-base-9B
R15,vacuum_cleaner_013,yes,5,5,4,functionality,3,4,vacuum_cleaner,13,vacuum_cleaner_013.png,FLUX.2-klein-base-9B
R15,early_automobile_011,yes,4,4,4,symbolism,3,4,early_automobile,11,early_automobile_011.png,FLUX.2-klein-base-9B
R15,sports_car_006,yes,4,5,4,unclear,4,3,sports_car,6,sports_car_006.png,FLUX.2-klein-base-9B
R15,early_automobile_020,yes,4,4,4,aesthetics,3,4,early_automobile,20,early_automobile_020.png,FLUX.2-klein-base-9B
R15,vacuum_cleaner_022,yes,2,4,4,functionality,3,3,vacuum_cleaner,22,vacuum_cleaner_022.png,FLUX.2-klein-base-9B
R15,broom_025,partial,3,2,4,functionality,3,3,broom,25,broom_025.png,FLUX.2-klein-base-9B
R15,lounge_chair_020,yes,4,4,4,usability,4,4,lounge_chair,20,lounge_chair_020.png,FLUX.2-klein-base-9B
R15,early_automobile_024,yes,5,5,5,symbolism,4,4,early_automobile,24,early_automobile_024.png,FLUX.2-klein-base-9B
R15,sneakers_016,yes,4,5,4,aesthetics,2,4,sneakers,16,sneakers_016.png,FLUX.2-klein-base-9B
R15,sports_car_013,yes,4,4,5,symbolism,5,3,sports_car,13,sports_car_013.png,FLUX.2-klein-base-9B
R15,electric_kettle_018,yes,4,5,5,functionality,3,4,electric_kettle,18,electric_kettle_018.png,FLUX.2-klein-base-9B
R15,electric_kettle_003,yes,4,4,5,functionality,2,5,electric_kettle,3,electric_kettle_003.png,FLUX.2-klein-base-9B
R15,desk_lamp_018,yes,4,4,5,functionality,3,4,desk_lamp,18,desk_lamp_018.png,FLUX.2-klein-base-9B
R15,lounge_chair_003,yes,4,5,5,aesthetics,3,4,lounge_chair,3,lounge_chair_003.png,FLUX.2-klein-base-9B
R15,vacuum_cleaner_021,yes,5,5,4,functionality,2,4,vacuum_cleaner,21,vacuum_cleaner_021.png,FLUX.2-klein-base-9B
R16,lounge_chair_024,yes,4,4,4,functionality,4,5,lounge_chair,24,lounge_chair_024.png,FLUX.2-klein-base-9B
R16,desk_lamp_003,yes,5,4,5,functionality,3,4,desk_lamp,3,desk_lamp_003.png,FLUX.2-klein-base-9B
R16,lounge_chair_017,yes,4,4,5,functionality,3,5,lounge_chair,17,lounge_chair_017.png,FLUX.2-klein-base-9B
R16,broom_002,yes,2,3,5,usability,2,3,broom,2,broom_002.png,FLUX.2-klein-base-9B
R16,broom_014,no,3,3,4,functionality,2,3,broom,14,broom_014.png,FLUX.2-klein-base-9B
R16,electric_kettle_019,yes,4,5,4,symbolism,2,5,electric_kettle,19,electric_kettle_019.png,FLUX.2-klein-base-9B
R16,sports_car_019,yes,5,5,5,aesthetics,4,4,sports_car,19,sports_car_019.png,FLUX.2-klein-base-9B
R16,early_automobile_018,yes,3,4,4,symbolism,3,3,early_automobile,18,early_automobile_018.png,FLUX.2-klein-base-9B
R16,sports_car_010,yes,4,4,5,symbolism,4,4,sports_car,10,sports_car_010.png,FLUX.2-klein-base-9B
R16,lounge_chair_008,partial,1,3,4,usability,3,3,lounge_chair,8,lounge_chair_008.png,FLUX.2-klein-base-9B
R16,sports_car_002,yes,4,5,5,symbolism,4,4,sports_car,2,sports_car_002.png,FLUX.2-klein-base-9B
R16,sneakers_007,yes,3,4,4,usability,3,4,sneakers,7,sneakers_007.png,FLUX.2-klein-base-9B
R16,broom_009,no,2,1,4,symbolism,2,2,broom,9,broom_009.png,FLUX.2-klein-base-9B
R16,desk_lamp_014,yes,5,4,5,functionality,3,4,desk_lamp,14,desk_lamp_014.png,FLUX.2-klein-base-9B
R16,early_automobile_007,yes,4,4,5,functionality,4,4,early_automobile,7,early_automobile_007.png,FLUX.2-klein-base-9B
R16,sneakers_019,yes,4,4,5,usability,2,5,sneakers,19,sneakers_019.png,FLUX.2-klein-base-9B
R16,lounge_chair_021,yes,4,4,4,aesthetics,3,4,lounge_chair,21,lounge_chair_021.png,FLUX.2-klein-base-9B
R16,electric_kettle_002,yes,4,5,4,functionality,3,4,electric_kettle,2,electric_kettle_002.png,FLUX.2-klein-base-9B
R16,sneakers_012,yes,4,5,4,aesthetics,3,4,sneakers,12,sneakers_012.png,FLUX.2-klein-base-9B
R16,vacuum_cleaner_006,yes,4,4,4,usability,2,3,vacuum_cleaner,6,vacuum_cleaner_006.png,FLUX.2-klein-base-9B
R16,desk_lamp_025,yes,4,5,4,functionality,3,4,desk_lamp,25,desk_lamp_025.png,FLUX.2-klein-base-9B
R16,electric_kettle_025,yes,5,4,5,usability,2,4,electric_kettle,25,electric_kettle_025.png,FLUX.2-klein-base-9B
R16,sports_car_017,yes,5,5,4,aesthetics,4,5,sports_car,17,sports_car_017.png,FLUX.2-klein-base-9B
R16,desk_lamp_006,partial,1,3,4,unclear,2,3,desk_lamp,6,desk_lamp_006.png,FLUX.2-klein-base-9B
R16,early_automobile_016,yes,4,5,4,symbolism,3,5,early_automobile,16,early_automobile_016.png,FLUX.2-klein-base-9B
R16,sports_car_016,yes,5,5,4,aesthetics,4,4,sports_car,16,sports_car_016.png,FLUX.2-klein-base-9B
R16,sports_car_015,yes,4,4,5,aesthetics,4,3,sports_car,15,sports_car_015.png,FLUX.2-klein-base-9B
R16,early_automobile_009,yes,5,4,5,symbolism,4,3,early_automobile,9,early_automobile_009.png,FLUX.2-klein-base-9B
R16,sneakers_013,partial,1,3,4,functionality,3,3,sneakers,13,sneakers_013.png,FLUX.2-klein-base-9B
R16,lounge_chair_018,partial,3,4,4,functionality,3,4,lounge_chair,18,lounge_chair_018.png,FLUX.2-klein-base-9B
R16,broom_004,yes,4,4,5,functionality,2,5,broom,4,broom_004.png,FLUX.2-klein-base-9B
R16,desk_lamp_021,yes,4,5,4,symbolism,3,5,desk_lamp,21,desk_lamp_021.png,FLUX.2-klein-base-9B
R16,vacuum_cleaner_023,yes,3,4,4,functionality,2,4,vacuum_cleaner,23,vacuum_cleaner_023.png,FLUX.2-klein-base-9B
R16,desk_lamp_005,yes,3,5,4,functionality,3,4,desk_lamp,5,desk_lamp_005.png,FLUX.2-klein-base-9B
R16,sports_car_018,yes,5,4,4,aesthetics,4,4,sports_car,18,sports_car_018.png,FLUX.2-klein-base-9B
R16,vacuum_cleaner_019,yes,3,5,4,functionality,2,4,vacuum_cleaner,19,vacuum_cleaner_019.png,FLUX.2-klein-base-9B
R16,electric_kettle_024,yes,5,4,4,functionality,2,4,electric_kettle,24,electric_kettle_024.png,FLUX.2-klein-base-9B
R16,vacuum_cleaner_004,yes,4,5,4,usability,2,5,vacuum_cleaner,4,vacuum_cleaner_004.png,FLUX.2-klein-base-9B
R16,sports_car_004,partial,5,4,4,unclear,3,4,sports_car,4,sports_car_004.png,FLUX.2-klein-base-9B
R16,broom_010,no,3,2,3,functionality,2,3,broom,10,broom_010.png,FLUX.2-klein-base-9B
R16,desk_lamp_020,yes,4,3,5,functionality,4,3,desk_lamp,20,desk_lamp_020.png,FLUX.2-klein-base-9B
R16,lounge_chair_009,partial,4,3,4,aesthetics,4,4,lounge_chair,9,lounge_chair_009.png,FLUX.2-klein-base-9B
R16,lounge_chair_013,yes,4,5,5,unclear,4,2,lounge_chair,13,lounge_chair_013.png,FLUX.2-klein-base-9B
R16,vacuum_cleaner_002,yes,5,4,5,usability,3,4,vacuum_cleaner,2,vacuum_cleaner_002.png,FLUX.2-klein-base-9B
R16,electric_kettle_007,yes,4,4,5,functionality,2,5,electric_kettle,7,electric_kettle_007.png,FLUX.2-klein-base-9B
R16,sports_car_020,partial,2,3,4,functionality,3,4,sports_car,20,sports_car_020.png,FLUX.2-klein-base-9B
R16,vacuum_cleaner_012,yes,4,5,5,usability,2,4,vacuum_cleaner,12,vacuum_cleaner_012.png,FLUX.2-klein-base-9B
R16,electric_kettle_005,yes,4,4,4,functionality,2,5,electric_kettle,5,electric_kettle_005.png,FLUX.2-klein-base-9B
R16,sneakers_020,yes,4,5,4,functionality,3,5,sneakers,20,sneakers_020.png,FLUX.2-klein-base-9B
R16,electric_kettle_015,yes,4,4,4,aesthetics,2,3,electric_kettle,15,electric_kettle_015.png,FLUX.2-klein-base-9B
R16,electric_kettle_014,yes,4,5,5,functionality,2,4,electric_kettle,14,electric_kettle_014.png,FLUX.2-klein-base-9B
R16,sneakers_023,yes,4,5,5,usability,3,4,sneakers,23,sneakers_023.png,FLUX.2-klein-base-9B
R16,broom_020,yes,4,5,5,functionality,2,3,broom,20,broom_020.png,FLUX.2-klein-base-9B
R16,broom_008,yes,3,5,4,unclear,2,4,broom,8,broom_008.png,FLUX.2-klein-base-9B
R16,sneakers_009,yes,4,4,4,usability,3,4,sneakers,9,sneakers_009.png,FLUX.2-klein-base-9B
R16,sports_car_022,yes,3,5,5,aesthetics,4,4,sports_car,22,sports_car_022.png,FLUX.2-klein-base-9B
R16,broom_003,no,3,2,3,functionality,2,1,broom,3,broom_003.png,FLUX.2-klein-base-9B
R16,vacuum_cleaner_003,yes,3,3,5,functionality,2,3,vacuum_cleaner,3,vacuum_cleaner_003.png,FLUX.2-klein-base-9B
R16,early_automobile_013,yes,4,5,5,symbolism,4,5,early_automobile,13,early_automobile_013.png,FLUX.2-klein-base-9B
R16,sneakers_004,yes,4,4,4,usability,3,5,sneakers,4,sneakers_004.png,FLUX.2-klein-base-9B
R16,electric_kettle_012,yes,5,5,4,functionality,2,5,electric_kettle,12,electric_kettle_012.png,FLUX.2-klein-base-9B
R16,sports_car_025,partial,4,4,4,aesthetics,4,5,sports_car,25,sports_car_025.png,FLUX.2-klein-base-9B
R16,early_automobile_017,yes,4,5,5,symbolism,3,4,early_automobile,17,early_automobile_017.png,FLUX.2-klein-base-9B
R16,lounge_chair_015,yes,5,5,4,usability,3,4,lounge_chair,15,lounge_chair_015.png,FLUX.2-klein-base-9B
R16,sports_car_024,yes,5,5,5,aesthetics,4,4,sports_car,24,sports_car_024.png,FLUX.2-klein-base-9B
R16,early_automobile_001,yes,4,4,4,symbolism,3,3,early_automobile,1,early_automobile_001.png,FLUX.2-klein-base-9B
R16,desk_lamp_022,yes,3,4,5,aesthetics,3,4,desk_lamp,22,desk_lamp_022.png,FLUX.2-klein-base-9B
R16,sports_car_021,yes,5,4,4,aesthetics,3,4,sports_car,21,sports_car_021.png,FLUX.2-klein-base-9B
R16,broom_005,no,2,2,4,aesthetics,2,2,broom,5,broom_005.png,FLUX.2-klein-base-9B
R16,sneakers_011,yes,5,4,5,aesthetics,3,5,sneakers,11,sneakers_011.png,FLUX.2-klein-base-9B
R16,sneakers_005,partial,2,3,4,functionality,3,3,sneakers,5,sneakers_005.png,FLUX.2-klein-base-9B
R16,broom_006,yes,5,4,4,functionality,1,4,broom,6,broom_006.png,FLUX.2-klein-base-9B
R16,sneakers_002,yes,4,5,5,usability,3,4,sneakers,2,sneakers_002.png,FLUX.2-klein-base-9B
R16,desk_lamp_002,yes,5,4,4,functionality,3,4,desk_lamp,2,desk_lamp_002.png,FLUX.2-klein-base-9B
R16,broom_018,yes,3,4,4,functionality,2,3,broom,18,broom_018.png,FLUX.2-klein-base-9B
R16,lounge_chair_014,yes,4,4,4,usability,4,4,lounge_chair,14,lounge_chair_014.png,FLUX.2-klein-base-9B
R16,desk_lamp_007,yes,4,4,4,functionality,3,4,desk_lamp,7,desk_lamp_007.png,FLUX.2-klein-base-9B
R16,lounge_chair_010,yes,5,5,5,aesthetics,3,4,lounge_chair,10,lounge_chair_010.png,FLUX.2-klein-base-9B
R16,sports_car_014,yes,4,5,5,aesthetics,4,4,sports_car,14,sports_car_014.png,FLUX.2-klein-base-9B
R16,vacuum_cleaner_017,yes,4,4,4,symbolism,3,4,vacuum_cleaner,17,vacuum_cleaner_017.png,FLUX.2-klein-base-9B
R16,vacuum_cleaner_016,yes,4,4,5,functionality,2,4,vacuum_cleaner,16,vacuum_cleaner_016.png,FLUX.2-klein-base-9B
R16,desk_lamp_012,yes,4,4,4,functionality,3,4,desk_lamp,12,desk_lamp_012.png,FLUX.2-klein-base-9B
R16,electric_kettle_010,yes,5,4,5,functionality,2,5,electric_kettle,10,electric_kettle_010.png,FLUX.2-klein-base-9B
R16,sneakers_021,yes,4,4,4,aesthetics,3,4,sneakers,21,sneakers_021.png,FLUX.2-klein-base-9B
R16,lounge_chair_022,yes,4,5,5,functionality,3,4,lounge_chair,22,lounge_chair_022.png,FLUX.2-klein-base-9B
R16,desk_lamp_004,yes,5,5,5,aesthetics,3,4,desk_lamp,4,desk_lamp_004.png,FLUX.2-klein-base-9B
R16,sneakers_006,yes,2,4,4,usability,3,4,sneakers,6,sneakers_006.png,FLUX.2-klein-base-9B
R16,vacuum_cleaner_008,yes,3,4,5,symbolism,2,4,vacuum_cleaner,8,vacuum_cleaner_008.png,FLUX.2-klein-base-9B
R16,early_automobile_008,yes,4,5,4,functionality,3,4,early_automobile,8,early_automobile_008.png,FLUX.2-klein-base-9B
R16,early_automobile_002,partial,4,4,4,functionality,3,3,early_automobile,2,early_automobile_002.png,FLUX.2-klein-base-9B
R16,lounge_chair_012,yes,5,4,4,symbolism,3,4,lounge_chair,12,lounge_chair_012.png,FLUX.2-klein-base-9B
R16,early_automobile_004,yes,4,4,5,symbolism,5,4,early_automobile,4,early_automobile_004.png,FLUX.2-klein-base-9B
R16,vacuum_cleaner_020,yes,5,5,4,functionality,2,5,vacuum_cleaner,20,vacuum_cleaner_020.png,FLUX.2-klein-base-9B
R16,lounge_chair_016,yes,5,4,4,aesthetics,4,4,lounge_chair,16,lounge_chair_016.png,FLUX.2-klein-base-9B
R16,electric_kettle_009,yes,5,5,5,symbolism,2,4,electric_kettle,9,electric_kettle_009.png,FLUX.2-klein-base-9B
R16,electric_kettle_021,yes,5,5,5,functionality,3,4,electric_kettle,21,electric_kettle_021.png,FLUX.2-klein-base-9B
R16,broom_007,yes,4,5,5,usability,2,4,broom,7,broom_007.png,FLUX.2-klein-base-9B
R16,sneakers_014,yes,5,5,4,functionality,4,4,sneakers,14,sneakers_014.png,FLUX.2-klein-base-9B
R16,early_automobile_005,yes,5,5,4,symbolism,4,5,early_automobile,5,early_automobile_005.png,FLUX.2-klein-base-9B
R16,sports_car_009,yes,4,4,4,aesthetics,3,3,sports_car,9,sports_car_009.png,FLUX.2-klein-base-9B
R16,electric_kettle_020,yes,5,4,5,functionality,2,4,electric_kettle,20,electric_kettle_020.png,FLUX.2-klein-base-9B
R16,lounge_chair_004,yes,5,4,5,usability,3,4,lounge_chair,4,lounge_chair_004.png,FLUX.2-klein-base-9B
R16,electric_kettle_013,yes,4,4,5,functionality,2,4,electric_kettle,13,electric_kettle_013.png,FLUX.2-klein-base-9B
R16,sneakers_022,yes,4,5,5,functionality,4,5,sneakers,22,sneakers_022.png,FLUX.2-klein-base-9B
R16,early_automobile_019,partial,3,4,3,unclear,4,4,early_automobile,19,early_automobile_019.png,FLUX.2-klein-base-9B
R16,broom_022,yes,4,3,5,functionality,3,4,broom,22,broom_022.png,FLUX.2-klein-base-9B
R16,early_automobile_003,yes,4,5,4,symbolism,4,5,early_automobile,3,early_automobile_003.png,FLUX.2-klein-base-9B
R16,early_automobile_021,yes,4,4,4,functionality,4,4,early_automobile,21,early_automobile_021.png,FLUX.2-klein-base-9B
R16,vacuum_cleaner_009,yes,4,4,5,functionality,2,5,vacuum_cleaner,9,vacuum_cleaner_009.png,FLUX.2-klein-base-9B
R16,electric_kettle_008,yes,5,5,5,functionality,1,4,electric_kettle,8,electric_kettle_008.png,FLUX.2-klein-base-9B
R16,lounge_chair_025,partial,3,3,4,functionality,3,4,lounge_chair,25,lounge_chair_025.png,FLUX.2-klein-base-9B
R16,sports_car_012,yes,4,5,5,aesthetics,3,4,sports_car,12,sports_car_012.png,FLUX.2-klein-base-9B
R16,lounge_chair_005,yes,5,5,4,usability,3,3,lounge_chair,5,lounge_chair_005.png,FLUX.2-klein-base-9B
R16,early_automobile_014,yes,5,4,5,symbolism,4,4,early_automobile,14,early_automobile_014.png,FLUX.2-klein-base-9B
R16,desk_lamp_013,yes,5,4,4,functionality,3,4,desk_lamp,13,desk_lamp_013.png,FLUX.2-klein-base-9B
R16,early_automobile_025,yes,5,5,5,symbolism,4,4,early_automobile,25,early_automobile_025.png,FLUX.2-klein-base-9B
R16,broom_016,partial,4,2,4,unclear,2,4,broom,16,broom_016.png,FLUX.2-klein-base-9B
R16,sports_car_023,yes,3,4,5,aesthetics,4,4,sports_car,23,sports_car_023.png,FLUX.2-klein-base-9B
R16,broom_024,yes,4,4,4,functionality,2,4,broom,24,broom_024.png,FLUX.2-klein-base-9B
R16,broom_015,yes,4,4,4,functionality,2,3,broom,15,broom_015.png,FLUX.2-klein-base-9B
R16,early_automobile_006,yes,4,4,5,usability,3,4,early_automobile,6,early_automobile_006.png,FLUX.2-klein-base-9B
R16,broom_021,no,3,3,4,symbolism,2,3,broom,21,broom_021.png,FLUX.2-klein-base-9B
R16,sports_car_008,yes,3,4,4,symbolism,4,4,sports_car,8,sports_car_008.png,FLUX.2-klein-base-9B
R16,vacuum_cleaner_025,yes,2,3,4,unclear,3,2,vacuum_cleaner,25,vacuum_cleaner_025.png,FLUX.2-klein-base-9B
R16,sports_car_003,yes,5,5,5,aesthetics,4,5,sports_car,3,sports_car_003.png,FLUX.2-klein-base-9B
R16,lounge_chair_023,yes,4,4,5,usability,3,4,lounge_chair,23,lounge_chair_023.png,FLUX.2-klein-base-9B
R16,vacuum_cleaner_010,yes,3,4,4,symbolism,2,4,vacuum_cleaner,10,vacuum_cleaner_010.png,FLUX.2-klein-base-9B
R16,sports_car_005,yes,4,4,5,aesthetics,4,4,sports_car,5,sports_car_005.png,FLUX.2-klein-base-9B
R16,vacuum_cleaner_001,yes,3,4,4,functionality,2,4,vacuum_cleaner,1,vacuum_cleaner_001.png,FLUX.2-klein-base-9B
R16,broom_013,yes,4,4,4,usability,3,4,broom,13,broom_013.png,FLUX.2-klein-base-9B
R16,vacuum_cleaner_024,yes,3,4,4,aesthetics,3,3,vacuum_cleaner,24,vacuum_cleaner_024.png,FLUX.2-klein-base-9B
R16,early_automobile_015,yes,4,5,5,aesthetics,3,3,early_automobile,15,early_automobile_015.png,FLUX.2-klein-base-9B
R16,desk_lamp_008,yes,4,4,5,functionality,4,4,desk_lamp,8,desk_lamp_008.png,FLUX.2-klein-base-9B
R16,desk_lamp_023,yes,4,4,4,functionality,3,4,desk_lamp,23,desk_lamp_023.png,FLUX.2-klein-base-9B
R16,lounge_chair_002,yes,4,5,4,functionality,3,4,lounge_chair,2,lounge_chair_002.png,FLUX.2-klein-base-9B
R16,vacuum_cleaner_018,yes,4,4,5,usability,3,4,vacuum_cleaner,18,vacuum_cleaner_018.png,FLUX.2-klein-base-9B
R16,electric_kettle_016,yes,5,4,4,usability,2,4,electric_kettle,16,electric_kettle_016.png,FLUX.2-klein-base-9B
R16,lounge_chair_001,yes,4,4,4,unclear,3,3,lounge_chair,1,lounge_chair_001.png,FLUX.2-klein-base-9B
R16,broom_011,no,2,1,4,symbolism,2,2,broom,11,broom_011.png,FLUX.2-klein-base-9B
R16,lounge_chair_019,yes,4,5,4,symbolism,3,4,lounge_chair,19,lounge_chair_019.png,FLUX.2-klein-base-9B
R16,lounge_chair_007,partial,4,4,3,aesthetics,4,3,lounge_chair,7,lounge_chair_007.png,FLUX.2-klein-base-9B
R16,vacuum_cleaner_015,yes,4,4,4,usability,2,3,vacuum_cleaner,15,vacuum_cleaner_015.png,FLUX.2-klein-base-9B
R16,sports_car_011,yes,4,5,4,aesthetics,4,4,sports_car,11,sports_car_011.png,FLUX.2-klein-base-9B
R16,early_automobile_023,partial,4,4,4,symbolism,4,4,early_automobile,23,early_automobile_023.png,FLUX.2-klein-base-9B
R16,sneakers_008,yes,4,4,5,functionality,3,4,sneakers,8,sneakers_008.png,FLUX.2-klein-base-9B
R16,sneakers_015,yes,3,4,4,usability,2,4,sneakers,15,sneakers_015.png,FLUX.2-klein-base-9B
R16,desk_lamp_024,partial,3,4,4,aesthetics,4,4,desk_lamp,24,desk_lamp_024.png,FLUX.2-klein-base-9B
R16,sneakers_017,yes,4,5,5,functionality,3,4,sneakers,17,sneakers_017.png,FLUX.2-klein-base-9B
R16,broom_017,yes,4,5,5,functionality,2,4,broom,17,broom_017.png,FLUX.2-klein-base-9B
R16,sneakers_003,yes,4,5,4,usability,2,5,sneakers,3,sneakers_003.png,FLUX.2-klein-base-9B
R16,early_automobile_022,yes,5,5,4,symbolism,3,4,early_automobile,22,early_automobile_022.png,FLUX.2-klein-base-9B
R16,desk_lamp_016,yes,4,4,5,functionality,3,4,desk_lamp,16,desk_lamp_016.png,FLUX.2-klein-base-9B
R16,sneakers_024,yes,5,5,5,usability,3,5,sneakers,24,sneakers_024.png,FLUX.2-klein-base-9B
R16,electric_kettle_022,yes,5,5,4,functionality,2,5,electric_kettle,22,electric_kettle_022.png,FLUX.2-klein-base-9B
R16,desk_lamp_009,yes,4,5,5,functionality,4,4,desk_lamp,9,desk_lamp_009.png,FLUX.2-klein-base-9B
R16,desk_lamp_011,yes,5,5,5,usability,2,4,desk_lamp,11,desk_lamp_011.png,FLUX.2-klein-base-9B
R16,broom_001,yes,5,4,5,functionality,1,5,broom,1,broom_001.png,FLUX.2-klein-base-9B
R16,desk_lamp_010,yes,4,4,4,usability,4,4,desk_lamp,10,desk_lamp_010.png,FLUX.2-klein-base-9B
R16,sneakers_001,yes,4,5,4,aesthetics,3,4,sneakers,1,sneakers_001.png,FLUX.2-klein-base-9B
R16,electric_kettle_011,yes,4,4,5,usability,2,5,electric_kettle,11,electric_kettle_011.png,FLUX.2-klein-base-9B
R16,broom_023,partial,3,3,4,functionality,2,2,broom,23,broom_023.png,FLUX.2-klein-base-9B
R16,electric_kettle_001,yes,4,4,4,functionality,2,4,electric_kettle,1,electric_kettle_001.png,FLUX.2-klein-base-9B
R16,electric_kettle_004,yes,5,5,5,functionality,2,4,electric_kettle,4,electric_kettle_004.png,FLUX.2-klein-base-9B
R16,electric_kettle_023,yes,5,4,4,functionality,2,4,electric_kettle,23,electric_kettle_023.png,FLUX.2-klein-base-9B
R16,electric_kettle_017,yes,5,4,5,functionality,2,4,electric_kettle,17,electric_kettle_017.png,FLUX.2-klein-base-9B
R16,early_automobile_010,partial,4,4,4,symbolism,4,4,early_automobile,10,early_automobile_010.png,FLUX.2-klein-base-9B
R16,sports_car_001,yes,4,4,5,symbolism,4,4,sports_car,1,sports_car_001.png,FLUX.2-klein-base-9B
R16,desk_lamp_019,yes,4,4,5,symbolism,2,4,desk_lamp,19,desk_lamp_019.png,FLUX.2-klein-base-9B
R16,sneakers_025,yes,4,5,4,functionality,3,4,sneakers,25,sneakers_025.png,FLUX.2-klein-base-9B
R16,broom_012,yes,4,4,5,functionality,2,3,broom,12,broom_012.png,FLUX.2-klein-base-9B
R16,vacuum_cleaner_007,partial,4,4,3,functionality,2,3,vacuum_cleaner,7,vacuum_cleaner_007.png,FLUX.2-klein-base-9B
R16,lounge_chair_011,yes,5,5,4,usability,3,4,lounge_chair,11,lounge_chair_011.png,FLUX.2-klein-base-9B
R16,sneakers_010,partial,2,3,4,symbolism,2,4,sneakers,10,sneakers_010.png,FLUX.2-klein-base-9B
R16,early_automobile_012,yes,4,5,4,aesthetics,3,4,early_automobile,12,early_automobile_012.png,FLUX.2-klein-base-9B
R16,broom_019,yes,5,4,4,usability,2,4,broom,19,broom_019.png,FLUX.2-klein-base-9B
R16,electric_kettle_006,yes,4,5,4,functionality,2,4,electric_kettle,6,electric_kettle_006.png,FLUX.2-klein-base-9B
R16,vacuum_cleaner_005,yes,4,4,4,functionality,2,4,vacuum_cleaner,5,vacuum_cleaner_005.png,FLUX.2-klein-base-9B
R16,sneakers_018,yes,4,4,4,usability,2,4,sneakers,18,sneakers_018.png,FLUX.2-klein-base-9B
R16,desk_lamp_001,partial,2,3,4,aesthetics,4,3,desk_lamp,1,desk_lamp_001.png,FLUX.2-klein-base-9B
R16,sports_car_007,yes,4,5,4,aesthetics,5,4,sports_car,7,sports_car_007.png,FLUX.2-klein-base-9B
R16,lounge_chair_006,yes,5,5,5,usability,3,5,lounge_chair,6,lounge_chair_006.png,FLUX.2-klein-base-9B
R16,desk_lamp_015,partial,4,3,4,unclear,3,3,desk_lamp,15,desk_lamp_015.png,FLUX.2-klein-base-9B
R16,desk_lamp_017,yes,5,5,4,functionality,2,5,desk_lamp,17,desk_lamp_017.png,FLUX.2-klein-base-9B
R16,vacuum_cleaner_011,yes,3,4,4,functionality,3,3,vacuum_cleaner,11,vacuum_cleaner_011.png,FLUX.2-klein-base-9B
R16,vacuum_cleaner_014,partial,3,4,4,functionality,2,3,vacuum_cleaner,14,vacuum_cleaner_014.png,FLUX.2-klein-base-9B
R16,vacuum_cleaner_013,yes,4,5,5,functionality,2,3,vacuum_cleaner,13,vacuum_cleaner_013.png,FLUX.2-klein-base-9B
R16,early_automobile_011,yes,4,4,5,symbolism,4,4,early_automobile,11,early_automobile_011.png,FLUX.2-klein-base-9B
R16,sports_car_006,yes,3,5,4,aesthetics,5,4,sports_car,6,sports_car_006.png,FLUX.2-klein-base-9B
R16,early_automobile_020,yes,4,5,4,symbolism,4,3,early_automobile,20,early_automobile_020.png,FLUX.2-klein-base-9B
R16,vacuum_cleaner_022,yes,2,4,4,unclear,2,3,vacuum_cleaner,22,vacuum_cleaner_022.png,FLUX.2-klein-base-9B
R16,broom_025,partial,2,2,4,functionality,4,3,broom,25,broom_025.png,FLUX.2-klein-base-9B
R16,lounge_chair_020,no,3,4,3,usability,5,4,lounge_chair,20,lounge_chair_020.png,FLUX.2-klein-base-9B
R16,early_automobile_024,yes,4,5,5,symbolism,4,4,early_automobile,24,early_automobile_024.png,FLUX.2-klein-base-9B
R16,sneakers_016,yes,4,5,5,symbolism,4,4,sneakers,16,sneakers_016.png,FLUX.2-klein-base-9B
R16,sports_car_013,yes,5,4,4,aesthetics,4,4,sports_car,13,sports_car_013.png,FLUX.2-klein-base-9B
R16,electric_kettle_018,yes,4,4,5,usability,2,4,electric_kettle,18,electric_kettle_018.png,FLUX.2-klein-base-9B
R16,electric_kettle_003,yes,4,4,5,functionality,3,4,electric_kettle,3,electric_kettle_003.png,FLUX.2-klein-base-9B
R16,desk_lamp_018,yes,5,5,5,functionality,2,4,desk_lamp,18,desk_lamp_018.png,FLUX.2-klein-base-9B
R16,lounge_chair_003,yes,5,5,4,functionality,3,5,lounge_chair,3,lounge_chair_003.png,FLUX.2-klein-base-9B
R16,vacuum_cleaner_021,yes,4,4,4,functionality,3,3,vacuum_cleaner,21,vacuum_cleaner_021.png,FLUX.2-klein-base-9B
R17,lounge_chair_024,yes,4,4,5,aesthetics,4,4,lounge_chair,24,lounge_chair_024.png,FLUX.2-klein-base-9B
R17,desk_lamp_003,yes,5,5,3,functionality,4,4,desk_lamp,3,desk_lamp_003.png,FLUX.2-klein-base-9B
R17,lounge_chair_017,yes,4,4,4,aesthetics,3,4,lounge_chair,17,lounge_chair_017.png,FLUX.2-klein-base-9B
R17,broom_002,partial,2,3,4,functionality,2,2,broom,2,broom_002.png,FLUX.2-klein-base-9B
R17,broom_014,yes,4,3,4,unclear,2,3,broom,14,broom_014.png,FLUX.2-klein-base-9B
R17,electric_kettle_019,yes,5,4,4,functionality,2,4,electric_kettle,19,electric_kettle_019.png,FLUX.2-klein-base-9B
R17,sports_car_019,yes,4,4,5,aesthetics,4,4,sports_car,19,sports_car_019.png,FLUX.2-klein-base-9B
R17,early_automobile_018,no,2,3,3,functionality,4,3,early_automobile,18,early_automobile_018.png,FLUX.2-klein-base-9B
R17,sports_car_010,yes,5,4,5,aesthetics,4,5,sports_car,10,sports_car_010.png,FLUX.2-klein-base-9B
R17,lounge_chair_008,partial,2,2,4,unclear,3,2,lounge_chair,8,lounge_chair_008.png,FLUX.2-klein-base-9B
R17,sports_car_002,yes,5,4,5,aesthetics,5,5,sports_car,2,sports_car_002.png,FLUX.2-klein-base-9B
R17,sneakers_007,yes,3,5,4,functionality,3,4,sneakers,7,sneakers_007.png,FLUX.2-klein-base-9B
R17,broom_009,no,4,1,4,unclear,2,2,broom,9,broom_009.png,FLUX.2-klein-base-9B
R17,desk_lamp_014,yes,5,5,5,aesthetics,3,4,desk_lamp,14,desk_lamp_014.png,FLUX.2-klein-base-9B
R17,early_automobile_007,partial,5,4,4,aesthetics,4,4,early_automobile,7,early_automobile_007.png,FLUX.2-klein-base-9B
R17,sneakers_019,yes,4,5,4,usability,3,5,sneakers,19,sneakers_019.png,FLUX.2-klein-base-9B
R17,lounge_chair_021,yes,5,5,5,aesthetics,2,4,lounge_chair,21,lounge_chair_021.png,FLUX.2-klein-base-9B
R17,electric_kettle_002,yes,4,4,4,functionality,2,3,electric_kettle,2,electric_kettle_002.png,FLUX.2-klein-base-9B
R17,sneakers_012,yes,3,4,5,functionality,3,4,sneakers,12,sneakers_012.png,FLUX.2-klein-base-9B
R17,vacuum_cleaner_006,yes,3,5,4,unclear,3,4,vacuum_cleaner,6,vacuum_cleaner_006.png,FLUX.2-klein-base-9B
R17,desk_lamp_025,yes,4,5,5,functionality,2,4,desk_lamp,25,desk_lamp_025.png,FLUX.2-klein-base-9B
R17,electric_kettle_025,yes,4,5,4,functionality,3,4,electric_kettle,25,electric_kettle_025.png,FLUX.2-klein-base-9B
R17,sports_car_017,yes,4,4,5,functionality,4,4,sports_car,17,sports_car_017.png,FLUX.2-klein-base-9B
R17,desk_lamp_006,partial,2,2,4,functionality,3,2,desk_lamp,6,desk_lamp_006.png,FLUX.2-klein-base-9B
R17,early_automobile_016,yes,4,5,5,symbolism,3,4,early_automobile,16,early_automobile_016.png,FLUX.2-klein-base-9B
R17,sports_car_016,yes,5,4,5,aesthetics,4,4,sports_car,16,sports_car_016.png,FLUX.2-klein-base-9B
R17,sports_car_015,yes,5,4,5,aesthetics,3,4,sports_car,15,sports_car_015.png,FLUX.2-klein-base-9B
R17,early_automobile_009,yes,5,5,4,symbolism,4,4,early_automobile,9,early_automobile_009.png,FLUX.2-klein-base-9B
R17,sneakers_013,yes,1,3,4,usability,2,3,sneakers,13,sneakers_013.png,FLUX.2-klein-base-9B
R17,lounge_chair_018,yes,3,4,5,usability,2,4,lounge_chair,18,lounge_chair_018.png,FLUX.2-klein-base-9B
R17,broom_004,yes,4,5,4,functionality,2,3,broom,4,broom_004.png,FLUX.2-klein-base-9B
R17,desk_lamp_021,yes,5,4,4,aesthetics,3,4,desk_lamp,21,desk_lamp_021.png,FLUX.2-klein-base-9B
R17,vacuum_cleaner_023,yes,4,5,4,symbolism,3,3,vacuum_cleaner,23,vacuum_cleaner_023.png,FLUX.2-klein-base-9B
R17,desk_lamp_005,yes,3,4,4,symbolism,3,4,desk_lamp,5,desk_lamp_005.png,FLUX.2-klein-base-9B
R17,sports_car_018,yes,4,5,5,aesthetics,3,4,sports_car,18,sports_car_018.png,FLUX.2-klein-base-9B
R17,vacuum_cleaner_019,yes,4,5,5,functionality,2,5,vacuum_cleaner,19,vacuum_cleaner_019.png,FLUX.2-klein-base-9B
R17,electric_kettle_024,yes,5,5,5,functionality,2,5,electric_kettle,24,electric_kettle_024.png,FLUX.2-klein-base-9B
R17,vacuum_cleaner_004,yes,4,4,5,functionality,1,4,vacuum_cleaner,4,vacuum_cleaner_004.png,FLUX.2-klein-base-9B
R17,sports_car_004,yes,5,5,4,symbolism,4,3,sports_car,4,sports_car_004.png,FLUX.2-klein-base-9B
R17,broom_010,partial,2,2,4,functionality,2,3,broom,10,broom_010.png,FLUX.2-klein-base-9B
R17,desk_lamp_020,partial,3,3,4,aesthetics,3,3,desk_lamp,20,desk_lamp_020.png,FLUX.2-klein-base-9B
R17,lounge_chair_009,yes,4,5,4,aesthetics,4,4,lounge_chair,9,lounge_chair_009.png,FLUX.2-klein-base-9B
R17,lounge_chair_013,yes,4,4,4,functionality,4,3,lounge_chair,13,lounge_chair_013.png,FLUX.2-klein-base-9B
R17,vacuum_cleaner_002,yes,4,5,5,functionality,2,5,vacuum_cleaner,2,vacuum_cleaner_002.png,FLUX.2-klein-base-9B
R17,electric_kettle_007,yes,4,4,4,functionality,2,4,electric_kettle,7,electric_kettle_007.png,FLUX.2-klein-base-9B
R17,sports_car_020,partial,2,4,4,aesthetics,3,3,sports_car,20,sports_car_020.png,FLUX.2-klein-base-9B
R17,vacuum_cleaner_012,yes,4,5,4,functionality,2,4,vacuum_cleaner,12,vacuum_cleaner_012.png,FLUX.2-klein-base-9B
R17,electric_kettle_005,yes,4,4,4,functionality,2,4,electric_kettle,5,electric_kettle_005.png,FLUX.2-klein-base-9B
R17,sneakers_020,yes,5,5,4,functionality,3,4,sneakers,20,sneakers_020.png,FLUX.2-klein-base-9B
R17,electric_kettle_015,yes,4,3,5,functionality,2,4,electric_kettle,15,electric_kettle_015.png,FLUX.2-klein-base-9B
R17,electric_kettle_014,yes,5,4,4,functionality,2,4,electric_kettle,14,electric_kettle_014.png,FLUX.2-klein-base-9B
R17,sneakers_023,yes,4,5,5,usability,3,4,sneakers,23,sneakers_023.png,FLUX.2-klein-base-9B
R17,broom_020,yes,4,4,4,symbolism,2,3,broom,20,broom_020.png,FLUX.2-klein-base-9B
R17,broom_008,yes,5,5,4,functionality,1,3,broom,8,broom_008.png,FLUX.2-klein-base-9B
R17,sneakers_009,yes,5,5,4,usability,2,4,sneakers,9,sneakers_009.png,FLUX.2-klein-base-9B
R17,sports_car_022,partial,4,4,4,aesthetics,3,4,sports_car,22,sports_car_022.png,FLUX.2-klein-base-9B
R17,broom_003,partial,3,2,4,aesthetics,2,2,broom,3,broom_003.png,FLUX.2-klein-base-9B
R17,vacuum_cleaner_003,yes,3,3,4,functionality,2,3,vacuum_cleaner,3,vacuum_cleaner_003.png,FLUX.2-klein-base-9B
R17,early_automobile_013,yes,5,5,4,functionality,3,4,early_automobile,13,early_automobile_013.png,FLUX.2-klein-base-9B
R17,sneakers_004,yes,5,5,4,functionality,3,4,sneakers,4,sneakers_004.png,FLUX.2-klein-base-9B
R17,electric_kettle_012,yes,5,5,5,functionality,2,4,electric_kettle,12,electric_kettle_012.png,FLUX.2-klein-base-9B
R17,sports_car_025,yes,4,5,5,aesthetics,4,4,sports_car,25,sports_car_025.png,FLUX.2-klein-base-9B
R17,early_automobile_017,yes,5,5,5,symbolism,3,4,early_automobile,17,early_automobile_017.png,FLUX.2-klein-base-9B
R17,lounge_chair_015,yes,4,5,4,functionality,3,5,lounge_chair,15,lounge_chair_015.png,FLUX.2-klein-base-9B
R17,sports_car_024,yes,5,5,5,aesthetics,4,3,sports_car,24,sports_car_024.png,FLUX.2-klein-base-9B
R17,early_automobile_001,yes,4,4,5,functionality,3,4,early_automobile,1,early_automobile_001.png,FLUX.2-klein-base-9B
R17,desk_lamp_022,partial,3,3,3,functionality,4,3,desk_lamp,22,desk_lamp_022.png,FLUX.2-klein-base-9B
R17,sports_car_021,yes,4,4,5,aesthetics,4,4,sports_car,21,sports_car_021.png,FLUX.2-klein-base-9B
R17,broom_005,no,2,1,4,symbolism,2,1,broom,5,broom_005.png,FLUX.2-klein-base-9B
R17,sneakers_011,yes,5,4,5,functionality,4,4,sneakers,11,sneakers_011.png,FLUX.2-klein-base-9B
R17,sneakers_005,partial,2,3,4,functionality,2,2,sneakers,5,sneakers_005.png,FLUX.2-klein-base-9B
R17,broom_006,yes,4,5,5,symbolism,2,4,broom,6,broom_006.png,FLUX.2-klein-base-9B
R17,sneakers_002,yes,5,5,4,usability,2,5,sneakers,2,sneakers_002.png,FLUX.2-klein-base-9B
R17,desk_lamp_002,yes,5,5,5,functionality,2,5,desk_lamp,2,desk_lamp_002.png,FLUX.2-klein-base-9B
R17,broom_018,yes,4,4,5,functionality,3,3,broom,18,broom_018.png,FLUX.2-klein-base-9B
R17,lounge_chair_014,yes,5,4,5,aesthetics,3,4,lounge_chair,14,lounge_chair_014.png,FLUX.2-klein-base-9B
R17,desk_lamp_007,yes,5,5,5,functionality,2,4,desk_lamp,7,desk_lamp_007.png,FLUX.2-klein-base-9B
R17,lounge_chair_010,yes,3,5,4,functionality,4,3,lounge_chair,10,lounge_chair_010.png,FLUX.2-klein-base-9B
R17,sports_car_014,yes,4,4,4,aesthetics,4,3,sports_car,14,sports_car_014.png,FLUX.2-klein-base-9B
R17,vacuum_cleaner_017,yes,4,4,4,functionality,2,4,vacuum_cleaner,17,vacuum_cleaner_017.png,FLUX.2-klein-base-9B
R17,vacuum_cleaner_016,yes,3,4,4,aesthetics,2,3,vacuum_cleaner,16,vacuum_cleaner_016.png,FLUX.2-klein-base-9B
R17,desk_lamp_012,yes,4,4,4,aesthetics,2,4,desk_lamp,12,desk_lamp_012.png,FLUX.2-klein-base-9B
R17,electric_kettle_010,yes,4,5,4,functionality,2,4,electric_kettle,10,electric_kettle_010.png,FLUX.2-klein-base-9B
R17,sneakers_021,yes,3,4,4,aesthetics,4,4,sneakers,21,sneakers_021.png,FLUX.2-klein-base-9B
R17,lounge_chair_022,yes,4,5,4,functionality,3,4,lounge_chair,22,lounge_chair_022.png,FLUX.2-klein-base-9B
R17,desk_lamp_004,yes,5,5,5,usability,2,5,desk_lamp,4,desk_lamp_004.png,FLUX.2-klein-base-9B
R17,sneakers_006,yes,2,5,5,aesthetics,3,4,sneakers,6,sneakers_006.png,FLUX.2-klein-base-9B
R17,vacuum_cleaner_008,partial,3,3,4,functionality,2,4,vacuum_cleaner,8,vacuum_cleaner_008.png,FLUX.2-klein-base-9B
R17,early_automobile_008,yes,5,4,4,functionality,4,3,early_automobile,8,early_automobile_008.png,FLUX.2-klein-base-9B
R17,early_automobile_002,yes,4,5,4,aesthetics,4,3,early_automobile,2,early_automobile_002.png,FLUX.2-klein-base-9B
R17,lounge_chair_012,yes,4,4,5,aesthetics,4,4,lounge_chair,12,lounge_chair_012.png,FLUX.2-klein-base-9B
R17,early_automobile_004,partial,4,4,4,symbolism,4,4,early_automobile,4,early_automobile_004.png,FLUX.2-klein-base-9B
R17,vacuum_cleaner_020,yes,4,4,4,functionality,3,4,vacuum_cleaner,20,vacuum_cleaner_020.png,FLUX.2-klein-base-9B
R17,lounge_chair_016,yes,4,5,4,aesthetics,4,5,lounge_chair,16,lounge_chair_016.png,FLUX.2-klein-base-9B
R17,electric_kettle_009,yes,5,5,4,functionality,2,4,electric_kettle,9,electric_kettle_009.png,FLUX.2-klein-base-9B
R17,electric_kettle_021,yes,4,5,4,functionality,2,4,electric_kettle,21,electric_kettle_021.png,FLUX.2-klein-base-9B
R17,broom_007,yes,5,4,5,functionality,2,5,broom,7,broom_007.png,FLUX.2-klein-base-9B
R17,sneakers_014,yes,5,5,4,usability,3,5,sneakers,14,sneakers_014.png,FLUX.2-klein-base-9B
R17,early_automobile_005,yes,4,4,5,functionality,4,4,early_automobile,5,early_automobile_005.png,FLUX.2-klein-base-9B
R17,sports_car_009,yes,4,4,4,functionality,4,3,sports_car,9,sports_car_009.png,FLUX.2-klein-base-9B
R17,electric_kettle_020,yes,4,5,4,functionality,2,4,electric_kettle,20,electric_kettle_020.png,FLUX.2-klein-base-9B
R17,lounge_chair_004,yes,4,5,4,usability,4,4,lounge_chair,4,lounge_chair_004.png,FLUX.2-klein-base-9B
R17,electric_kettle_013,yes,4,4,5,symbolism,3,5,electric_kettle,13,electric_kettle_013.png,FLUX.2-klein-base-9B
R17,sneakers_022,yes,5,5,4,aesthetics,3,3,sneakers,22,sneakers_022.png,FLUX.2-klein-base-9B
R17,early_automobile_019,yes,4,4,4,symbolism,3,4,early_automobile,19,early_automobile_019.png,FLUX.2-klein-base-9B
R17,broom_022,yes,4,4,5,functionality,2,5,broom,22,broom_022.png,FLUX.2-klein-base-9B
R17,early_automobile_003,yes,5,4,4,symbolism,4,4,early_automobile,3,early_automobile_003.png,FLUX.2-klein-base-9B
R17,early_automobile_021,yes,5,4,5,symbolism,4,4,early_automobile,21,early_automobile_021.png,FLUX.2-klein-base-9B
R17,vacuum_cleaner_009,yes,3,4,4,usability,2,3,vacuum_cleaner,9,vacuum_cleaner_009.png,FLUX.2-klein-base-9B
R17,electric_kettle_008,yes,5,5,5,usability,2,4,electric_kettle,8,electric_kettle_008.png,FLUX.2-klein-base-9B
R17,lounge_chair_025,yes,3,3,4,usability,2,3,lounge_chair,25,lounge_chair_025.png,FLUX.2-klein-base-9B
R17,sports_car_012,yes,4,5,5,aesthetics,3,4,sports_car,12,sports_car_012.png,FLUX.2-klein-base-9B
R17,lounge_chair_005,yes,4,5,5,usability,3,4,lounge_chair,5,lounge_chair_005.png,FLUX.2-klein-base-9B
R17,early_automobile_014,yes,4,5,5,symbolism,4,4,early_automobile,14,early_automobile_014.png,FLUX.2-klein-base-9B
R17,desk_lamp_013,yes,4,4,4,functionality,2,4,desk_lamp,13,desk_lamp_013.png,FLUX.2-klein-base-9B
R17,early_automobile_025,yes,4,4,5,symbolism,4,4,early_automobile,25,early_automobile_025.png,FLUX.2-klein-base-9B
R17,broom_016,partial,3,2,4,functionality,2,3,broom,16,broom_016.png,FLUX.2-klein-base-9B
R17,sports_car_023,yes,3,3,5,aesthetics,4,3,sports_car,23,sports_car_023.png,FLUX.2-klein-base-9B
R17,broom_024,yes,4,4,4,usability,2,5,broom,24,broom_024.png,FLUX.2-klein-base-9B
R17,broom_015,yes,4,4,4,functionality,3,3,broom,15,broom_015.png,FLUX.2-klein-base-9B
R17,early_automobile_006,yes,4,4,5,usability,4,4,early_automobile,6,early_automobile_006.png,FLUX.2-klein-base-9B
R17,broom_021,partial,4,3,4,functionality,2,3,broom,21,broom_021.png,FLUX.2-klein-base-9B
R17,sports_car_008,yes,4,4,4,aesthetics,4,4,sports_car,8,sports_car_008.png,FLUX.2-klein-base-9B
R17,vacuum_cleaner_025,no,2,2,3,symbolism,3,3,vacuum_cleaner,25,vacuum_cleaner_025.png,FLUX.2-klein-base-9B
R17,sports_car_003,yes,4,4,4,aesthetics,4,4,sports_car,3,sports_car_003.png,FLUX.2-klein-base-9B
R17,lounge_chair_023,yes,5,5,4,usability,3,4,lounge_chair,23,lounge_chair_023.png,FLUX.2-klein-base-9B
R17,vacuum_cleaner_010,yes,3,4,5,functionality,1,4,vacuum_cleaner,10,vacuum_cleaner_010.png,FLUX.2-klein-base-9B
R17,sports_car_005,yes,4,4,3,aesthetics,4,4,sports_car,5,sports_car_005.png,FLUX.2-klein-base-9B
R17,vacuum_cleaner_001,yes,3,4,4,functionality,1,4,vacuum_cleaner,1,vacuum_cleaner_001.png,FLUX.2-klein-base-9B
R17,broom_013,yes,5,3,5,functionality,2,4,broom,13,broom_013.png,FLUX.2-klein-base-9B
R17,vacuum_cleaner_024,partial,3,3,4,functionality,3,3,vacuum_cleaner,24,vacuum_cleaner_024.png,FLUX.2-klein-base-9B
R17,early_automobile_015,yes,4,5,4,symbolism,3,4,early_automobile,15,early_automobile_015.png,FLUX.2-klein-base-9B
R17,desk_lamp_008,yes,4,5,4,functionality,3,5,desk_lamp,8,desk_lamp_008.png,FLUX.2-klein-base-9B
R17,desk_lamp_023,yes,5,4,4,aesthetics,3,4,desk_lamp,23,desk_lamp_023.png,FLUX.2-klein-base-9B
R17,lounge_chair_002,yes,4,5,4,functionality,3,4,lounge_chair,2,lounge_chair_002.png,FLUX.2-klein-base-9B
R17,vacuum_cleaner_018,yes,4,4,4,usability,2,4,vacuum_cleaner,18,vacuum_cleaner_018.png,FLUX.2-klein-base-9B
R17,electric_kettle_016,yes,5,5,5,functionality,2,5,electric_kettle,16,electric_kettle_016.png,FLUX.2-klein-base-9B
R17,lounge_chair_001,yes,3,4,4,aesthetics,3,3,lounge_chair,1,lounge_chair_001.png,FLUX.2-klein-base-9B
R17,broom_011,partial,3,2,5,functionality,3,2,broom,11,broom_011.png,FLUX.2-klein-base-9B
R17,lounge_chair_019,yes,5,5,5,aesthetics,4,4,lounge_chair,19,lounge_chair_019.png,FLUX.2-klein-base-9B
R17,lounge_chair_007,yes,3,5,4,aesthetics,3,3,lounge_chair,7,lounge_chair_007.png,FLUX.2-klein-base-9B
R17,vacuum_cleaner_015,yes,4,4,5,usability,2,4,vacuum_cleaner,15,vacuum_cleaner_015.png,FLUX.2-klein-base-9B
R17,sports_car_011,yes,4,5,4,aesthetics,5,4,sports_car,11,sports_car_011.png,FLUX.2-klein-base-9B
R17,early_automobile_023,yes,5,5,4,symbolism,3,4,early_automobile,23,early_automobile_023.png,FLUX.2-klein-base-9B
R17,sneakers_008,yes,4,5,4,usability,2,4,sneakers,8,sneakers_008.png,FLUX.2-klein-base-9B
R17,sneakers_015,yes,4,5,5,usability,3,4,sneakers,15,sneakers_015.png,FLUX.2-klein-base-9B
R17,desk_lamp_024,yes,4,5,4,symbolism,3,5,desk_lamp,24,desk_lamp_024.png,FLUX.2-klein-base-9B
R17,sneakers_017,yes,4,5,4,aesthetics,3,4,sneakers,17,sneakers_017.png,FLUX.2-klein-base-9B
R17,broom_017,yes,4,4,4,functionality,1,4,broom,17,broom_017.png,FLUX.2-klein-base-9B
R17,sneakers_003,yes,5,5,5,symbolism,3,4,sneakers,3,sneakers_003.png,FLUX.2-klein-base-9B
R17,early_automobile_022,yes,4,4,4,symbolism,4,4,early_automobile,22,early_automobile_022.png,FLUX.2-klein-base-9B
R17,desk_lamp_016,yes,4,5,4,functionality,3,4,desk_lamp,16,desk_lamp_016.png,FLUX.2-klein-base-9B
R17,sneakers_024,yes,3,5,4,usability,3,4,sneakers,24,sneakers_024.png,FLUX.2-klein-base-9B
R17,electric_kettle_022,yes,5,4,4,functionality,1,4,electric_kettle,22,electric_kettle_022.png,FLUX.2-klein-base-9B
R17,desk_lamp_009,yes,4,4,5,functionality,4,3,desk_lamp,9,desk_lamp_009.png,FLUX.2-klein-base-9B
R17,desk_lamp_011,yes,4,5,4,functionality,3,4,desk_lamp,11,desk_lamp_011.png,FLUX.2-klein-base-9B
R17,broom_001,yes,5,5,4,functionality,2,4,broom,1,broom_001.png,FLUX.2-klein-base-9B
R17,desk_lamp_010,yes,4,5,4,functionality,3,4,desk_lamp,10,desk_lamp_010.png,FLUX.2-klein-base-9B
R17,sneakers_001,yes,4,5,4,aesthetics,4,5,sneakers,1,sneakers_001.png,FLUX.2-klein-base-9B
R17,electric_kettle_011,yes,5,4,5,functionality,3,4,electric_kettle,11,electric_kettle_011.png,FLUX.2-klein-base-9B
R17,broom_023,partial,4,4,3,functionality,3,3,broom,23,broom_023.png,FLUX.2-klein-base-9B
R17,electric_kettle_001,yes,5,5,5,functionality,1,4,electric_kettle,1,electric_kettle_001.png,FLUX.2-klein-base-9B
R17,electric_kettle_004,yes,4,4,5,functionality,2,5,electric_kettle,4,electric_kettle_004.png,FLUX.2-klein-base-9B
R17,electric_kettle_023,yes,4,5,5,functionality,3,4,electric_kettle,23,electric_kettle_023.png,FLUX.2-klein-base-9B
R17,electric_kettle_017,yes,5,4,4,functionality,2,5,electric_kettle,17,electric_kettle_017.png,FLUX.2-klein-base-9B
R17,early_automobile_010,yes,4,5,4,symbolism,3,4,early_automobile,10,early_automobile_010.png,FLUX.2-klein-base-9B
R17,sports_car_001,yes,4,5,5,symbolism,3,3,sports_car,1,sports_car_001.png,FLUX.2-klein-base-9B
R17,desk_lamp_019,yes,4,4,4,usability,3,5,desk_lamp,19,desk_lamp_019.png,FLUX.2-klein-base-9B
R17,sneakers_025,yes,4,4,4,functionality,3,4,sneakers,25,sneakers_025.png,FLUX.2-klein-base-9B
R17,broom_012,partial,3,3,4,functionality,2,2,broom,12,broom_012.png,FLUX.2-klein-base-9B
R17,vacuum_cleaner_007,yes,4,4,4,symbolism,2,3,vacuum_cleaner,7,vacuum_cleaner_007.png,FLUX.2-klein-base-9B
R17,lounge_chair_011,yes,5,4,4,aesthetics,3,4,lounge_chair,11,lounge_chair_011.png,FLUX.2-klein-base-9B
R17,sneakers_010,yes,2,3,4,usability,3,3,sneakers,10,sneakers_010.png,FLUX.2-klein-base-9B
R17,early_automobile_012,yes,4,4,5,functionality,4,4,early_automobile,12,early_automobile_012.png,FLUX.2-klein-base-9B
R17,broom_019,yes,5,4,5,usability,3,5,broom,19,broom_019.png,FLUX.2-klein-base-9B
R17,electric_kettle_006,yes,5,4,4,functionality,2,3,electric_kettle,6,electric_kettle_006.png,FLUX.2-klein-base-9B
R17,vacuum_cleaner_005,yes,3,5,4,usability,3,4,vacuum_cleaner,5,vacuum_cleaner_005.png,FLUX.2-klein-base-9B
R17,sneakers_018,yes,4,4,5,functionality,2,4,sneakers,18,sneakers_018.png,FLUX.2-klein-base-9B
R17,desk_lamp_001,partial,2,3,4,unclear,4,4,desk_lamp,1,desk_lamp_001.png,FLUX.2-klein-base-9B
R17,sports_car_007,yes,5,5,5,aesthetics,5,4,sports_car,7,sports_car_007.png,FLUX.2-klein-base-9B
R17,lounge_chair_006,yes,4,4,5,aesthetics,4,5,lounge_chair,6,lounge_chair_006.png,FLUX.2-klein-base-9B
R17,desk_lamp_015,yes,3,4,4,aesthetics,4,4,desk_lamp,15,desk_lamp_015.png,FLUX.2-klein-base-9B
R17,desk_lamp_017,yes,5,5,5,functionality,2,5,desk_lamp,17,desk_lamp_017.png,FLUX.2-klein-base-9B
R17,vacuum_cleaner_011,partial,2,3,5,usability,3,3,vacuum_cleaner,11,vacuum_cleaner_011.png,FLUX.2-klein-base-9B
R17,vacuum_cleaner_014,yes,5,4,4,usability,2,4,vacuum_cleaner,14,vacuum_cleaner_014.png,FLUX.2-klein-base-9B
R17,vacuum_cleaner_013,yes,5,4,5,usability,3,4,vacuum_cleaner,13,vacuum_cleaner_013.png,FLUX.2-klein-base-9B
R17,early_automobile_011,partial,4,4,4,aesthetics,3,4,early_automobile,11,early_automobile_011.png,FLUX.2-klein-base-9B
R17,sports_car_006,yes,3,4,4,aesthetics,4,3,sports_car,6,sports_car_006.png,FLUX.2-klein-base-9B
R17,early_automobile_020,yes,5,5,5,symbolism,4,4,early_automobile,20,early_automobile_020.png,FLUX.2-klein-base-9B
R17,vacuum_cleaner_022,partial,3,4,4,functionality,2,3,vacuum_cleaner,22,vacuum_cleaner_022.png,FLUX.2-klein-base-9B
R17,broom_025,partial,2,2,4,unclear,3,3,broom,25,broom_025.png,FLUX.2-klein-base-9B
R17,lounge_chair_020,yes,4,4,5,functionality,4,5,lounge_chair,20,lounge_chair_020.png,FLUX.2-klein-base-9B
R17,early_automobile_024,yes,5,5,4,symbolism,4,4,early_automobile,24,early_automobile_024.png,FLUX.2-klein-base-9B
R17,sneakers_016,yes,5,4,4,functionality,3,4,sneakers,16,sneakers_016.png,FLUX.2-klein-base-9B
R17,sports_car_013,yes,5,5,5,aesthetics,4,4,sports_car,13,sports_car_013.png,FLUX.2-klein-base-9B
R17,electric_kettle_018,yes,5,4,5,functionality,2,4,electric_kettle,18,electric_kettle_018.png,FLUX.2-klein-base-9B
R17,electric_kettle_003,yes,5,5,4,functionality,2,4,electric_kettle,3,electric_kettle_003.png,FLUX.2-klein-base-9B
R17,desk_lamp_018,yes,5,5,4,functionality,3,5,desk_lamp,18,desk_lamp_018.png,FLUX.2-klein-base-9B
R17,lounge_chair_003,yes,5,5,4,usability,4,4,lounge_chair,3,lounge_chair_003.png,FLUX.2-klein-base-9B
R17,vacuum_cleaner_021,yes,3,4,4,aesthetics,2,4,vacuum_cleaner,21,vacuum_cleaner_021.png,FLUX.2-klein-base-9B
R18,lounge_chair_024,yes,4,5,4,aesthetics,3,5,lounge_chair,24,lounge_chair_024.png,FLUX.2-klein-base-9B
R18,desk_lamp_003,yes,4,5,4,aesthetics,4,4,desk_lamp,3,desk_lamp_003.png,FLUX.2-klein-base-9B
R18,lounge_chair_017,yes,3,4,5,functionality,3,3,lounge_chair,17,lounge_chair_017.png,FLUX.2-klein-base-9B
R18,broom_002,partial,2,3,4,functionality,2,2,broom,2,broom_002.png,FLUX.2-klein-base-9B
R18,broom_014,yes,4,3,4,functionality,2,3,broom,14,broom_014.png,FLUX.2-klein-base-9B
R18,electric_kettle_019,yes,4,5,5,functionality,2,4,electric_kettle,19,electric_kettle_019.png,FLUX.2-klein-base-9B
R18,sports_car_019,yes,5,5,4,functionality,4,5,sports_car,19,sports_car_019.png,FLUX.2-klein-base-9B
R18,early_automobile_018,yes,2,4,4,symbolism,3,3,early_automobile,18,early_automobile_018.png,FLUX.2-klein-base-9B
R18,sports_car_010,yes,5,5,5,functionality,4,3,sports_car,10,sports_car_010.png,FLUX.2-klein-base-9B
R18,lounge_chair_008,yes,2,3,4,unclear,3,1,lounge_chair,8,lounge_chair_008.png,FLUX.2-klein-base-9B
R18,sports_car_002,yes,5,4,4,aesthetics,5,3,sports_car,2,sports_car_002.png,FLUX.2-klein-base-9B
R18,sneakers_007,yes,3,4,4,symbolism,2,4,sneakers,7,sneakers_007.png,FLUX.2-klein-base-9B
R18,broom_009,no,3,1,4,unclear,3,1,broom,9,broom_009.png,FLUX.2-klein-base-9B
R18,desk_lamp_014,yes,5,5,5,functionality,3,4,desk_lamp,14,desk_lamp_014.png,FLUX.2-klein-base-9B
R18,early_automobile_007,yes,4,5,4,symbolism,4,4,early_automobile,7,early_automobile_007.png,FLUX.2-klein-base-9B
R18,sneakers_019,yes,5,5,5,functionality,3,4,sneakers,19,sneakers_019.png,FLUX.2-klein-base-9B
R18,lounge_chair_021,partial,4,4,4,functionality,3,3,lounge_chair,21,lounge_chair_021.png,FLUX.2-klein-base-9B
R18,electric_kettle_002,yes,5,5,5,usability,2,3,electric_kettle,2,electric_kettle_002.png,FLUX.2-klein-base-9B
R18,sneakers_012,yes,4,4,5,usability,3,4,sneakers,12,sneakers_012.png,FLUX.2-klein-base-9B
R18,vacuum_cleaner_006,yes,3,3,5,functionality,2,3,vacuum_cleaner,6,vacuum_cleaner_006.png,FLUX.2-klein-base-9B
R18,desk_lamp_025,yes,4,4,4,functionality,3,4,desk_lamp,25,desk_lamp_025.png,FLUX.2-klein-base-9B
R18,electric_kettle_025,yes,4,4,5,functionality,2,4,electric_kettle,25,electric_kettle_025.png,FLUX.2-klein-base-9B
R18,sports_car_017,yes,5,4,4,aesthetics,3,4,sports_car,17,sports_car_017.png,FLUX.2-klein-base-9B
R18,desk_lamp_006,no,1,2,3,aesthetics,4,3,desk_lamp,6,desk_lamp_006.png,FLUX.2-klein-base-9B
R18,early_automobile_016,yes,5,5,5,functionality,3,5,early_automobile,16,early_automobile_016.png,FLUX.2-klein-base-9B
R18,sports_car_016,yes,4,4,4,aesthetics,3,5,sports_car,16,sports_car_016.png,FLUX.2-klein-base-9B
R18,sports_car_015,yes,4,5,4,aesthetics,4,4,sports_car,15,sports_car_015.png,FLUX.2-klein-base-9B
R18,early_automobile_009,yes,4,4,4,symbolism,4,4,early_automobile,9,early_automobile_009.png,FLUX.2-klein-base-9B
R18,sneakers_013,partial,2,3,4,unclear,2,3,sneakers,13,sneakers_013.png,FLUX.2-klein-base-9B
R18,lounge_chair_018,yes,4,4,4,functionality,3,3,lounge_chair,18,lounge_chair_018.png,FLUX.2-klein-base-9B
R18,broom_004,yes,4,4,3,usability,3,4,broom,4,broom_004.png,FLUX.2-klein-base-9B
R18,desk_lamp_021,yes,5,4,5,functionality,3,5,desk_lamp,21,desk_lamp_021.png,FLUX.2-klein-base-9B
R18,vacuum_cleaner_023,yes,4,5,4,functionality,2,4,vacuum_cleaner,23,vacuum_cleaner_023.png,FLUX.2-klein-base-9B
R18,desk_lamp_005,yes,3,4,5,functionality,3,4,desk_lamp,5,desk_lamp_005.png,FLUX.2-klein-base-9B
R18,sports_car_018,yes,5,4,5,aesthetics,4,5,sports_car,18,sports_car_018.png,FLUX.2-klein-base-9B
R18,vacuum_cleaner_019,yes,4,5,4,usability,3,4,vacuum_cleaner,19,vacuum_cleaner_019.png,FLUX.2-klein-base-9B
R18,electric_kettle_024,yes,4,5,5,functionality,2,5,electric_kettle,24,electric_kettle_024.png,FLUX.2-klein-base-9B
R18,vacuum_cleaner_004,partial,5,3,4,functionality,2,4,vacuum_cleaner,4,vacuum_cleaner_004.png,FLUX.2-klein-base-9B
R18,sports_car_004,yes,4,5,5,aesthetics,3,4,sports_car,4,sports_car_004.png,FLUX.2-klein-base-9B
R18,broom_010,no,2,3,3,aesthetics,2,3,broom,10,broom_010.png,FLUX.2-klein-base-9B
R18,desk_lamp_020,partial,4,3,5,aesthetics,4,4,desk_lamp,20,desk_lamp_020.png,FLUX.2-klein-base-9B
R18,lounge_chair_009,yes,4,4,4,aesthetics,4,5,lounge_chair,9,lounge_chair_009.png,FLUX.2-klein-base-9B
R18,lounge_chair_013,yes,4,4,5,usability,3,3,lounge_chair,13,lounge_chair_013.png,FLUX.2-klein-base-9B
R18,vacuum_cleaner_002,yes,5,4,5,functionality,2,4,vacuum_cleaner,2,vacuum_cleaner_002.png,FLUX.2-klein-base-9B
R18,electric_kettle_007,yes,5,4,4,functionality,3,4,electric_kettle,7,electric_kettle_007.png,FLUX.2-klein-base-9B
R18,sports_car_020,yes,3,4,4,symbolism,3,3,sports_car,20,sports_car_020.png,FLUX.2-klein-base-9B
R18,vacuum_cleaner_012,yes,4,4,5,functionality,3,4,vacuum_cleaner,12,vacuum_cleaner_012.png,FLUX.2-klein-base-9B
R18,electric_kettle_005,yes,4,5,4,symbolism,3,4,electric_kettle,5,electric_kettle_005.png,FLUX.2-klein-base-9B
R18,sneakers_020,yes,5,5,4,usability,4,5,sneakers,20,sneakers_020.png,FLUX.2-klein-base-9B
R18,electric_kettle_015,yes,4,4,4,functionality,3,3,electric_kettle,15,electric_kettle_015.png,FLUX.2-klein-base-9B
R18,electric_kettle_014,yes,5,5,4,symbolism,2,5,electric_kettle,14,electric_kettle_014.png,FLUX.2-klein-base-9B
R18,sneakers_023,yes,5,5,5,usability,2,4,sneakers,23,sneakers_023.png,FLUX.2-klein-base-9B
R18,broom_020,partial,5,3,4,functionality,2,4,broom,20,broom_020.png,FLUX.2-klein-base-9B
R18,broom_008,yes,3,5,5,functionality,2,4,broom,8,broom_008.png,FLUX.2-klein-base-9B
R18,sneakers_009,yes,4,4,5,usability,3,4,sneakers,9,sneakers_009.png,FLUX.2-klein-base-9B
R18,sports_car_022,yes,3,5,5,usability,4,4,sports_car,22,sports_car_022.png,FLUX.2-klein-base-9B
R18,broom_003,no,3,2,3,functionality,2,3,broom,3,broom_003.png,FLUX.2-klein-base-9B
R18,vacuum_cleaner_003,yes,2,4,4,functionality,3,3,vacuum_cleaner,3,vacuum_cleaner_003.png,FLUX.2-klein-base-9B
R18,early_automobile_013,yes,5,4,4,symbolism,3,4,early_automobile,13,early_automobile_013.png,FLUX.2-klein-base-9B
R18,sneakers_004,yes,4,5,4,functionality,2,4,sneakers,4,sneakers_004.png,FLUX.2-klein-base-9B
R18,electric_kettle_012,yes,5,5,5,functionality,2,5,electric_kettle,12,electric_kettle_012.png,FLUX.2-klein-base-9B
R18,sports_car_025,yes,5,5,4,aesthetics,5,4,sports_car,25,sports_car_025.png,FLUX.2-klein-base-9B
R18,early_automobile_017,yes,4,4,5,symbolism,4,3,early_automobile,17,early_automobile_017.png,FLUX.2-klein-base-9B
R18,lounge_chair_015,yes,5,4,4,usability,3,5,lounge_chair,15,lounge_chair_015.png,FLUX.2-klein-base-9B
R18,sports_car_024,yes,4,4,4,aesthetics,4,4,sports_car,24,sports_car_024.png,FLUX.2-klein-base-9B
R18,early_automobile_001,yes,4,5,5,symbolism,3,4,early_automobile,1,early_automobile_001.png,FLUX.2-klein-base-9B
R18,desk_lamp_022,yes,3,3,4,functionality,4,4,desk_lamp,22,desk_lamp_022.png,FLUX.2-klein-base-9B
R18,sports_car_021,yes,5,5,5,aesthetics,4,3,sports_car,21,sports_car_021.png,FLUX.2-klein-base-9B
R18,broom_005,no,2,2,4,unclear,1,2,broom,5,broom_005.png,FLUX.2-klein-base-9B
R18,sneakers_011,yes,5,5,4,symbolism,4,4,sneakers,11,sneakers_011.png,FLUX.2-klein-base-9B
R18,sneakers_005,partial,2,3,3,functionality,2,3,sneakers,5,sneakers_005.png,FLUX.2-klein-base-9B
R18,broom_006,yes,5,5,5,functionality,2,4,broom,6,broom_006.png,FLUX.2-klein-base-9B
R18,sneakers_002,yes,4,4,5,usability,3,4,sneakers,2,sneakers_002.png,FLUX.2-klein-base-9B
R18,desk_lamp_002,yes,5,5,4,functionality,2,4,desk_lamp,2,desk_lamp_002.png,FLUX.2-klein-base-9B
R18,broom_018,yes,3,4,4,usability,2,4,broom,18,broom_018.png,FLUX.2-klein-base-9B
R18,lounge_chair_014,yes,4,4,4,usability,3,5,lounge_chair,14,lounge_chair_014.png,FLUX.2-klein-base-9B
R18,desk_lamp_007,yes,5,5,4,functionality,3,4,desk_lamp,7,desk_lamp_007.png,FLUX.2-klein-base-9B
R18,lounge_chair_010,yes,4,4,4,functionality,4,5,lounge_chair,10,lounge_chair_010.png,FLUX.2-klein-base-9B
R18,sports_car_014,yes,5,5,4,aesthetics,4,4,sports_car,14,sports_car_014.png,FLUX.2-klein-base-9B
R18,vacuum_cleaner_017,yes,4,3,5,functionality,1,3,vacuum_cleaner,17,vacuum_cleaner_017.png,FLUX.2-klein-base-9B
R18,vacuum_cleaner_016,yes,2,4,4,usability,3,3,vacuum_cleaner,16,vacuum_cleaner_016.png,FLUX.2-klein-base-9B
R18,desk_lamp_012,yes,5,5,5,functionality,3,5,desk_lamp,12,desk_lamp_012.png,FLUX.2-klein-base-9B
R18,electric_kettle_010,yes,4,5,5,functionality,2,4,electric_kettle,10,electric_kettle_010.png,FLUX.2-klein-base-9B
R18,sneakers_021,yes,3,4,4,functionality,3,4,sneakers,21,sneakers_021.png,FLUX.2-klein-base-9B
R18,lounge_chair_022,yes,4,4,5,functionality,2,4,lounge_chair,22,lounge_chair_022.png,FLUX.2-klein-base-9B
R18,desk_lamp_004,yes,4,4,4,functionality,3,4,desk_lamp,4,desk_lamp_004.png,FLUX.2-klein-base-9B
R18,sneakers_006,no,1,4,3,symbolism,2,3,sneakers,6,sneakers_006.png,FLUX.2-klein-base-9B
R18,vacuum_cleaner_008,yes,4,4,4,functionality,2,4,vacuum_cleaner,8,vacuum_cleaner_008.png,FLUX.2-klein-base-9B
R18,early_automobile_008,yes,4,4,4,aesthetics,4,4,early_automobile,8,early_automobile_008.png,FLUX.2-klein-base-9B
R18,early_automobile_002,yes,5,4,5,symbolism,3,5,early_automobile,2,early_automobile_002.png,FLUX.2-klein-base-9B
R18,lounge_chair_012,yes,5,5,4,usability,3,4,lounge_chair,12,lounge_chair_012.png,FLUX.2-klein-base-9B
R18,early_automobile_004,partial,3,4,4,symbolism,4,3,early_automobile,4,early_automobile_004.png,FLUX.2-klein-base-9B
R18,vacuum_cleaner_020,yes,4,4,5,functionality,2,5,vacuum_cleaner,20,vacuum_cleaner_020.png,FLUX.2-klein-base-9B
R18,lounge_chair_016,yes,4,4,4,aesthetics,3,3,lounge_chair,16,lounge_chair_016.png,FLUX.2-klein-base-9B
R18,electric_kettle_009,yes,5,4,5,functionality,2,4,electric_kettle,9,electric_kettle_009.png,FLUX.2-klein-base-9B
R18,electric_kettle_021,yes,5,4,4,functionality,3,4,electric_kettle,21,electric_kettle_021.png,FLUX.2-klein-base-9B
R18,broom_007,yes,4,5,5,functionality,3,4,broom,7,broom_007.png,FLUX.2-klein-base-9B
R18,sneakers_014,yes,4,4,5,functionality,3,4,sneakers,14,sneakers_014.png,FLUX.2-klein-base-9B
R18,early_automobile_005,yes,4,5,5,symbolism,4,5,early_automobile,5,early_automobile_005.png,FLUX.2-klein-base-9B
R18,sports_car_009,yes,4,4,4,aesthetics,4,4,sports_car,9,sports_car_009.png,FLUX.2-klein-base-9B
R18,electric_kettle_020,yes,4,5,5,functionality,3,4,electric_kettle,20,electric_kettle_020.png,FLUX.2-klein-base-9B
R18,lounge_chair_004,yes,5,4,5,usability,2,4,lounge_chair,4,lounge_chair_004.png,FLUX.2-klein-base-9B
R18,electric_kettle_013,yes,5,4,5,functionality,1,5,electric_kettle,13,electric_kettle_013.png,FLUX.2-klein-base-9B
R18,sneakers_022,yes,5,4,4,usability,3,5,sneakers,22,sneakers_022.png,FLUX.2-klein-base-9B
R18,early_automobile_019,yes,3,5,5,symbolism,3,4,early_automobile,19,early_automobile_019.png,FLUX.2-klein-base-9B
R18,broom_022,yes,4,5,4,functionality,2,5,broom,22,broom_022.png,FLUX.2-klein-base-9B
R18,early_automobile_003,yes,4,4,4,symbolism,3,5,early_automobile,3,early_automobile_003.png,FLUX.2-klein-base-9B
R18,early_automobile_021,yes,4,4,5,functionality,3,5,early_automobile,21,early_automobile_021.png,FLUX.2-klein-base-9B
R18,vacuum_cleaner_009,yes,4,5,4,functionality,3,4,vacuum_cleaner,9,vacuum_cleaner_009.png,FLUX.2-klein-base-9B
R18,electric_kettle_008,yes,5,5,4,functionality,2,5,electric_kettle,8,electric_kettle_008.png,FLUX.2-klein-base-9B
R18,lounge_chair_025,yes,2,4,4,functionality,3,3,lounge_chair,25,lounge_chair_025.png,FLUX.2-klein-base-9B
R18,sports_car_012,yes,5,4,4,functionality,4,4,sports_car,12,sports_car_012.png,FLUX.2-klein-base-9B
R18,lounge_chair_005,yes,4,5,4,usability,3,4,lounge_chair,5,lounge_chair_005.png,FLUX.2-klein-base-9B
R18,early_automobile_014,yes,4,4,5,symbolism,4,3,early_automobile,14,early_automobile_014.png,FLUX.2-klein-base-9B
R18,desk_lamp_013,yes,5,5,4,functionality,2,5,desk_lamp,13,desk_lamp_013.png,FLUX.2-klein-base-9B
R18,early_automobile_025,yes,5,4,5,functionality,4,5,early_automobile,25,early_automobile_025.png,FLUX.2-klein-base-9B
R18,broom_016,partial,3,2,5,aesthetics,3,2,broom,16,broom_016.png,FLUX.2-klein-base-9B
R18,sports_car_023,yes,3,4,4,aesthetics,4,3,sports_car,23,sports_car_023.png,FLUX.2-klein-base-9B
R18,broom_024,yes,4,5,4,functionality,3,5,broom,24,broom_024.png,FLUX.2-klein-base-9B
R18,broom_015,yes,4,4,4,aesthetics,2,4,broom,15,broom_015.png,FLUX.2-klein-base-9B
R18,early_automobile_006,yes,5,5,4,functionality,4,3,early_automobile,6,early_automobile_006.png,FLUX.2-klein-base-9B
R18,broom_021,yes,5,3,5,functionality,3,4,broom,21,broom_021.png,FLUX.2-klein-base-9B
R18,sports_car_008,yes,5,4,4,functionality,3,4,sports_car,8,sports_car_008.png,FLUX.2-klein-base-9B
R18,vacuum_cleaner_025,no,2,2,3,unclear,4,2,vacuum_cleaner,25,vacuum_cleaner_025.png,FLUX.2-klein-base-9B
R18,sports_car_003,yes,4,5,5,symbolism,5,4,sports_car,3,sports_car_003.png,FLUX.2-klein-base-9B
R18,lounge_chair_023,yes,5,5,5,usability,3,5,lounge_chair,23,lounge_chair_023.png,FLUX.2-klein-base-9B
R18,vacuum_cleaner_010,partial,3,4,4,functionality,2,4,vacuum_cleaner,10,vacuum_cleaner_010.png,FLUX.2-klein-base-9B
R18,sports_car_005,yes,4,4,5,aesthetics,4,4,sports_car,5,sports_car_005.png,FLUX.2-klein-base-9B
R18,vacuum_cleaner_001,yes,4,4,4,usability,2,4,vacuum_cleaner,1,vacuum_cleaner_001.png,FLUX.2-klein-base-9B
R18,broom_013,yes,4,5,4,functionality,3,4,broom,13,broom_013.png,FLUX.2-klein-base-9B
R18,vacuum_cleaner_024,yes,2,4,5,functionality,2,3,vacuum_cleaner,24,vacuum_cleaner_024.png,FLUX.2-klein-base-9B
R18,early_automobile_015,yes,5,4,4,functionality,3,4,early_automobile,15,early_automobile_015.png,FLUX.2-klein-base-9B
R18,desk_lamp_008,yes,4,4,4,functionality,3,4,desk_lamp,8,desk_lamp_008.png,FLUX.2-klein-base-9B
R18,desk_lamp_023,yes,4,4,5,aesthetics,2,4,desk_lamp,23,desk_lamp_023.png,FLUX.2-klein-base-9B
R18,lounge_chair_002,yes,3,5,4,functionality,4,5,lounge_chair,2,lounge_chair_002.png,FLUX.2-klein-base-9B
R18,vacuum_cleaner_018,yes,4,4,4,functionality,3,4,vacuum_cleaner,18,vacuum_cleaner_018.png,FLUX.2-klein-base-9B
R18,electric_kettle_016,yes,5,5,5,functionality,3,4,electric_kettle,16,electric_kettle_016.png,FLUX.2-klein-base-9B
R18,lounge_chair_001,yes,3,4,5,functionality,4,3,lounge_chair,1,lounge_chair_001.png,FLUX.2-klein-base-9B
R18,broom_011,no,2,2,4,unclear,2,1,broom,11,broom_011.png,FLUX.2-klein-base-9B
R18,lounge_chair_019,yes,4,4,4,functionality,3,4,lounge_chair,19,lounge_chair_019.png,FLUX.2-klein-base-9B
R18,lounge_chair_007,partial,4,4,3,unclear,4,4,lounge_chair,7,lounge_chair_007.png,FLUX.2-klein-base-9B
R18,vacuum_cleaner_015,yes,5,5,4,functionality,3,5,vacuum_cleaner,15,vacuum_cleaner_015.png,FLUX.2-klein-base-9B
R18,sports_car_011,yes,4,5,4,aesthetics,4,4,sports_car,11,sports_car_011.png,FLUX.2-klein-base-9B
R18,early_automobile_023,yes,4,4,5,symbolism,4,4,early_automobile,23,early_automobile_023.png,FLUX.2-klein-base-9B
R18,sneakers_008,yes,4,5,4,symbolism,3,4,sneakers,8,sneakers_008.png,FLUX.2-klein-base-9B
R18,sneakers_015,yes,3,4,4,usability,3,4,sneakers,15,sneakers_015.png,FLUX.2-klein-base-9B
R18,desk_lamp_024,partial,3,4,4,aesthetics,3,4,desk_lamp,24,desk_lamp_024.png,FLUX.2-klein-base-9B
R18,sneakers_017,yes,5,4,5,symbolism,4,4,sneakers,17,sneakers_017.png,FLUX.2-klein-base-9B
R18,broom_017,yes,5,5,4,functionality,2,4,broom,17,broom_017.png,FLUX.2-klein-base-9B
R18,sneakers_003,yes,5,4,5,aesthetics,4,5,sneakers,3,sneakers_003.png,FLUX.2-klein-base-9B
R18,early_automobile_022,partial,5,4,4,functionality,3,4,early_automobile,22,early_automobile_022.png,FLUX.2-klein-base-9B
R18,desk_lamp_016,yes,4,5,5,functionality,3,4,desk_lamp,16,desk_lamp_016.png,FLUX.2-klein-base-9B
R18,sneakers_024,yes,4,4,4,functionality,3,5,sneakers,24,sneakers_024.png,FLUX.2-klein-base-9B
R18,electric_kettle_022,yes,5,5,5,functionality,2,5,electric_kettle,22,electric_kettle_022.png,FLUX.2-klein-base-9B
R18,desk_lamp_009,yes,4,4,4,aesthetics,3,3,desk_lamp,9,desk_lamp_009.png,FLUX.2-klein-base-9B
R18,desk_lamp_011,yes,4,5,5,functionality,2,5,desk_lamp,11,desk_lamp_011.png,FLUX.2-klein-base-9B
R18,broom_001,yes,5,4,5,functionality,2,4,broom,1,broom_001.png,FLUX.2-klein-base-9B
R18,desk_lamp_010,yes,4,4,4,functionality,3,4,desk_lamp,10,desk_lamp_010.png,FLUX.2-klein-base-9B
R18,sneakers_001,yes,5,4,5,functionality,4,5,sneakers,1,sneakers_001.png,FLUX.2-klein-base-9B
R18,electric_kettle_011,yes,5,4,4,usability,2,4,electric_kettle,11,electric_kettle_011.png,FLUX.2-klein-base-9B
R18,broom_023,yes,4,4,4,symbolism,2,4,broom,23,broom_023.png,FLUX.2-klein-base-9B
R18,electric_kettle_001,yes,4,5,5,functionality,2,4,electric_kettle,1,electric_kettle_001.png,FLUX.2-klein-base-9B
R18,electric_kettle_004,yes,4,5,5,functionality,2,4,electric_kettle,4,electric_kettle_004.png,FLUX.2-klein-base-9B
R18,electric_kettle_023,yes,5,4,5,functionality,2,4,electric_kettle,23,electric_kettle_023.png,FLUX.2-klein-base-9B
R18,electric_kettle_017,yes,4,5,5,functionality,2,4,electric_kettle,17,electric_kettle_017.png,FLUX.2-klein-base-9B
R18,early_automobile_010,yes,4,5,4,symbolism,4,3,early_automobile,10,early_automobile_010.png,FLUX.2-klein-base-9B
R18,sports_car_001,yes,4,4,4,aesthetics,4,4,sports_car,1,sports_car_001.png,FLUX.2-klein-base-9B
R18,desk_lamp_019,yes,3,5,4,functionality,3,4,desk_lamp,19,desk_lamp_019.png,FLUX.2-klein-base-9B
R18,sneakers_025,yes,4,5,4,usability,2,4,sneakers,25,sneakers_025.png,FLUX.2-klein-base-9B
R18,broom_012,yes,4,4,4,functionality,1,3,broom,12,broom_012.png,FLUX.2-klein-base-9B
R18,vacuum_cleaner_007,yes,3,4,4,functionality,2,3,vacuum_cleaner,7,vacuum_cleaner_007.png,FLUX.2-klein-base-9B
R18,lounge_chair_011,yes,5,5,5,functionality,3,4,lounge_chair,11,lounge_chair_011.png,FLUX.2-klein-base-9B
R18,sneakers_010,partial,2,3,4,usability,2,3,sneakers,10,sneakers_010.png,FLUX.2-klein-base-9B
R18,early_automobile_012,yes,4,4,5,functionality,3,5,early_automobile,12,early_automobile_012.png,FLUX.2-klein-base-9B
R18,broom_019,yes,4,5,5,functionality,3,4,broom,19,broom_019.png,FLUX.2-klein-base-9B
R18,electric_kettle_006,yes,4,4,4,functionality,2,4,electric_kettle,6,electric_kettle_006.png,FLUX.2-klein-base-9B
R18,vacuum_cleaner_005,yes,3,4,4,functionality,3,3,vacuum_cleaner,5,vacuum_cleaner_005.png,FLUX.2-klein-base-9B
R18,sneakers_018,yes,4,5,5,functionality,3,5,sneakers,18,sneakers_018.png,FLUX.2-klein-base-9B
R18,desk_lamp_001,yes,2,4,4,aesthetics,3,3,desk_lamp,1,desk_lamp_001.png,FLUX.2-klein-base-9B
R18,sports_car_007,yes,4,4,5,aesthetics,4,4,sports_car,7,sports_car_007.png,FLUX.2-klein-base-9B
R18,lounge_chair_006,yes,5,4,5,aesthetics,3,4,lounge_chair,6,lounge_chair_006.png,FLUX.2-klein-base-9B
R18,desk_lamp_015,yes,3,4,5,aesthetics,4,4,desk_lamp,15,desk_lamp_015.png,FLUX.2-klein-base-9B
R18,desk_lamp_017,yes,5,4,5,functionality,3,5,desk_lamp,17,desk_lamp_017.png,FLUX.2-klein-base-9B
R18,vacuum_cleaner_011,partial,2,4,4,symbolism,2,3,vacuum_cleaner,11,vacuum_cleaner_011.png,FLUX.2-klein-base-9B
R18,vacuum_cleaner_014,yes,4,5,4,functionality,2,4,vacuum_cleaner,14,vacuum_cleaner_014.png,FLUX.2-klein-base-9B
R18,vacuum_cleaner_013,yes,4,5,4,functionality,2,4,vacuum_cleaner,13,vacuum_cleaner_013.png,FLUX.2-klein-base-9B
R18,early_automobile_011,yes,4,4,4,symbolism,3,4,early_automobile,11,early_automobile_011.png,FLUX.2-klein-base-9B
R18,sports_car_006,yes,3,5,4,aesthetics,4,3,sports_car,6,sports_car_006.png,FLUX.2-klein-base-9B
R18,early_automobile_020,yes,5,4,5,functionality,4,5,early_automobile,20,early_automobile_020.png,FLUX.2-klein-base-9B
R18,vacuum_cleaner_022,yes,3,4,4,functionality,3,4,vacuum_cleaner,22,vacuum_cleaner_022.png,FLUX.2-klein-base-9B
R18,broom_025,no,2,2,3,functionality,3,3,broom,25,broom_025.png,FLUX.2-klein-base-9B
R18,lounge_chair_020,partial,4,3,4,aesthetics,4,4,lounge_chair,20,lounge_chair_020.png,FLUX.2-klein-base-9B
R18,early_automobile_024,yes,4,5,5,symbolism,5,4,early_automobile,24,early_automobile_024.png,FLUX.2-klein-base-9B
R18,sneakers_016,yes,5,5,5,aesthetics,3,5,sneakers,16,sneakers_016.png,FLUX.2-klein-base-9B
R18,sports_car_013,yes,4,5,4,functionality,4,4,sports_car,13,sports_car_013.png,FLUX.2-klein-base-9B
R18,electric_kettle_018,yes,4,4,4,usability,2,3,electric_kettle,18,electric_kettle_018.png,FLUX.2-klein-base-9B
R18,electric_kettle_003,yes,4,4,5,functionality,1,4,electric_kettle,3,electric_kettle_003.png,FLUX.2-klein-base-9B
R18,desk_lamp_018,yes,4,5,5,functionality,2,4,desk_lamp,18,desk_lamp_018.png,FLUX.2-klein-base-9B
R18,lounge_chair_003,yes,5,5,5,aesthetics,4,5,lounge_chair,3,lounge_chair_003.png,FLUX.2-klein-base-9B
R18,vacuum_cleaner_021,yes,4,4,4,aesthetics,2,4,vacuum_cleaner,21,vacuum_cleaner_021.png,FLUX.2-klein-base-9B
R19,lounge_chair_024,yes,5,4,5,aesthetics,4,4,lounge_chair,24,lounge_chair_024.png,FLUX.2-klein-base-9B
R19,desk_lamp_003,yes,5,5,4,functionality,4,4,desk_lamp,3,desk_lamp_003.png,FLUX.2-klein-base-9B
R19,lounge_chair_017,yes,4,5,4,functionality,4,4,lounge_chair,17,lounge_chair_017.png,FLUX.2-klein-base-9B
R19,broom_002,no,2,2,4,symbolism,2,3,broom,2,broom_002.png,FLUX.2-klein-base-9B
R19,broom_014,no,4,3,3,functionality,2,3,broom,14,broom_014.png,FLUX.2-klein-base-9B
R19,electric_kettle_019,yes,5,4,4,functionality,2,4,electric_kettle,19,electric_kettle_019.png,FLUX.2-klein-base-9B
R19,sports_car_019,yes,5,5,5,symbolism,5,5,sports_car,19,sports_car_019.png,FLUX.2-klein-base-9B
R19,early_automobile_018,yes,3,4,4,symbolism,3,3,early_automobile,18,early_automobile_018.png,FLUX.2-klein-base-9B
R19,sports_car_010,yes,5,4,5,aesthetics,4,5,sports_car,10,sports_car_010.png,FLUX.2-klein-base-9B
R19,lounge_chair_008,partial,3,3,3,functionality,3,2,lounge_chair,8,lounge_chair_008.png,FLUX.2-klein-base-9B
R19,sports_car_002,yes,5,5,4,aesthetics,4,5,sports_car,2,sports_car_002.png,FLUX.2-klein-base-9B
R19,sneakers_007,yes,3,5,4,usability,3,4,sneakers,7,sneakers_007.png,FLUX.2-klein-base-9B
R19,broom_009,no,4,2,3,functionality,3,1,broom,9,broom_009.png,FLUX.2-klein-base-9B
R19,desk_lamp_014,yes,4,4,4,usability,3,5,desk_lamp,14,desk_lamp_014.png,FLUX.2-klein-base-9B
R19,early_automobile_007,yes,5,4,5,symbolism,4,4,early_automobile,7,early_automobile_007.png,FLUX.2-klein-base-9B
R19,sneakers_019,yes,4,5,4,usability,2,4,sneakers,19,sneakers_019.png,FLUX.2-klein-base-9B
R19,lounge_chair_021,yes,5,4,5,usability,3,4,lounge_chair,21,lounge_chair_021.png,FLUX.2-klein-base-9B
R19,electric_kettle_002,yes,5,4,5,functionality,3,4,electric_kettle,2,electric_kettle_002.png,FLUX.2-klein-base-9B
R19,sneakers_012,yes,4,5,5,usability,2,4,sneakers,12,sneakers_012.png,FLUX.2-klein-base-9B
R19,vacuum_cleaner_006,yes,2,4,4,functionality,2,4,vacuum_cleaner,6,vacuum_cleaner_006.png,FLUX.2-klein-base-9B
R19,desk_lamp_025,yes,4,4,4,functionality,2,4,desk_lamp,25,desk_lamp_025.png,FLUX.2-klein-base-9B
R19,electric_kettle_025,yes,4,5,4,functionality,1,4,electric_kettle,25,electric_kettle_025.png,FLUX.2-klein-base-9B
R19,sports_car_017,yes,4,5,5,functionality,3,4,sports_car,17,sports_car_017.png,FLUX.2-klein-base-9B
R19,desk_lamp_006,partial,2,3,4,aesthetics,3,2,desk_lamp,6,desk_lamp_006.png,FLUX.2-klein-base-9B
R19,early_automobile_016,yes,4,5,5,symbolism,3,4,early_automobile,16,early_automobile_016.png,FLUX.2-klein-base-9B
R19,sports_car_016,yes,5,4,4,aesthetics,4,4,sports_car,16,sports_car_016.png,FLUX.2-klein-base-9B
R19,sports_car_015,yes,4,4,4,aesthetics,5,4,sports_car,15,sports_car_015.png,FLUX.2-klein-base-9B
R19,early_automobile_009,yes,4,5,4,functionality,4,3,early_automobile,9,early_automobile_009.png,FLUX.2-klein-base-9B
R19,sneakers_013,no,2,2,4,functionality,2,2,sneakers,13,sneakers_013.png,FLUX.2-klein-base-9B
R19,lounge_chair_018,yes,4,4,4,aesthetics,2,4,lounge_chair,18,lounge_chair_018.png,FLUX.2-klein-base-9B
R19,broom_004,yes,4,4,5,functionality,1,4,broom,4,broom_004.png,FLUX.2-klein-base-9B
R19,desk_lamp_021,yes,5,4,5,functionality,4,5,desk_lamp,21,desk_lamp_021.png,FLUX.2-klein-base-9B
R19,vacuum_cleaner_023,yes,3,5,4,usability,2,4,vacuum_cleaner,23,vacuum_cleaner_023.png,FLUX.2-klein-base-9B
R19,desk_lamp_005,yes,4,5,4,functionality,3,3,desk_lamp,5,desk_lamp_005.png,FLUX.2-klein-base-9B
R19,sports_car_018,yes,4,5,4,usability,4,4,sports_car,18,sports_car_018.png,FLUX.2-klein-base-9B
R19,vacuum_cleaner_019,yes,4,4,4,functionality,2,4,vacuum_cleaner,19,vacuum_cleaner_019.png,FLUX.2-klein-base-9B
R19,electric_kettle_024,yes,4,4,4,functionality,2,4,electric_kettle,24,electric_kettle_024.png,FLUX.2-klein-base-9B
R19,vacuum_cleaner_004,yes,4,4,4,unclear,3,4,vacuum_cleaner,4,vacuum_cleaner_004.png,FLUX.2-klein-base-9B
R19,sports_car_004,yes,3,5,5,aesthetics,4,4,sports_car,4,sports_car_004.png,FLUX.2-klein-base-9B
R19,broom_010,partial,3,3,4,functionality,3,2,broom,10,broom_010.png,FLUX.2-klein-base-9B
R19,desk_lamp_020,yes,3,4,4,usability,4,3,desk_lamp,20,desk_lamp_020.png,FLUX.2-klein-base-9B
R19,lounge_chair_009,yes,4,4,4,symbolism,3,4,lounge_chair,9,lounge_chair_009.png,FLUX.2-klein-base-9B
R19,lounge_chair_013,partial,3,3,3,aesthetics,3,3,lounge_chair,13,lounge_chair_013.png,FLUX.2-klein-base-9B
R19,vacuum_cleaner_002,yes,4,5,5,functionality,2,4,vacuum_cleaner,2,vacuum_cleaner_002.png,FLUX.2-klein-base-9B
R19,electric_kettle_007,yes,4,5,5,usability,3,4,electric_kettle,7,electric_kettle_007.png,FLUX.2-klein-base-9B
R19,sports_car_020,yes,3,4,4,aesthetics,4,2,sports_car,20,sports_car_020.png,FLUX.2-klein-base-9B
R19,vacuum_cleaner_012,yes,4,5,5,functionality,2,4,vacuum_cleaner,12,vacuum_cleaner_012.png,FLUX.2-klein-base-9B
R19,electric_kettle_005,yes,5,4,4,aesthetics,2,4,electric_kettle,5,electric_kettle_005.png,FLUX.2-klein-base-9B
R19,sneakers_020,yes,5,4,5,usability,4,5,sneakers,20,sneakers_020.png,FLUX.2-klein-base-9B
R19,electric_kettle_015,yes,3,5,4,aesthetics,3,4,electric_kettle,15,electric_kettle_015.png,FLUX.2-klein-base-9B
R19,electric_kettle_014,yes,5,4,5,functionality,3,4,electric_kettle,14,electric_kettle_014.png,FLUX.2-klein-base-9B
R19,sneakers_023,yes,5,4,4,symbolism,3,5,sneakers,23,sneakers_023.png,FLUX.2-klein-base-9B
R19,broom_020,yes,4,4,4,functionality,2,4,broom,20,broom_020.png,FLUX.2-klein-base-9B
R19,broom_008,yes,4,5,5,functionality,3,4,broom,8,broom_008.png,FLUX.2-klein-base-9B
R19,sneakers_009,yes,4,4,4,usability,3,4,sneakers,9,sneakers_009.png,FLUX.2-klein-base-9B
R19,sports_car_022,yes,4,4,4,symbolism,4,4,sports_car,22,sports_car_022.png,FLUX.2-klein-base-9B
R19,broom_003,partial,2,2,5,functionality,2,2,broom,3,broom_003.png,FLUX.2-klein-base-9B
R19,vacuum_cleaner_003,no,3,3,4,functionality,2,3,vacuum_cleaner,3,vacuum_cleaner_003.png,FLUX.2-klein-base-9B
R19,early_automobile_013,yes,5,5,4,symbolism,3,5,early_automobile,13,early_automobile_013.png,FLUX.2-klein-base-9B
R19,sneakers_004,yes,4,5,5,aesthetics,3,5,sneakers,4,sneakers_004.png,FLUX.2-klein-base-9B
R19,electric_kettle_012,yes,5,5,5,functionality,2,4,electric_kettle,12,electric_kettle_012.png,FLUX.2-klein-base-9B
R19,sports_car_025,yes,4,5,4,aesthetics,3,4,sports_car,25,sports_car_025.png,FLUX.2-klein-base-9B
R19,early_automobile_017,yes,5,5,5,symbolism,4,4,early_automobile,17,early_automobile_017.png,FLUX.2-klein-base-9B
R19,lounge_chair_015,yes,4,5,4,usability,2,5,lounge_chair,15,lounge_chair_015.png,FLUX.2-klein-base-9B
R19,sports_car_024,yes,5,5,5,functionality,5,4,sports_car,24,sports_car_024.png,FLUX.2-klein-base-9B
R19,early_automobile_001,yes,4,5,5,aesthetics,4,4,early_automobile,1,early_automobile_001.png,FLUX.2-klein-base-9B
R19,desk_lamp_022,yes,4,4,4,aesthetics,4,3,desk_lamp,22,desk_lamp_022.png,FLUX.2-klein-base-9B
R19,sports_car_021,yes,4,4,4,aesthetics,4,5,sports_car,21,sports_car_021.png,FLUX.2-klein-base-9B
R19,broom_005,no,2,2,4,functionality,2,1,broom,5,broom_005.png,FLUX.2-klein-base-9B
R19,sneakers_011,yes,5,5,5,aesthetics,3,4,sneakers,11,sneakers_011.png,FLUX.2-klein-base-9B
R19,sneakers_005,no,2,3,3,symbolism,3,3,sneakers,5,sneakers_005.png,FLUX.2-klein-base-9B
R19,broom_006,yes,5,4,5,functionality,2,4,broom,6,broom_006.png,FLUX.2-klein-base-9B
R19,sneakers_002,yes,5,5,4,functionality,3,3,sneakers,2,sneakers_002.png,FLUX.2-klein-base-9B
R19,desk_lamp_002,yes,4,4,4,aesthetics,3,5,desk_lamp,2,desk_lamp_002.png,FLUX.2-klein-base-9B
R19,broom_018,yes,4,4,4,functionality,1,4,broom,18,broom_018.png,FLUX.2-klein-base-9B
R19,lounge_chair_014,partial,5,4,3,functionality,3,5,lounge_chair,14,lounge_chair_014.png,FLUX.2-klein-base-9B
R19,desk_lamp_007,yes,4,5,5,usability,3,5,desk_lamp,7,desk_lamp_007.png,FLUX.2-klein-base-9B
R19,lounge_chair_010,yes,4,4,5,symbolism,4,4,lounge_chair,10,lounge_chair_010.png,FLUX.2-klein-base-9B
R19,sports_car_014,yes,5,5,5,aesthetics,4,4,sports_car,14,sports_car_014.png,FLUX.2-klein-base-9B
R19,vacuum_cleaner_017,yes,3,5,5,usability,2,4,vacuum_cleaner,17,vacuum_cleaner_017.png,FLUX.2-klein-base-9B
R19,vacuum_cleaner_016,partial,3,3,4,functionality,2,3,vacuum_cleaner,16,vacuum_cleaner_016.png,FLUX.2-klein-base-9B
R19,desk_lamp_012,yes,4,5,4,aesthetics,3,4,desk_lamp,12,desk_lamp_012.png,FLUX.2-klein-base-9B
R19,electric_kettle_010,yes,4,5,5,functionality,1,4,electric_kettle,10,electric_kettle_010.png,FLUX.2-klein-base-9B
R19,sneakers_021,yes,4,3,5,functionality,4,3,sneakers,21,sneakers_021.png,FLUX.2-klein-base-9B
R19,lounge_chair_022,yes,5,4,5,functionality,3,4,lounge_chair,22,lounge_chair_022.png,FLUX.2-klein-base-9B
R19,desk_lamp_004,yes,5,4,4,functionality,2,5,desk_lamp,4,desk_lamp_004.png,FLUX.2-klein-base-9B
R19,sneakers_006,yes,3,4,4,functionality,2,4,sneakers,6,sneakers_006.png,FLUX.2-klein-base-9B
R19,vacuum_cleaner_008,yes,3,4,5,functionality,2,3,vacuum_cleaner,8,vacuum_cleaner_008.png,FLUX.2-klein-base-9B
R19,early_automobile_008,yes,4,5,5,aesthetics,4,4,early_automobile,8,early_automobile_008.png,FLUX.2-klein-base-9B
R19,early_automobile_002,yes,4,4,5,symbolism,3,4,early_automobile,2,early_automobile_002.png,FLUX.2-klein-base-9B
R19,lounge_chair_012,yes,4,5,4,functionality,3,4,lounge_chair,12,lounge_chair_012.png,FLUX.2-klein-base-9B
R19,early_automobile_004,yes,4,4,4,symbolism,4,3,early_automobile,4,early_automobile_004.png,FLUX.2-klein-base-9B
R19,vacuum_cleaner_020,yes,4,5,4,functionality,2,4,vacuum_cleaner,20,vacuum_cleaner_020.png,FLUX.2-klein-base-9B
R19,lounge_chair_016,yes,4,4,5,usability,4,4,lounge_chair,16,lounge_chair_016.png,FLUX.2-klein-base-9B
R19,electric_kettle_009,yes,5,4,5,functionality,3,5,electric_kettle,9,electric_kettle_009.png,FLUX.2-klein-base-9B
R19,electric_kettle_021,yes,5,5,4,functionality,2,3,electric_kettle,21,electric_kettle_021.png,FLUX.2-klein-base-9B
R19,broom_007,yes,5,4,4,functionality,2,5,broom,7,broom_007.png,FLUX.2-klein-base-9B
R19,sneakers_014,yes,5,4,4,usability,4,4,sneakers,14,sneakers_014.png,FLUX.2-klein-base-9B
R19,early_automobile_005,yes,4,5,5,symbolism,3,4,early_automobile,5,early_automobile_005.png,FLUX.2-klein-base-9B
R19,sports_car_009,partial,4,4,3,symbolism,4,4,sports_car,9,sports_car_009.png,FLUX.2-klein-base-9B
R19,electric_kettle_020,yes,5,4,4,functionality,2,4,electric_kettle,20,electric_kettle_020.png,FLUX.2-klein-base-9B
R19,lounge_chair_004,yes,5,4,5,symbolism,3,4,lounge_chair,4,lounge_chair_004.png,FLUX.2-klein-base-9B
R19,electric_kettle_013,yes,5,4,5,functionality,2,5,electric_kettle,13,electric_kettle_013.png,FLUX.2-klein-base-9B
R19,sneakers_022,yes,5,5,5,functionality,3,5,sneakers,22,sneakers_022.png,FLUX.2-klein-base-9B
R19,early_automobile_019,yes,4,4,5,symbolism,3,4,early_automobile,19,early_automobile_019.png,FLUX.2-klein-base-9B
R19,broom_022,partial,4,4,4,functionality,2,4,broom,22,broom_022.png,FLUX.2-klein-base-9B
R19,early_automobile_003,yes,5,4,3,symbolism,4,5,early_automobile,3,early_automobile_003.png,FLUX.2-klein-base-9B
R19,early_automobile_021,yes,5,5,4,symbolism,4,3,early_automobile,21,early_automobile_021.png,FLUX.2-klein-base-9B
R19,vacuum_cleaner_009,yes,4,5,4,aesthetics,2,4,vacuum_cleaner,9,vacuum_cleaner_009.png,FLUX.2-klein-base-9B
R19,electric_kettle_008,yes,5,5,4,functionality,2,5,electric_kettle,8,electric_kettle_008.png,FLUX.2-klein-base-9B
R19,lounge_chair_025,yes,3,4,4,aesthetics,3,4,lounge_chair,25,lounge_chair_025.png,FLUX.2-klein-base-9B
R19,sports_car_012,yes,4,5,5,aesthetics,4,4,sports_car,12,sports_car_012.png,FLUX.2-klein-base-9B
R19,lounge_chair_005,yes,5,4,4,usability,3,4,lounge_chair,5,lounge_chair_005.png,FLUX.2-klein-base-9B
R19,early_automobile_014,yes,5,5,4,symbolism,4,5,early_automobile,14,early_automobile_014.png,FLUX.2-klein-base-9B
R19,desk_lamp_013,yes,5,5,5,functionality,3,4,desk_lamp,13,desk_lamp_013.png,FLUX.2-klein-base-9B
R19,early_automobile_025,yes,5,5,5,aesthetics,3,4,early_automobile,25,early_automobile_025.png,FLUX.2-klein-base-9B
R19,broom_016,no,3,3,3,functionality,3,3,broom,16,broom_016.png,FLUX.2-klein-base-9B
R19,sports_car_023,yes,3,4,5,aesthetics,4,3,sports_car,23,sports_car_023.png,FLUX.2-klein-base-9B
R19,broom_024,yes,4,5,4,functionality,2,4,broom,24,broom_024.png,FLUX.2-klein-base-9B
R19,broom_015,partial,4,4,3,symbolism,2,4,broom,15,broom_015.png,FLUX.2-klein-base-9B
R19,early_automobile_006,yes,4,4,4,usability,3,4,early_automobile,6,early_automobile_006.png,FLUX.2-klein-base-9B
R19,broom_021,yes,4,3,5,functionality,2,3,broom,21,broom_021.png,FLUX.2-klein-base-9B
R19,sports_car_008,yes,5,4,4,aesthetics,3,5,sports_car,8,sports_car_008.png,FLUX.2-klein-base-9B
R19,vacuum_cleaner_025,no,3,2,4,symbolism,2,2,vacuum_cleaner,25,vacuum_cleaner_025.png,FLUX.2-klein-base-9B
R19,sports_car_003,yes,4,4,5,aesthetics,4,5,sports_car,3,sports_car_003.png,FLUX.2-klein-base-9B
R19,lounge_chair_023,yes,4,4,5,functionality,2,4,lounge_chair,23,lounge_chair_023.png,FLUX.2-klein-base-9B
R19,vacuum_cleaner_010,yes,3,5,4,usability,2,4,vacuum_cleaner,10,vacuum_cleaner_010.png,FLUX.2-klein-base-9B
R19,sports_car_005,yes,3,5,4,aesthetics,4,4,sports_car,5,sports_car_005.png,FLUX.2-klein-base-9B
R19,vacuum_cleaner_001,yes,4,4,4,usability,3,4,vacuum_cleaner,1,vacuum_cleaner_001.png,FLUX.2-klein-base-9B
R19,broom_013,partial,4,4,4,functionality,2,3,broom,13,broom_013.png,FLUX.2-klein-base-9B
R19,vacuum_cleaner_024,yes,3,4,4,functionality,2,3,vacuum_cleaner,24,vacuum_cleaner_024.png,FLUX.2-klein-base-9B
R19,early_automobile_015,yes,5,4,4,symbolism,4,4,early_automobile,15,early_automobile_015.png,FLUX.2-klein-base-9B
R19,desk_lamp_008,yes,5,4,5,functionality,4,4,desk_lamp,8,desk_lamp_008.png,FLUX.2-klein-base-9B
R19,desk_lamp_023,yes,4,4,4,usability,3,3,desk_lamp,23,desk_lamp_023.png,FLUX.2-klein-base-9B
R19,lounge_chair_002,yes,5,5,4,usability,3,4,lounge_chair,2,lounge_chair_002.png,FLUX.2-klein-base-9B
R19,vacuum_cleaner_018,yes,5,4,5,usability,2,3,vacuum_cleaner,18,vacuum_cleaner_018.png,FLUX.2-klein-base-9B
R19,electric_kettle_016,yes,4,5,4,functionality,2,4,electric_kettle,16,electric_kettle_016.png,FLUX.2-klein-base-9B
R19,lounge_chair_001,yes,4,4,4,aesthetics,3,3,lounge_chair,1,lounge_chair_001.png,FLUX.2-klein-base-9B
R19,broom_011,no,2,2,4,unclear,2,2,broom,11,broom_011.png,FLUX.2-klein-base-9B
R19,lounge_chair_019,yes,4,4,5,functionality,2,5,lounge_chair,19,lounge_chair_019.png,FLUX.2-klein-base-9B
R19,lounge_chair_007,yes,4,3,4,unclear,4,3,lounge_chair,7,lounge_chair_007.png,FLUX.2-klein-base-9B
R19,vacuum_cleaner_015,yes,4,5,5,aesthetics,3,4,vacuum_cleaner,15,vacuum_cleaner_015.png,FLUX.2-klein-base-9B
R19,sports_car_011,yes,4,5,5,aesthetics,4,3,sports_car,11,sports_car_011.png,FLUX.2-klein-base-9B
R19,early_automobile_023,yes,4,5,4,functionality,4,4,early_automobile,23,early_automobile_023.png,FLUX.2-klein-base-9B
R19,sneakers_008,yes,5,4,4,functionality,3,4,sneakers,8,sneakers_008.png,FLUX.2-klein-base-9B
R19,sneakers_015,yes,3,5,4,usability,2,4,sneakers,15,sneakers_015.png,FLUX.2-klein-base-9B
R19,desk_lamp_024,yes,4,4,5,usability,3,4,desk_lamp,24,desk_lamp_024.png,FLUX.2-klein-base-9B
R19,sneakers_017,yes,4,4,5,usability,3,5,sneakers,17,sneakers_017.png,FLUX.2-klein-base-9B
R19,broom_017,yes,3,5,5,functionality,2,4,broom,17,broom_017.png,FLUX.2-klein-base-9B
R19,sneakers_003,yes,5,5,4,usability,3,4,sneakers,3,sneakers_003.png,FLUX.2-klein-base-9B
R19,early_automobile_022,yes,5,5,5,symbolism,4,3,early_automobile,22,early_automobile_022.png,FLUX.2-klein-base-9B
R19,desk_lamp_016,yes,3,4,4,aesthetics,3,3,desk_lamp,16,desk_lamp_016.png,FLUX.2-klein-base-9B
R19,sneakers_024,yes,4,4,4,functionality,3,5,sneakers,24,sneakers_024.png,FLUX.2-klein-base-9B
R19,electric_kettle_022,yes,5,5,5,usability,2,5,electric_kettle,22,electric_kettle_022.png,FLUX.2-klein-base-9B
R19,desk_lamp_009,yes,4,4,4,symbolism,4,4,desk_lamp,9,desk_lamp_009.png,FLUX.2-klein-base-9B
R19,desk_lamp_011,yes,4,4,4,functionality,3,4,desk_lamp,11,desk_lamp_011.png,FLUX.2-klein-base-9B
R19,broom_001,yes,5,5,4,functionality,2,5,broom,1,broom_001.png,FLUX.2-klein-base-9B
R19,desk_lamp_010,yes,4,5,4,functionality,2,3,desk_lamp,10,desk_lamp_010.png,FLUX.2-klein-base-9B
R19,sneakers_001,yes,5,5,5,functionality,3,4,sneakers,1,sneakers_001.png,FLUX.2-klein-base-9B
R19,electric_kettle_011,yes,5,5,4,functionality,2,4,electric_kettle,11,electric_kettle_011.png,FLUX.2-klein-base-9B
R19,broom_023,partial,3,3,4,functionality,2,3,broom,23,broom_023.png,FLUX.2-klein-base-9B
R19,electric_kettle_001,yes,5,5,4,functionality,1,5,electric_kettle,1,electric_kettle_001.png,FLUX.2-klein-base-9B
R19,electric_kettle_004,yes,5,5,5,functionality,2,5,electric_kettle,4,electric_kettle_004.png,FLUX.2-klein-base-9B
R19,electric_kettle_023,yes,5,5,5,functionality,2,4,electric_kettle,23,electric_kettle_023.png,FLUX.2-klein-base-9B
R19,electric_kettle_017,yes,5,5,5,functionality,2,5,electric_kettle,17,electric_kettle_017.png,FLUX.2-klein-base-9B
R19,early_automobile_010,yes,5,5,4,symbolism,3,4,early_automobile,10,early_automobile_010.png,FLUX.2-klein-base-9B
R19,sports_car_001,yes,3,5,5,symbolism,4,5,sports_car,1,sports_car_001.png,FLUX.2-klein-base-9B
R19,desk_lamp_019,yes,5,5,4,aesthetics,4,3,desk_lamp,19,desk_lamp_019.png,FLUX.2-klein-base-9B
R19,sneakers_025,yes,5,5,5,functionality,2,5,sneakers,25,sneakers_025.png,FLUX.2-klein-base-9B
R19,broom_012,partial,4,3,5,functionality,2,3,broom,12,broom_012.png,FLUX.2-klein-base-9B
R19,vacuum_cleaner_007,yes,3,4,4,functionality,3,2,vacuum_cleaner,7,vacuum_cleaner_007.png,FLUX.2-klein-base-9B
R19,lounge_chair_011,yes,4,4,4,functionality,3,5,lounge_chair,11,lounge_chair_011.png,FLUX.2-klein-base-9B
R19,sneakers_010,partial,1,3,4,usability,3,3,sneakers,10,sneakers_010.png,FLUX.2-klein-base-9B
R19,early_automobile_012,yes,5,5,4,symbolism,3,4,early_automobile,12,early_automobile_012.png,FLUX.2-klein-base-9B
R19,broom_019,yes,4,5,5,functionality,2,4,broom,19,broom_019.png,FLUX.2-klein-base-9B
R19,electric_kettle_006,yes,4,4,5,functionality,2,5,electric_kettle,6,electric_kettle_006.png,FLUX.2-klein-base-9B
R19,vacuum_cleaner_005,yes,4,4,5,functionality,3,4,vacuum_cleaner,5,vacuum_cleaner_005.png,FLUX.2-klein-base-9B
R19,sneakers_018,yes,4,4,4,symbolism,3,3,sneakers,18,sneakers_018.png,FLUX.2-klein-base-9B
R19,desk_lamp_001,yes,2,4,4,aesthetics,3,3,desk_lamp,1,desk_lamp_001.png,FLUX.2-klein-base-9B
R19,sports_car_007,yes,4,5,4,aesthetics,4,4,sports_car,7,sports_car_007.png,FLUX.2-klein-base-9B
R19,lounge_chair_006,yes,5,5,4,functionality,3,5,lounge_chair,6,lounge_chair_006.png,FLUX.2-klein-base-9B
R19,desk_lamp_015,yes,3,4,5,aesthetics,4,4,desk_lamp,15,desk_lamp_015.png,FLUX.2-klein-base-9B
R19,desk_lamp_017,yes,5,5,4,functionality,2,5,desk_lamp,17,desk_lamp_017.png,FLUX.2-klein-base-9B
R19,vacuum_cleaner_011,partial,2,4,4,symbolism,2,2,vacuum_cleaner,11,vacuum_cleaner_011.png,FLUX.2-klein-base-9B
R19,vacuum_cleaner_014,yes,3,5,5,functionality,3,4,vacuum_cleaner,14,vacuum_cleaner_014.png,FLUX.2-klein-base-9B
R19,vacuum_cleaner_013,partial,4,4,4,usability,3,4,vacuum_cleaner,13,vacuum_cleaner_013.png,FLUX.2-klein-base-9B
R19,early_automobile_011,yes,4,5,4,symbolism,4,3,early_automobile,11,early_automobile_011.png,FLUX.2-klein-base-9B
R19,sports_car_006,yes,4,4,4,functionality,4,4,sports_car,6,sports_car_006.png,FLUX.2-klein-base-9B
R19,early_automobile_020,yes,5,5,4,aesthetics,4,4,early_automobile,20,early_automobile_020.png,FLUX.2-klein-base-9B
R19,vacuum_cleaner_022,partial,3,3,4,symbolism,2,3,vacuum_cleaner,22,vacuum_cleaner_022.png,FLUX.2-klein-base-9B
R19,broom_025,no,2,3,3,functionality,2,4,broom,25,broom_025.png,FLUX.2-klein-base-9B
R19,lounge_chair_020,yes,4,4,4,usability,4,4,lounge_chair,20,lounge_chair_020.png,FLUX.2-klein-base-9B
R19,early_automobile_024,yes,5,5,4,functionality,4,4,early_automobile,24,early_automobile_024.png,FLUX.2-klein-base-9B
R19,sneakers_016,yes,4,4,5,aesthetics,3,4,sneakers,16,sneakers_016.png,FLUX.2-klein-base-9B
R19,sports_car_013,yes,5,5,5,aesthetics,4,4,sports_car,13,sports_car_013.png,FLUX.2-klein-base-9B
R19,electric_kettle_018,yes,4,5,4,functionality,2,4,electric_kettle,18,electric_kettle_018.png,FLUX.2-klein-base-9B
R19,electric_kettle_003,partial,4,4,4,functionality,2,4,electric_kettle,3,electric_kettle_003.png,FLUX.2-klein-base-9B
R19,desk_lamp_018,yes,5,5,4,functionality,3,4,desk_lamp,18,desk_lamp_018.png,FLUX.2-klein-base-9B
R19,lounge_chair_003,yes,5,4,5,aesthetics,3,5,lounge_chair,3,lounge_chair_003.png,FLUX.2-klein-base-9B
R19,vacuum_cleaner_021,partial,4,4,4,functionality,3,3,vacuum_cleaner,21,vacuum_cleaner_021.png,FLUX.2-klein-base-9B
R20,lounge_chair_024,yes,4,5,4,aesthetics,4,4,lounge_chair,24,lounge_chair_024.png,FLUX.2-klein-base-9B
R20,desk_lamp_003,yes,5,5,5,functionality,3,5,desk_lamp,3,desk_lamp_003.png,FLUX.2-klein-base-9B
R20,lounge_chair_017,yes,3,4,4,usability,4,4,lounge_chair,17,lounge_chair_017.png,FLUX.2-klein-base-9B
R20,broom_002,no,3,3,4,usability,2,3,broom,2,broom_002.png,FLUX.2-klein-base-9B
R20,broom_014,no,3,2,5,functionality,2,3,broom,14,broom_014.png,FLUX.2-klein-base-9B
R20,electric_kettle_019,yes,5,5,5,functionality,2,5,electric_kettle,19,electric_kettle_019.png,FLUX.2-klein-base-9B
R20,sports_car_019,yes,4,5,4,aesthetics,4,4,sports_car,19,sports_car_019.png,FLUX.2-klein-base-9B
R20,early_automobile_018,partial,3,3,4,symbolism,3,3,early_automobile,18,early_automobile_018.png,FLUX.2-klein-base-9B
R20,sports_car_010,yes,4,4,4,aesthetics,4,5,sports_car,10,sports_car_010.png,FLUX.2-klein-base-9B
R20,lounge_chair_008,no,2,2,3,unclear,3,2,lounge_chair,8,lounge_chair_008.png,FLUX.2-klein-base-9B
R20,sports_car_002,yes,4,5,4,aesthetics,4,5,sports_car,2,sports_car_002.png,FLUX.2-klein-base-9B
R20,sneakers_007,yes,4,4,5,functionality,3,5,sneakers,7,sneakers_007.png,FLUX.2-klein-base-9B
R20,broom_009,no,3,1,4,functionality,2,2,broom,9,broom_009.png,FLUX.2-klein-base-9B
R20,desk_lamp_014,yes,5,5,5,aesthetics,3,4,desk_lamp,14,desk_lamp_014.png,FLUX.2-klein-base-9B
R20,early_automobile_007,yes,4,4,4,symbolism,3,4,early_automobile,7,early_automobile_007.png,FLUX.2-klein-base-9B
R20,sneakers_019,yes,4,5,4,functionality,2,4,sneakers,19,sneakers_019.png,FLUX.2-klein-base-9B
R20,lounge_chair_021,yes,4,5,4,usability,3,4,lounge_chair,21,lounge_chair_021.png,FLUX.2-klein-base-9B
R20,electric_kettle_002,yes,4,5,4,functionality,3,4,electric_kettle,2,electric_kettle_002.png,FLUX.2-klein-base-9B
R20,sneakers_012,yes,4,4,5,usability,3,4,sneakers,12,sneakers_012.png,FLUX.2-klein-base-9B
R20,vacuum_cleaner_006,yes,3,4,4,functionality,2,3,vacuum_cleaner,6,vacuum_cleaner_006.png,FLUX.2-klein-base-9B
R20,desk_lamp_025,yes,3,4,4,functionality,2,4,desk_lamp,25,desk_lamp_025.png,FLUX.2-klein-base-9B
R20,electric_kettle_025,yes,4,4,5,functionality,1,5,electric_kettle,25,electric_kettle_025.png,FLUX.2-klein-base-9B
R20,sports_car_017,yes,5,4,5,aesthetics,4,4,sports_car,17,sports_car_017.png,FLUX.2-klein-base-9B
R20,desk_lamp_006,partial,2,2,4,unclear,2,3,desk_lamp,6,desk_lamp_006.png,FLUX.2-klein-base-9B
R20,early_automobile_016,yes,5,4,5,usability,3,3,early_automobile,16,early_automobile_016.png,FLUX.2-klein-base-9B
R20,sports_car_016,partial,4,4,4,aesthetics,4,4,sports_car,16,sports_car_016.png,FLUX.2-klein-base-9B
R20,sports_car_015,yes,4,5,5,aesthetics,4,4,sports_car,15,sports_car_015.png,FLUX.2-klein-base-9B
R20,early_automobile_009,yes,5,4,4,symbolism,4,3,early_automobile,9,early_automobile_009.png,FLUX.2-klein-base-9B
R20,sneakers_013,no,2,2,4,unclear,3,3,sneakers,13,sneakers_013.png,FLUX.2-klein-base-9B
R20,lounge_chair_018,no,3,3,4,usability,2,4,lounge_chair,18,lounge_chair_018.png,FLUX.2-klein-base-9B
R20,broom_004,yes,4,5,4,functionality,2,4,broom,4,broom_004.png,FLUX.2-klein-base-9B
R20,desk_lamp_021,yes,5,4,4,aesthetics,3,4,desk_lamp,21,desk_lamp_021.png,FLUX.2-klein-base-9B
R20,vacuum_cleaner_023,partial,4,4,3,functionality,3,4,vacuum_cleaner,23,vacuum_cleaner_023.png,FLUX.2-klein-base-9B
R20,desk_lamp_005,yes,4,4,5,functionality,4,3,desk_lamp,5,desk_lamp_005.png,FLUX.2-klein-base-9B
R20,sports_car_018,yes,4,5,5,functionality,4,4,sports_car,18,sports_car_018.png,FLUX.2-klein-base-9B
R20,vacuum_cleaner_019,yes,4,4,4,functionality,2,3,vacuum_cleaner,19,vacuum_cleaner_019.png,FLUX.2-klein-base-9B
R20,electric_kettle_024,yes,5,5,5,functionality,2,5,electric_kettle,24,electric_kettle_024.png,FLUX.2-klein-base-9B
R20,vacuum_cleaner_004,yes,4,4,5,functionality,3,4,vacuum_cleaner,4,vacuum_cleaner_004.png,FLUX.2-klein-base-9B
R20,sports_car_004,yes,5,4,5,aesthetics,4,5,sports_car,4,sports_car_004.png,FLUX.2-klein-base-9B
R20,broom_010,partial,2,3,4,functionality,2,2,broom,10,broom_010.png,FLUX.2-klein-base-9B
R20,desk_lamp_020,yes,3,4,4,symbolism,3,4,desk_lamp,20,desk_lamp_020.png,FLUX.2-klein-base-9B
R20,lounge_chair_009,yes,4,5,4,functionality,3,5,lounge_chair,9,lounge_chair_009.png,FLUX.2-klein-base-9B
R20,lounge_chair_013,yes,4,4,4,functionality,3,2,lounge_chair,13,lounge_chair_013.png,FLUX.2-klein-base-9B
R20,vacuum_cleaner_002,yes,4,5,4,functionality,1,4,vacuum_cleaner,2,vacuum_cleaner_002.png,FLUX.2-klein-base-9B
R20,electric_kettle_007,yes,5,5,5,functionality,2,4,electric_kettle,7,electric_kettle_007.png,FLUX.2-klein-base-9B
R20,sports_car_020,yes,2,4,4,aesthetics,4,4,sports_car,20,sports_car_020.png,FLUX.2-klein-base-9B
R20,vacuum_cleaner_012,yes,5,5,4,functionality,2,4,vacuum_cleaner,12,vacuum_cleaner_012.png,FLUX.2-klein-base-9B
R20,electric_kettle_005,yes,5,5,5,functionality,2,4,electric_kettle,5,electric_kettle_005.png,FLUX.2-klein-base-9B
R20,sneakers_020,yes,5,5,5,usability,3,4,sneakers,20,sneakers_020.png,FLUX.2-klein-base-9B
R20,electric_kettle_015,yes,4,4,5,functionality,2,3,electric_kettle,15,electric_kettle_015.png,FLUX.2-klein-base-9B
R20,electric_kettle_014,yes,5,5,4,functionality,3,4,electric_kettle,14,electric_kettle_014.png,FLUX.2-klein-base-9B
R20,sneakers_023,yes,5,4,5,functionality,3,4,sneakers,23,sneakers_023.png,FLUX.2-klein-base-9B
R20,broom_020,yes,4,5,4,functionality,2,3,broom,20,broom_020.png,FLUX.2-klein-base-9B
R20,broom_008,partial,3,4,4,usability,2,5,broom,8,broom_008.png,FLUX.2-klein-base-9B
R20,sneakers_009,yes,4,4,4,functionality,3,4,sneakers,9,sneakers_009.png,FLUX.2-klein-base-9B
R20,sports_car_022,yes,3,4,5,functionality,4,3,sports_car,22,sports_car_022.png,FLUX.2-klein-base-9B
R20,broom_003,yes,4,3,4,unclear,2,3,broom,3,broom_003.png,FLUX.2-klein-base-9B
R20,vacuum_cleaner_003,partial,2,3,4,functionality,2,4,vacuum_cleaner,3,vacuum_cleaner_003.png,FLUX.2-klein-base-9B
R20,early_automobile_013,yes,5,5,5,symbolism,4,5,early_automobile,13,early_automobile_013.png,FLUX.2-klein-base-9B
R20,sneakers_004,yes,5,5,4,functionality,3,4,sneakers,4,sneakers_004.png,FLUX.2-klein-base-9B
R20,electric_kettle_012,yes,5,5,5,functionality,2,4,electric_kettle,12,electric_kettle_012.png,FLUX.2-klein-base-9B
R20,sports_car_025,yes,4,5,4,functionality,4,5,sports_car,25,sports_car_025.png,FLUX.2-klein-base-9B
R20,early_automobile_017,yes,5,4,4,symbolism,4,4,early_automobile,17,early_automobile_017.png,FLUX.2-klein-base-9B
R20,lounge_chair_015,yes,4,5,4,usability,3,4,lounge_chair,15,lounge_chair_015.png,FLUX.2-klein-base-9B
R20,sports_car_024,yes,4,4,4,aesthetics,4,4,sports_car,24,sports_car_024.png,FLUX.2-klein-base-9B
R20,early_automobile_001,yes,4,4,5,symbolism,4,4,early_automobile,1,early_automobile_001.png,FLUX.2-klein-base-9B
R20,desk_lamp_022,partial,3,3,4,symbolism,4,3,desk_lamp,22,desk_lamp_022.png,FLUX.2-klein-base-9B
R20,sports_car_021,yes,4,5,4,functionality,4,4,sports_car,21,sports_car_021.png,FLUX.2-klein-base-9B
R20,broom_005,no,3,1,5,functionality,1,1,broom,5,broom_005.png,FLUX.2-klein-base-9B
R20,sneakers_011,yes,5,5,5,functionality,3,4,sneakers,11,sneakers_011.png,FLUX.2-klein-base-9B
R20,sneakers_005,yes,2,3,4,unclear,3,2,sneakers,5,sneakers_005.png,FLUX.2-klein-base-9B
R20,broom_006,yes,4,5,4,functionality,1,4,broom,6,broom_006.png,FLUX.2-klein-base-9B
R20,sneakers_002,yes,5,5,4,usability,3,4,sneakers,2,sneakers_002.png,FLUX.2-klein-base-9B
R20,desk_lamp_002,yes,5,4,5,usability,3,4,desk_lamp,2,desk_lamp_002.png,FLUX.2-klein-base-9B
R20,broom_018,yes,4,4,4,functionality,2,3,broom,18,broom_018.png,FLUX.2-klein-base-9B
R20,lounge_chair_014,yes,4,4,4,aesthetics,4,4,lounge_chair,14,lounge_chair_014.png,FLUX.2-klein-base-9B
R20,desk_lamp_007,yes,5,4,5,functionality,2,4,desk_lamp,7,desk_lamp_007.png,FLUX.2-klein-base-9B
R20,lounge_chair_010,partial,4,4,4,aesthetics,4,4,lounge_chair,10,lounge_chair_010.png,FLUX.2-klein-base-9B
R20,sports_car_014,yes,4,4,5,aesthetics,4,4,sports_car,14,sports_car_014.png,FLUX.2-klein-base-9B
R20,vacuum_cleaner_017,no,4,4,4,functionality,2,4,vacuum_cleaner,17,vacuum_cleaner_017.png,FLUX.2-klein-base-9B
R20,vacuum_cleaner_016,yes,3,4,5,functionality,3,4,vacuum_cleaner,16,vacuum_cleaner_016.png,FLUX.2-klein-base-9B
R20,desk_lamp_012,yes,5,5,4,aesthetics,4,5,desk_lamp,12,desk_lamp_012.png,FLUX.2-klein-base-9B
R20,electric_kettle_010,partial,4,4,4,functionality,2,4,electric_kettle,10,electric_kettle_010.png,FLUX.2-klein-base-9B
R20,sneakers_021,yes,3,5,4,usability,3,3,sneakers,21,sneakers_021.png,FLUX.2-klein-base-9B
R20,lounge_chair_022,partial,4,4,4,usability,2,4,lounge_chair,22,lounge_chair_022.png,FLUX.2-klein-base-9B
R20,desk_lamp_004,yes,5,4,5,usability,2,5,desk_lamp,4,desk_lamp_004.png,FLUX.2-klein-base-9B
R20,sneakers_006,partial,2,3,4,symbolism,3,3,sneakers,6,sneakers_006.png,FLUX.2-klein-base-9B
R20,vacuum_cleaner_008,yes,4,5,4,functionality,2,4,vacuum_cleaner,8,vacuum_cleaner_008.png,FLUX.2-klein-base-9B
R20,early_automobile_008,yes,4,4,4,symbolism,3,3,early_automobile,8,early_automobile_008.png,FLUX.2-klein-base-9B
R20,early_automobile_002,yes,5,4,4,functionality,3,4,early_automobile,2,early_automobile_002.png,FLUX.2-klein-base-9B
R20,lounge_chair_012,yes,4,5,5,aesthetics,2,4,lounge_chair,12,lounge_chair_012.png,FLUX.2-klein-base-9B
R20,early_automobile_004,yes,4,5,5,symbolism,5,4,early_automobile,4,early_automobile_004.png,FLUX.2-klein-base-9B
R20,vacuum_cleaner_020,yes,4,5,4,functionality,2,4,vacuum_cleaner,20,vacuum_cleaner_020.png,FLUX.2-klein-base-9B
R20,lounge_chair_016,yes,4,4,5,functionality,3,4,lounge_chair,16,lounge_chair_016.png,FLUX.2-klein-base-9B
R20,electric_kettle_009,yes,4,5,5,functionality,2,4,electric_kettle,9,electric_kettle_009.png,FLUX.2-klein-base-9B
R20,electric_kettle_021,yes,4,4,4,functionality,3,4,electric_kettle,21,electric_kettle_021.png,FLUX.2-klein-base-9B
R20,broom_007,yes,5,5,5,functionality,2,4,broom,7,broom_007.png,FLUX.2-klein-base-9B
R20,sneakers_014,yes,5,5,5,usability,3,5,sneakers,14,sneakers_014.png,FLUX.2-klein-base-9B
R20,early_automobile_005,yes,5,4,5,aesthetics,4,4,early_automobile,5,early_automobile_005.png,FLUX.2-klein-base-9B
R20,sports_car_009,yes,4,5,5,aesthetics,3,3,sports_car,9,sports_car_009.png,FLUX.2-klein-base-9B
R20,electric_kettle_020,yes,4,4,5,functionality,2,4,electric_kettle,20,electric_kettle_020.png,FLUX.2-klein-base-9B
R20,lounge_chair_004,yes,5,4,4,functionality,2,5,lounge_chair,4,lounge_chair_004.png,FLUX.2-klein-base-9B
R20,electric_kettle_013,yes,5,5,4,functionality,2,4,electric_kettle,13,electric_kettle_013.png,FLUX.2-klein-base-9B
R20,sneakers_022,yes,5,4,5,functionality,3,4,sneakers,22,sneakers_022.png,FLUX.2-klein-base-9B
R20,early_automobile_019,yes,4,3,4,unclear,3,3,early_automobile,19,early_automobile_019.png,FLUX.2-klein-base-9B
R20,broom_022,yes,3,4,4,functionality,2,4,broom,22,broom_022.png,FLUX.2-klein-base-9B
R20,early_automobile_003,yes,4,5,5,symbolism,3,4,early_automobile,3,early_automobile_003.png,FLUX.2-klein-base-9B
R20,early_automobile_021,yes,5,4,5,symbolism,4,5,early_automobile,21,early_automobile_021.png,FLUX.2-klein-base-9B
R20,vacuum_cleaner_009,yes,3,4,4,usability,3,4,vacuum_cleaner,9,vacuum_cleaner_009.png,FLUX.2-klein-base-9B
R20,electric_kettle_008,yes,4,5,5,functionality,1,5,electric_kettle,8,electric_kettle_008.png,FLUX.2-klein-base-9B
R20,lounge_chair_025,yes,3,4,4,aesthetics,3,4,lounge_chair,25,lounge_chair_025.png,FLUX.2-klein-base-9B
R20,sports_car_012,yes,4,5,5,functionality,5,4,sports_car,12,sports_car_012.png,FLUX.2-klein-base-9B
R20,lounge_chair_005,yes,5,5,5,usability,2,3,lounge_chair,5,lounge_chair_005.png,FLUX.2-klein-base-9B
R20,early_automobile_014,yes,4,4,4,functionality,4,4,early_automobile,14,early_automobile_014.png,FLUX.2-klein-base-9B
R20,desk_lamp_013,yes,5,5,5,functionality,2,5,desk_lamp,13,desk_lamp_013.png,FLUX.2-klein-base-9B
R20,early_automobile_025,yes,5,4,4,usability,4,4,early_automobile,25,early_automobile_025.png,FLUX.2-klein-base-9B
R20,broom_016,yes,3,2,5,unclear,2,3,broom,16,broom_016.png,FLUX.2-klein-base-9B
R20,sports_car_023,yes,4,4,4,symbolism,4,3,sports_car,23,sports_car_023.png,FLUX.2-klein-base-9B
R20,broom_024,yes,4,4,5,usability,2,3,broom,24,broom_024.png,FLUX.2-klein-base-9B
R20,broom_015,yes,4,4,5,functionality,1,4,broom,15,broom_015.png,FLUX.2-klein-base-9B
R20,early_automobile_006,partial,4,3,4,symbolism,3,4,early_automobile,6,early_automobile_006.png,FLUX.2-klein-base-9B
R20,broom_021,yes,4,4,4,functionality,2,3,broom,21,broom_021.png,FLUX.2-klein-base-9B
R20,sports_car_008,yes,4,4,4,aesthetics,5,3,sports_car,8,sports_car_008.png,FLUX.2-klein-base-9B
R20,vacuum_cleaner_025,no,2,1,4,functionality,3,2,vacuum_cleaner,25,vacuum_cleaner_025.png,FLUX.2-klein-base-9B
R20,sports_car_003,yes,5,5,5,aesthetics,4,5,sports_car,3,sports_car_003.png,FLUX.2-klein-base-9B
R20,lounge_chair_023,yes,4,4,5,functionality,3,4,lounge_chair,23,lounge_chair_023.png,FLUX.2-klein-base-9B
R20,vacuum_cleaner_010,yes,3,4,5,functionality,3,4,vacuum_cleaner,10,vacuum_cleaner_010.png,FLUX.2-klein-base-9B
R20,sports_car_005,yes,4,5,4,aesthetics,4,4,sports_car,5,sports_car_005.png,FLUX.2-klein-base-9B
R20,vacuum_cleaner_001,partial,4,3,4,functionality,2,4,vacuum_cleaner,1,vacuum_cleaner_001.png,FLUX.2-klein-base-9B
R20,broom_013,partial,4,4,4,functionality,2,4,broom,13,broom_013.png,FLUX.2-klein-base-9B
R20,vacuum_cleaner_024,yes,3,4,5,functionality,2,3,vacuum_cleaner,24,vacuum_cleaner_024.png,FLUX.2-klein-base-9B
R20,early_automobile_015,yes,4,4,4,symbolism,3,4,early_automobile,15,early_automobile_015.png,FLUX.2-klein-base-9B
R20,desk_lamp_008,yes,5,5,5,functionality,3,4,desk_lamp,8,desk_lamp_008.png,FLUX.2-klein-base-9B
R20,desk_lamp_023,yes,4,5,4,usability,3,4,desk_lamp,23,desk_lamp_023.png,FLUX.2-klein-base-9B
R20,lounge_chair_002,yes,4,4,4,aesthetics,2,4,lounge_chair,2,lounge_chair_002.png,FLUX.2-klein-base-9B
R20,vacuum_cleaner_018,yes,3,5,4,usability,2,5,vacuum_cleaner,18,vacuum_cleaner_018.png,FLUX.2-klein-base-9B
R20,electric_kettle_016,yes,5,5,5,functionality,2,5,electric_kettle,16,electric_kettle_016.png,FLUX.2-klein-base-9B
R20,lounge_chair_001,yes,4,5,5,functionality,4,4,lounge_chair,1,lounge_chair_001.png,FLUX.2-klein-base-9B
R20,broom_011,no,2,1,4,symbolism,2,2,broom,11,broom_011.png,FLUX.2-klein-base-9B
R20,lounge_chair_019,yes,4,5,4,functionality,3,4,lounge_chair,19,lounge_chair_019.png,FLUX.2-klein-base-9B
R20,lounge_chair_007,yes,4,4,4,usability,3,4,lounge_chair,7,lounge_chair_007.png,FLUX.2-klein-base-9B
R20,vacuum_cleaner_015,yes,5,5,4,functionality,2,4,vacuum_cleaner,15,vacuum_cleaner_015.png,FLUX.2-klein-base-9B
R20,sports_car_011,yes,5,4,5,aesthetics,4,4,sports_car,11,sports_car_011.png,FLUX.2-klein-base-9B
R20,early_automobile_023,yes,4,4,4,functionality,4,4,early_automobile,23,early_automobile_023.png,FLUX.2-klein-base-9B
R20,sneakers_008,yes,5,4,4,usability,3,4,sneakers,8,sneakers_008.png,FLUX.2-klein-base-9B
R20,sneakers_015,yes,4,4,4,aesthetics,3,4,sneakers,15,sneakers_015.png,FLUX.2-klein-base-9B
R20,desk_lamp_024,yes,4,4,5,symbolism,3,3,desk_lamp,24,desk_lamp_024.png,FLUX.2-klein-base-9B
R20,sneakers_017,yes,5,4,4,aesthetics,3,4,sneakers,17,sneakers_017.png,FLUX.2-klein-base-9B
R20,broom_017,yes,4,4,5,functionality,2,4,broom,17,broom_017.png,FLUX.2-klein-base-9B
R20,sneakers_003,yes,4,5,4,functionality,3,4,sneakers,3,sneakers_003.png,FLUX.2-klein-base-9B
R20,early_automobile_022,yes,5,5,4,symbolism,4,4,early_automobile,22,early_automobile_022.png,FLUX.2-klein-base-9B
R20,desk_lamp_016,partial,5,3,4,usability,3,4,desk_lamp,16,desk_lamp_016.png,FLUX.2-klein-base-9B
R20,sneakers_024,yes,4,5,4,usability,4,4,sneakers,24,sneakers_024.png,FLUX.2-klein-base-9B
R20,electric_kettle_022,yes,5,4,4,functionality,1,4,electric_kettle,22,electric_kettle_022.png,FLUX.2-klein-base-9B
R20,desk_lamp_009,yes,5,5,5,usability,3,4,desk_lamp,9,desk_lamp_009.png,FLUX.2-klein-base-9B
R20,desk_lamp_011,yes,5,4,5,functionality,3,4,desk_lamp,11,desk_lamp_011.png,FLUX.2-klein-base-9B
R20,broom_001,yes,4,4,5,functionality,2,4,broom,1,broom_001.png,FLUX.2-klein-base-9B
R20,desk_lamp_010,yes,4,4,5,aesthetics,3,4,desk_lamp,10,desk_lamp_010.png,FLUX.2-klein-base-9B
R20,sneakers_001,yes,4,4,5,functionality,4,4,sneakers,1,sneakers_001.png,FLUX.2-klein-base-9B
R20,electric_kettle_011,yes,5,5,4,functionality,2,4,electric_kettle,11,electric_kettle_011.png,FLUX.2-klein-base-9B
R20,broom_023,no,3,3,4,unclear,2,3,broom,23,broom_023.png,FLUX.2-klein-base-9B
R20,electric_kettle_001,yes,5,5,5,functionality,2,4,electric_kettle,1,electric_kettle_001.png,FLUX.2-klein-base-9B
R20,electric_kettle_004,yes,5,5,4,functionality,2,4,electric_kettle,4,electric_kettle_004.png,FLUX.2-klein-base-9B
R20,electric_kettle_023,yes,4,4,4,functionality,2,4,electric_kettle,23,electric_kettle_023.png,FLUX.2-klein-base-9B
R20,electric_kettle_017,yes,5,5,4,usability,2,5,electric_kettle,17,electric_kettle_017.png,FLUX.2-klein-base-9B
R20,early_automobile_010,yes,4,4,4,aesthetics,4,4,early_automobile,10,early_automobile_010.png,FLUX.2-klein-base-9B
R20,sports_car_001,yes,4,4,4,usability,5,4,sports_car,1,sports_car_001.png,FLUX.2-klein-base-9B
R20,desk_lamp_019,yes,4,4,5,functionality,3,5,desk_lamp,19,desk_lamp_019.png,FLUX.2-klein-base-9B
R20,sneakers_025,yes,4,5,4,functionality,3,4,sneakers,25,sneakers_025.png,FLUX.2-klein-base-9B
R20,broom_012,yes,4,4,5,functionality,2,3,broom,12,broom_012.png,FLUX.2-klein-base-9B
R20,vacuum_cleaner_007,yes,3,4,5,functionality,2,3,vacuum_cleaner,7,vacuum_cleaner_007.png,FLUX.2-klein-base-9B
R20,lounge_chair_011,yes,5,4,4,functionality,3,5,lounge_chair,11,lounge_chair_011.png,FLUX.2-klein-base-9B
R20,sneakers_010,yes,3,4,5,functionality,2,4,sneakers,10,sneakers_010.png,FLUX.2-klein-base-9B
R20,early_automobile_012,yes,4,4,5,symbolism,4,4,early_automobile,12,early_automobile_012.png,FLUX.2-klein-base-9B
R20,broom_019,yes,5,4,4,usability,3,3,broom,19,broom_019.png,FLUX.2-klein-base-9B
R20,electric_kettle_006,yes,5,4,5,functionality,3,4,electric_kettle,6,electric_kettle_006.png,FLUX.2-klein-base-9B
R20,vacuum_cleaner_005,yes,4,4,4,functionality,2,4,vacuum_cleaner,5,vacuum_cleaner_005.png,FLUX.2-klein-base-9B
R20,sneakers_018,yes,4,4,4,functionality,3,3,sneakers,18,sneakers_018.png,FLUX.2-klein-base-9B
R20,desk_lamp_001,yes,2,4,5,aesthetics,4,4,desk_lamp,1,desk_lamp_001.png,FLUX.2-klein-base-9B
R20,sports_car_007,yes,5,4,4,functionality,4,5,sports_car,7,sports_car_007.png,FLUX.2-klein-base-9B
R20,lounge_chair_006,yes,5,5,5,functionality,3,5,lounge_chair,6,lounge_chair_006.png,FLUX.2-klein-base-9B
R20,desk_lamp_015,no,4,3,4,functionality,4,4,desk_lamp,15,desk_lamp_015.png,FLUX.2-klein-base-9B
R20,desk_lamp_017,yes,5,5,4,functionality,3,4,desk_lamp,17,desk_lamp_017.png,FLUX.2-klein-base-9B
R20,vacuum_cleaner_011,yes,3,4,5,functionality,2,3,vacuum_cleaner,11,vacuum_cleaner_011.png,FLUX.2-klein-base-9B
R20,vacuum_cleaner_014,yes,4,4,4,functionality,3,5,vacuum_cleaner,14,vacuum_cleaner_014.png,FLUX.2-klein-base-9B
R20,vacuum_cleaner_013,yes,4,4,5,functionality,2,4,vacuum_cleaner,13,vacuum_cleaner_013.png,FLUX.2-klein-base-9B
R20,early_automobile_011,yes,5,4,5,functionality,3,5,early_automobile,11,early_automobile_011.png,FLUX.2-klein-base-9B
R20,sports_car_006,yes,4,5,4,symbolism,4,3,sports_car,6,sports_car_006.png,FLUX.2-klein-base-9B
R20,early_automobile_020,yes,4,4,5,symbolism,3,4,early_automobile,20,early_automobile_020.png,FLUX.2-klein-base-9B
R20,vacuum_cleaner_022,partial,2,3,4,functionality,2,3,vacuum_cleaner,22,vacuum_cleaner_022.png,FLUX.2-klein-base-9B
R20,broom_025,no,3,2,4,functionality,2,2,broom,25,broom_025.png,FLUX.2-klein-base-9B
R20,lounge_chair_020,partial,3,4,4,usability,4,4,lounge_chair,20,lounge_chair_020.png,FLUX.2-klein-base-9B
R20,early_automobile_024,yes,4,5,4,symbolism,4,5,early_automobile,24,early_automobile_024.png,FLUX.2-klein-base-9B
R20,sneakers_016,yes,4,4,5,aesthetics,3,5,sneakers,16,sneakers_016.png,FLUX.2-klein-base-9B
R20,sports_car_013,yes,4,5,4,aesthetics,4,4,sports_car,13,sports_car_013.png,FLUX.2-klein-base-9B
R20,electric_kettle_018,yes,4,4,4,functionality,3,4,electric_kettle,18,electric_kettle_018.png,FLUX.2-klein-base-9B
R20,electric_kettle_003,yes,4,4,4,functionality,2,4,electric_kettle,3,electric_kettle_003.png,FLUX.2-klein-base-9B
R20,desk_lamp_018,yes,4,5,4,usability,2,5,desk_lamp,18,desk_lamp_018.png,FLUX.2-klein-base-9B
R20,lounge_chair_003,yes,4,4,4,functionality,3,5,lounge_chair,3,lounge_chair_003.png,FLUX.2-klein-base-9B
R20,vacuum_cleaner_021,yes,5,5,4,aesthetics,2,4,vacuum_cleaner,21,vacuum_cleaner_021.png,FLUX.2-klein-base-9B
R21,lounge_chair_012,yes,5,4,5,functionality,4,4,lounge_chair,12,lounge_chair_012.png,FLUX.2-klein-base-9B
R21,broom_010,no,5,1,5,unclear,2,1,broom,10,broom_010.png,FLUX.2-klein-base-9B
R21,lounge_chair_011,yes,5,4,3,functionality,1,4,lounge_chair,11,lounge_chair_011.png,FLUX.2-klein-base-9B
R21,sneakers_002,yes,5,5,5,symbolism,3,4,sneakers,2,sneakers_002.png,FLUX.2-klein-base-9B
R21,early_automobile_003,yes,5,5,5,symbolism,4,4,early_automobile,3,early_automobile_003.png,FLUX.2-klein-base-9B
R21,sports_car_022,yes,5,4,5,aesthetics,5,5,sports_car,22,sports_car_022.png,FLUX.2-klein-base-9B
R21,broom_024,yes,5,5,5,symbolism,4,5,broom,24,broom_024.png,FLUX.2-klein-base-9B
R21,sports_car_018,yes,5,4,5,aesthetics,5,5,sports_car,18,sports_car_018.png,FLUX.2-klein-base-9B
R21,desk_lamp_011,yes,3,5,5,functionality,4,4,desk_lamp,11,desk_lamp_011.png,FLUX.2-klein-base-9B
R21,sports_car_010,yes,5,5,5,aesthetics,4,4,sports_car,10,sports_car_010.png,FLUX.2-klein-base-9B
R21,vacuum_cleaner_008,yes,2,4,4,functionality,1,4,vacuum_cleaner,8,vacuum_cleaner_008.png,FLUX.2-klein-base-9B
R21,vacuum_cleaner_023,yes,2,5,4,functionality,1,4,vacuum_cleaner,23,vacuum_cleaner_023.png,FLUX.2-klein-base-9B
R21,sports_car_004,yes,5,5,5,aesthetics,5,4,sports_car,4,sports_car_004.png,FLUX.2-klein-base-9B
R21,electric_kettle_005,yes,4,5,5,functionality,1,5,electric_kettle,5,electric_kettle_005.png,FLUX.2-klein-base-9B
R21,early_automobile_019,yes,4,3,5,functionality,1,5,early_automobile,19,early_automobile_019.png,FLUX.2-klein-base-9B
R21,desk_lamp_013,yes,5,4,5,functionality,1,5,desk_lamp,13,desk_lamp_013.png,FLUX.2-klein-base-9B
R21,early_automobile_008,yes,2,5,4,functionality,1,4,early_automobile,8,early_automobile_008.png,FLUX.2-klein-base-9B
R21,sneakers_013,yes,1,4,4,functionality,1,5,sneakers,13,sneakers_013.png,FLUX.2-klein-base-9B
R21,sports_car_003,yes,4,5,5,aesthetics,5,5,sports_car,3,sports_car_003.png,FLUX.2-klein-base-9B
R21,lounge_chair_005,yes,4,5,5,functionality,1,4,lounge_chair,5,lounge_chair_005.png,FLUX.2-klein-base-9B
R21,vacuum_cleaner_022,partial,3,5,4,functionality,1,4,vacuum_cleaner,22,vacuum_cleaner_022.png,FLUX.2-klein-base-9B
R21,vacuum_cleaner_007,partial,1,5,4,functionality,1,2,vacuum_cleaner,7,vacuum_cleaner_007.png,FLUX.2-klein-base-9B
R21,broom_014,no,2,2,4,functionality,2,2,broom,14,broom_014.png,FLUX.2-klein-base-9B
R21,sneakers_014,yes,4,5,5,symbolism,3,4,sneakers,14,sneakers_014.png,FLUX.2-klein-base-9B
R21,broom_004,yes,3,4,4,functionality,2,3,broom,4,broom_004.png,FLUX.2-klein-base-9B
R21,sports_car_012,yes,5,4,5,aesthetics,5,4,sports_car,12,sports_car_012.png,FLUX.2-klein-base-9B
R21,desk_lamp_024,partial,3,4,4,functionality,1,4,desk_lamp,24,desk_lamp_024.png,FLUX.2-klein-base-9B
R21,lounge_chair_004,yes,5,5,5,functionality,2,5,lounge_chair,4,lounge_chair_004.png,FLUX.2-klein-base-9B
R21,desk_lamp_016,yes,5,5,5,aesthetics,2,4,desk_lamp,16,desk_lamp_016.png,FLUX.2-klein-base-9B
R21,vacuum_cleaner_009,yes,5,4,4,functionality,3,5,vacuum_cleaner,9,vacuum_cleaner_009.png,FLUX.2-klein-base-9B
R21,broom_017,yes,4,5,4,functionality,1,4,broom,17,broom_017.png,FLUX.2-klein-base-9B
R21,electric_kettle_025,yes,5,5,5,functionality,2,5,electric_kettle,25,electric_kettle_025.png,FLUX.2-klein-base-9B
R21,electric_kettle_021,yes,5,5,5,functionality,2,4,electric_kettle,21,electric_kettle_021.png,FLUX.2-klein-base-9B
R21,electric_kettle_014,yes,5,5,5,functionality,1,5,electric_kettle,14,electric_kettle_014.png,FLUX.2-klein-base-9B
R21,lounge_chair_013,partial,5,3,4,unclear,4,3,lounge_chair,13,lounge_chair_013.png,FLUX.2-klein-base-9B
R21,early_automobile_024,yes,5,5,5,symbolism,5,5,early_automobile,24,early_automobile_024.png,FLUX.2-klein-base-9B
R21,sneakers_022,yes,5,5,5,symbolism,5,5,sneakers,22,sneakers_022.png,FLUX.2-klein-base-9B
R21,sports_car_021,yes,5,5,5,aesthetics,5,5,sports_car,21,sports_car_021.png,FLUX.2-klein-base-9B
R21,desk_lamp_008,yes,5,5,5,functionality,1,5,desk_lamp,8,desk_lamp_008.png,FLUX.2-klein-base-9B
R21,desk_lamp_005,yes,4,5,5,functionality,1,5,desk_lamp,5,desk_lamp_005.png,FLUX.2-klein-base-9B
R21,early_automobile_001,yes,4,5,4,aesthetics,2,5,early_automobile,1,early_automobile_001.png,FLUX.2-klein-base-9B
R21,electric_kettle_019,yes,5,5,5,functionality,1,5,electric_kettle,19,electric_kettle_019.png,FLUX.2-klein-base-9B
R21,sports_car_025,yes,5,5,5,aesthetics,5,5,sports_car,25,sports_car_025.png,FLUX.2-klein-base-9B
R21,sports_car_016,yes,5,5,5,aesthetics,5,5,sports_car,16,sports_car_016.png,FLUX.2-klein-base-9B
R21,lounge_chair_009,yes,4,5,5,functionality,4,4,lounge_chair,9,lounge_chair_009.png,FLUX.2-klein-base-9B
R21,desk_lamp_023,yes,4,4,4,functionality,1,4,desk_lamp,23,desk_lamp_023.png,FLUX.2-klein-base-9B
R21,electric_kettle_012,yes,5,4,5,functionality,1,4,electric_kettle,12,electric_kettle_012.png,FLUX.2-klein-base-9B
R21,lounge_chair_007,partial,2,4,3,functionality,4,3,lounge_chair,7,lounge_chair_007.png,FLUX.2-klein-base-9B
R21,electric_kettle_017,yes,5,5,5,functionality,1,5,electric_kettle,17,electric_kettle_017.png,FLUX.2-klein-base-9B
R21,lounge_chair_003,yes,5,5,5,functionality,1,5,lounge_chair,3,lounge_chair_003.png,FLUX.2-klein-base-9B
R21,early_automobile_023,yes,5,5,5,symbolism,3,4,early_automobile,23,early_automobile_023.png,FLUX.2-klein-base-9B
R21,early_automobile_016,yes,4,4,5,symbolism,2,5,early_automobile,16,early_automobile_016.png,FLUX.2-klein-base-9B
R21,lounge_chair_020,yes,3,4,5,functionality,5,4,lounge_chair,20,lounge_chair_020.png,FLUX.2-klein-base-9B
R21,lounge_chair_008,no,1,3,3,functionality,1,1,lounge_chair,8,lounge_chair_008.png,FLUX.2-klein-base-9B
R21,lounge_chair_018,yes,4,4,4,functionality,1,5,lounge_chair,18,lounge_chair_018.png,FLUX.2-klein-base-9B
R21,early_automobile_021,yes,5,5,5,symbolism,4,5,early_automobile,21,early_automobile_021.png,FLUX.2-klein-base-9B
R21,broom_018,yes,3,5,5,functionality,3,4,broom,18,broom_018.png,FLUX.2-klein-base-9B
R21,lounge_chair_019,yes,4,5,4,functionality,3,3,lounge_chair,19,lounge_chair_019.png,FLUX.2-klein-base-9B
R21,vacuum_cleaner_005,yes,5,5,5,usability,2,5,vacuum_cleaner,5,vacuum_cleaner_005.png,FLUX.2-klein-base-9B
R21,desk_lamp_012,yes,4,5,4,functionality,2,5,desk_lamp,12,desk_lamp_012.png,FLUX.2-klein-base-9B
R21,electric_kettle_002,yes,4,5,5,functionality,1,5,electric_kettle,2,electric_kettle_002.png,FLUX.2-klein-base-9B
R21,sneakers_020,yes,5,5,5,symbolism,5,5,sneakers,20,sneakers_020.png,FLUX.2-klein-base-9B
R21,desk_lamp_022,partial,2,4,4,unclear,3,2,desk_lamp,22,desk_lamp_022.png,FLUX.2-klein-base-9B
R21,vacuum_cleaner_003,partial,2,3,4,functionality,2,4,vacuum_cleaner,3,vacuum_cleaner_003.png,FLUX.2-klein-base-9B
R21,desk_lamp_001,partial,2,2,4,unclear,1,4,desk_lamp,1,desk_lamp_001.png,FLUX.2-klein-base-9B
R21,electric_kettle_020,yes,5,5,5,functionality,1,5,electric_kettle,20,electric_kettle_020.png,FLUX.2-klein-base-9B
R21,sneakers_011,yes,4,4,5,aesthetics,5,4,sneakers,11,sneakers_011.png,FLUX.2-klein-base-9B
R21,sports_car_011,yes,5,5,5,aesthetics,5,5,sports_car,11,sports_car_011.png,FLUX.2-klein-base-9B
R21,early_automobile_006,yes,5,5,5,functionality,2,4,early_automobile,6,early_automobile_006.png,FLUX.2-klein-base-9B
R21,sneakers_003,yes,5,5,5,aesthetics,5,4,sneakers,3,sneakers_003.png,FLUX.2-klein-base-9B
R21,desk_lamp_015,partial,2,3,4,functionality,1,4,desk_lamp,15,desk_lamp_015.png,FLUX.2-klein-base-9B
R21,vacuum_cleaner_014,yes,4,5,5,functionality,1,4,vacuum_cleaner,14,vacuum_cleaner_014.png,FLUX.2-klein-base-9B
R21,lounge_chair_015,yes,4,5,4,functionality,2,5,lounge_chair,15,lounge_chair_015.png,FLUX.2-klein-base-9B
R21,early_automobile_011,yes,4,5,5,functionality,3,4,early_automobile,11,early_automobile_011.png,FLUX.2-klein-base-9B
R21,desk_lamp_002,yes,5,4,4,functionality,1,5,desk_lamp,2,desk_lamp_002.png,FLUX.2-klein-base-9B
R21,sports_car_007,yes,5,5,5,symbolism,5,5,sports_car,7,sports_car_007.png,FLUX.2-klein-base-9B
R21,sports_car_008,yes,5,5,5,symbolism,5,5,sports_car,8,sports_car_008.png,FLUX.2-klein-base-9B
R21,vacuum_cleaner_002,yes,5,4,5,functionality,2,5,vacuum_cleaner,2,vacuum_cleaner_002.png,FLUX.2-klein-base-9B
R21,sneakers_008,yes,4,5,4,aesthetics,4,5,sneakers,8,sneakers_008.png,FLUX.2-klein-base-9B
R21,electric_kettle_022,yes,5,5,5,functionality,1,5,electric_kettle,22,electric_kettle_022.png,FLUX.2-klein-base-9B
R21,sneakers_019,yes,4,5,5,symbolism,5,4,sneakers,19,sneakers_019.png,FLUX.2-klein-base-9B
R21,vacuum_cleaner_021,yes,4,5,5,functionality,2,5,vacuum_cleaner,21,vacuum_cleaner_021.png,FLUX.2-klein-base-9B
R21,sports_car_024,yes,5,5,4,aesthetics,4,5,sports_car,24,sports_car_024.png,FLUX.2-klein-base-9B
R21,early_automobile_015,yes,5,4,5,aesthetics,2,4,early_automobile,15,early_automobile_015.png,FLUX.2-klein-base-9B
R21,desk_lamp_021,yes,4,5,5,functionality,3,5,desk_lamp,21,desk_lamp_021.png,FLUX.2-klein-base-9B
R21,lounge_chair_014,yes,5,5,5,functionality,1,5,lounge_chair,14,lounge_chair_014.png,FLUX.2-klein-base-9B
R21,sneakers_007,yes,3,4,5,aesthetics,2,4,sneakers,7,sneakers_007.png,FLUX.2-klein-base-9B
R21,vacuum_cleaner_016,yes,2,4,4,functionality,2,4,vacuum_cleaner,16,vacuum_cleaner_016.png,FLUX.2-klein-base-9B
R21,early_automobile_012,yes,5,4,5,symbolism,2,4,early_automobile,12,early_automobile_012.png,FLUX.2-klein-base-9B
R21,broom_025,no,2,2,5,functionality,2,4,broom,25,broom_025.png,FLUX.2-klein-base-9B
R21,vacuum_cleaner_011,partial,1,4,5,functionality,1,1,vacuum_cleaner,11,vacuum_cleaner_011.png,FLUX.2-klein-base-9B
R21,sneakers_024,yes,3,4,5,aesthetics,4,4,sneakers,24,sneakers_024.png,FLUX.2-klein-base-9B
R21,broom_022,yes,4,5,5,functionality,2,4,broom,22,broom_022.png,FLUX.2-klein-base-9B
R21,vacuum_cleaner_001,yes,4,4,4,functionality,1,4,vacuum_cleaner,1,vacuum_cleaner_001.png,FLUX.2-klein-base-9B
R21,electric_kettle_013,yes,5,5,5,functionality,1,5,electric_kettle,13,electric_kettle_013.png,FLUX.2-klein-base-9B
R21,sports_car_020,yes,3,5,5,symbolism,4,4,sports_car,20,sports_car_020.png,FLUX.2-klein-base-9B
R21,electric_kettle_008,yes,5,5,5,functionality,1,5,electric_kettle,8,electric_kettle_008.png,FLUX.2-klein-base-9B
R21,sneakers_016,yes,4,5,5,symbolism,2,4,sneakers,16,sneakers_016.png,FLUX.2-klein-base-9B
R21,early_automobile_009,yes,4,5,3,symbolism,4,4,early_automobile,9,early_automobile_009.png,FLUX.2-klein-base-9B
R21,electric_kettle_003,yes,4,5,5,functionality,4,5,electric_kettle,3,electric_kettle_003.png,FLUX.2-klein-base-9B
R21,broom_011,no,2,1,4,unclear,2,1,broom,11,broom_011.png,FLUX.2-klein-base-9B
R21,broom_023,no,2,2,5,unclear,2,2,broom,23,broom_023.png,FLUX.2-klein-base-9B
R21,lounge_chair_016,yes,4,4,5,functionality,2,5,lounge_chair,16,lounge_chair_016.png,FLUX.2-klein-base-9B
R21,desk_lamp_010,yes,4,5,5,functionality,1,4,desk_lamp,10,desk_lamp_010.png,FLUX.2-klein-base-9B
R21,broom_007,yes,4,5,5,functionality,1,4,broom,7,broom_007.png,FLUX.2-klein-base-9B
R21,broom_016,partial,4,2,5,unclear,1,2,broom,16,broom_016.png,FLUX.2-klein-base-9B
R21,desk_lamp_020,yes,5,3,5,aesthetics,3,4,desk_lamp,20,desk_lamp_020.png,FLUX.2-klein-base-9B
R21,sports_car_014,yes,5,5,5,symbolism,5,5,sports_car,14,sports_car_014.png,FLUX.2-klein-base-9B
R21,broom_020,partial,4,4,5,functionality,3,4,broom,20,broom_020.png,FLUX.2-klein-base-9B
R21,electric_kettle_010,yes,5,5,5,functionality,1,5,electric_kettle,10,electric_kettle_010.png,FLUX.2-klein-base-9B
R21,vacuum_cleaner_019,yes,3,4,5,functionality,2,4,vacuum_cleaner,19,vacuum_cleaner_019.png,FLUX.2-klein-base-9B
R21,desk_lamp_025,yes,4,5,5,functionality,2,5,desk_lamp,25,desk_lamp_025.png,FLUX.2-klein-base-9B
R21,sneakers_006,yes,1,4,5,symbolism,2,4,sneakers,6,sneakers_006.png,FLUX.2-klein-base-9B
R21,broom_006,yes,4,5,5,functionality,2,4,broom,6,broom_006.png,FLUX.2-klein-base-9B
R21,early_automobile_010,yes,5,5,5,symbolism,5,4,early_automobile,10,early_automobile_010.png,FLUX.2-klein-base-9B
R21,sports_car_002,yes,5,5,5,symbolism,5,5,sports_car,2,sports_car_002.png,FLUX.2-klein-base-9B
R21,desk_lamp_009,yes,5,4,5,functionality,1,5,desk_lamp,9,desk_lamp_009.png,FLUX.2-klein-base-9B
R21,sneakers_010,partial,2,4,5,symbolism,4,4,sneakers,10,sneakers_010.png,FLUX.2-klein-base-9B
R21,sports_car_013,yes,4,5,5,functionality,4,4,sports_car,13,sports_car_013.png,FLUX.2-klein-base-9B
R21,electric_kettle_006,yes,5,5,5,functionality,1,5,electric_kettle,6,electric_kettle_006.png,FLUX.2-klein-base-9B
R21,electric_kettle_024,yes,5,5,5,functionality,1,5,electric_kettle,24,electric_kettle_024.png,FLUX.2-klein-base-9B
R21,sports_car_009,yes,5,5,5,symbolism,5,5,sports_car,9,sports_car_009.png,FLUX.2-klein-base-9B
R21,sneakers_009,yes,4,5,5,symbolism,4,5,sneakers,9,sneakers_009.png,FLUX.2-klein-base-9B
R21,sports_car_001,yes,4,5,5,symbolism,4,5,sports_car,1,sports_car_001.png,FLUX.2-klein-base-9B
R21,desk_lamp_006,partial,2,2,5,functionality,1,2,desk_lamp,6,desk_lamp_006.png,FLUX.2-klein-base-9B
R21,lounge_chair_024,yes,3,4,4,functionality,2,4,lounge_chair,24,lounge_chair_024.png,FLUX.2-klein-base-9B
R21,sneakers_012,partial,3,3,5,symbolism,4,2,sneakers,12,sneakers_012.png,FLUX.2-klein-base-9B
R21,early_automobile_025,yes,5,5,5,symbolism,4,5,early_automobile,25,early_automobile_025.png,FLUX.2-klein-base-9B
R21,broom_012,partial,5,4,5,functionality,1,4,broom,12,broom_012.png,FLUX.2-klein-base-9B
R21,broom_008,yes,5,4,5,functionality,1,4,broom,8,broom_008.png,FLUX.2-klein-base-9B
R21,broom_009,no,4,1,4,functionality,3,1,broom,9,broom_009.png,FLUX.2-klein-base-9B
R21,electric_kettle_023,yes,5,5,5,functionality,1,5,electric_kettle,23,electric_kettle_023.png,FLUX.2-klein-base-9B
R21,broom_021,yes,4,5,5,functionality,1,4,broom,21,broom_021.png,FLUX.2-klein-base-9B
R21,early_automobile_014,yes,5,5,5,symbolism,5,5,early_automobile,14,early_automobile_014.png,FLUX.2-klein-base-9B
R21,early_automobile_020,yes,5,5,4,symbolism,4,5,early_automobile,20,early_automobile_020.png,FLUX.2-klein-base-9B
R21,vacuum_cleaner_024,partial,4,2,5,functionality,1,2,vacuum_cleaner,24,vacuum_cleaner_024.png,FLUX.2-klein-base-9B
R21,sports_car_019,yes,5,5,5,symbolism,5,5,sports_car,19,sports_car_019.png,FLUX.2-klein-base-9B
R21,sneakers_018,yes,4,5,5,aesthetics,4,5,sneakers,18,sneakers_018.png,FLUX.2-klein-base-9B
R21,early_automobile_017,yes,5,5,5,symbolism,5,5,early_automobile,17,early_automobile_017.png,FLUX.2-klein-base-9B
R21,lounge_chair_022,yes,5,5,5,functionality,2,5,lounge_chair,22,lounge_chair_022.png,FLUX.2-klein-base-9B
R21,lounge_chair_025,yes,3,5,5,functionality,1,5,lounge_chair,25,lounge_chair_025.png,FLUX.2-klein-base-9B
R21,vacuum_cleaner_010,yes,3,5,5,functionality,1,4,vacuum_cleaner,10,vacuum_cleaner_010.png,FLUX.2-klein-base-9B
R21,lounge_chair_001,yes,4,5,5,functionality,1,5,lounge_chair,1,lounge_chair_001.png,FLUX.2-klein-base-9B
R21,sneakers_017,yes,4,5,5,aesthetics,4,5,sneakers,17,sneakers_017.png,FLUX.2-klein-base-9B
R21,desk_lamp_018,yes,5,5,5,functionality,1,5,desk_lamp,18,desk_lamp_018.png,FLUX.2-klein-base-9B
R21,early_automobile_018,yes,3,4,5,symbolism,4,3,early_automobile,18,early_automobile_018.png,FLUX.2-klein-base-9B
R21,broom_015,yes,4,5,5,functionality,1,4,broom,15,broom_015.png,FLUX.2-klein-base-9B
R21,vacuum_cleaner_025,no,3,3,5,symbolism,3,2,vacuum_cleaner,25,vacuum_cleaner_025.png,FLUX.2-klein-base-9B
R21,sneakers_001,yes,3,4,5,symbolism,4,4,sneakers,1,sneakers_001.png,FLUX.2-klein-base-9B
R21,broom_005,no,2,2,5,functionality,1,1,broom,5,broom_005.png,FLUX.2-klein-base-9B
R21,desk_lamp_007,yes,5,5,5,functionality,1,5,desk_lamp,7,desk_lamp_007.png,FLUX.2-klein-base-9B
R21,early_automobile_007,yes,5,5,5,symbolism,5,5,early_automobile,7,early_automobile_007.png,FLUX.2-klein-base-9B
R21,sneakers_005,partial,2,3,5,symbolism,3,2,sneakers,5,sneakers_005.png,FLUX.2-klein-base-9B
R21,broom_013,yes,4,5,5,functionality,2,4,broom,13,broom_013.png,FLUX.2-klein-base-9B
R21,broom_003,partial,3,3,5,functionality,1,3,broom,3,broom_003.png,FLUX.2-klein-base-9B
R21,sports_car_023,partial,3,4,5,aesthetics,4,4,sports_car,23,sports_car_023.png,FLUX.2-klein-base-9B
R21,electric_kettle_004,yes,5,5,5,functionality,1,5,electric_kettle,4,electric_kettle_004.png,FLUX.2-klein-base-9B
R21,desk_lamp_017,yes,5,5,5,functionality,1,5,desk_lamp,17,desk_lamp_017.png,FLUX.2-klein-base-9B
R21,vacuum_cleaner_012,yes,4,4,5,functionality,1,5,vacuum_cleaner,12,vacuum_cleaner_012.png,FLUX.2-klein-base-9B
R21,broom_019,yes,5,5,5,functionality,1,5,broom,19,broom_019.png,FLUX.2-klein-base-9B
R21,vacuum_cleaner_017,yes,4,4,4,functionality,2,4,vacuum_cleaner,17,vacuum_cleaner_017.png,FLUX.2-klein-base-9B
R21,sports_car_006,yes,4,5,5,symbolism,4,5,sports_car,6,sports_car_006.png,FLUX.2-klein-base-9B
R21,electric_kettle_018,yes,4,4,5,functionality,1,5,electric_kettle,18,electric_kettle_018.png,FLUX.2-klein-base-9B
R21,electric_kettle_007,yes,5,5,5,functionality,1,5,electric_kettle,7,electric_kettle_007.png,FLUX.2-klein-base-9B
R21,early_automobile_005,yes,5,5,5,symbolism,5,5,early_automobile,5,early_automobile_005.png,FLUX.2-klein-base-9B
R21,electric_kettle_011,yes,4,5,5,functionality,1,5,electric_kettle,11,electric_kettle_011.png,FLUX.2-klein-base-9B
R21,sneakers_004,yes,4,5,5,aesthetics,4,5,sneakers,4,sneakers_004.png,FLUX.2-klein-base-9B
R21,vacuum_cleaner_004,yes,4,4,5,functionality,2,5,vacuum_cleaner,4,vacuum_cleaner_004.png,FLUX.2-klein-base-9B
R21,broom_002,partial,4,4,5,functionality,2,3,broom,2,broom_002.png,FLUX.2-klein-base-9B
R21,desk_lamp_003,yes,4,5,5,functionality,4,5,desk_lamp,3,desk_lamp_003.png,FLUX.2-klein-base-9B
R21,sports_car_017,yes,5,5,5,aesthetics,5,5,sports_car,17,sports_car_017.png,FLUX.2-klein-base-9B
R21,lounge_chair_017,yes,4,5,5,functionality,2,4,lounge_chair,17,lounge_chair_017.png,FLUX.2-klein-base-9B
R21,desk_lamp_019,yes,4,5,5,functionality,1,4,desk_lamp,19,desk_lamp_019.png,FLUX.2-klein-base-9B
R21,sports_car_005,yes,4,5,5,symbolism,5,5,sports_car,5,sports_car_005.png,FLUX.2-klein-base-9B
R21,sports_car_015,yes,5,5,5,aesthetics,5,5,sports_car,15,sports_car_015.png,FLUX.2-klein-base-9B
R21,sneakers_021,yes,3,4,5,aesthetics,4,5,sneakers,21,sneakers_021.png,FLUX.2-klein-base-9B
R21,electric_kettle_009,yes,5,5,5,functionality,1,5,electric_kettle,9,electric_kettle_009.png,FLUX.2-klein-base-9B
R21,early_automobile_013,yes,5,5,5,symbolism,4,5,early_automobile,13,early_automobile_013.png,FLUX.2-klein-base-9B
R21,desk_lamp_004,yes,5,5,5,functionality,1,5,desk_lamp,4,desk_lamp_004.png,FLUX.2-klein-base-9B
R21,electric_kettle_015,yes,4,5,5,functionality,1,5,electric_kettle,15,electric_kettle_015.png,FLUX.2-klein-base-9B
R21,vacuum_cleaner_018,yes,4,5,5,functionality,1,4,vacuum_cleaner,18,vacuum_cleaner_018.png,FLUX.2-klein-base-9B
R21,early_automobile_022,yes,5,5,5,symbolism,5,5,early_automobile,22,early_automobile_022.png,FLUX.2-klein-base-9B
R21,lounge_chair_006,yes,5,5,5,functionality,1,5,lounge_chair,6,lounge_chair_006.png,FLUX.2-klein-base-9B
R21,vacuum_cleaner_006,partial,3,4,4,functionality,2,5,vacuum_cleaner,6,vacuum_cleaner_006.png,FLUX.2-klein-base-9B
R21,lounge_chair_021,yes,4,5,5,functionality,1,4,lounge_chair,21,lounge_chair_021.png,FLUX.2-klein-base-9B
R21,vacuum_cleaner_015,yes,5,5,5,functionality,1,5,vacuum_cleaner,15,vacuum_cleaner_015.png,FLUX.2-klein-base-9B
R21,early_automobile_004,yes,5,5,5,symbolism,5,5,early_automobile,4,early_automobile_004.png,FLUX.2-klein-base-9B
R21,desk_lamp_014,yes,5,5,5,functionality,1,5,desk_lamp,14,desk_lamp_014.png,FLUX.2-klein-base-9B
R21,broom_001,yes,5,5,5,functionality,1,5,broom,1,broom_001.png,FLUX.2-klein-base-9B
R21,early_automobile_002,yes,5,5,5,symbolism,5,5,early_automobile,2,early_automobile_002.png,FLUX.2-klein-base-9B
R21,lounge_chair_002,yes,4,5,5,functionality,1,5,lounge_chair,2,lounge_chair_002.png,FLUX.2-klein-base-9B
R21,lounge_chair_010,yes,4,5,5,functionality,4,5,lounge_chair,10,lounge_chair_010.png,FLUX.2-klein-base-9B
R21,vacuum_cleaner_013,yes,5,5,5,functionality,2,5,vacuum_cleaner,13,vacuum_cleaner_013.png,FLUX.2-klein-base-9B
R21,electric_kettle_016,yes,5,5,5,functionality,1,5,electric_kettle,16,electric_kettle_016.png,FLUX.2-klein-base-9B
R21,vacuum_cleaner_020,yes,4,5,5,functionality,1,5,vacuum_cleaner,20,vacuum_cleaner_020.png,FLUX.2-klein-base-9B
R21,sneakers_023,yes,4,5,5,symbolism,5,4,sneakers,23,sneakers_023.png,FLUX.2-klein-base-9B
R21,electric_kettle_001,yes,5,5,5,functionality,1,5,electric_kettle,1,electric_kettle_001.png,FLUX.2-klein-base-9B
R21,sneakers_015,yes,4,5,5,aesthetics,4,4,sneakers,15,sneakers_015.png,FLUX.2-klein-base-9B
R21,sneakers_025,yes,4,5,5,aesthetics,4,5,sneakers,25,sneakers_025.png,FLUX.2-klein-base-9B
R21,lounge_chair_023,yes,4,5,4,functionality,1,5,lounge_chair,23,lounge_chair_023.png,FLUX.2-klein-base-9B
R22,lounge_chair_005,yes,4,5,5,usability,4,4,lounge_chair,5,lounge_chair_005.png,FLUX.2-klein-base-9B
R22,vacuum_cleaner_015,yes,5,4,4,functionality,1,5,vacuum_cleaner,15,vacuum_cleaner_015.png,FLUX.2-klein-base-9B
R22,sports_car_013,yes,4,3,3,aesthetics,4,2,sports_car,13,sports_car_013.png,FLUX.2-klein-base-9B
R22,electric_kettle_003,yes,5,4,3,aesthetics,4,4,electric_kettle,3,electric_kettle_003.png,FLUX.2-klein-base-9B
R22,broom_005,no,4,2,3,aesthetics,4,1,broom,5,broom_005.png,FLUX.2-klein-base-9B
R22,electric_kettle_002,yes,5,5,4,usability,1,4,electric_kettle,2,electric_kettle_002.png,FLUX.2-klein-base-9B
R22,lounge_chair_010,yes,5,4,5,functionality,3,4,lounge_chair,10,lounge_chair_010.png,FLUX.2-klein-base-9B
R22,broom_012,yes,5,4,5,functionality,3,5,broom,12,broom_012.png,FLUX.2-klein-base-9B
R22,broom_017,yes,5,5,5,functionality,3,5,broom,17,broom_017.png,FLUX.2-klein-base-9B
R22,electric_kettle_015,partial,3,4,3,unclear,3,2,electric_kettle,15,electric_kettle_015.png,FLUX.2-klein-base-9B
R22,sneakers_020,yes,5,5,5,functionality,3,5,sneakers,20,sneakers_020.png,FLUX.2-klein-base-9B
R22,desk_lamp_005,yes,5,5,5,usability,4,4,desk_lamp,5,desk_lamp_005.png,FLUX.2-klein-base-9B
R22,early_automobile_012,yes,5,5,5,functionality,2,5,early_automobile,12,early_automobile_012.png,FLUX.2-klein-base-9B
R22,sports_car_010,yes,5,5,5,aesthetics,4,5,sports_car,10,sports_car_010.png,FLUX.2-klein-base-9B
R22,desk_lamp_020,partial,5,3,5,aesthetics,4,4,desk_lamp,20,desk_lamp_020.png,FLUX.2-klein-base-9B
R22,desk_lamp_010,yes,5,5,4,functionality,4,3,desk_lamp,10,desk_lamp_010.png,FLUX.2-klein-base-9B
R22,early_automobile_024,yes,5,5,5,functionality,3,5,early_automobile,24,early_automobile_024.png,FLUX.2-klein-base-9B
R22,sports_car_011,yes,5,5,5,aesthetics,4,4,sports_car,11,sports_car_011.png,FLUX.2-klein-base-9B
R22,early_automobile_009,yes,5,5,5,functionality,4,4,early_automobile,9,early_automobile_009.png,FLUX.2-klein-base-9B
R22,sneakers_016,yes,5,5,5,functionality,3,5,sneakers,16,sneakers_016.png,FLUX.2-klein-base-9B
R22,sneakers_002,yes,5,3,3,functionality,3,3,sneakers,2,sneakers_002.png,FLUX.2-klein-base-9B
R22,desk_lamp_024,yes,5,5,5,aesthetics,4,5,desk_lamp,24,desk_lamp_024.png,FLUX.2-klein-base-9B
R22,early_automobile_015,yes,5,5,5,functionality,2,5,early_automobile,15,early_automobile_015.png,FLUX.2-klein-base-9B
R22,electric_kettle_007,yes,5,5,5,functionality,2,5,electric_kettle,7,electric_kettle_007.png,FLUX.2-klein-base-9B
R22,sports_car_009,yes,4,5,4,aesthetics,4,4,sports_car,9,sports_car_009.png,FLUX.2-klein-base-9B
R22,lounge_chair_004,partial,4,3,4,usability,2,2,lounge_chair,4,lounge_chair_004.png,FLUX.2-klein-base-9B
R22,lounge_chair_006,yes,5,4,5,functionality,3,5,lounge_chair,6,lounge_chair_006.png,FLUX.2-klein-base-9B
R22,lounge_chair_014,yes,5,4,3,functionality,4,4,lounge_chair,14,lounge_chair_014.png,FLUX.2-klein-base-9B
R22,vacuum_cleaner_016,yes,2,4,3,functionality,2,2,vacuum_cleaner,16,vacuum_cleaner_016.png,FLUX.2-klein-base-9B
R22,broom_016,partial,4,3,5,functionality,4,5,broom,16,broom_016.png,FLUX.2-klein-base-9B
R22,sports_car_012,yes,4,4,4,aesthetics,3,5,sports_car,12,sports_car_012.png,FLUX.2-klein-base-9B
R22,vacuum_cleaner_010,yes,5,5,5,usability,2,5,vacuum_cleaner,10,vacuum_cleaner_010.png,FLUX.2-klein-base-9B
R22,sneakers_003,yes,5,5,5,functionality,3,5,sneakers,3,sneakers_003.png,FLUX.2-klein-base-9B
R22,desk_lamp_018,yes,5,5,5,functionality,2,5,desk_lamp,18,desk_lamp_018.png,FLUX.2-klein-base-9B
R22,sneakers_017,yes,5,5,5,functionality,4,5,sneakers,17,sneakers_017.png,FLUX.2-klein-base-9B
R22,electric_kettle_019,yes,5,5,5,functionality,2,5,electric_kettle,19,electric_kettle_019.png,FLUX.2-klein-base-9B
R22,electric_kettle_020,yes,5,5,5,functionality,2,5,electric_kettle,20,electric_kettle_020.png,FLUX.2-klein-base-9B
R22,vacuum_cleaner_006,yes,1,3,3,unclear,3,3,vacuum_cleaner,6,vacuum_cleaner_006.png,FLUX.2-klein-base-9B
R22,sports_car_023,yes,3,4,4,aesthetics,4,4,sports_car,23,sports_car_023.png,FLUX.2-klein-base-9B
R22,sneakers_008,yes,5,5,5,functionality,2,4,sneakers,8,sneakers_008.png,FLUX.2-klein-base-9B
R22,early_automobile_006,yes,5,5,5,functionality,2,5,early_automobile,6,early_automobile_006.png,FLUX.2-klein-base-9B
R22,sneakers_004,yes,2,5,5,functionality,2,4,sneakers,4,sneakers_004.png,FLUX.2-klein-base-9B
R22,electric_kettle_022,yes,5,5,5,functionality,3,5,electric_kettle,22,electric_kettle_022.png,FLUX.2-klein-base-9B
R22,broom_013,yes,5,5,5,functionality,2,5,broom,13,broom_013.png,FLUX.2-klein-base-9B
R22,lounge_chair_009,yes,5,5,5,aesthetics,2,4,lounge_chair,9,lounge_chair_009.png,FLUX.2-klein-base-9B
R22,sneakers_015,yes,4,5,4,aesthetics,4,4,sneakers,15,sneakers_015.png,FLUX.2-klein-base-9B
R22,early_automobile_025,yes,5,5,5,functionality,2,5,early_automobile,25,early_automobile_025.png,FLUX.2-klein-base-9B
R22,electric_kettle_025,yes,5,5,5,functionality,2,5,electric_kettle,25,electric_kettle_025.png,FLUX.2-klein-base-9B
R22,broom_006,yes,5,5,5,functionality,2,3,broom,6,broom_006.png,FLUX.2-klein-base-9B
R22,broom_021,yes,5,5,4,functionality,3,4,broom,21,broom_021.png,FLUX.2-klein-base-9B
R22,vacuum_cleaner_017,yes,5,5,5,functionality,2,5,vacuum_cleaner,17,vacuum_cleaner_017.png,FLUX.2-klein-base-9B
R22,electric_kettle_001,yes,5,5,5,functionality,4,4,electric_kettle,1,electric_kettle_001.png,FLUX.2-klein-base-9B
R22,lounge_chair_008,partial,3,3,4,aesthetics,4,3,lounge_chair,8,lounge_chair_008.png,FLUX.2-klein-base-9B
R22,vacuum_cleaner_008,yes,2,5,3,symbolism,3,2,vacuum_cleaner,8,vacuum_cleaner_008.png,FLUX.2-klein-base-9B
R22,sports_car_005,yes,5,4,3,aesthetics,4,4,sports_car,5,sports_car_005.png,FLUX.2-klein-base-9B
R22,vacuum_cleaner_005,yes,2,4,4,functionality,2,3,vacuum_cleaner,5,vacuum_cleaner_005.png,FLUX.2-klein-base-9B
R22,lounge_chair_003,yes,5,5,5,functionality,2,5,lounge_chair,3,lounge_chair_003.png,FLUX.2-klein-base-9B
R22,vacuum_cleaner_019,yes,2,2,5,functionality,2,3,vacuum_cleaner,19,vacuum_cleaner_019.png,FLUX.2-klein-base-9B
R22,vacuum_cleaner_024,yes,3,4,4,functionality,3,3,vacuum_cleaner,24,vacuum_cleaner_024.png,FLUX.2-klein-base-9B
R22,sneakers_012,yes,5,5,5,aesthetics,4,4,sneakers,12,sneakers_012.png,FLUX.2-klein-base-9B
R22,broom_024,yes,5,5,5,functionality,2,5,broom,24,broom_024.png,FLUX.2-klein-base-9B
R22,sports_car_002,yes,5,5,4,aesthetics,4,5,sports_car,2,sports_car_002.png,FLUX.2-klein-base-9B
R22,broom_018,yes,5,5,5,functionality,2,4,broom,18,broom_018.png,FLUX.2-klein-base-9B
R22,sports_car_020,partial,1,4,4,aesthetics,4,4,sports_car,20,sports_car_020.png,FLUX.2-klein-base-9B
R22,broom_014,partial,4,4,5,symbolism,4,2,broom,14,broom_014.png,FLUX.2-klein-base-9B
R22,electric_kettle_004,yes,5,5,5,functionality,2,5,electric_kettle,4,electric_kettle_004.png,FLUX.2-klein-base-9B
R22,electric_kettle_009,yes,5,5,5,functionality,2,5,electric_kettle,9,electric_kettle_009.png,FLUX.2-klein-base-9B
R22,desk_lamp_017,yes,5,5,5,functionality,2,5,desk_lamp,17,desk_lamp_017.png,FLUX.2-klein-base-9B
R22,lounge_chair_012,yes,5,5,5,functionality,2,5,lounge_chair,12,lounge_chair_012.png,FLUX.2-klein-base-9B
R22,electric_kettle_006,yes,5,5,5,functionality,2,5,electric_kettle,6,electric_kettle_006.png,FLUX.2-klein-base-9B
R22,broom_011,no,2,1,4,symbolism,3,1,broom,11,broom_011.png,FLUX.2-klein-base-9B
R22,desk_lamp_001,yes,4,4,5,aesthetics,5,3,desk_lamp,1,desk_lamp_001.png,FLUX.2-klein-base-9B
R22,sneakers_021,yes,5,5,4,aesthetics,5,4,sneakers,21,sneakers_021.png,FLUX.2-klein-base-9B
R22,broom_025,no,1,1,5,symbolism,5,1,broom,25,broom_025.png,FLUX.2-klein-base-9B
R22,sneakers_011,yes,5,2,5,functionality,2,5,sneakers,11,sneakers_011.png,FLUX.2-klein-base-9B
R22,lounge_chair_017,yes,5,5,5,functionality,2,5,lounge_chair,17,lounge_chair_017.png,FLUX.2-klein-base-9B
R22,sneakers_009,yes,2,5,5,functionality,2,2,sneakers,9,sneakers_009.png,FLUX.2-klein-base-9B
R22,desk_lamp_011,yes,5,5,5,functionality,3,5,desk_lamp,11,desk_lamp_011.png,FLUX.2-klein-base-9B
R22,vacuum_cleaner_002,yes,5,5,5,functionality,2,5,vacuum_cleaner,2,vacuum_cleaner_002.png,FLUX.2-klein-base-9B
R22,early_automobile_003,yes,5,5,5,functionality,2,5,early_automobile,3,early_automobile_003.png,FLUX.2-klein-base-9B
R22,sneakers_005,partial,1,3,5,functionality,3,4,sneakers,5,sneakers_005.png,FLUX.2-klein-base-9B
R22,sneakers_018,partial,3,4,4,aesthetics,2,3,sneakers,18,sneakers_018.png,FLUX.2-klein-base-9B
R22,lounge_chair_022,yes,2,5,5,functionality,2,5,lounge_chair,22,lounge_chair_022.png,FLUX.2-klein-base-9B
R22,vacuum_cleaner_009,yes,2,5,5,functionality,2,5,vacuum_cleaner,9,vacuum_cleaner_009.png,FLUX.2-klein-base-9B
R22,electric_kettle_018,yes,4,4,4,functionality,4,4,electric_kettle,18,electric_kettle_018.png,FLUX.2-klein-base-9B
R22,vacuum_cleaner_020,yes,5,5,5,functionality,2,5,vacuum_cleaner,20,vacuum_cleaner_020.png,FLUX.2-klein-base-9B
R22,desk_lamp_013,yes,5,5,5,functionality,2,5,desk_lamp,13,desk_lamp_013.png,FLUX.2-klein-base-9B
R22,sports_car_019,yes,5,5,5,aesthetics,4,2,sports_car,19,sports_car_019.png,FLUX.2-klein-base-9B
R22,early_automobile_008,yes,5,5,4,functionality,4,4,early_automobile,8,early_automobile_008.png,FLUX.2-klein-base-9B
R22,early_automobile_019,yes,4,4,4,functionality,3,3,early_automobile,19,early_automobile_019.png,FLUX.2-klein-base-9B
R22,sneakers_007,yes,1,3,4,functionality,2,3,sneakers,7,sneakers_007.png,FLUX.2-klein-base-9B
R22,lounge_chair_001,yes,2,3,4,functionality,2,2,lounge_chair,1,lounge_chair_001.png,FLUX.2-klein-base-9B
R22,vacuum_cleaner_014,yes,3,4,4,symbolism,4,3,vacuum_cleaner,14,vacuum_cleaner_014.png,FLUX.2-klein-base-9B
R22,early_automobile_001,yes,5,5,5,functionality,2,5,early_automobile,1,early_automobile_001.png,FLUX.2-klein-base-9B
R22,sneakers_025,yes,5,5,5,functionality,2,5,sneakers,25,sneakers_025.png,FLUX.2-klein-base-9B
R22,early_automobile_014,yes,5,5,5,functionality,2,5,early_automobile,14,early_automobile_014.png,FLUX.2-klein-base-9B
R22,broom_020,yes,4,4,5,functionality,2,5,broom,20,broom_020.png,FLUX.2-klein-base-9B
R22,sports_car_021,yes,5,2,5,aesthetics,4,5,sports_car,21,sports_car_021.png,FLUX.2-klein-base-9B
R22,electric_kettle_023,partial,5,5,5,functionality,2,5,electric_kettle,23,electric_kettle_023.png,FLUX.2-klein-base-9B
R22,early_automobile_017,yes,5,5,5,functionality,2,5,early_automobile,17,early_automobile_017.png,FLUX.2-klein-base-9B
R22,sneakers_013,no,1,2,4,functionality,2,1,sneakers,13,sneakers_013.png,FLUX.2-klein-base-9B
R22,early_automobile_020,yes,5,5,5,functionality,2,5,early_automobile,20,early_automobile_020.png,FLUX.2-klein-base-9B
R22,broom_004,yes,5,5,2,functionality,2,5,broom,4,broom_004.png,FLUX.2-klein-base-9B
R22,vacuum_cleaner_004,yes,5,5,5,functionality,2,5,vacuum_cleaner,4,vacuum_cleaner_004.png,FLUX.2-klein-base-9B
R22,early_automobile_011,yes,5,5,5,functionality,2,5,early_automobile,11,early_automobile_011.png,FLUX.2-klein-base-9B
R22,lounge_chair_013,yes,5,5,5,functionality,2,4,lounge_chair,13,lounge_chair_013.png,FLUX.2-klein-base-9B
R22,desk_lamp_007,yes,5,5,5,functionality,2,5,desk_lamp,7,desk_lamp_007.png,FLUX.2-klein-base-9B
R22,early_automobile_004,yes,2,4,4,functionality,4,2,early_automobile,4,early_automobile_004.png,FLUX.2-klein-base-9B
R22,sneakers_010,no,1,2,4,functionality,4,2,sneakers,10,sneakers_010.png,FLUX.2-klein-base-9B
R22,sneakers_022,yes,5,5,5,functionality,2,5,sneakers,22,sneakers_022.png,FLUX.2-klein-base-9B
R22,desk_lamp_003,yes,5,5,5,aesthetics,4,5,desk_lamp,3,desk_lamp_003.png,FLUX.2-klein-base-9B
R22,lounge_chair_025,yes,5,5,5,functionality,4,5,lounge_chair,25,lounge_chair_025.png,FLUX.2-klein-base-9B
R22,lounge_chair_021,yes,5,5,5,functionality,2,5,lounge_chair,21,lounge_chair_021.png,FLUX.2-klein-base-9B
R22,broom_008,yes,5,5,5,functionality,2,5,broom,8,broom_008.png,FLUX.2-klein-base-9B
R22,sneakers_023,yes,5,5,5,functionality,2,2,sneakers,23,sneakers_023.png,FLUX.2-klein-base-9B
R22,sports_car_017,yes,5,5,3,aesthetics,2,5,sports_car,17,sports_car_017.png,FLUX.2-klein-base-9B
R22,vacuum_cleaner_003,yes,3,4,3,functionality,4,4,vacuum_cleaner,3,vacuum_cleaner_003.png,FLUX.2-klein-base-9B
R22,early_automobile_013,yes,5,5,5,functionality,2,5,early_automobile,13,early_automobile_013.png,FLUX.2-klein-base-9B
R22,desk_lamp_019,yes,5,5,5,aesthetics,4,5,desk_lamp,19,desk_lamp_019.png,FLUX.2-klein-base-9B
R22,broom_003,partial,5,3,4,aesthetics,4,3,broom,3,broom_003.png,FLUX.2-klein-base-9B
R22,early_automobile_007,yes,5,5,5,functionality,2,5,early_automobile,7,early_automobile_007.png,FLUX.2-klein-base-9B
R22,lounge_chair_023,yes,5,5,5,functionality,3,5,lounge_chair,23,lounge_chair_023.png,FLUX.2-klein-base-9B
R22,sports_car_007,yes,5,5,5,aesthetics,4,5,sports_car,7,sports_car_007.png,FLUX.2-klein-base-9B
R22,vacuum_cleaner_001,yes,5,5,5,functionality,2,5,vacuum_cleaner,1,vacuum_cleaner_001.png,FLUX.2-klein-base-9B
R22,vacuum_cleaner_007,yes,2,4,4,functionality,2,4,vacuum_cleaner,7,vacuum_cleaner_007.png,FLUX.2-klein-base-9B
R22,vacuum_cleaner_018,yes,5,5,5,functionality,1,5,vacuum_cleaner,18,vacuum_cleaner_018.png,FLUX.2-klein-base-9B
R22,sneakers_019,yes,5,5,5,functionality,2,3,sneakers,19,sneakers_019.png,FLUX.2-klein-base-9B
R22,sports_car_018,yes,5,5,5,aesthetics,4,5,sports_car,18,sports_car_018.png,FLUX.2-klein-base-9B
R22,sports_car_004,yes,5,5,5,aesthetics,4,5,sports_car,4,sports_car_004.png,FLUX.2-klein-base-9B
R22,lounge_chair_018,yes,5,5,4,functionality,2,4,lounge_chair,18,lounge_chair_018.png,FLUX.2-klein-base-9B
R22,lounge_chair_020,yes,5,2,3,functionality,4,3,lounge_chair,20,lounge_chair_020.png,FLUX.2-klein-base-9B
R22,desk_lamp_016,yes,2,5,5,aesthetics,4,5,desk_lamp,16,desk_lamp_016.png,FLUX.2-klein-base-9B
R22,electric_kettle_010,yes,5,5,5,functionality,2,5,electric_kettle,10,electric_kettle_010.png,FLUX.2-klein-base-9B
R22,desk_lamp_015,yes,2,2,4,symbolism,4,2,desk_lamp,15,desk_lamp_015.png,FLUX.2-klein-base-9B
R22,early_automobile_010,yes,5,5,5,functionality,2,2,early_automobile,10,early_automobile_010.png,FLUX.2-klein-base-9B
R22,vacuum_cleaner_021,yes,3,4,4,aesthetics,4,3,vacuum_cleaner,21,vacuum_cleaner_021.png,FLUX.2-klein-base-9B
R22,electric_kettle_016,yes,5,5,5,functionality,2,5,electric_kettle,16,electric_kettle_016.png,FLUX.2-klein-base-9B
R22,broom_022,yes,5,5,5,functionality,2,5,broom,22,broom_022.png,FLUX.2-klein-base-9B
R22,desk_lamp_008,yes,5,5,5,functionality,2,5,desk_lamp,8,desk_lamp_008.png,FLUX.2-klein-base-9B
R22,electric_kettle_012,yes,5,5,5,functionality,2,5,electric_kettle,12,electric_kettle_012.png,FLUX.2-klein-base-9B
R22,broom_009,no,4,2,4,symbolism,5,2,broom,9,broom_009.png,FLUX.2-klein-base-9B
R22,lounge_chair_024,yes,5,5,5,functionality,2,5,lounge_chair,24,lounge_chair_024.png,FLUX.2-klein-base-9B
R22,sneakers_001,yes,5,5,5,functionality,2,5,sneakers,1,sneakers_001.png,FLUX.2-klein-base-9B
R22,vacuum_cleaner_011,partial,2,4,4,symbolism,4,3,vacuum_cleaner,11,vacuum_cleaner_011.png,FLUX.2-klein-base-9B
R22,broom_002,partial,1,2,5,symbolism,3,4,broom,2,broom_002.png,FLUX.2-klein-base-9B
R22,desk_lamp_002,yes,5,5,5,functionality,2,5,desk_lamp,2,desk_lamp_002.png,FLUX.2-klein-base-9B
R22,sports_car_016,yes,5,5,4,functionality,4,5,sports_car,16,sports_car_016.png,FLUX.2-klein-base-9B
R22,sports_car_015,yes,4,4,4,aesthetics,4,4,sports_car,15,sports_car_015.png,FLUX.2-klein-base-9B
R22,desk_lamp_021,yes,5,5,5,functionality,2,5,desk_lamp,21,desk_lamp_021.png,FLUX.2-klein-base-9B
R22,sneakers_024,yes,5,5,5,functionality,2,5,sneakers,24,sneakers_024.png,FLUX.2-klein-base-9B
R22,broom_010,partial,3,3,3,functionality,3,2,broom,10,broom_010.png,FLUX.2-klein-base-9B
R22,lounge_chair_011,yes,5,5,4,functionality,2,5,lounge_chair,11,lounge_chair_011.png,FLUX.2-klein-base-9B
R22,sports_car_003,yes,5,5,5,aesthetics,4,5,sports_car,3,sports_car_003.png,FLUX.2-klein-base-9B
R22,desk_lamp_023,yes,5,5,5,functionality,3,5,desk_lamp,23,desk_lamp_023.png,FLUX.2-klein-base-9B
R22,electric_kettle_008,yes,5,5,5,functionality,2,5,electric_kettle,8,electric_kettle_008.png,FLUX.2-klein-base-9B
R22,lounge_chair_007,yes,5,5,5,functionality,2,5,lounge_chair,7,lounge_chair_007.png,FLUX.2-klein-base-9B
R22,early_automobile_002,yes,5,5,5,functionality,2,5,early_automobile,2,early_automobile_002.png,FLUX.2-klein-base-9B
R22,sports_car_008,yes,5,5,5,functionality,2,5,sports_car,8,sports_car_008.png,FLUX.2-klein-base-9B
R22,lounge_chair_019,yes,5,5,5,functionality,2,5,lounge_chair,19,lounge_chair_019.png,FLUX.2-klein-base-9B
R22,electric_kettle_021,yes,5,5,5,functionality,2,5,electric_kettle,21,electric_kettle_021.png,FLUX.2-klein-base-9B
R22,electric_kettle_024,yes,5,5,5,functionality,2,5,electric_kettle,24,electric_kettle_024.png,FLUX.2-klein-base-9B
R22,lounge_chair_002,yes,5,5,5,functionality,3,5,lounge_chair,2,lounge_chair_002.png,FLUX.2-klein-base-9B
R22,vacuum_cleaner_022,yes,2,4,4,symbolism,2,3,vacuum_cleaner,22,vacuum_cleaner_022.png,FLUX.2-klein-base-9B
R22,vacuum_cleaner_025,yes,2,2,5,symbolism,5,3,vacuum_cleaner,25,vacuum_cleaner_025.png,FLUX.2-klein-base-9B
R22,early_automobile_018,partial,2,3,4,aesthetics,4,3,early_automobile,18,early_automobile_018.png,FLUX.2-klein-base-9B
R22,vacuum_cleaner_012,yes,5,5,5,functionality,2,5,vacuum_cleaner,12,vacuum_cleaner_012.png,FLUX.2-klein-base-9B
R22,desk_lamp_014,yes,5,5,5,functionality,2,5,desk_lamp,14,desk_lamp_014.png,FLUX.2-klein-base-9B
R22,broom_015,partial,5,5,4,aesthetics,4,3,broom,15,broom_015.png,FLUX.2-klein-base-9B
R22,sports_car_001,yes,5,5,5,aesthetics,2,5,sports_car,1,sports_car_001.png,FLUX.2-klein-base-9B
R22,vacuum_cleaner_023,yes,2,4,5,functionality,2,5,vacuum_cleaner,23,vacuum_cleaner_023.png,FLUX.2-klein-base-9B
R22,desk_lamp_022,yes,3,4,5,aesthetics,4,5,desk_lamp,22,desk_lamp_022.png,FLUX.2-klein-base-9B
R22,broom_001,yes,5,5,5,functionality,2,5,broom,1,broom_001.png,FLUX.2-klein-base-9B
R22,desk_lamp_004,yes,5,5,5,functionality,2,5,desk_lamp,4,desk_lamp_004.png,FLUX.2-klein-base-9B
R22,broom_019,yes,5,5,5,functionality,2,5,broom,19,broom_019.png,FLUX.2-klein-base-9B
R22,electric_kettle_014,yes,5,5,5,functionality,2,5,electric_kettle,14,electric_kettle_014.png,FLUX.2-klein-base-9B
R22,electric_kettle_005,yes,4,5,5,functionality,2,5,electric_kettle,5,electric_kettle_005.png,FLUX.2-klein-base-9B
R22,sports_car_024,yes,5,5,5,aesthetics,4,5,sports_car,24,sports_car_024.png,FLUX.2-klein-base-9B
R22,desk_lamp_012,yes,5,5,5,functionality,2,5,desk_lamp,12,desk_lamp_012.png,FLUX.2-klein-base-9B
R22,sneakers_006,yes,1,4,5,functionality,3,4,sneakers,6,sneakers_006.png,FLUX.2-klein-base-9B
R22,early_automobile_022,yes,5,5,5,functionality,2,5,early_automobile,22,early_automobile_022.png,FLUX.2-klein-base-9B
R22,sports_car_025,yes,5,5,5,aesthetics,4,5,sports_car,25,sports_car_025.png,FLUX.2-klein-base-9B
R22,vacuum_cleaner_013,yes,5,5,5,functionality,1,5,vacuum_cleaner,13,vacuum_cleaner_013.png,FLUX.2-klein-base-9B
R22,broom_023,partial,4,2,5,functionality,4,3,broom,23,broom_023.png,FLUX.2-klein-base-9B
R22,desk_lamp_006,partial,2,3,4,aesthetics,3,2,desk_lamp,6,desk_lamp_006.png,FLUX.2-klein-base-9B
R22,early_automobile_023,yes,5,5,5,functionality,2,5,early_automobile,23,early_automobile_023.png,FLUX.2-klein-base-9B
R22,broom_007,yes,5,5,5,functionality,2,5,broom,7,broom_007.png,FLUX.2-klein-base-9B
R22,sports_car_014,yes,5,5,5,aesthetics,2,5,sports_car,14,sports_car_014.png,FLUX.2-klein-base-9B
R22,lounge_chair_015,yes,5,3,3,functionality,3,4,lounge_chair,15,lounge_chair_015.png,FLUX.2-klein-base-9B
R22,desk_lamp_009,yes,5,5,5,functionality,3,2,desk_lamp,9,desk_lamp_009.png,FLUX.2-klein-base-9B
R22,electric_kettle_011,yes,5,5,5,functionality,2,5,electric_kettle,11,electric_kettle_011.png,FLUX.2-klein-base-9B
R22,sneakers_014,yes,5,5,5,functionality,2,5,sneakers,14,sneakers_014.png,FLUX.2-klein-base-9B
R22,sports_car_022,yes,5,5,5,aesthetics,4,4,sports_car,22,sports_car_022.png,FLUX.2-klein-base-9B
R22,sports_car_006,yes,2,4,3,aesthetics,4,3,sports_car,6,sports_car_006.png,FLUX.2-klein-base-9B
R22,early_automobile_016,yes,5,5,5,functionality,2,5,early_automobile,16,early_automobile_016.png,FLUX.2-klein-base-9B
R22,early_automobile_021,yes,5,5,5,functionality,3,5,early_automobile,21,early_automobile_021.png,FLUX.2-klein-base-9B
R22,electric_kettle_017,yes,5,5,5,functionality,2,5,electric_kettle,17,electric_kettle_017.png,FLUX.2-klein-base-9B
R22,lounge_chair_016,yes,5,5,3,functionality,2,4,lounge_chair,16,lounge_chair_016.png,FLUX.2-klein-base-9B
R22,desk_lamp_025,yes,5,5,5,functionality,2,5,desk_lamp,25,desk_lamp_025.png,FLUX.2-klein-base-9B
R22,early_automobile_005,yes,5,5,5,functionality,2,5,early_automobile,5,early_automobile_005.png,FLUX.2-klein-base-9B
R22,electric_kettle_013,yes,5,2,5,functionality,3,5,electric_kettle,13,electric_kettle_013.png,FLUX.2-klein-base-9B
R23,lounge_chair_024,yes,4,4,5,aesthetics,3,4,lounge_chair,24,lounge_chair_024.png,FLUX.2-klein-base-9B
R23,desk_lamp_003,yes,4,4,5,symbolism,3,4,desk_lamp,3,desk_lamp_003.png,FLUX.2-klein-base-9B
R23,lounge_chair_017,yes,4,4,5,usability,3,4,lounge_chair,17,lounge_chair_017.png,FLUX.2-klein-base-9B
R23,broom_002,partial,2,3,4,functionality,2,3,broom,2,broom_002.png,FLUX.2-klein-base-9B
R23,broom_014,partial,3,3,4,functionality,2,3,broom,14,broom_014.png,FLUX.2-klein-base-9B
R23,electric_kettle_019,yes,4,5,4,functionality,1,5,electric_kettle,19,electric_kettle_019.png,FLUX.2-klein-base-9B
R23,sports_car_019,yes,5,4,5,usability,4,3,sports_car,19,sports_car_019.png,FLUX.2-klein-base-9B
R23,early_automobile_018,yes,2,4,4,unclear,3,3,early_automobile,18,early_automobile_018.png,FLUX.2-klein-base-9B
R23,sports_car_010,yes,5,4,4,aesthetics,3,4,sports_car,10,sports_car_010.png,FLUX.2-klein-base-9B
R23,lounge_chair_008,partial,3,3,3,symbolism,3,3,lounge_chair,8,lounge_chair_008.png,FLUX.2-klein-base-9B
R23,sports_car_002,yes,5,4,5,aesthetics,4,4,sports_car,2,sports_car_002.png,FLUX.2-klein-base-9B
R23,sneakers_007,yes,3,4,4,functionality,3,4,sneakers,7,sneakers_007.png,FLUX.2-klein-base-9B
R23,broom_009,no,3,2,4,aesthetics,2,1,broom,9,broom_009.png,FLUX.2-klein-base-9B
R23,desk_lamp_014,yes,4,4,5,functionality,4,4,desk_lamp,14,desk_lamp_014.png,FLUX.2-klein-base-9B
R23,early_automobile_007,yes,5,5,5,symbolism,3,5,early_automobile,7,early_automobile_007.png,FLUX.2-klein-base-9B
R23,sneakers_019,yes,5,5,5,usability,3,4,sneakers,19,sneakers_019.png,FLUX.2-klein-base-9B
R23,lounge_chair_021,yes,4,5,5,usability,4,4,lounge_chair,21,lounge_chair_021.png,FLUX.2-klein-base-9B
R23,electric_kettle_002,yes,4,5,5,functionality,3,4,electric_kettle,2,electric_kettle_002.png,FLUX.2-klein-base-9B
R23,sneakers_012,partial,3,4,4,usability,3,4,sneakers,12,sneakers_012.png,FLUX.2-klein-base-9B
R23,vacuum_cleaner_006,yes,3,4,5,functionality,2,3,vacuum_cleaner,6,vacuum_cleaner_006.png,FLUX.2-klein-base-9B
R23,desk_lamp_025,yes,4,5,4,unclear,3,4,desk_lamp,25,desk_lamp_025.png,FLUX.2-klein-base-9B
R23,electric_kettle_025,yes,5,5,4,functionality,2,3,electric_kettle,25,electric_kettle_025.png,FLUX.2-klein-base-9B
R23,sports_car_017,yes,5,5,5,aesthetics,4,4,sports_car,17,sports_car_017.png,FLUX.2-klein-base-9B
R23,desk_lamp_006,yes,2,3,5,aesthetics,3,3,desk_lamp,6,desk_lamp_006.png,FLUX.2-klein-base-9B
R23,early_automobile_016,yes,5,4,4,symbolism,4,4,early_automobile,16,early_automobile_016.png,FLUX.2-klein-base-9B
R23,sports_car_016,yes,5,4,5,aesthetics,4,4,sports_car,16,sports_car_016.png,FLUX.2-klein-base-9B
R23,sports_car_015,yes,5,4,4,aesthetics,4,4,sports_car,15,sports_car_015.png,FLUX.2-klein-base-9B
R23,early_automobile_009,yes,4,4,5,symbolism,4,4,early_automobile,9,early_automobile_009.png,FLUX.2-klein-base-9B
R23,sneakers_013,yes,1,4,4,unclear,2,3,sneakers,13,sneakers_013.png,FLUX.2-klein-base-9B
R23,lounge_chair_018,yes,3,5,5,functionality,3,4,lounge_chair,18,lounge_chair_018.png,FLUX.2-klein-base-9B
R23,broom_004,yes,4,4,4,functionality,2,5,broom,4,broom_004.png,FLUX.2-klein-base-9B
R23,desk_lamp_021,yes,5,5,4,functionality,3,4,desk_lamp,21,desk_lamp_021.png,FLUX.2-klein-base-9B
R23,vacuum_cleaner_023,yes,3,4,4,usability,3,4,vacuum_cleaner,23,vacuum_cleaner_023.png,FLUX.2-klein-base-9B
R23,desk_lamp_005,yes,4,5,4,usability,3,4,desk_lamp,5,desk_lamp_005.png,FLUX.2-klein-base-9B
R23,sports_car_018,partial,5,4,4,aesthetics,4,4,sports_car,18,sports_car_018.png,FLUX.2-klein-base-9B
R23,vacuum_cleaner_019,yes,4,3,4,functionality,2,4,vacuum_cleaner,19,vacuum_cleaner_019.png,FLUX.2-klein-base-9B
R23,electric_kettle_024,yes,5,5,5,functionality,2,4,electric_kettle,24,electric_kettle_024.png,FLUX.2-klein-base-9B
R23,vacuum_cleaner_004,yes,5,5,4,functionality,2,5,vacuum_cleaner,4,vacuum_cleaner_004.png,FLUX.2-klein-base-9B
R23,sports_car_004,yes,4,5,4,aesthetics,3,4,sports_car,4,sports_car_004.png,FLUX.2-klein-base-9B
R23,broom_010,partial,3,3,3,functionality,3,3,broom,10,broom_010.png,FLUX.2-klein-base-9B
R23,desk_lamp_020,yes,4,4,4,usability,3,3,desk_lamp,20,desk_lamp_020.png,FLUX.2-klein-base-9B
R23,lounge_chair_009,yes,5,4,5,usability,3,3,lounge_chair,9,lounge_chair_009.png,FLUX.2-klein-base-9B
R23,lounge_chair_013,yes,4,4,4,functionality,4,3,lounge_chair,13,lounge_chair_013.png,FLUX.2-klein-base-9B
R23,vacuum_cleaner_002,yes,5,5,4,functionality,2,4,vacuum_cleaner,2,vacuum_cleaner_002.png,FLUX.2-klein-base-9B
R23,electric_kettle_007,yes,4,5,5,functionality,2,3,electric_kettle,7,electric_kettle_007.png,FLUX.2-klein-base-9B
R23,sports_car_020,yes,3,5,4,aesthetics,4,3,sports_car,20,sports_car_020.png,FLUX.2-klein-base-9B
R23,vacuum_cleaner_012,yes,4,4,4,functionality,2,3,vacuum_cleaner,12,vacuum_cleaner_012.png,FLUX.2-klein-base-9B
R23,electric_kettle_005,yes,3,5,5,functionality,3,5,electric_kettle,5,electric_kettle_005.png,FLUX.2-klein-base-9B
R23,sneakers_020,yes,4,4,5,usability,4,5,sneakers,20,sneakers_020.png,FLUX.2-klein-base-9B
R23,electric_kettle_015,yes,4,5,4,functionality,3,3,electric_kettle,15,electric_kettle_015.png,FLUX.2-klein-base-9B
R23,electric_kettle_014,yes,4,5,4,functionality,2,4,electric_kettle,14,electric_kettle_014.png,FLUX.2-klein-base-9B
R23,sneakers_023,yes,5,5,4,functionality,3,3,sneakers,23,sneakers_023.png,FLUX.2-klein-base-9B
R23,broom_020,yes,4,5,4,functionality,1,3,broom,20,broom_020.png,FLUX.2-klein-base-9B
R23,broom_008,yes,4,4,4,functionality,1,4,broom,8,broom_008.png,FLUX.2-klein-base-9B
R23,sneakers_009,yes,4,4,4,functionality,3,3,sneakers,9,sneakers_009.png,FLUX.2-klein-base-9B
R23,sports_car_022,partial,5,4,4,aesthetics,4,4,sports_car,22,sports_car_022.png,FLUX.2-klein-base-9B
R23,broom_003,yes,3,3,4,functionality,2,2,broom,3,broom_003.png,FLUX.2-klein-base-9B
R23,vacuum_cleaner_003,partial,2,4,3,symbolism,1,3,vacuum_cleaner,3,vacuum_cleaner_003.png,FLUX.2-klein-base-9B
R23,early_automobile_013,yes,5,5,5,symbolism,3,4,early_automobile,13,early_automobile_013.png,FLUX.2-klein-base-9B
R23,sneakers_004,yes,5,5,5,functionality,3,4,sneakers,4,sneakers_004.png,FLUX.2-klein-base-9B
R23,electric_kettle_012,yes,5,4,4,usability,1,4,electric_kettle,12,electric_kettle_012.png,FLUX.2-klein-base-9B
R23,sports_car_025,yes,4,5,4,aesthetics,3,4,sports_car,25,sports_car_025.png,FLUX.2-klein-base-9B
R23,early_automobile_017,yes,5,5,5,symbolism,4,5,early_automobile,17,early_automobile_017.png,FLUX.2-klein-base-9B
R23,lounge_chair_015,yes,4,5,4,usability,2,5,lounge_chair,15,lounge_chair_015.png,FLUX.2-klein-base-9B
R23,sports_car_024,yes,4,4,5,symbolism,4,4,sports_car,24,sports_car_024.png,FLUX.2-klein-base-9B
R23,early_automobile_001,yes,3,5,5,symbolism,3,4,early_automobile,1,early_automobile_001.png,FLUX.2-klein-base-9B
R23,desk_lamp_022,yes,3,4,5,aesthetics,4,3,desk_lamp,22,desk_lamp_022.png,FLUX.2-klein-base-9B
R23,sports_car_021,yes,5,5,5,aesthetics,5,4,sports_car,21,sports_car_021.png,FLUX.2-klein-base-9B
R23,broom_005,partial,2,2,4,unclear,2,2,broom,5,broom_005.png,FLUX.2-klein-base-9B
R23,sneakers_011,yes,5,4,4,symbolism,4,4,sneakers,11,sneakers_011.png,FLUX.2-klein-base-9B
R23,sneakers_005,partial,1,3,4,functionality,3,2,sneakers,5,sneakers_005.png,FLUX.2-klein-base-9B
R23,broom_006,yes,4,4,5,usability,2,5,broom,6,broom_006.png,FLUX.2-klein-base-9B
R23,sneakers_002,yes,4,4,5,usability,2,5,sneakers,2,sneakers_002.png,FLUX.2-klein-base-9B
R23,desk_lamp_002,yes,5,5,4,functionality,3,4,desk_lamp,2,desk_lamp_002.png,FLUX.2-klein-base-9B
R23,broom_018,yes,3,4,5,functionality,2,3,broom,18,broom_018.png,FLUX.2-klein-base-9B
R23,lounge_chair_014,yes,4,4,5,aesthetics,3,4,lounge_chair,14,lounge_chair_014.png,FLUX.2-klein-base-9B
R23,desk_lamp_007,yes,5,4,4,functionality,3,4,desk_lamp,7,desk_lamp_007.png,FLUX.2-klein-base-9B
R23,lounge_chair_010,yes,4,4,4,aesthetics,3,4,lounge_chair,10,lounge_chair_010.png,FLUX.2-klein-base-9B
R23,sports_car_014,yes,4,5,5,functionality,4,5,sports_car,14,sports_car_014.png,FLUX.2-klein-base-9B
R23,vacuum_cleaner_017,yes,3,4,4,functionality,3,3,vacuum_cleaner,17,vacuum_cleaner_017.png,FLUX.2-klein-base-9B
R23,vacuum_cleaner_016,yes,3,4,4,aesthetics,2,4,vacuum_cleaner,16,vacuum_cleaner_016.png,FLUX.2-klein-base-9B
R23,desk_lamp_012,yes,5,4,5,aesthetics,3,5,desk_lamp,12,desk_lamp_012.png,FLUX.2-klein-base-9B
R23,electric_kettle_010,yes,4,5,4,symbolism,2,5,electric_kettle,10,electric_kettle_010.png,FLUX.2-klein-base-9B
R23,sneakers_021,partial,3,4,3,aesthetics,3,4,sneakers,21,sneakers_021.png,FLUX.2-klein-base-9B
R23,lounge_chair_022,yes,4,4,5,functionality,2,4,lounge_chair,22,lounge_chair_022.png,FLUX.2-klein-base-9B
R23,desk_lamp_004,yes,4,5,4,functionality,3,4,desk_lamp,4,desk_lamp_004.png,FLUX.2-klein-base-9B
R23,sneakers_006,partial,2,3,4,aesthetics,2,4,sneakers,6,sneakers_006.png,FLUX.2-klein-base-9B
R23,vacuum_cleaner_008,yes,3,5,4,functionality,2,4,vacuum_cleaner,8,vacuum_cleaner_008.png,FLUX.2-klein-base-9B
R23,early_automobile_008,yes,4,4,4,functionality,3,3,early_automobile,8,early_automobile_008.png,FLUX.2-klein-base-9B
R23,early_automobile_002,yes,4,5,4,symbolism,2,4,early_automobile,2,early_automobile_002.png,FLUX.2-klein-base-9B
R23,lounge_chair_012,yes,5,4,4,usability,3,4,lounge_chair,12,lounge_chair_012.png,FLUX.2-klein-base-9B
R23,early_automobile_004,no,3,3,4,functionality,4,3,early_automobile,4,early_automobile_004.png,FLUX.2-klein-base-9B
R23,vacuum_cleaner_020,yes,4,4,5,functionality,2,4,vacuum_cleaner,20,vacuum_cleaner_020.png,FLUX.2-klein-base-9B
R23,lounge_chair_016,yes,4,4,4,usability,3,4,lounge_chair,16,lounge_chair_016.png,FLUX.2-klein-base-9B
R23,electric_kettle_009,yes,5,5,4,functionality,2,4,electric_kettle,9,electric_kettle_009.png,FLUX.2-klein-base-9B
R23,electric_kettle_021,yes,4,5,5,functionality,2,5,electric_kettle,21,electric_kettle_021.png,FLUX.2-klein-base-9B
R23,broom_007,yes,4,4,4,functionality,2,4,broom,7,broom_007.png,FLUX.2-klein-base-9B
R23,sneakers_014,yes,4,4,5,usability,2,4,sneakers,14,sneakers_014.png,FLUX.2-klein-base-9B
R23,early_automobile_005,yes,5,4,4,functionality,4,4,early_automobile,5,early_automobile_005.png,FLUX.2-klein-base-9B
R23,sports_car_009,yes,3,5,4,aesthetics,4,4,sports_car,9,sports_car_009.png,FLUX.2-klein-base-9B
R23,electric_kettle_020,yes,5,5,5,functionality,2,5,electric_kettle,20,electric_kettle_020.png,FLUX.2-klein-base-9B
R23,lounge_chair_004,yes,4,4,4,aesthetics,3,3,lounge_chair,4,lounge_chair_004.png,FLUX.2-klein-base-9B
R23,electric_kettle_013,yes,5,4,5,functionality,2,4,electric_kettle,13,electric_kettle_013.png,FLUX.2-klein-base-9B
R23,sneakers_022,yes,5,5,4,functionality,3,4,sneakers,22,sneakers_022.png,FLUX.2-klein-base-9B
R23,early_automobile_019,yes,3,4,4,symbolism,4,4,early_automobile,19,early_automobile_019.png,FLUX.2-klein-base-9B
R23,broom_022,partial,4,4,4,functionality,3,4,broom,22,broom_022.png,FLUX.2-klein-base-9B
R23,early_automobile_003,yes,4,5,4,functionality,4,5,early_automobile,3,early_automobile_003.png,FLUX.2-klein-base-9B
R23,early_automobile_021,yes,5,5,4,functionality,3,4,early_automobile,21,early_automobile_021.png,FLUX.2-klein-base-9B
R23,vacuum_cleaner_009,yes,4,5,4,functionality,3,4,vacuum_cleaner,9,vacuum_cleaner_009.png,FLUX.2-klein-base-9B
R23,electric_kettle_008,yes,5,5,4,functionality,1,4,electric_kettle,8,electric_kettle_008.png,FLUX.2-klein-base-9B
R23,lounge_chair_025,partial,2,3,4,usability,3,4,lounge_chair,25,lounge_chair_025.png,FLUX.2-klein-base-9B
R23,sports_car_012,yes,4,4,4,symbolism,4,4,sports_car,12,sports_car_012.png,FLUX.2-klein-base-9B
R23,lounge_chair_005,partial,4,4,4,usability,3,4,lounge_chair,5,lounge_chair_005.png,FLUX.2-klein-base-9B
R23,early_automobile_014,yes,5,4,5,symbolism,4,4,early_automobile,14,early_automobile_014.png,FLUX.2-klein-base-9B
R23,desk_lamp_013,yes,5,5,5,functionality,3,4,desk_lamp,13,desk_lamp_013.png,FLUX.2-klein-base-9B
R23,early_automobile_025,yes,5,5,4,aesthetics,4,5,early_automobile,25,early_automobile_025.png,FLUX.2-klein-base-9B
R23,broom_016,yes,4,3,4,unclear,2,2,broom,16,broom_016.png,FLUX.2-klein-base-9B
R23,sports_car_023,yes,3,4,5,aesthetics,3,3,sports_car,23,sports_car_023.png,FLUX.2-klein-base-9B
R23,broom_024,yes,4,4,4,usability,2,4,broom,24,broom_024.png,FLUX.2-klein-base-9B
R23,broom_015,yes,4,5,5,functionality,2,4,broom,15,broom_015.png,FLUX.2-klein-base-9B
R23,early_automobile_006,yes,3,5,5,aesthetics,3,4,early_automobile,6,early_automobile_006.png,FLUX.2-klein-base-9B
R23,broom_021,yes,4,4,5,symbolism,2,4,broom,21,broom_021.png,FLUX.2-klein-base-9B
R23,sports_car_008,yes,5,4,5,aesthetics,4,4,sports_car,8,sports_car_008.png,FLUX.2-klein-base-9B
R23,vacuum_cleaner_025,partial,3,2,4,symbolism,3,2,vacuum_cleaner,25,vacuum_cleaner_025.png,FLUX.2-klein-base-9B
R23,sports_car_003,yes,5,5,5,aesthetics,5,4,sports_car,3,sports_car_003.png,FLUX.2-klein-base-9B
R23,lounge_chair_023,yes,4,5,5,symbolism,3,4,lounge_chair,23,lounge_chair_023.png,FLUX.2-klein-base-9B
R23,vacuum_cleaner_010,yes,3,3,5,usability,2,4,vacuum_cleaner,10,vacuum_cleaner_010.png,FLUX.2-klein-base-9B
R23,sports_car_005,yes,4,4,5,aesthetics,4,4,sports_car,5,sports_car_005.png,FLUX.2-klein-base-9B
R23,vacuum_cleaner_001,yes,4,4,4,unclear,2,4,vacuum_cleaner,1,vacuum_cleaner_001.png,FLUX.2-klein-base-9B
R23,broom_013,yes,4,4,5,usability,2,4,broom,13,broom_013.png,FLUX.2-klein-base-9B
R23,vacuum_cleaner_024,yes,4,4,4,functionality,3,4,vacuum_cleaner,24,vacuum_cleaner_024.png,FLUX.2-klein-base-9B
R23,early_automobile_015,yes,5,4,5,functionality,4,3,early_automobile,15,early_automobile_015.png,FLUX.2-klein-base-9B
R23,desk_lamp_008,yes,4,5,5,functionality,3,5,desk_lamp,8,desk_lamp_008.png,FLUX.2-klein-base-9B
R23,desk_lamp_023,yes,5,4,4,aesthetics,3,3,desk_lamp,23,desk_lamp_023.png,FLUX.2-klein-base-9B
R23,lounge_chair_002,yes,4,5,5,functionality,3,4,lounge_chair,2,lounge_chair_002.png,FLUX.2-klein-base-9B
R23,vacuum_cleaner_018,yes,4,4,4,functionality,3,3,vacuum_cleaner,18,vacuum_cleaner_018.png,FLUX.2-klein-base-9B
R23,electric_kettle_016,yes,5,4,4,functionality,2,4,electric_kettle,16,electric_kettle_016.png,FLUX.2-klein-base-9B
R23,lounge_chair_001,yes,3,4,5,aesthetics,4,4,lounge_chair,1,lounge_chair_001.png,FLUX.2-klein-base-9B
R23,broom_011,no,2,1,4,unclear,2,3,broom,11,broom_011.png,FLUX.2-klein-base-9B
R23,lounge_chair_019,yes,4,4,5,functionality,2,3,lounge_chair,19,lounge_chair_019.png,FLUX.2-klein-base-9B
R23,lounge_chair_007,partial,4,4,3,functionality,3,4,lounge_chair,7,lounge_chair_007.png,FLUX.2-klein-base-9B
R23,vacuum_cleaner_015,yes,5,5,5,functionality,3,4,vacuum_cleaner,15,vacuum_cleaner_015.png,FLUX.2-klein-base-9B
R23,sports_car_011,yes,4,4,4,aesthetics,4,5,sports_car,11,sports_car_011.png,FLUX.2-klein-base-9B
R23,early_automobile_023,yes,4,4,4,symbolism,4,4,early_automobile,23,early_automobile_023.png,FLUX.2-klein-base-9B
R23,sneakers_008,yes,4,5,5,usability,3,5,sneakers,8,sneakers_008.png,FLUX.2-klein-base-9B
R23,sneakers_015,partial,3,4,3,aesthetics,2,4,sneakers,15,sneakers_015.png,FLUX.2-klein-base-9B
R23,desk_lamp_024,yes,4,5,4,aesthetics,4,4,desk_lamp,24,desk_lamp_024.png,FLUX.2-klein-base-9B
R23,sneakers_017,yes,5,5,4,functionality,3,4,sneakers,17,sneakers_017.png,FLUX.2-klein-base-9B
R23,broom_017,yes,4,5,5,functionality,1,4,broom,17,broom_017.png,FLUX.2-klein-base-9B
R23,sneakers_003,yes,5,4,4,usability,3,5,sneakers,3,sneakers_003.png,FLUX.2-klein-base-9B
R23,early_automobile_022,yes,4,4,5,symbolism,4,4,early_automobile,22,early_automobile_022.png,FLUX.2-klein-base-9B
R23,desk_lamp_016,yes,4,4,4,functionality,4,4,desk_lamp,16,desk_lamp_016.png,FLUX.2-klein-base-9B
R23,sneakers_024,yes,4,4,5,functionality,3,4,sneakers,24,sneakers_024.png,FLUX.2-klein-base-9B
R23,electric_kettle_022,yes,5,5,4,functionality,2,5,electric_kettle,22,electric_kettle_022.png,FLUX.2-klein-base-9B
R23,desk_lamp_009,yes,4,5,4,aesthetics,3,4,desk_lamp,9,desk_lamp_009.png,FLUX.2-klein-base-9B
R23,desk_lamp_011,yes,4,4,4,functionality,4,4,desk_lamp,11,desk_lamp_011.png,FLUX.2-klein-base-9B
R23,broom_001,yes,5,4,5,symbolism,1,5,broom,1,broom_001.png,FLUX.2-klein-base-9B
R23,desk_lamp_010,yes,4,4,5,usability,3,4,desk_lamp,10,desk_lamp_010.png,FLUX.2-klein-base-9B
R23,sneakers_001,yes,4,5,5,functionality,3,4,sneakers,1,sneakers_001.png,FLUX.2-klein-base-9B
R23,electric_kettle_011,yes,5,4,5,functionality,2,3,electric_kettle,11,electric_kettle_011.png,FLUX.2-klein-base-9B
R23,broom_023,no,4,2,4,functionality,3,3,broom,23,broom_023.png,FLUX.2-klein-base-9B
R23,electric_kettle_001,yes,4,5,4,usability,1,4,electric_kettle,1,electric_kettle_001.png,FLUX.2-klein-base-9B
R23,electric_kettle_004,yes,4,5,4,functionality,2,4,electric_kettle,4,electric_kettle_004.png,FLUX.2-klein-base-9B
R23,electric_kettle_023,yes,4,5,5,functionality,2,5,electric_kettle,23,electric_kettle_023.png,FLUX.2-klein-base-9B
R23,electric_kettle_017,yes,4,5,5,functionality,2,4,electric_kettle,17,electric_kettle_017.png,FLUX.2-klein-base-9B
R23,early_automobile_010,yes,4,5,5,symbolism,3,4,early_automobile,10,early_automobile_010.png,FLUX.2-klein-base-9B
R23,sports_car_001,yes,4,4,4,functionality,4,4,sports_car,1,sports_car_001.png,FLUX.2-klein-base-9B
R23,desk_lamp_019,yes,4,4,4,aesthetics,3,4,desk_lamp,19,desk_lamp_019.png,FLUX.2-klein-base-9B
R23,sneakers_025,yes,4,4,4,functionality,3,4,sneakers,25,sneakers_025.png,FLUX.2-klein-base-9B
R23,broom_012,partial,4,3,4,usability,2,3,broom,12,broom_012.png,FLUX.2-klein-base-9B
R23,vacuum_cleaner_007,yes,3,4,4,usability,2,3,vacuum_cleaner,7,vacuum_cleaner_007.png,FLUX.2-klein-base-9B
R23,lounge_chair_011,yes,5,4,4,functionality,4,4,lounge_chair,11,lounge_chair_011.png,FLUX.2-klein-base-9B
R23,sneakers_010,partial,2,4,3,usability,3,2,sneakers,10,sneakers_010.png,FLUX.2-klein-base-9B
R23,early_automobile_012,yes,4,4,5,symbolism,3,4,early_automobile,12,early_automobile_012.png,FLUX.2-klein-base-9B
R23,broom_019,yes,4,4,4,functionality,2,4,broom,19,broom_019.png,FLUX.2-klein-base-9B
R23,electric_kettle_006,yes,5,5,5,functionality,2,4,electric_kettle,6,electric_kettle_006.png,FLUX.2-klein-base-9B
R23,vacuum_cleaner_005,yes,3,4,4,usability,3,3,vacuum_cleaner,5,vacuum_cleaner_005.png,FLUX.2-klein-base-9B
R23,sneakers_018,yes,4,3,5,aesthetics,2,4,sneakers,18,sneakers_018.png,FLUX.2-klein-base-9B
R23,desk_lamp_001,partial,3,4,4,aesthetics,3,3,desk_lamp,1,desk_lamp_001.png,FLUX.2-klein-base-9B
R23,sports_car_007,yes,5,5,4,symbolism,4,4,sports_car,7,sports_car_007.png,FLUX.2-klein-base-9B
R23,lounge_chair_006,yes,5,5,5,usability,2,4,lounge_chair,6,lounge_chair_006.png,FLUX.2-klein-base-9B
R23,desk_lamp_015,yes,4,4,4,aesthetics,4,3,desk_lamp,15,desk_lamp_015.png,FLUX.2-klein-base-9B
R23,desk_lamp_017,yes,4,4,4,aesthetics,3,5,desk_lamp,17,desk_lamp_017.png,FLUX.2-klein-base-9B
R23,vacuum_cleaner_011,partial,2,3,4,unclear,3,2,vacuum_cleaner,11,vacuum_cleaner_011.png,FLUX.2-klein-base-9B
R23,vacuum_cleaner_014,yes,4,4,5,symbolism,2,4,vacuum_cleaner,14,vacuum_cleaner_014.png,FLUX.2-klein-base-9B
R23,vacuum_cleaner_013,yes,5,5,4,functionality,3,4,vacuum_cleaner,13,vacuum_cleaner_013.png,FLUX.2-klein-base-9B
R23,early_automobile_011,yes,4,4,4,symbolism,2,4,early_automobile,11,early_automobile_011.png,FLUX.2-klein-base-9B
R23,sports_car_006,yes,4,4,4,functionality,3,3,sports_car,6,sports_car_006.png,FLUX.2-klein-base-9B
R23,early_automobile_020,yes,5,5,4,usability,3,4,early_automobile,20,early_automobile_020.png,FLUX.2-klein-base-9B
R23,vacuum_cleaner_022,yes,2,4,4,functionality,2,2,vacuum_cleaner,22,vacuum_cleaner_022.png,FLUX.2-klein-base-9B
R23,broom_025,no,2,2,4,aesthetics,3,3,broom,25,broom_025.png,FLUX.2-klein-base-9B
R23,lounge_chair_020,yes,4,4,4,usability,3,4,lounge_chair,20,lounge_chair_020.png,FLUX.2-klein-base-9B
R23,early_automobile_024,yes,5,5,5,symbolism,4,4,early_automobile,24,early_automobile_024.png,FLUX.2-klein-base-9B
R23,sneakers_016,yes,4,4,4,usability,3,4,sneakers,16,sneakers_016.png,FLUX.2-klein-base-9B
R23,sports_car_013,yes,4,4,4,aesthetics,4,4,sports_car,13,sports_car_013.png,FLUX.2-klein-base-9B
R23,electric_kettle_018,yes,4,5,4,functionality,2,4,electric_kettle,18,electric_kettle_018.png,FLUX.2-klein-base-9B
R23,electric_kettle_003,yes,4,3,5,functionality,3,3,electric_kettle,3,electric_kettle_003.png,FLUX.2-klein-base-9B
R23,desk_lamp_018,yes,5,5,4,functionality,3,5,desk_lamp,18,desk_lamp_018.png,FLUX.2-klein-base-9B
R23,lounge_chair_003,yes,5,5,5,functionality,3,4,lounge_chair,3,lounge_chair_003.png,FLUX.2-klein-base-9B
R23,vacuum_cleaner_021,yes,5,4,5,usability,3,3,vacuum_cleaner,21,vacuum_cleaner_021.png,FLUX.2-klein-base-9B
R24,lounge_chair_024,partial,4,4,4,aesthetics,4,5,lounge_chair,24,lounge_chair_024.png,FLUX.2-klein-base-9B
R24,desk_lamp_003,yes,5,4,4,functionality,3,4,desk_lamp,3,desk_lamp_003.png,FLUX.2-klein-base-9B
R24,lounge_chair_017,yes,4,4,5,unclear,4,4,lounge_chair,17,lounge_chair_017.png,FLUX.2-klein-base-9B
R24,broom_002,partial,2,3,4,unclear,3,3,broom,2,broom_002.png,FLUX.2-klein-base-9B
R24,broom_014,partial,4,4,3,functionality,2,2,broom,14,broom_014.png,FLUX.2-klein-base-9B
R24,electric_kettle_019,yes,5,4,5,functionality,1,5,electric_kettle,19,electric_kettle_019.png,FLUX.2-klein-base-9B
R24,sports_car_019,yes,4,5,5,usability,4,4,sports_car,19,sports_car_019.png,FLUX.2-klein-base-9B
R24,early_automobile_018,yes,2,4,5,aesthetics,3,4,early_automobile,18,early_automobile_018.png,FLUX.2-klein-base-9B
R24,sports_car_010,partial,4,4,4,aesthetics,5,4,sports_car,10,sports_car_010.png,FLUX.2-klein-base-9B
R24,lounge_chair_008,partial,2,2,4,functionality,3,2,lounge_chair,8,lounge_chair_008.png,FLUX.2-klein-base-9B
R24,sports_car_002,yes,4,5,4,aesthetics,4,4,sports_car,2,sports_car_002.png,FLUX.2-klein-base-9B
R24,sneakers_007,yes,4,4,5,aesthetics,2,4,sneakers,7,sneakers_007.png,FLUX.2-klein-base-9B
R24,broom_009,no,3,1,3,unclear,2,1,broom,9,broom_009.png,FLUX.2-klein-base-9B
R24,desk_lamp_014,yes,4,5,4,symbolism,4,4,desk_lamp,14,desk_lamp_014.png,FLUX.2-klein-base-9B
R24,early_automobile_007,yes,5,5,5,symbolism,3,4,early_automobile,7,early_automobile_007.png,FLUX.2-klein-base-9B
R24,sneakers_019,yes,5,4,4,functionality,3,5,sneakers,19,sneakers_019.png,FLUX.2-klein-base-9B
R24,lounge_chair_021,yes,5,5,5,functionality,3,4,lounge_chair,21,lounge_chair_021.png,FLUX.2-klein-base-9B
R24,electric_kettle_002,yes,5,4,4,usability,2,4,electric_kettle,2,electric_kettle_002.png,FLUX.2-klein-base-9B
R24,sneakers_012,yes,4,4,4,usability,3,4,sneakers,12,sneakers_012.png,FLUX.2-klein-base-9B
R24,vacuum_cleaner_006,partial,4,3,4,functionality,1,3,vacuum_cleaner,6,vacuum_cleaner_006.png,FLUX.2-klein-base-9B
R24,desk_lamp_025,yes,4,4,4,functionality,3,5,desk_lamp,25,desk_lamp_025.png,FLUX.2-klein-base-9B
R24,electric_kettle_025,yes,4,5,5,functionality,2,4,electric_kettle,25,electric_kettle_025.png,FLUX.2-klein-base-9B
R24,sports_car_017,yes,4,5,4,aesthetics,4,4,sports_car,17,sports_car_017.png,FLUX.2-klein-base-9B
R24,desk_lamp_006,partial,2,2,4,unclear,3,3,desk_lamp,6,desk_lamp_006.png,FLUX.2-klein-base-9B
R24,early_automobile_016,yes,5,4,5,symbolism,3,4,early_automobile,16,early_automobile_016.png,FLUX.2-klein-base-9B
R24,sports_car_016,yes,4,5,4,symbolism,4,4,sports_car,16,sports_car_016.png,FLUX.2-klein-base-9B
R24,sports_car_015,yes,4,5,4,symbolism,4,4,sports_car,15,sports_car_015.png,FLUX.2-klein-base-9B
R24,early_automobile_009,yes,4,5,4,aesthetics,3,4,early_automobile,9,early_automobile_009.png,FLUX.2-klein-base-9B
R24,sneakers_013,yes,1,3,5,usability,2,2,sneakers,13,sneakers_013.png,FLUX.2-klein-base-9B
R24,lounge_chair_018,yes,5,4,4,usability,3,4,lounge_chair,18,lounge_chair_018.png,FLUX.2-klein-base-9B
R24,broom_004,yes,4,4,4,usability,2,4,broom,4,broom_004.png,FLUX.2-klein-base-9B
R24,desk_lamp_021,yes,4,5,4,functionality,3,4,desk_lamp,21,desk_lamp_021.png,FLUX.2-klein-base-9B
R24,vacuum_cleaner_023,yes,3,4,4,usability,3,4,vacuum_cleaner,23,vacuum_cleaner_023.png,FLUX.2-klein-base-9B
R24,desk_lamp_005,yes,4,4,4,functionality,3,4,desk_lamp,5,desk_lamp_005.png,FLUX.2-klein-base-9B
R24,sports_car_018,yes,5,4,5,aesthetics,5,4,sports_car,18,sports_car_018.png,FLUX.2-klein-base-9B
R24,vacuum_cleaner_019,yes,4,4,4,functionality,2,4,vacuum_cleaner,19,vacuum_cleaner_019.png,FLUX.2-klein-base-9B
R24,electric_kettle_024,yes,4,5,5,functionality,3,5,electric_kettle,24,electric_kettle_024.png,FLUX.2-klein-base-9B
R24,vacuum_cleaner_004,yes,4,4,4,functionality,2,4,vacuum_cleaner,4,vacuum_cleaner_004.png,FLUX.2-klein-base-9B
R24,sports_car_004,yes,4,5,4,aesthetics,4,4,sports_car,4,sports_car_004.png,FLUX.2-klein-base-9B
R24,broom_010,no,2,2,4,functionality,3,2,broom,10,broom_010.png,FLUX.2-klein-base-9B
R24,desk_lamp_020,yes,4,4,5,aesthetics,4,4,desk_lamp,20,desk_lamp_020.png,FLUX.2-klein-base-9B
R24,lounge_chair_009,yes,4,4,4,usability,4,4,lounge_chair,9,lounge_chair_009.png,FLUX.2-klein-base-9B
R24,lounge_chair_013,yes,4,4,4,aesthetics,4,3,lounge_chair,13,lounge_chair_013.png,FLUX.2-klein-base-9B
R24,vacuum_cleaner_002,yes,5,4,4,functionality,2,5,vacuum_cleaner,2,vacuum_cleaner_002.png,FLUX.2-klein-base-9B
R24,electric_kettle_007,yes,5,4,4,usability,2,4,electric_kettle,7,electric_kettle_007.png,FLUX.2-klein-base-9B
R24,sports_car_020,yes,3,5,4,aesthetics,4,3,sports_car,20,sports_car_020.png,FLUX.2-klein-base-9B
R24,vacuum_cleaner_012,yes,5,4,4,functionality,2,4,vacuum_cleaner,12,vacuum_cleaner_012.png,FLUX.2-klein-base-9B
R24,electric_kettle_005,yes,4,5,4,functionality,2,5,electric_kettle,5,electric_kettle_005.png,FLUX.2-klein-base-9B
R24,sneakers_020,yes,4,4,4,functionality,3,4,sneakers,20,sneakers_020.png,FLUX.2-klein-base-9B
R24,electric_kettle_015,partial,4,4,4,functionality,3,4,electric_kettle,15,electric_kettle_015.png,FLUX.2-klein-base-9B
R24,electric_kettle_014,yes,5,4,4,functionality,2,4,electric_kettle,14,electric_kettle_014.png,FLUX.2-klein-base-9B
R24,sneakers_023,yes,4,5,4,functionality,4,4,sneakers,23,sneakers_023.png,FLUX.2-klein-base-9B
R24,broom_020,yes,4,4,4,functionality,2,4,broom,20,broom_020.png,FLUX.2-klein-base-9B
R24,broom_008,yes,4,4,4,functionality,1,4,broom,8,broom_008.png,FLUX.2-klein-base-9B
R24,sneakers_009,yes,4,5,4,usability,3,4,sneakers,9,sneakers_009.png,FLUX.2-klein-base-9B
R24,sports_car_022,yes,4,4,5,unclear,5,4,sports_car,22,sports_car_022.png,FLUX.2-klein-base-9B
R24,broom_003,no,3,2,4,symbolism,2,2,broom,3,broom_003.png,FLUX.2-klein-base-9B
R24,vacuum_cleaner_003,yes,3,4,4,functionality,2,2,vacuum_cleaner,3,vacuum_cleaner_003.png,FLUX.2-klein-base-9B
R24,early_automobile_013,yes,5,5,4,functionality,3,4,early_automobile,13,early_automobile_013.png,FLUX.2-klein-base-9B
R24,sneakers_004,yes,5,5,4,aesthetics,3,4,sneakers,4,sneakers_004.png,FLUX.2-klein-base-9B
R24,electric_kettle_012,yes,4,5,5,functionality,1,4,electric_kettle,12,electric_kettle_012.png,FLUX.2-klein-base-9B
R24,sports_car_025,yes,4,4,5,aesthetics,4,3,sports_car,25,sports_car_025.png,FLUX.2-klein-base-9B
R24,early_automobile_017,yes,4,5,5,functionality,4,4,early_automobile,17,early_automobile_017.png,FLUX.2-klein-base-9B
R24,lounge_chair_015,yes,5,4,4,functionality,3,5,lounge_chair,15,lounge_chair_015.png,FLUX.2-klein-base-9B
R24,sports_car_024,yes,4,5,4,symbolism,4,4,sports_car,24,sports_car_024.png,FLUX.2-klein-base-9B
R24,early_automobile_001,yes,5,5,4,functionality,2,5,early_automobile,1,early_automobile_001.png,FLUX.2-klein-base-9B
R24,desk_lamp_022,partial,3,3,4,aesthetics,3,3,desk_lamp,22,desk_lamp_022.png,FLUX.2-klein-base-9B
R24,sports_car_021,yes,5,4,4,aesthetics,4,4,sports_car,21,sports_car_021.png,FLUX.2-klein-base-9B
R24,broom_005,no,1,1,4,functionality,2,2,broom,5,broom_005.png,FLUX.2-klein-base-9B
R24,sneakers_011,yes,4,4,5,functionality,3,4,sneakers,11,sneakers_011.png,FLUX.2-klein-base-9B
R24,sneakers_005,partial,2,3,4,unclear,3,3,sneakers,5,sneakers_005.png,FLUX.2-klein-base-9B
R24,broom_006,yes,5,4,5,functionality,1,4,broom,6,broom_006.png,FLUX.2-klein-base-9B
R24,sneakers_002,yes,5,4,5,usability,2,5,sneakers,2,sneakers_002.png,FLUX.2-klein-base-9B
R24,desk_lamp_002,yes,4,4,5,functionality,2,4,desk_lamp,2,desk_lamp_002.png,FLUX.2-klein-base-9B
R24,broom_018,partial,3,3,4,functionality,2,4,broom,18,broom_018.png,FLUX.2-klein-base-9B
R24,lounge_chair_014,yes,5,5,5,functionality,3,5,lounge_chair,14,lounge_chair_014.png,FLUX.2-klein-base-9B
R24,desk_lamp_007,yes,5,4,4,functionality,3,3,desk_lamp,7,desk_lamp_007.png,FLUX.2-klein-base-9B
R24,lounge_chair_010,yes,4,3,5,functionality,3,4,lounge_chair,10,lounge_chair_010.png,FLUX.2-klein-base-9B
R24,sports_car_014,yes,5,5,4,symbolism,4,4,sports_car,14,sports_car_014.png,FLUX.2-klein-base-9B
R24,vacuum_cleaner_017,yes,4,4,5,functionality,2,4,vacuum_cleaner,17,vacuum_cleaner_017.png,FLUX.2-klein-base-9B
R24,vacuum_cleaner_016,yes,3,5,3,functionality,2,4,vacuum_cleaner,16,vacuum_cleaner_016.png,FLUX.2-klein-base-9B
R24,desk_lamp_012,yes,4,4,5,functionality,3,5,desk_lamp,12,desk_lamp_012.png,FLUX.2-klein-base-9B
R24,electric_kettle_010,yes,4,4,5,functionality,2,4,electric_kettle,10,electric_kettle_010.png,FLUX.2-klein-base-9B
R24,sneakers_021,yes,3,3,4,aesthetics,3,3,sneakers,21,sneakers_021.png,FLUX.2-klein-base-9B
R24,lounge_chair_022,yes,4,5,4,functionality,2,4,lounge_chair,22,lounge_chair_022.png,FLUX.2-klein-base-9B
R24,desk_lamp_004,yes,5,4,4,functionality,3,5,desk_lamp,4,desk_lamp_004.png,FLUX.2-klein-base-9B
R24,sneakers_006,yes,2,4,4,usability,3,3,sneakers,6,sneakers_006.png,FLUX.2-klein-base-9B
R24,vacuum_cleaner_008,yes,3,4,5,functionality,2,3,vacuum_cleaner,8,vacuum_cleaner_008.png,FLUX.2-klein-base-9B
R24,early_automobile_008,yes,4,5,3,functionality,4,4,early_automobile,8,early_automobile_008.png,FLUX.2-klein-base-9B
R24,early_automobile_002,yes,4,4,5,usability,4,3,early_automobile,2,early_automobile_002.png,FLUX.2-klein-base-9B
R24,lounge_chair_012,yes,5,5,5,functionality,3,4,lounge_chair,12,lounge_chair_012.png,FLUX.2-klein-base-9B
R24,early_automobile_004,yes,4,4,5,symbolism,4,3,early_automobile,4,early_automobile_004.png,FLUX.2-klein-base-9B
R24,vacuum_cleaner_020,yes,4,4,4,usability,2,4,vacuum_cleaner,20,vacuum_cleaner_020.png,FLUX.2-klein-base-9B
R24,lounge_chair_016,partial,3,3,5,functionality,3,4,lounge_chair,16,lounge_chair_016.png,FLUX.2-klein-base-9B
R24,electric_kettle_009,yes,5,4,5,functionality,2,4,electric_kettle,9,electric_kettle_009.png,FLUX.2-klein-base-9B
R24,electric_kettle_021,yes,4,5,4,functionality,2,4,electric_kettle,21,electric_kettle_021.png,FLUX.2-klein-base-9B
R24,broom_007,yes,5,5,4,functionality,2,4,broom,7,broom_007.png,FLUX.2-klein-base-9B
R24,sneakers_014,yes,4,4,4,usability,3,4,sneakers,14,sneakers_014.png,FLUX.2-klein-base-9B
R24,early_automobile_005,yes,4,4,5,functionality,5,4,early_automobile,5,early_automobile_005.png,FLUX.2-klein-base-9B
R24,sports_car_009,yes,4,4,4,functionality,4,3,sports_car,9,sports_car_009.png,FLUX.2-klein-base-9B
R24,electric_kettle_020,yes,4,5,4,functionality,3,4,electric_kettle,20,electric_kettle_020.png,FLUX.2-klein-base-9B
R24,lounge_chair_004,yes,4,5,4,usability,3,5,lounge_chair,4,lounge_chair_004.png,FLUX.2-klein-base-9B
R24,electric_kettle_013,yes,4,5,5,functionality,1,5,electric_kettle,13,electric_kettle_013.png,FLUX.2-klein-base-9B
R24,sneakers_022,yes,4,5,4,functionality,3,4,sneakers,22,sneakers_022.png,FLUX.2-klein-base-9B
R24,early_automobile_019,no,3,3,4,symbolism,3,4,early_automobile,19,early_automobile_019.png,FLUX.2-klein-base-9B
R24,broom_022,yes,5,5,4,functionality,3,4,broom,22,broom_022.png,FLUX.2-klein-base-9B
R24,early_automobile_003,yes,4,5,4,symbolism,4,4,early_automobile,3,early_automobile_003.png,FLUX.2-klein-base-9B
R24,early_automobile_021,partial,4,4,4,symbolism,4,5,early_automobile,21,early_automobile_021.png,FLUX.2-klein-base-9B
R24,vacuum_cleaner_009,yes,4,4,5,usability,2,4,vacuum_cleaner,9,vacuum_cleaner_009.png,FLUX.2-klein-base-9B
R24,electric_kettle_008,yes,4,5,5,functionality,1,4,electric_kettle,8,electric_kettle_008.png,FLUX.2-klein-base-9B
R24,lounge_chair_025,yes,3,4,5,functionality,3,3,lounge_chair,25,lounge_chair_025.png,FLUX.2-klein-base-9B
R24,sports_car_012,yes,5,5,4,aesthetics,4,4,sports_car,12,sports_car_012.png,FLUX.2-klein-base-9B
R24,lounge_chair_005,yes,5,4,5,usability,3,4,lounge_chair,5,lounge_chair_005.png,FLUX.2-klein-base-9B
R24,early_automobile_014,yes,4,5,5,symbolism,3,4,early_automobile,14,early_automobile_014.png,FLUX.2-klein-base-9B
R24,desk_lamp_013,yes,5,4,4,symbolism,2,4,desk_lamp,13,desk_lamp_013.png,FLUX.2-klein-base-9B
R24,early_automobile_025,yes,5,5,4,symbolism,4,4,early_automobile,25,early_automobile_025.png,FLUX.2-klein-base-9B
R24,broom_016,no,3,2,4,functionality,2,3,broom,16,broom_016.png,FLUX.2-klein-base-9B
R24,sports_car_023,yes,4,4,5,aesthetics,3,3,sports_car,23,sports_car_023.png,FLUX.2-klein-base-9B
R24,broom_024,yes,4,5,5,functionality,2,4,broom,24,broom_024.png,FLUX.2-klein-base-9B
R24,broom_015,yes,4,5,4,functionality,2,3,broom,15,broom_015.png,FLUX.2-klein-base-9B
R24,early_automobile_006,yes,4,4,4,symbolism,4,5,early_automobile,6,early_automobile_006.png,FLUX.2-klein-base-9B
R24,broom_021,yes,3,4,4,functionality,2,3,broom,21,broom_021.png,FLUX.2-klein-base-9B
R24,sports_car_008,yes,4,4,5,usability,4,4,sports_car,8,sports_car_008.png,FLUX.2-klein-base-9B
R24,vacuum_cleaner_025,partial,1,2,4,functionality,4,2,vacuum_cleaner,25,vacuum_cleaner_025.png,FLUX.2-klein-base-9B
R24,sports_car_003,yes,5,5,4,aesthetics,4,5,sports_car,3,sports_car_003.png,FLUX.2-klein-base-9B
R24,lounge_chair_023,yes,4,4,4,aesthetics,3,4,lounge_chair,23,lounge_chair_023.png,FLUX.2-klein-base-9B
R24,vacuum_cleaner_010,yes,4,4,4,usability,1,4,vacuum_cleaner,10,vacuum_cleaner_010.png,FLUX.2-klein-base-9B
R24,sports_car_005,yes,5,5,4,usability,4,3,sports_car,5,sports_car_005.png,FLUX.2-klein-base-9B
R24,vacuum_cleaner_001,yes,4,4,4,functionality,2,4,vacuum_cleaner,1,vacuum_cleaner_001.png,FLUX.2-klein-base-9B
R24,broom_013,partial,4,3,4,functionality,2,4,broom,13,broom_013.png,FLUX.2-klein-base-9B
R24,vacuum_cleaner_024,yes,4,4,5,usability,2,3,vacuum_cleaner,24,vacuum_cleaner_024.png,FLUX.2-klein-base-9B
R24,early_automobile_015,yes,5,4,5,symbolism,4,4,early_automobile,15,early_automobile_015.png,FLUX.2-klein-base-9B
R24,desk_lamp_008,yes,4,4,4,functionality,3,5,desk_lamp,8,desk_lamp_008.png,FLUX.2-klein-base-9B
R24,desk_lamp_023,yes,4,5,5,functionality,3,3,desk_lamp,23,desk_lamp_023.png,FLUX.2-klein-base-9B
R24,lounge_chair_002,yes,4,4,5,symbolism,3,5,lounge_chair,2,lounge_chair_002.png,FLUX.2-klein-base-9B
R24,vacuum_cleaner_018,yes,4,4,4,usability,3,4,vacuum_cleaner,18,vacuum_cleaner_018.png,FLUX.2-klein-base-9B
R24,electric_kettle_016,yes,4,4,4,functionality,1,4,electric_kettle,16,electric_kettle_016.png,FLUX.2-klein-base-9B
R24,lounge_chair_001,yes,4,3,5,functionality,3,4,lounge_chair,1,lounge_chair_001.png,FLUX.2-klein-base-9B
R24,broom_011,no,2,2,4,functionality,2,1,broom,11,broom_011.png,FLUX.2-klein-base-9B
R24,lounge_chair_019,yes,4,4,4,functionality,3,4,lounge_chair,19,lounge_chair_019.png,FLUX.2-klein-base-9B
R24,lounge_chair_007,yes,4,4,5,aesthetics,3,4,lounge_chair,7,lounge_chair_007.png,FLUX.2-klein-base-9B
R24,vacuum_cleaner_015,yes,4,5,4,functionality,3,4,vacuum_cleaner,15,vacuum_cleaner_015.png,FLUX.2-klein-base-9B
R24,sports_car_011,yes,5,4,5,aesthetics,4,4,sports_car,11,sports_car_011.png,FLUX.2-klein-base-9B
R24,early_automobile_023,yes,4,5,4,symbolism,4,5,early_automobile,23,early_automobile_023.png,FLUX.2-klein-base-9B
R24,sneakers_008,yes,5,4,4,usability,3,4,sneakers,8,sneakers_008.png,FLUX.2-klein-base-9B
R24,sneakers_015,yes,4,5,4,functionality,3,5,sneakers,15,sneakers_015.png,FLUX.2-klein-base-9B
R24,desk_lamp_024,yes,5,4,4,aesthetics,4,4,desk_lamp,24,desk_lamp_024.png,FLUX.2-klein-base-9B
R24,sneakers_017,yes,4,4,5,usability,3,4,sneakers,17,sneakers_017.png,FLUX.2-klein-base-9B
R24,broom_017,yes,5,4,4,usability,2,5,broom,17,broom_017.png,FLUX.2-klein-base-9B
R24,sneakers_003,yes,5,5,5,usability,3,5,sneakers,3,sneakers_003.png,FLUX.2-klein-base-9B
R24,early_automobile_022,yes,4,5,4,symbolism,4,5,early_automobile,22,early_automobile_022.png,FLUX.2-klein-base-9B
R24,desk_lamp_016,yes,4,5,3,aesthetics,3,4,desk_lamp,16,desk_lamp_016.png,FLUX.2-klein-base-9B
R24,sneakers_024,yes,5,5,4,aesthetics,3,4,sneakers,24,sneakers_024.png,FLUX.2-klein-base-9B
R24,electric_kettle_022,yes,5,4,5,functionality,2,4,electric_kettle,22,electric_kettle_022.png,FLUX.2-klein-base-9B
R24,desk_lamp_009,yes,4,5,4,aesthetics,3,4,desk_lamp,9,desk_lamp_009.png,FLUX.2-klein-base-9B
R24,desk_lamp_011,yes,4,5,4,functionality,3,4,desk_lamp,11,desk_lamp_011.png,FLUX.2-klein-base-9B
R24,broom_001,yes,5,4,4,functionality,1,4,broom,1,broom_001.png,FLUX.2-klein-base-9B
R24,desk_lamp_010,yes,4,5,5,unclear,3,4,desk_lamp,10,desk_lamp_010.png,FLUX.2-klein-base-9B
R24,sneakers_001,yes,4,4,4,usability,4,4,sneakers,1,sneakers_001.png,FLUX.2-klein-base-9B
R24,electric_kettle_011,yes,4,5,4,functionality,2,5,electric_kettle,11,electric_kettle_011.png,FLUX.2-klein-base-9B
R24,broom_023,partial,4,3,4,functionality,2,3,broom,23,broom_023.png,FLUX.2-klein-base-9B
R24,electric_kettle_001,yes,5,5,5,functionality,2,4,electric_kettle,1,electric_kettle_001.png,FLUX.2-klein-base-9B
R24,electric_kettle_004,yes,4,4,4,functionality,2,4,electric_kettle,4,electric_kettle_004.png,FLUX.2-klein-base-9B
R24,electric_kettle_023,partial,5,4,4,functionality,1,4,electric_kettle,23,electric_kettle_023.png,FLUX.2-klein-base-9B
R24,electric_kettle_017,yes,5,5,5,functionality,3,4,electric_kettle,17,electric_kettle_017.png,FLUX.2-klein-base-9B
R24,early_automobile_010,yes,4,5,5,aesthetics,4,4,early_automobile,10,early_automobile_010.png,FLUX.2-klein-base-9B
R24,sports_car_001,yes,4,4,5,aesthetics,4,4,sports_car,1,sports_car_001.png,FLUX.2-klein-base-9B
R24,desk_lamp_019,yes,4,4,5,functionality,2,4,desk_lamp,19,desk_lamp_019.png,FLUX.2-klein-base-9B
R24,sneakers_025,yes,5,5,4,aesthetics,3,4,sneakers,25,sneakers_025.png,FLUX.2-klein-base-9B
R24,broom_012,no,4,2,4,functionality,2,3,broom,12,broom_012.png,FLUX.2-klein-base-9B
R24,vacuum_cleaner_007,yes,3,4,4,functionality,2,3,vacuum_cleaner,7,vacuum_cleaner_007.png,FLUX.2-klein-base-9B
R24,lounge_chair_011,yes,4,4,4,aesthetics,2,4,lounge_chair,11,lounge_chair_011.png,FLUX.2-klein-base-9B
R24,sneakers_010,yes,2,4,4,symbolism,3,3,sneakers,10,sneakers_010.png,FLUX.2-klein-base-9B
R24,early_automobile_012,yes,5,5,4,functionality,3,4,early_automobile,12,early_automobile_012.png,FLUX.2-klein-base-9B
R24,broom_019,yes,5,4,4,functionality,3,4,broom,19,broom_019.png,FLUX.2-klein-base-9B
R24,electric_kettle_006,yes,4,5,4,functionality,2,4,electric_kettle,6,electric_kettle_006.png,FLUX.2-klein-base-9B
R24,vacuum_cleaner_005,yes,4,4,4,functionality,2,3,vacuum_cleaner,5,vacuum_cleaner_005.png,FLUX.2-klein-base-9B
R24,sneakers_018,partial,4,4,4,functionality,2,4,sneakers,18,sneakers_018.png,FLUX.2-klein-base-9B
R24,desk_lamp_001,yes,3,4,4,functionality,3,4,desk_lamp,1,desk_lamp_001.png,FLUX.2-klein-base-9B
R24,sports_car_007,yes,5,5,4,aesthetics,4,4,sports_car,7,sports_car_007.png,FLUX.2-klein-base-9B
R24,lounge_chair_006,yes,5,4,5,functionality,3,5,lounge_chair,6,lounge_chair_006.png,FLUX.2-klein-base-9B
R24,desk_lamp_015,yes,3,3,4,aesthetics,3,3,desk_lamp,15,desk_lamp_015.png,FLUX.2-klein-base-9B
R24,desk_lamp_017,yes,5,5,5,aesthetics,3,4,desk_lamp,17,desk_lamp_017.png,FLUX.2-klein-base-9B
R24,vacuum_cleaner_011,yes,2,4,4,functionality,3,3,vacuum_cleaner,11,vacuum_cleaner_011.png,FLUX.2-klein-base-9B
R24,vacuum_cleaner_014,yes,3,5,4,unclear,2,4,vacuum_cleaner,14,vacuum_cleaner_014.png,FLUX.2-klein-base-9B
R24,vacuum_cleaner_013,yes,4,5,5,functionality,3,4,vacuum_cleaner,13,vacuum_cleaner_013.png,FLUX.2-klein-base-9B
R24,early_automobile_011,yes,4,5,4,functionality,3,4,early_automobile,11,early_automobile_011.png,FLUX.2-klein-base-9B
R24,sports_car_006,yes,4,5,5,aesthetics,4,4,sports_car,6,sports_car_006.png,FLUX.2-klein-base-9B
R24,early_automobile_020,yes,4,5,4,symbolism,3,4,early_automobile,20,early_automobile_020.png,FLUX.2-klein-base-9B
R24,vacuum_cleaner_022,partial,2,4,3,usability,3,3,vacuum_cleaner,22,vacuum_cleaner_022.png,FLUX.2-klein-base-9B
R24,broom_025,partial,3,3,3,symbolism,3,2,broom,25,broom_025.png,FLUX.2-klein-base-9B
R24,lounge_chair_020,yes,4,5,4,aesthetics,4,3,lounge_chair,20,lounge_chair_020.png,FLUX.2-klein-base-9B
R24,early_automobile_024,yes,5,5,4,symbolism,3,4,early_automobile,24,early_automobile_024.png,FLUX.2-klein-base-9B
R24,sneakers_016,yes,5,4,5,functionality,2,5,sneakers,16,sneakers_016.png,FLUX.2-klein-base-9B
R24,sports_car_013,partial,4,4,3,aesthetics,4,5,sports_car,13,sports_car_013.png,FLUX.2-klein-base-9B
R24,electric_kettle_018,yes,5,4,5,functionality,2,4,electric_kettle,18,electric_kettle_018.png,FLUX.2-klein-base-9B
R24,electric_kettle_003,yes,4,5,4,functionality,2,4,electric_kettle,3,electric_kettle_003.png,FLUX.2-klein-base-9B
R24,desk_lamp_018,yes,5,5,4,usability,3,4,desk_lamp,18,desk_lamp_018.png,FLUX.2-klein-base-9B
R24,lounge_chair_003,yes,5,5,5,usability,3,5,lounge_chair,3,lounge_chair_003.png,FLUX.2-klein-base-9B
R24,vacuum_cleaner_021,yes,4,4,5,usability,2,4,vacuum_cleaner,21,vacuum_cleaner_021.png,FLUX.2-klein-base-9B
R25,lounge_chair_024,yes,5,4,5,functionality,3,5,lounge_chair,24,lounge_chair_024.png,FLUX.2-klein-base-9B
R25,desk_lamp_003,yes,5,4,4,functionality,3,4,desk_lamp,3,desk_lamp_003.png,FLUX.2-klein-base-9B
R25,lounge_chair_017,yes,4,5,5,aesthetics,3,4,lounge_chair,17,lounge_chair_017.png,FLUX.2-klein-base-9B
R25,broom_002,partial,3,3,4,usability,2,3,broom,2,broom_002.png,FLUX.2-klein-base-9B
R25,broom_014,partial,3,3,4,symbolism,2,2,broom,14,broom_014.png,FLUX.2-klein-base-9B
R25,electric_kettle_019,yes,5,5,5,functionality,3,4,electric_kettle,19,electric_kettle_019.png,FLUX.2-klein-base-9B
R25,sports_car_019,yes,5,5,5,aesthetics,5,4,sports_car,19,sports_car_019.png,FLUX.2-klein-base-9B
R25,early_automobile_018,yes,2,4,4,symbolism,4,2,early_automobile,18,early_automobile_018.png,FLUX.2-klein-base-9B
R25,sports_car_010,yes,4,4,5,aesthetics,4,4,sports_car,10,sports_car_010.png,FLUX.2-klein-base-9B
R25,lounge_chair_008,no,2,2,4,symbolism,3,2,lounge_chair,8,lounge_chair_008.png,FLUX.2-klein-base-9B
R25,sports_car_002,yes,5,4,5,symbolism,5,4,sports_car,2,sports_car_002.png,FLUX.2-klein-base-9B
R25,sneakers_007,yes,3,5,5,aesthetics,3,5,sneakers,7,sneakers_007.png,FLUX.2-klein-base-9B
R25,broom_009,no,3,2,4,symbolism,3,1,broom,9,broom_009.png,FLUX.2-klein-base-9B
R25,desk_lamp_014,yes,5,4,4,aesthetics,4,5,desk_lamp,14,desk_lamp_014.png,FLUX.2-klein-base-9B
R25,early_automobile_007,yes,5,5,5,symbolism,4,5,early_automobile,7,early_automobile_007.png,FLUX.2-klein-base-9B
R25,sneakers_019,yes,5,4,4,usability,3,4,sneakers,19,sneakers_019.png,FLUX.2-klein-base-9B
R25,lounge_chair_021,yes,5,5,4,usability,3,4,lounge_chair,21,lounge_chair_021.png,FLUX.2-klein-base-9B
R25,electric_kettle_002,yes,5,5,5,aesthetics,2,4,electric_kettle,2,electric_kettle_002.png,FLUX.2-klein-base-9B
R25,sneakers_012,yes,3,4,4,functionality,2,3,sneakers,12,sneakers_012.png,FLUX.2-klein-base-9B
R25,vacuum_cleaner_006,partial,3,4,3,functionality,2,3,vacuum_cleaner,6,vacuum_cleaner_006.png,FLUX.2-klein-base-9B
R25,desk_lamp_025,yes,4,5,4,functionality,3,4,desk_lamp,25,desk_lamp_025.png,FLUX.2-klein-base-9B
R25,electric_kettle_025,yes,5,4,5,functionality,2,4,electric_kettle,25,electric_kettle_025.png,FLUX.2-klein-base-9B
R25,sports_car_017,yes,4,4,4,aesthetics,4,4,sports_car,17,sports_car_017.png,FLUX.2-klein-base-9B
R25,desk_lamp_006,partial,1,2,4,functionality,3,2,desk_lamp,6,desk_lamp_006.png,FLUX.2-klein-base-9B
R25,early_automobile_016,yes,4,5,4,functionality,3,5,early_automobile,16,early_automobile_016.png,FLUX.2-klein-base-9B
R25,sports_car_016,yes,4,5,4,aesthetics,3,5,sports_car,16,sports_car_016.png,FLUX.2-klein-base-9B
R25,sports_car_015,yes,4,5,5,aesthetics,4,4,sports_car,15,sports_car_015.png,FLUX.2-klein-base-9B
R25,early_automobile_009,yes,5,4,4,symbolism,3,4,early_automobile,9,early_automobile_009.png,FLUX.2-klein-base-9B
R25,sneakers_013,partial,2,3,4,unclear,2,2,sneakers,13,sneakers_013.png,FLUX.2-klein-base-9B
R25,lounge_chair_018,yes,4,4,4,functionality,2,4,lounge_chair,18,lounge_chair_018.png,FLUX.2-klein-base-9B
R25,broom_004,yes,5,5,4,symbolism,2,4,broom,4,broom_004.png,FLUX.2-klein-base-9B
R25,desk_lamp_021,yes,4,5,5,aesthetics,3,5,desk_lamp,21,desk_lamp_021.png,FLUX.2-klein-base-9B
R25,vacuum_cleaner_023,yes,3,4,4,functionality,2,5,vacuum_cleaner,23,vacuum_cleaner_023.png,FLUX.2-klein-base-9B
R25,desk_lamp_005,yes,4,4,4,aesthetics,2,4,desk_lamp,5,desk_lamp_005.png,FLUX.2-klein-base-9B
R25,sports_car_018,yes,4,4,4,aesthetics,4,5,sports_car,18,sports_car_018.png,FLUX.2-klein-base-9B
R25,vacuum_cleaner_019,yes,4,4,5,usability,2,4,vacuum_cleaner,19,vacuum_cleaner_019.png,FLUX.2-klein-base-9B
R25,electric_kettle_024,yes,5,5,4,functionality,3,4,electric_kettle,24,electric_kettle_024.png,FLUX.2-klein-base-9B
R25,vacuum_cleaner_004,yes,4,4,4,aesthetics,3,4,vacuum_cleaner,4,vacuum_cleaner_004.png,FLUX.2-klein-base-9B
R25,sports_car_004,yes,4,4,5,aesthetics,4,4,sports_car,4,sports_car_004.png,FLUX.2-klein-base-9B
R25,broom_010,yes,2,3,4,unclear,3,3,broom,10,broom_010.png,FLUX.2-klein-base-9B
R25,desk_lamp_020,partial,4,4,4,functionality,4,3,desk_lamp,20,desk_lamp_020.png,FLUX.2-klein-base-9B
R25,lounge_chair_009,yes,5,4,4,usability,3,4,lounge_chair,9,lounge_chair_009.png,FLUX.2-klein-base-9B
R25,lounge_chair_013,yes,5,4,4,unclear,4,3,lounge_chair,13,lounge_chair_013.png,FLUX.2-klein-base-9B
R25,vacuum_cleaner_002,yes,5,5,5,functionality,2,5,vacuum_cleaner,2,vacuum_cleaner_002.png,FLUX.2-klein-base-9B
R25,electric_kettle_007,yes,5,4,4,functionality,2,5,electric_kettle,7,electric_kettle_007.png,FLUX.2-klein-base-9B
R25,sports_car_020,partial,3,4,3,aesthetics,3,4,sports_car,20,sports_car_020.png,FLUX.2-klein-base-9B
R25,vacuum_cleaner_012,yes,4,4,4,functionality,2,4,vacuum_cleaner,12,vacuum_cleaner_012.png,FLUX.2-klein-base-9B
R25,electric_kettle_005,yes,5,5,5,usability,2,4,electric_kettle,5,electric_kettle_005.png,FLUX.2-klein-base-9B
R25,sneakers_020,yes,5,5,5,aesthetics,3,5,sneakers,20,sneakers_020.png,FLUX.2-klein-base-9B
R25,electric_kettle_015,partial,3,4,4,functionality,2,4,electric_kettle,15,electric_kettle_015.png,FLUX.2-klein-base-9B
R25,electric_kettle_014,yes,4,4,5,functionality,2,5,electric_kettle,14,electric_kettle_014.png,FLUX.2-klein-base-9B
R25,sneakers_023,yes,4,5,4,usability,3,4,sneakers,23,sneakers_023.png,FLUX.2-klein-base-9B
R25,broom_020,yes,5,4,4,functionality,2,4,broom,20,broom_020.png,FLUX.2-klein-base-9B
R25,broom_008,yes,4,4,5,functionality,2,4,broom,8,broom_008.png,FLUX.2-klein-base-9B
R25,sneakers_009,yes,5,5,5,symbolism,3,4,sneakers,9,sneakers_009.png,FLUX.2-klein-base-9B
R25,sports_car_022,yes,4,5,4,aesthetics,4,4,sports_car,22,sports_car_022.png,FLUX.2-klein-base-9B
R25,broom_003,no,2,2,4,functionality,2,2,broom,3,broom_003.png,FLUX.2-klein-base-9B
R25,vacuum_cleaner_003,yes,3,3,5,functionality,2,3,vacuum_cleaner,3,vacuum_cleaner_003.png,FLUX.2-klein-base-9B
R25,early_automobile_013,yes,4,5,5,symbolism,4,5,early_automobile,13,early_automobile_013.png,FLUX.2-klein-base-9B
R25,sneakers_004,yes,4,4,5,symbolism,2,4,sneakers,4,sneakers_004.png,FLUX.2-klein-base-9B
R25,electric_kettle_012,yes,5,5,4,functionality,2,5,electric_kettle,12,electric_kettle_012.png,FLUX.2-klein-base-9B
R25,sports_car_025,yes,3,4,5,symbolism,3,4,sports_car,25,sports_car_025.png,FLUX.2-klein-base-9B
R25,early_automobile_017,yes,5,5,5,symbolism,3,4,early_automobile,17,early_automobile_017.png,FLUX.2-klein-base-9B
R25,lounge_chair_015,partial,5,4,3,functionality,2,5,lounge_chair,15,lounge_chair_015.png,FLUX.2-klein-base-9B
R25,sports_car_024,yes,4,4,5,aesthetics,5,4,sports_car,24,sports_car_024.png,FLUX.2-klein-base-9B
R25,early_automobile_001,yes,4,4,5,functionality,4,4,early_automobile,1,early_automobile_001.png,FLUX.2-klein-base-9B
R25,desk_lamp_022,yes,4,3,5,functionality,4,3,desk_lamp,22,desk_lamp_022.png,FLUX.2-klein-base-9B
R25,sports_car_021,yes,5,4,5,aesthetics,4,4,sports_car,21,sports_car_021.png,FLUX.2-klein-base-9B
R25,broom_005,partial,2,2,4,unclear,2,1,broom,5,broom_005.png,FLUX.2-klein-base-9B
R25,sneakers_011,yes,4,5,4,aesthetics,3,4,sneakers,11,sneakers_011.png,FLUX.2-klein-base-9B
R25,sneakers_005,partial,1,3,4,aesthetics,3,3,sneakers,5,sneakers_005.png,FLUX.2-klein-base-9B
R25,broom_006,yes,5,4,5,functionality,2,4,broom,6,broom_006.png,FLUX.2-klein-base-9B
R25,sneakers_002,yes,4,4,4,functionality,3,4,sneakers,2,sneakers_002.png,FLUX.2-klein-base-9B
R25,desk_lamp_002,yes,4,5,5,aesthetics,3,5,desk_lamp,2,desk_lamp_002.png,FLUX.2-klein-base-9B
R25,broom_018,yes,4,4,4,functionality,2,3,broom,18,broom_018.png,FLUX.2-klein-base-9B
R25,lounge_chair_014,yes,5,5,5,functionality,3,3,lounge_chair,14,lounge_chair_014.png,FLUX.2-klein-base-9B
R25,desk_lamp_007,yes,4,5,5,aesthetics,2,4,desk_lamp,7,desk_lamp_007.png,FLUX.2-klein-base-9B
R25,lounge_chair_010,yes,4,4,5,aesthetics,3,4,lounge_chair,10,lounge_chair_010.png,FLUX.2-klein-base-9B
R25,sports_car_014,yes,5,4,5,symbolism,4,4,sports_car,14,sports_car_014.png,FLUX.2-klein-base-9B
R25,vacuum_cleaner_017,yes,4,4,5,functionality,2,4,vacuum_cleaner,17,vacuum_cleaner_017.png,FLUX.2-klein-base-9B
R25,vacuum_cleaner_016,yes,3,5,4,functionality,2,3,vacuum_cleaner,16,vacuum_cleaner_016.png,FLUX.2-klein-base-9B
R25,desk_lamp_012,yes,5,5,4,aesthetics,4,5,desk_lamp,12,desk_lamp_012.png,FLUX.2-klein-base-9B
R25,electric_kettle_010,yes,5,4,5,functionality,1,4,electric_kettle,10,electric_kettle_010.png,FLUX.2-klein-base-9B
R25,sneakers_021,partial,4,3,4,usability,2,4,sneakers,21,sneakers_021.png,FLUX.2-klein-base-9B
R25,lounge_chair_022,yes,4,4,4,functionality,3,4,lounge_chair,22,lounge_chair_022.png,FLUX.2-klein-base-9B
R25,desk_lamp_004,yes,4,5,4,functionality,3,4,desk_lamp,4,desk_lamp_004.png,FLUX.2-klein-base-9B
R25,sneakers_006,yes,2,4,4,usability,2,4,sneakers,6,sneakers_006.png,FLUX.2-klein-base-9B
R25,vacuum_cleaner_008,yes,4,4,4,functionality,1,4,vacuum_cleaner,8,vacuum_cleaner_008.png,FLUX.2-klein-base-9B
R25,early_automobile_008,yes,4,5,4,usability,3,4,early_automobile,8,early_automobile_008.png,FLUX.2-klein-base-9B
R25,early_automobile_002,yes,4,4,4,aesthetics,4,4,early_automobile,2,early_automobile_002.png,FLUX.2-klein-base-9B
R25,lounge_chair_012,yes,4,4,4,functionality,3,5,lounge_chair,12,lounge_chair_012.png,FLUX.2-klein-base-9B
R25,early_automobile_004,partial,4,4,4,functionality,4,3,early_automobile,4,early_automobile_004.png,FLUX.2-klein-base-9B
R25,vacuum_cleaner_020,yes,4,4,4,functionality,3,5,vacuum_cleaner,20,vacuum_cleaner_020.png,FLUX.2-klein-base-9B
R25,lounge_chair_016,yes,4,4,4,functionality,3,4,lounge_chair,16,lounge_chair_016.png,FLUX.2-klein-base-9B
R25,electric_kettle_009,yes,4,5,4,functionality,3,4,electric_kettle,9,electric_kettle_009.png,FLUX.2-klein-base-9B
R25,electric_kettle_021,yes,5,5,4,functionality,1,5,electric_kettle,21,electric_kettle_021.png,FLUX.2-klein-base-9B
R25,broom_007,yes,5,4,4,functionality,1,4,broom,7,broom_007.png,FLUX.2-klein-base-9B
R25,sneakers_014,yes,4,5,5,functionality,3,4,sneakers,14,sneakers_014.png,FLUX.2-klein-base-9B
R25,early_automobile_005,yes,5,4,5,symbolism,4,5,early_automobile,5,early_automobile_005.png,FLUX.2-klein-base-9B
R25,sports_car_009,yes,4,5,5,functionality,5,3,sports_car,9,sports_car_009.png,FLUX.2-klein-base-9B
R25,electric_kettle_020,yes,5,4,4,functionality,2,3,electric_kettle,20,electric_kettle_020.png,FLUX.2-klein-base-9B
R25,lounge_chair_004,yes,4,4,4,aesthetics,3,4,lounge_chair,4,lounge_chair_004.png,FLUX.2-klein-base-9B
R25,electric_kettle_013,yes,5,5,5,functionality,2,4,electric_kettle,13,electric_kettle_013.png,FLUX.2-klein-base-9B
R25,sneakers_022,yes,4,5,5,functionality,3,5,sneakers,22,sneakers_022.png,FLUX.2-klein-base-9B
R25,early_automobile_019,yes,3,4,4,functionality,3,3,early_automobile,19,early_automobile_019.png,FLUX.2-klein-base-9B
R25,broom_022,yes,4,4,5,functionality,2,5,broom,22,broom_022.png,FLUX.2-klein-base-9B
R25,early_automobile_003,yes,5,5,4,functionality,4,4,early_automobile,3,early_automobile_003.png,FLUX.2-klein-base-9B
R25,early_automobile_021,yes,5,5,4,symbolism,4,5,early_automobile,21,early_automobile_021.png,FLUX.2-klein-base-9B
R25,vacuum_cleaner_009,yes,4,4,4,functionality,3,4,vacuum_cleaner,9,vacuum_cleaner_009.png,FLUX.2-klein-base-9B
R25,electric_kettle_008,yes,5,5,4,functionality,2,4,electric_kettle,8,electric_kettle_008.png,FLUX.2-klein-base-9B
R25,lounge_chair_025,yes,3,4,4,aesthetics,3,3,lounge_chair,25,lounge_chair_025.png,FLUX.2-klein-base-9B
R25,sports_car_012,yes,4,4,4,symbolism,4,5,sports_car,12,sports_car_012.png,FLUX.2-klein-base-9B
R25,lounge_chair_005,yes,4,4,4,usability,3,4,lounge_chair,5,lounge_chair_005.png,FLUX.2-klein-base-9B
R25,early_automobile_014,yes,5,5,5,usability,5,5,early_automobile,14,early_automobile_014.png,FLUX.2-klein-base-9B
R25,desk_lamp_013,yes,4,5,5,functionality,2,4,desk_lamp,13,desk_lamp_013.png,FLUX.2-klein-base-9B
R25,early_automobile_025,yes,5,5,5,functionality,4,4,early_automobile,25,early_automobile_025.png,FLUX.2-klein-base-9B
R25,broom_016,partial,4,3,4,functionality,2,3,broom,16,broom_016.png,FLUX.2-klein-base-9B
R25,sports_car_023,no,3,4,4,symbolism,4,4,sports_car,23,sports_car_023.png,FLUX.2-klein-base-9B
R25,broom_024,partial,3,4,3,functionality,2,4,broom,24,broom_024.png,FLUX.2-klein-base-9B
R25,broom_015,partial,5,4,4,functionality,3,3,broom,15,broom_015.png,FLUX.2-klein-base-9B
R25,early_automobile_006,partial,3,4,4,symbolism,4,3,early_automobile,6,early_automobile_006.png,FLUX.2-klein-base-9B
R25,broom_021,yes,4,4,4,usability,2,3,broom,21,broom_021.png,FLUX.2-klein-base-9B
R25,sports_car_008,yes,4,5,4,aesthetics,4,4,sports_car,8,sports_car_008.png,FLUX.2-klein-base-9B
R25,vacuum_cleaner_025,partial,3,2,4,symbolism,4,2,vacuum_cleaner,25,vacuum_cleaner_025.png,FLUX.2-klein-base-9B
R25,sports_car_003,yes,5,4,4,aesthetics,4,4,sports_car,3,sports_car_003.png,FLUX.2-klein-base-9B
R25,lounge_chair_023,partial,5,4,4,usability,2,5,lounge_chair,23,lounge_chair_023.png,FLUX.2-klein-base-9B
R25,vacuum_cleaner_010,partial,3,3,4,functionality,2,4,vacuum_cleaner,10,vacuum_cleaner_010.png,FLUX.2-klein-base-9B
R25,sports_car_005,yes,5,5,5,symbolism,5,4,sports_car,5,sports_car_005.png,FLUX.2-klein-base-9B
R25,vacuum_cleaner_001,yes,4,5,4,usability,3,3,vacuum_cleaner,1,vacuum_cleaner_001.png,FLUX.2-klein-base-9B
R25,broom_013,partial,4,4,4,functionality,2,4,broom,13,broom_013.png,FLUX.2-klein-base-9B
R25,vacuum_cleaner_024,partial,3,4,4,usability,2,3,vacuum_cleaner,24,vacuum_cleaner_024.png,FLUX.2-klein-base-9B
R25,early_automobile_015,yes,4,5,5,symbolism,4,4,early_automobile,15,early_automobile_015.png,FLUX.2-klein-base-9B
R25,desk_lamp_008,yes,5,5,4,usability,3,4,desk_lamp,8,desk_lamp_008.png,FLUX.2-klein-base-9B
R25,desk_lamp_023,yes,4,4,5,aesthetics,4,4,desk_lamp,23,desk_lamp_023.png,FLUX.2-klein-base-9B
R25,lounge_chair_002,yes,4,4,5,functionality,4,5,lounge_chair,2,lounge_chair_002.png,FLUX.2-klein-base-9B
R25,vacuum_cleaner_018,yes,4,4,5,functionality,3,4,vacuum_cleaner,18,vacuum_cleaner_018.png,FLUX.2-klein-base-9B
R25,electric_kettle_016,yes,4,4,5,functionality,2,4,electric_kettle,16,electric_kettle_016.png,FLUX.2-klein-base-9B
R25,lounge_chair_001,yes,3,5,4,symbolism,3,4,lounge_chair,1,lounge_chair_001.png,FLUX.2-klein-base-9B
R25,broom_011,no,3,1,4,unclear,3,2,broom,11,broom_011.png,FLUX.2-klein-base-9B
R25,lounge_chair_019,yes,3,4,5,aesthetics,2,4,lounge_chair,19,lounge_chair_019.png,FLUX.2-klein-base-9B
R25,lounge_chair_007,yes,3,4,4,functionality,4,4,lounge_chair,7,lounge_chair_007.png,FLUX.2-klein-base-9B
R25,vacuum_cleaner_015,yes,4,4,4,functionality,3,4,vacuum_cleaner,15,vacuum_cleaner_015.png,FLUX.2-klein-base-9B
R25,sports_car_011,yes,5,4,5,aesthetics,4,4,sports_car,11,sports_car_011.png,FLUX.2-klein-base-9B
R25,early_automobile_023,yes,5,5,5,symbolism,4,3,early_automobile,23,early_automobile_023.png,FLUX.2-klein-base-9B
R25,sneakers_008,yes,5,5,4,usability,3,4,sneakers,8,sneakers_008.png,FLUX.2-klein-base-9B
R25,sneakers_015,yes,3,5,5,usability,2,4,sneakers,15,sneakers_015.png,FLUX.2-klein-base-9B
R25,desk_lamp_024,yes,4,4,4,aesthetics,3,4,desk_lamp,24,desk_lamp_024.png,FLUX.2-klein-base-9B
R25,sneakers_017,yes,5,4,5,functionality,2,5,sneakers,17,sneakers_017.png,FLUX.2-klein-base-9B
R25,broom_017,yes,4,4,5,functionality,2,5,broom,17,broom_017.png,FLUX.2-klein-base-9B
R25,sneakers_003,yes,4,4,4,usability,4,4,sneakers,3,sneakers_003.png,FLUX.2-klein-base-9B
R25,early_automobile_022,yes,5,4,4,usability,4,4,early_automobile,22,early_automobile_022.png,FLUX.2-klein-base-9B
R25,desk_lamp_016,yes,4,4,4,functionality,3,4,desk_lamp,16,desk_lamp_016.png,FLUX.2-klein-base-9B
R25,sneakers_024,yes,4,4,4,functionality,3,4,sneakers,24,sneakers_024.png,FLUX.2-klein-base-9B
R25,electric_kettle_022,yes,4,4,4,usability,1,4,electric_kettle,22,electric_kettle_022.png,FLUX.2-klein-base-9B
R25,desk_lamp_009,yes,4,4,4,functionality,3,5,desk_lamp,9,desk_lamp_009.png,FLUX.2-klein-base-9B
R25,desk_lamp_011,yes,5,5,4,symbolism,2,4,desk_lamp,11,desk_lamp_011.png,FLUX.2-klein-base-9B
R25,broom_001,yes,5,5,5,functionality,1,4,broom,1,broom_001.png,FLUX.2-klein-base-9B
R25,desk_lamp_010,yes,4,5,4,functionality,3,5,desk_lamp,10,desk_lamp_010.png,FLUX.2-klein-base-9B
R25,sneakers_001,yes,4,4,5,aesthetics,3,4,sneakers,1,sneakers_001.png,FLUX.2-klein-base-9B
R25,electric_kettle_011,yes,4,5,5,functionality,2,4,electric_kettle,11,electric_kettle_011.png,FLUX.2-klein-base-9B
R25,broom_023,yes,4,3,4,functionality,2,3,broom,23,broom_023.png,FLUX.2-klein-base-9B
R25,electric_kettle_001,yes,4,4,5,functionality,2,4,electric_kettle,1,electric_kettle_001.png,FLUX.2-klein-base-9B
R25,electric_kettle_004,yes,5,5,4,functionality,2,4,electric_kettle,4,electric_kettle_004.png,FLUX.2-klein-base-9B
R25,electric_kettle_023,yes,4,5,4,functionality,2,4,electric_kettle,23,electric_kettle_023.png,FLUX.2-klein-base-9B
R25,electric_kettle_017,yes,4,5,5,functionality,2,5,electric_kettle,17,electric_kettle_017.png,FLUX.2-klein-base-9B
R25,early_automobile_010,yes,5,5,5,symbolism,4,4,early_automobile,10,early_automobile_010.png,FLUX.2-klein-base-9B
R25,sports_car_001,yes,4,5,5,aesthetics,4,4,sports_car,1,sports_car_001.png,FLUX.2-klein-base-9B
R25,desk_lamp_019,yes,4,5,5,functionality,3,4,desk_lamp,19,desk_lamp_019.png,FLUX.2-klein-base-9B
R25,sneakers_025,yes,5,4,5,functionality,3,4,sneakers,25,sneakers_025.png,FLUX.2-klein-base-9B
R25,broom_012,partial,3,3,5,usability,2,3,broom,12,broom_012.png,FLUX.2-klein-base-9B
R25,vacuum_cleaner_007,yes,3,4,4,functionality,2,3,vacuum_cleaner,7,vacuum_cleaner_007.png,FLUX.2-klein-base-9B
R25,lounge_chair_011,yes,5,5,5,usability,3,4,lounge_chair,11,lounge_chair_011.png,FLUX.2-klein-base-9B
R25,sneakers_010,yes,2,3,4,usability,3,3,sneakers,10,sneakers_010.png,FLUX.2-klein-base-9B
R25,early_automobile_012,yes,5,5,4,functionality,3,4,early_automobile,12,early_automobile_012.png,FLUX.2-klein-base-9B
R25,broom_019,yes,5,5,5,usability,2,4,broom,19,broom_019.png,FLUX.2-klein-base-9B
R25,electric_kettle_006,yes,5,4,5,functionality,2,4,electric_kettle,6,electric_kettle_006.png,FLUX.2-klein-base-9B
R25,vacuum_cleaner_005,partial,3,4,3,functionality,3,4,vacuum_cleaner,5,vacuum_cleaner_005.png,FLUX.2-klein-base-9B
R25,sneakers_018,yes,4,5,4,aesthetics,3,4,sneakers,18,sneakers_018.png,FLUX.2-klein-base-9B
R25,desk_lamp_001,partial,3,3,4,usability,3,3,desk_lamp,1,desk_lamp_001.png,FLUX.2-klein-base-9B
R25,sports_car_007,yes,4,4,5,aesthetics,4,4,sports_car,7,sports_car_007.png,FLUX.2-klein-base-9B
R25,lounge_chair_006,yes,5,5,4,usability,3,4,lounge_chair,6,lounge_chair_006.png,FLUX.2-klein-base-9B
R25,desk_lamp_015,yes,3,4,4,aesthetics,4,4,desk_lamp,15,desk_lamp_015.png,FLUX.2-klein-base-9B
R25,desk_lamp_017,yes,5,5,4,functionality,3,4,desk_lamp,17,desk_lamp_017.png,FLUX.2-klein-base-9B
R25,vacuum_cleaner_011,yes,2,3,5,functionality,3,2,vacuum_cleaner,11,vacuum_cleaner_011.png,FLUX.2-klein-base-9B
R25,vacuum_cleaner_014,yes,4,4,4,functionality,2,3,vacuum_cleaner,14,vacuum_cleaner_014.png,FLUX.2-klein-base-9B
R25,vacuum_cleaner_013,yes,5,4,4,functionality,2,4,vacuum_cleaner,13,vacuum_cleaner_013.png,FLUX.2-klein-base-9B
R25,early_automobile_011,yes,4,5,4,symbolism,4,3,early_automobile,11,early_automobile_011.png,FLUX.2-klein-base-9B
R25,sports_car_006,yes,3,4,5,aesthetics,4,4,sports_car,6,sports_car_006.png,FLUX.2-klein-base-9B
R25,early_automobile_020,yes,4,5,5,symbolism,4,4,early_automobile,20,early_automobile_020.png,FLUX.2-klein-base-9B
R25,vacuum_cleaner_022,yes,2,4,4,unclear,1,4,vacuum_cleaner,22,vacuum_cleaner_022.png,FLUX.2-klein-base-9B
R25,broom_025,partial,2,2,5,symbolism,3,3,broom,25,broom_025.png,FLUX.2-klein-base-9B
R25,lounge_chair_020,yes,4,4,5,functionality,3,4,lounge_chair,20,lounge_chair_020.png,FLUX.2-klein-base-9B
R25,early_automobile_024,yes,5,4,4,symbolism,4,4,early_automobile,24,early_automobile_024.png,FLUX.2-klein-base-9B
R25,sneakers_016,yes,4,5,5,symbolism,3,4,sneakers,16,sneakers_016.png,FLUX.2-klein-base-9B
R25,sports_car_013,yes,3,5,4,aesthetics,5,4,sports_car,13,sports_car_013.png,FLUX.2-klein-base-9B
R25,electric_kettle_018,yes,3,4,5,functionality,2,4,electric_kettle,18,electric_kettle_018.png,FLUX.2-klein-base-9B
R25,electric_kettle_003,yes,5,5,5,aesthetics,2,4,electric_kettle,3,electric_kettle_003.png,FLUX.2-klein-base-9B
R25,desk_lamp_018,yes,5,4,5,functionality,2,4,desk_lamp,18,desk_lamp_018.png,FLUX.2-klein-base-9B
R25,lounge_chair_003,yes,4,4,5,functionality,3,4,lounge_chair,3,lounge_chair_003.png,FLUX.2-klein-base-9B
R25,vacuum_cleaner_021,yes,4,3,5,functionality,2,4,vacuum_cleaner,21,vacuum_cleaner_021.png,FLUX.2-klein-base-9B
R26,lounge_chair_024,yes,4,4,5,symbolism,3,4,lounge_chair,24,lounge_chair_024.png,FLUX.2-klein-base-9B
R26,desk_lamp_003,yes,5,5,4,aesthetics,3,4,desk_lamp,3,desk_lamp_003.png,FLUX.2-klein-base-9B
R26,lounge_chair_017,yes,3,5,5,functionality,3,4,lounge_chair,17,lounge_chair_017.png,FLUX.2-klein-base-9B
R26,broom_002,partial,2,3,4,functionality,3,2,broom,2,broom_002.png,FLUX.2-klein-base-9B
R26,broom_014,partial,4,3,4,usability,2,4,broom,14,broom_014.png,FLUX.2-klein-base-9B
R26,electric_kettle_019,yes,5,5,4,functionality,1,4,electric_kettle,19,electric_kettle_019.png,FLUX.2-klein-base-9B
R26,sports_car_019,yes,5,5,5,aesthetics,4,4,sports_car,19,sports_car_019.png,FLUX.2-klein-base-9B
R26,early_automobile_018,yes,2,3,5,usability,3,3,early_automobile,18,early_automobile_018.png,FLUX.2-klein-base-9B
R26,sports_car_010,yes,5,5,4,aesthetics,4,4,sports_car,10,sports_car_010.png,FLUX.2-klein-base-9B
R26,lounge_chair_008,partial,2,2,4,unclear,2,2,lounge_chair,8,lounge_chair_008.png,FLUX.2-klein-base-9B
R26,sports_car_002,yes,5,4,5,aesthetics,5,4,sports_car,2,sports_car_002.png,FLUX.2-klein-base-9B
R26,sneakers_007,yes,3,5,4,usability,3,4,sneakers,7,sneakers_007.png,FLUX.2-klein-base-9B
R26,broom_009,partial,3,2,5,unclear,3,2,broom,9,broom_009.png,FLUX.2-klein-base-9B
R26,desk_lamp_014,yes,5,4,5,functionality,4,5,desk_lamp,14,desk_lamp_014.png,FLUX.2-klein-base-9B
R26,early_automobile_007,yes,4,4,5,symbolism,4,4,early_automobile,7,early_automobile_007.png,FLUX.2-klein-base-9B
R26,sneakers_019,yes,4,5,4,symbolism,4,3,sneakers,19,sneakers_019.png,FLUX.2-klein-base-9B
R26,lounge_chair_021,yes,4,4,4,aesthetics,3,5,lounge_chair,21,lounge_chair_021.png,FLUX.2-klein-base-9B
R26,electric_kettle_002,yes,4,5,4,functionality,2,4,electric_kettle,2,electric_kettle_002.png,FLUX.2-klein-base-9B
R26,sneakers_012,yes,3,4,5,symbolism,3,5,sneakers,12,sneakers_012.png,FLUX.2-klein-base-9B
R26,vacuum_cleaner_006,yes,3,4,4,functionality,2,3,vacuum_cleaner,6,vacuum_cleaner_006.png,FLUX.2-klein-base-9B
R26,desk_lamp_025,yes,5,4,5,functionality,3,4,desk_lamp,25,desk_lamp_025.png,FLUX.2-klein-base-9B
R26,electric_kettle_025,yes,4,4,4,functionality,2,4,electric_kettle,25,electric_kettle_025.png,FLUX.2-klein-base-9B
R26,sports_car_017,yes,5,5,4,symbolism,4,4,sports_car,17,sports_car_017.png,FLUX.2-klein-base-9B
R26,desk_lamp_006,partial,2,3,4,unclear,3,3,desk_lamp,6,desk_lamp_006.png,FLUX.2-klein-base-9B
R26,early_automobile_016,partial,4,4,4,symbolism,3,4,early_automobile,16,early_automobile_016.png,FLUX.2-klein-base-9B
R26,sports_car_016,yes,4,5,5,aesthetics,4,4,sports_car,16,sports_car_016.png,FLUX.2-klein-base-9B
R26,sports_car_015,yes,4,5,4,aesthetics,4,5,sports_car,15,sports_car_015.png,FLUX.2-klein-base-9B
R26,early_automobile_009,yes,4,4,4,symbolism,4,4,early_automobile,9,early_automobile_009.png,FLUX.2-klein-base-9B
R26,sneakers_013,partial,2,3,4,functionality,3,2,sneakers,13,sneakers_013.png,FLUX.2-klein-base-9B
R26,lounge_chair_018,yes,4,4,4,usability,3,3,lounge_chair,18,lounge_chair_018.png,FLUX.2-klein-base-9B
R26,broom_004,yes,5,4,5,functionality,2,4,broom,4,broom_004.png,FLUX.2-klein-base-9B
R26,desk_lamp_021,yes,5,4,5,usability,3,4,desk_lamp,21,desk_lamp_021.png,FLUX.2-klein-base-9B
R26,vacuum_cleaner_023,yes,3,4,4,usability,2,4,vacuum_cleaner,23,vacuum_cleaner_023.png,FLUX.2-klein-base-9B
R26,desk_lamp_005,yes,3,4,5,usability,4,3,desk_lamp,5,desk_lamp_005.png,FLUX.2-klein-base-9B
R26,sports_car_018,yes,4,5,5,aesthetics,3,5,sports_car,18,sports_car_018.png,FLUX.2-klein-base-9B
R26,vacuum_cleaner_019,yes,4,5,5,functionality,1,4,vacuum_cleaner,19,vacuum_cleaner_019.png,FLUX.2-klein-base-9B
R26,electric_kettle_024,yes,5,4,5,functionality,2,3,electric_kettle,24,electric_kettle_024.png,FLUX.2-klein-base-9B
R26,vacuum_cleaner_004,yes,5,5,5,functionality,2,3,vacuum_cleaner,4,vacuum_cleaner_004.png,FLUX.2-klein-base-9B
R26,sports_car_004,yes,4,4,5,aesthetics,4,5,sports_car,4,sports_car_004.png,FLUX.2-klein-base-9B
R26,broom_010,no,2,2,4,functionality,2,2,broom,10,broom_010.png,FLUX.2-klein-base-9B
R26,desk_lamp_020,yes,4,4,5,aesthetics,3,3,desk_lamp,20,desk_lamp_020.png,FLUX.2-klein-base-9B
R26,lounge_chair_009,yes,4,4,5,functionality,3,4,lounge_chair,9,lounge_chair_009.png,FLUX.2-klein-base-9B
R26,lounge_chair_013,yes,3,4,5,aesthetics,3,4,lounge_chair,13,lounge_chair_013.png,FLUX.2-klein-base-9B
R26,vacuum_cleaner_002,yes,4,4,4,functionality,2,5,vacuum_cleaner,2,vacuum_cleaner_002.png,FLUX.2-klein-base-9B
R26,electric_kettle_007,yes,4,5,5,usability,1,4,electric_kettle,7,electric_kettle_007.png,FLUX.2-klein-base-9B
R26,sports_car_020,yes,2,4,5,aesthetics,4,3,sports_car,20,sports_car_020.png,FLUX.2-klein-base-9B
R26,vacuum_cleaner_012,yes,4,5,4,functionality,2,4,vacuum_cleaner,12,vacuum_cleaner_012.png,FLUX.2-klein-base-9B
R26,electric_kettle_005,yes,4,4,4,functionality,2,4,electric_kettle,5,electric_kettle_005.png,FLUX.2-klein-base-9B
R26,sneakers_020,yes,4,5,4,symbolism,3,4,sneakers,20,sneakers_020.png,FLUX.2-klein-base-9B
R26,electric_kettle_015,yes,4,4,5,functionality,3,4,electric_kettle,15,electric_kettle_015.png,FLUX.2-klein-base-9B
R26,electric_kettle_014,yes,5,5,5,functionality,2,4,electric_kettle,14,electric_kettle_014.png,FLUX.2-klein-base-9B
R26,sneakers_023,yes,5,5,4,usability,3,4,sneakers,23,sneakers_023.png,FLUX.2-klein-base-9B
R26,broom_020,yes,4,4,5,usability,3,4,broom,20,broom_020.png,FLUX.2-klein-base-9B
R26,broom_008,yes,4,4,5,usability,2,4,broom,8,broom_008.png,FLUX.2-klein-base-9B
R26,sneakers_009,yes,5,5,5,usability,3,5,sneakers,9,sneakers_009.png,FLUX.2-klein-base-9B
R26,sports_car_022,yes,4,5,4,aesthetics,3,5,sports_car,22,sports_car_022.png,FLUX.2-klein-base-9B
R26,broom_003,no,3,2,4,symbolism,3,2,broom,3,broom_003.png,FLUX.2-klein-base-9B
R26,vacuum_cleaner_003,partial,2,3,4,functionality,1,4,vacuum_cleaner,3,vacuum_cleaner_003.png,FLUX.2-klein-base-9B
R26,early_automobile_013,yes,5,5,4,functionality,4,5,early_automobile,13,early_automobile_013.png,FLUX.2-klein-base-9B
R26,sneakers_004,yes,4,5,4,functionality,4,5,sneakers,4,sneakers_004.png,FLUX.2-klein-base-9B
R26,electric_kettle_012,yes,5,5,5,functionality,2,4,electric_kettle,12,electric_kettle_012.png,FLUX.2-klein-base-9B
R26,sports_car_025,yes,5,4,4,usability,4,4,sports_car,25,sports_car_025.png,FLUX.2-klein-base-9B
R26,early_automobile_017,yes,5,5,4,symbolism,3,4,early_automobile,17,early_automobile_017.png,FLUX.2-klein-base-9B
R26,lounge_chair_015,yes,5,4,4,functionality,3,5,lounge_chair,15,lounge_chair_015.png,FLUX.2-klein-base-9B
R26,sports_car_024,yes,4,5,4,aesthetics,4,4,sports_car,24,sports_car_024.png,FLUX.2-klein-base-9B
R26,early_automobile_001,yes,5,5,4,symbolism,3,4,early_automobile,1,early_automobile_001.png,FLUX.2-klein-base-9B
R26,desk_lamp_022,yes,4,4,4,functionality,4,3,desk_lamp,22,desk_lamp_022.png,FLUX.2-klein-base-9B
R26,sports_car_021,yes,5,4,5,aesthetics,5,4,sports_car,21,sports_car_021.png,FLUX.2-klein-base-9B
R26,broom_005,no,2,2,4,unclear,2,1,broom,5,broom_005.png,FLUX.2-klein-base-9B
R26,sneakers_011,yes,5,5,4,aesthetics,3,4,sneakers,11,sneakers_011.png,FLUX.2-klein-base-9B
R26,sneakers_005,no,2,2,3,functionality,2,3,sneakers,5,sneakers_005.png,FLUX.2-klein-base-9B
R26,broom_006,yes,4,5,5,functionality,2,5,broom,6,broom_006.png,FLUX.2-klein-base-9B
R26,sneakers_002,yes,5,4,4,symbolism,3,4,sneakers,2,sneakers_002.png,FLUX.2-klein-base-9B
R26,desk_lamp_002,yes,5,4,4,usability,2,4,desk_lamp,2,desk_lamp_002.png,FLUX.2-klein-base-9B
R26,broom_018,partial,4,3,4,functionality,2,3,broom,18,broom_018.png,FLUX.2-klein-base-9B
R26,lounge_chair_014,yes,5,4,4,usability,3,4,lounge_chair,14,lounge_chair_014.png,FLUX.2-klein-base-9B
R26,desk_lamp_007,yes,5,5,5,functionality,3,5,desk_lamp,7,desk_lamp_007.png,FLUX.2-klein-base-9B
R26,lounge_chair_010,yes,4,4,4,usability,3,4,lounge_chair,10,lounge_chair_010.png,FLUX.2-klein-base-9B
R26,sports_car_014,yes,5,4,5,aesthetics,4,4,sports_car,14,sports_car_014.png,FLUX.2-klein-base-9B
R26,vacuum_cleaner_017,yes,3,5,4,functionality,2,4,vacuum_cleaner,17,vacuum_cleaner_017.png,FLUX.2-klein-base-9B
R26,vacuum_cleaner_016,yes,3,4,4,functionality,3,3,vacuum_cleaner,16,vacuum_cleaner_016.png,FLUX.2-klein-base-9B
R26,desk_lamp_012,yes,4,5,5,functionality,3,4,desk_lamp,12,desk_lamp_012.png,FLUX.2-klein-base-9B
R26,electric_kettle_010,yes,5,4,5,functionality,1,5,electric_kettle,10,electric_kettle_010.png,FLUX.2-klein-base-9B
R26,sneakers_021,yes,4,4,4,usability,4,3,sneakers,21,sneakers_021.png,FLUX.2-klein-base-9B
R26,lounge_chair_022,yes,4,4,5,usability,2,5,lounge_chair,22,lounge_chair_022.png,FLUX.2-klein-base-9B
R26,desk_lamp_004,yes,5,4,5,functionality,3,5,desk_lamp,4,desk_lamp_004.png,FLUX.2-klein-base-9B
R26,sneakers_006,yes,3,4,4,functionality,3,4,sneakers,6,sneakers_006.png,FLUX.2-klein-base-9B
R26,vacuum_cleaner_008,yes,2,4,4,usability,2,4,vacuum_cleaner,8,vacuum_cleaner_008.png,FLUX.2-klein-base-9B
R26,early_automobile_008,yes,3,5,4,symbolism,3,4,early_automobile,8,early_automobile_008.png,FLUX.2-klein-base-9B
R26,early_automobile_002,yes,5,5,5,symbolism,3,4,early_automobile,2,early_automobile_002.png,FLUX.2-klein-base-9B
R26,lounge_chair_012,yes,5,5,4,functionality,3,5,lounge_chair,12,lounge_chair_012.png,FLUX.2-klein-base-9B
R26,early_automobile_004,yes,4,5,4,unclear,4,3,early_automobile,4,early_automobile_004.png,FLUX.2-klein-base-9B
R26,vacuum_cleaner_020,yes,5,4,5,usability,2,4,vacuum_cleaner,20,vacuum_cleaner_020.png,FLUX.2-klein-base-9B
R26,lounge_chair_016,yes,5,5,4,aesthetics,3,4,lounge_chair,16,lounge_chair_016.png,FLUX.2-klein-base-9B
R26,electric_kettle_009,yes,5,5,4,functionality,3,5,electric_kettle,9,electric_kettle_009.png,FLUX.2-klein-base-9B
R26,electric_kettle_021,yes,4,4,4,symbolism,2,5,electric_kettle,21,electric_kettle_021.png,FLUX.2-klein-base-9B
R26,broom_007,yes,5,4,4,functionality,2,5,broom,7,broom_007.png,FLUX.2-klein-base-9B
R26,sneakers_014,yes,5,4,5,symbolism,3,4,sneakers,14,sneakers_014.png,FLUX.2-klein-base-9B
R26,early_automobile_005,yes,5,5,5,symbolism,3,5,early_automobile,5,early_automobile_005.png,FLUX.2-klein-base-9B
R26,sports_car_009,yes,4,4,5,symbolism,4,4,sports_car,9,sports_car_009.png,FLUX.2-klein-base-9B
R26,electric_kettle_020,yes,4,4,5,usability,3,5,electric_kettle,20,electric_kettle_020.png,FLUX.2-klein-base-9B
R26,lounge_chair_004,partial,5,4,4,functionality,3,4,lounge_chair,4,lounge_chair_004.png,FLUX.2-klein-base-9B
R26,electric_kettle_013,yes,4,5,5,functionality,2,4,electric_kettle,13,electric_kettle_013.png,FLUX.2-klein-base-9B
R26,sneakers_022,yes,5,4,5,aesthetics,3,4,sneakers,22,sneakers_022.png,FLUX.2-klein-base-9B
R26,early_automobile_019,yes,3,4,5,symbolism,3,4,early_automobile,19,early_automobile_019.png,FLUX.2-klein-base-9B
R26,broom_022,yes,4,5,4,usability,2,5,broom,22,broom_022.png,FLUX.2-klein-base-9B
R26,early_automobile_003,yes,4,4,4,functionality,4,4,early_automobile,3,early_automobile_003.png,FLUX.2-klein-base-9B
R26,early_automobile_021,yes,4,5,5,symbolism,3,4,early_automobile,21,early_automobile_021.png,FLUX.2-klein-base-9B
R26,vacuum_cleaner_009,yes,4,5,4,functionality,2,4,vacuum_cleaner,9,vacuum_cleaner_009.png,FLUX.2-klein-base-9B
R26,electric_kettle_008,yes,5,5,5,functionality,1,5,electric_kettle,8,electric_kettle_008.png,FLUX.2-klein-base-9B
R26,lounge_chair_025,yes,4,4,5,aesthetics,3,4,lounge_chair,25,lounge_chair_025.png,FLUX.2-klein-base-9B
R26,sports_car_012,yes,5,4,5,aesthetics,4,4,sports_car,12,sports_car_012.png,FLUX.2-klein-base-9B
R26,lounge_chair_005,yes,4,5,5,functionality,2,5,lounge_chair,5,lounge_chair_005.png,FLUX.2-klein-base-9B
R26,early_automobile_014,yes,5,5,4,symbolism,4,4,early_automobile,14,early_automobile_014.png,FLUX.2-klein-base-9B
R26,desk_lamp_013,yes,5,4,5,functionality,3,4,desk_lamp,13,desk_lamp_013.png,FLUX.2-klein-base-9B
R26,early_automobile_025,yes,4,5,5,aesthetics,4,4,early_automobile,25,early_automobile_025.png,FLUX.2-klein-base-9B
R26,broom_016,partial,4,3,4,symbolism,2,3,broom,16,broom_016.png,FLUX.2-klein-base-9B
R26,sports_car_023,yes,3,4,5,aesthetics,4,4,sports_car,23,sports_car_023.png,FLUX.2-klein-base-9B
R26,broom_024,yes,4,5,5,symbolism,1,4,broom,24,broom_024.png,FLUX.2-klein-base-9B
R26,broom_015,yes,3,5,4,functionality,2,3,broom,15,broom_015.png,FLUX.2-klein-base-9B
R26,early_automobile_006,yes,3,4,4,symbolism,3,3,early_automobile,6,early_automobile_006.png,FLUX.2-klein-base-9B
R26,broom_021,partial,4,4,3,functionality,2,3,broom,21,broom_021.png,FLUX.2-klein-base-9B
R26,sports_car_008,yes,4,5,4,aesthetics,4,4,sports_car,8,sports_car_008.png,FLUX.2-klein-base-9B
R26,vacuum_cleaner_025,no,2,2,3,unclear,3,2,vacuum_cleaner,25,vacuum_cleaner_025.png,FLUX.2-klein-base-9B
R26,sports_car_003,yes,4,4,5,aesthetics,5,3,sports_car,3,sports_car_003.png,FLUX.2-klein-base-9B
R26,lounge_chair_023,yes,4,4,5,usability,4,5,lounge_chair,23,lounge_chair_023.png,FLUX.2-klein-base-9B
R26,vacuum_cleaner_010,partial,3,4,3,functionality,2,4,vacuum_cleaner,10,vacuum_cleaner_010.png,FLUX.2-klein-base-9B
R26,sports_car_005,yes,4,4,4,aesthetics,4,5,sports_car,5,sports_car_005.png,FLUX.2-klein-base-9B
R26,vacuum_cleaner_001,yes,4,5,4,usability,2,4,vacuum_cleaner,1,vacuum_cleaner_001.png,FLUX.2-klein-base-9B
R26,broom_013,yes,4,4,4,aesthetics,2,4,broom,13,broom_013.png,FLUX.2-klein-base-9B
R26,vacuum_cleaner_024,yes,3,5,5,functionality,2,3,vacuum_cleaner,24,vacuum_cleaner_024.png,FLUX.2-klein-base-9B
R26,early_automobile_015,yes,5,5,4,usability,4,3,early_automobile,15,early_automobile_015.png,FLUX.2-klein-base-9B
R26,desk_lamp_008,yes,5,5,5,aesthetics,4,5,desk_lamp,8,desk_lamp_008.png,FLUX.2-klein-base-9B
R26,desk_lamp_023,yes,4,4,5,aesthetics,4,4,desk_lamp,23,desk_lamp_023.png,FLUX.2-klein-base-9B
R26,lounge_chair_002,partial,4,4,4,usability,3,4,lounge_chair,2,lounge_chair_002.png,FLUX.2-klein-base-9B
R26,vacuum_cleaner_018,yes,4,4,4,functionality,2,4,vacuum_cleaner,18,vacuum_cleaner_018.png,FLUX.2-klein-base-9B
R26,electric_kettle_016,yes,5,4,4,functionality,2,4,electric_kettle,16,electric_kettle_016.png,FLUX.2-klein-base-9B
R26,lounge_chair_001,yes,3,4,5,functionality,3,4,lounge_chair,1,lounge_chair_001.png,FLUX.2-klein-base-9B
R26,broom_011,no,2,1,4,unclear,2,2,broom,11,broom_011.png,FLUX.2-klein-base-9B
R26,lounge_chair_019,yes,4,4,4,functionality,3,5,lounge_chair,19,lounge_chair_019.png,FLUX.2-klein-base-9B
R26,lounge_chair_007,partial,4,3,4,aesthetics,3,3,lounge_chair,7,lounge_chair_007.png,FLUX.2-klein-base-9B
R26,vacuum_cleaner_015,yes,5,5,4,functionality,2,4,vacuum_cleaner,15,vacuum_cleaner_015.png,FLUX.2-klein-base-9B
R26,sports_car_011,yes,5,5,4,aesthetics,3,4,sports_car,11,sports_car_011.png,FLUX.2-klein-base-9B
R26,early_automobile_023,yes,5,4,5,symbolism,4,4,early_automobile,23,early_automobile_023.png,FLUX.2-klein-base-9B
R26,sneakers_008,yes,5,4,5,functionality,3,4,sneakers,8,sneakers_008.png,FLUX.2-klein-base-9B
R26,sneakers_015,yes,4,4,4,symbolism,3,4,sneakers,15,sneakers_015.png,FLUX.2-klein-base-9B
R26,desk_lamp_024,partial,4,4,4,functionality,4,4,desk_lamp,24,desk_lamp_024.png,FLUX.2-klein-base-9B
R26,sneakers_017,yes,4,5,4,aesthetics,4,5,sneakers,17,sneakers_017.png,FLUX.2-klein-base-9B
R26,broom_017,yes,4,5,5,functionality,2,4,broom,17,broom_017.png,FLUX.2-klein-base-9B
R26,sneakers_003,yes,5,5,5,functionality,3,5,sneakers,3,sneakers_003.png,FLUX.2-klein-base-9B
R26,early_automobile_022,yes,4,4,5,symbolism,4,5,early_automobile,22,early_automobile_022.png,FLUX.2-klein-base-9B
R26,desk_lamp_016,yes,3,4,4,aesthetics,2,5,desk_lamp,16,desk_lamp_016.png,FLUX.2-klein-base-9B
R26,sneakers_024,yes,4,4,5,aesthetics,3,5,sneakers,24,sneakers_024.png,FLUX.2-klein-base-9B
R26,electric_kettle_022,yes,4,5,5,functionality,2,4,electric_kettle,22,electric_kettle_022.png,FLUX.2-klein-base-9B
R26,desk_lamp_009,yes,4,5,4,functionality,3,3,desk_lamp,9,desk_lamp_009.png,FLUX.2-klein-base-9B
R26,desk_lamp_011,yes,4,4,5,functionality,3,5,desk_lamp,11,desk_lamp_011.png,FLUX.2-klein-base-9B
R26,broom_001,yes,4,5,4,functionality,2,4,broom,1,broom_001.png,FLUX.2-klein-base-9B
R26,desk_lamp_010,yes,4,4,4,aesthetics,2,3,desk_lamp,10,desk_lamp_010.png,FLUX.2-klein-base-9B
R26,sneakers_001,yes,3,5,5,functionality,3,5,sneakers,1,sneakers_001.png,FLUX.2-klein-base-9B
R26,electric_kettle_011,yes,5,5,4,functionality,2,4,electric_kettle,11,electric_kettle_011.png,FLUX.2-klein-base-9B
R26,broom_023,partial,4,3,4,unclear,3,4,broom,23,broom_023.png,FLUX.2-klein-base-9B
R26,electric_kettle_001,yes,5,4,4,functionality,2,4,electric_kettle,1,electric_kettle_001.png,FLUX.2-klein-base-9B
R26,electric_kettle_004,yes,4,5,5,functionality,2,5,electric_kettle,4,electric_kettle_004.png,FLUX.2-klein-base-9B
R26,electric_kettle_023,yes,5,5,4,functionality,2,5,electric_kettle,23,electric_kettle_023.png,FLUX.2-klein-base-9B
R26,electric_kettle_017,yes,5,5,4,functionality,2,5,electric_kettle,17,electric_kettle_017.png,FLUX.2-klein-base-9B
R26,early_automobile_010,yes,5,4,5,functionality,3,4,early_automobile,10,early_automobile_010.png,FLUX.2-klein-base-9B
R26,sports_car_001,yes,4,5,5,symbolism,3,4,sports_car,1,sports_car_001.png,FLUX.2-klein-base-9B
R26,desk_lamp_019,yes,4,5,4,functionality,3,5,desk_lamp,19,desk_lamp_019.png,FLUX.2-klein-base-9B
R26,sneakers_025,yes,4,5,5,usability,4,4,sneakers,25,sneakers_025.png,FLUX.2-klein-base-9B
R26,broom_012,partial,3,3,4,functionality,1,4,broom,12,broom_012.png,FLUX.2-klein-base-9B
R26,vacuum_cleaner_007,yes,2,3,4,functionality,3,3,vacuum_cleaner,7,vacuum_cleaner_007.png,FLUX.2-klein-base-9B
R26,lounge_chair_011,yes,4,4,5,functionality,3,4,lounge_chair,11,lounge_chair_011.png,FLUX.2-klein-base-9B
R26,sneakers_010,partial,3,2,5,usability,2,3,sneakers,10,sneakers_010.png,FLUX.2-klein-base-9B
R26,early_automobile_012,yes,5,4,5,symbolism,3,4,early_automobile,12,early_automobile_012.png,FLUX.2-klein-base-9B
R26,broom_019,yes,5,4,4,functionality,2,4,broom,19,broom_019.png,FLUX.2-klein-base-9B
R26,electric_kettle_006,partial,4,4,4,usability,2,5,electric_kettle,6,electric_kettle_006.png,FLUX.2-klein-base-9B
R26,vacuum_cleaner_005,yes,4,5,4,usability,3,3,vacuum_cleaner,5,vacuum_cleaner_005.png,FLUX.2-klein-base-9B
R26,sneakers_018,partial,4,4,4,functionality,3,4,sneakers,18,sneakers_018.png,FLUX.2-klein-base-9B
R26,desk_lamp_001,partial,3,3,4,functionality,3,3,desk_lamp,1,desk_lamp_001.png,FLUX.2-klein-base-9B
R26,sports_car_007,yes,5,4,5,aesthetics,5,4,sports_car,7,sports_car_007.png,FLUX.2-klein-base-9B
R26,lounge_chair_006,yes,5,5,4,functionality,2,4,lounge_chair,6,lounge_chair_006.png,FLUX.2-klein-base-9B
R26,desk_lamp_015,partial,3,4,3,symbolism,4,3,desk_lamp,15,desk_lamp_015.png,FLUX.2-klein-base-9B
R26,desk_lamp_017,yes,5,5,5,functionality,3,4,desk_lamp,17,desk_lamp_017.png,FLUX.2-klein-base-9B
R26,vacuum_cleaner_011,partial,2,3,4,unclear,2,2,vacuum_cleaner,11,vacuum_cleaner_011.png,FLUX.2-klein-base-9B
R26,vacuum_cleaner_014,yes,4,4,5,usability,2,4,vacuum_cleaner,14,vacuum_cleaner_014.png,FLUX.2-klein-base-9B
R26,vacuum_cleaner_013,yes,5,4,4,functionality,3,5,vacuum_cleaner,13,vacuum_cleaner_013.png,FLUX.2-klein-base-9B
R26,early_automobile_011,yes,5,4,4,symbolism,3,4,early_automobile,11,early_automobile_011.png,FLUX.2-klein-base-9B
R26,sports_car_006,partial,4,4,4,unclear,4,4,sports_car,6,sports_car_006.png,FLUX.2-klein-base-9B
R26,early_automobile_020,yes,4,5,4,symbolism,4,5,early_automobile,20,early_automobile_020.png,FLUX.2-klein-base-9B
R26,vacuum_cleaner_022,partial,3,4,3,functionality,3,3,vacuum_cleaner,22,vacuum_cleaner_022.png,FLUX.2-klein-base-9B
R26,broom_025,no,2,2,4,functionality,3,3,broom,25,broom_025.png,FLUX.2-klein-base-9B
R26,lounge_chair_020,yes,3,4,5,aesthetics,4,4,lounge_chair,20,lounge_chair_020.png,FLUX.2-klein-base-9B
R26,early_automobile_024,yes,5,5,5,symbolism,4,4,early_automobile,24,early_automobile_024.png,FLUX.2-klein-base-9B
R26,sneakers_016,yes,4,4,5,symbolism,3,4,sneakers,16,sneakers_016.png,FLUX.2-klein-base-9B
R26,sports_car_013,yes,4,4,4,aesthetics,5,4,sports_car,13,sports_car_013.png,FLUX.2-klein-base-9B
R26,electric_kettle_018,yes,5,4,4,functionality,2,4,electric_kettle,18,electric_kettle_018.png,FLUX.2-klein-base-9B
R26,electric_kettle_003,yes,5,4,5,usability,3,4,electric_kettle,3,electric_kettle_003.png,FLUX.2-klein-base-9B
R26,desk_lamp_018,yes,4,4,5,aesthetics,3,4,desk_lamp,18,desk_lamp_018.png,FLUX.2-klein-base-9B
R26,lounge_chair_003,yes,5,5,4,aesthetics,3,4,lounge_chair,3,lounge_chair_003.png,FLUX.2-klein-base-9B
R26,vacuum_cleaner_021,yes,4,5,4,symbolism,3,4,vacuum_cleaner,21,vacuum_cleaner_021.png,FLUX.2-klein-base-9B
R27,early_automobile_018,yes,3,3,2,usability,1,3,early_automobile,18,early_automobile_018.png,FLUX.2-klein-base-9B
R27,desk_lamp_012,yes,5,5,4,aesthetics,4,4,desk_lamp,12,desk_lamp_012.png,FLUX.2-klein-base-9B
R27,vacuum_cleaner_025,partial,1,1,4,symbolism,4,1,vacuum_cleaner,25,vacuum_cleaner_025.png,FLUX.2-klein-base-9B
R27,vacuum_cleaner_016,yes,2,4,4,usability,1,4,vacuum_cleaner,16,vacuum_cleaner_016.png,FLUX.2-klein-base-9B
R27,broom_009,no,1,1,5,unclear,1,1,broom,9,broom_009.png,FLUX.2-klein-base-9B
R27,sneakers_003,yes,5,5,5,usability,3,5,sneakers,3,sneakers_003.png,FLUX.2-klein-base-9B
R27,sneakers_010,partial,1,2,5,symbolism,5,2,sneakers,10,sneakers_010.png,FLUX.2-klein-base-9B
R27,early_automobile_017,yes,5,5,5,symbolism,2,3,early_automobile,17,early_automobile_017.png,FLUX.2-klein-base-9B
R27,lounge_chair_018,partial,2,4,4,functionality,2,2,lounge_chair,18,lounge_chair_018.png,FLUX.2-klein-base-9B
R27,broom_018,yes,5,5,5,functionality,1,5,broom,18,broom_018.png,FLUX.2-klein-base-9B
R27,sports_car_017,yes,5,5,5,functionality,4,5,sports_car,17,sports_car_017.png,FLUX.2-klein-base-9B
R27,desk_lamp_022,partial,3,3,5,aesthetics,5,2,desk_lamp,22,desk_lamp_022.png,FLUX.2-klein-base-9B
R27,early_automobile_022,yes,5,4,5,usability,2,4,early_automobile,22,early_automobile_022.png,FLUX.2-klein-base-9B
R27,sports_car_015,yes,4,4,5,aesthetics,5,5,sports_car,15,sports_car_015.png,FLUX.2-klein-base-9B
R27,vacuum_cleaner_022,partial,1,4,2,usability,2,3,vacuum_cleaner,22,vacuum_cleaner_022.png,FLUX.2-klein-base-9B
R27,lounge_chair_008,partial,1,1,5,symbolism,1,1,lounge_chair,8,lounge_chair_008.png,FLUX.2-klein-base-9B
R27,vacuum_cleaner_015,yes,2,5,5,functionality,1,1,vacuum_cleaner,15,vacuum_cleaner_015.png,FLUX.2-klein-base-9B
R27,vacuum_cleaner_009,yes,5,5,5,usability,1,5,vacuum_cleaner,9,vacuum_cleaner_009.png,FLUX.2-klein-base-9B
R27,lounge_chair_013,yes,5,5,5,usability,4,1,lounge_chair,13,lounge_chair_013.png,FLUX.2-klein-base-9B
R27,desk_lamp_011,yes,5,5,5,usability,3,5,desk_lamp,11,desk_lamp_011.png,FLUX.2-klein-base-9B
R27,electric_kettle_019,yes,5,5,2,functionality,1,4,electric_kettle,19,electric_kettle_019.png,FLUX.2-klein-base-9B
R27,vacuum_cleaner_003,partial,1,1,5,functionality,1,2,vacuum_cleaner,3,vacuum_cleaner_003.png,FLUX.2-klein-base-9B
R27,sports_car_020,partial,1,2,5,aesthetics,5,2,sports_car,20,sports_car_020.png,FLUX.2-klein-base-9B
R27,sports_car_008,partial,3,1,2,aesthetics,3,3,sports_car,8,sports_car_008.png,FLUX.2-klein-base-9B
R27,desk_lamp_018,yes,5,5,5,usability,1,4,desk_lamp,18,desk_lamp_018.png,FLUX.2-klein-base-9B
R27,sports_car_025,yes,5,5,5,functionality,4,5,sports_car,25,sports_car_025.png,FLUX.2-klein-base-9B
R27,broom_012,yes,2,4,5,functionality,2,4,broom,12,broom_012.png,FLUX.2-klein-base-9B
R27,sneakers_005,partial,1,2,5,functionality,4,1,sneakers,5,sneakers_005.png,FLUX.2-klein-base-9B
R27,broom_016,partial,5,5,5,usability,2,4,broom,16,broom_016.png,FLUX.2-klein-base-9B
R27,sports_car_012,yes,5,5,2,aesthetics,5,4,sports_car,12,sports_car_012.png,FLUX.2-klein-base-9B
R27,vacuum_cleaner_007,yes,3,3,5,functionality,4,5,vacuum_cleaner,7,vacuum_cleaner_007.png,FLUX.2-klein-base-9B
R27,early_automobile_012,yes,5,4,5,functionality,1,5,early_automobile,12,early_automobile_012.png,FLUX.2-klein-base-9B
R27,broom_003,yes,3,4,5,symbolism,1,1,broom,3,broom_003.png,FLUX.2-klein-base-9B
R27,lounge_chair_005,yes,5,5,5,usability,5,5,lounge_chair,5,lounge_chair_005.png,FLUX.2-klein-base-9B
R27,early_automobile_002,yes,5,5,5,functionality,1,5,early_automobile,2,early_automobile_002.png,FLUX.2-klein-base-9B
R27,early_automobile_021,yes,5,5,5,usability,2,5,early_automobile,21,early_automobile_021.png,FLUX.2-klein-base-9B
R27,vacuum_cleaner_013,yes,5,5,5,functionality,2,5,vacuum_cleaner,13,vacuum_cleaner_013.png,FLUX.2-klein-base-9B
R27,desk_lamp_001,partial,3,4,5,aesthetics,4,4,desk_lamp,1,desk_lamp_001.png,FLUX.2-klein-base-9B
R27,vacuum_cleaner_008,yes,5,5,5,functionality,1,2,vacuum_cleaner,8,vacuum_cleaner_008.png,FLUX.2-klein-base-9B
R27,lounge_chair_024,yes,5,5,5,functionality,3,4,lounge_chair,24,lounge_chair_024.png,FLUX.2-klein-base-9B
R27,desk_lamp_003,yes,4,5,4,functionality,4,4,desk_lamp,3,desk_lamp_003.png,FLUX.2-klein-base-9B
R27,lounge_chair_017,yes,5,4,4,usability,3,4,lounge_chair,17,lounge_chair_017.png,FLUX.2-klein-base-9B
R27,broom_002,partial,2,3,4,symbolism,2,2,broom,2,broom_002.png,FLUX.2-klein-base-9B
R27,broom_014,yes,3,3,4,functionality,2,3,broom,14,broom_014.png,FLUX.2-klein-base-9B
R27,sports_car_019,yes,4,5,4,symbolism,4,4,sports_car,19,sports_car_019.png,FLUX.2-klein-base-9B
R27,sports_car_010,yes,5,5,4,functionality,4,4,sports_car,10,sports_car_010.png,FLUX.2-klein-base-9B
R27,sports_car_002,yes,4,5,5,aesthetics,5,4,sports_car,2,sports_car_002.png,FLUX.2-klein-base-9B
R27,sneakers_007,yes,2,4,5,functionality,2,5,sneakers,7,sneakers_007.png,FLUX.2-klein-base-9B
R27,desk_lamp_014,yes,5,5,5,aesthetics,3,4,desk_lamp,14,desk_lamp_014.png,FLUX.2-klein-base-9B
R27,early_automobile_007,yes,5,5,4,symbolism,4,4,early_automobile,7,early_automobile_007.png,FLUX.2-klein-base-9B
R27,sneakers_019,yes,4,5,4,functionality,3,4,sneakers,19,sneakers_019.png,FLUX.2-klein-base-9B
R27,lounge_chair_021,yes,4,4,5,functionality,2,3,lounge_chair,21,lounge_chair_021.png,FLUX.2-klein-base-9B
R27,electric_kettle_002,yes,4,4,5,functionality,3,4,electric_kettle,2,electric_kettle_002.png,FLUX.2-klein-base-9B
R27,sneakers_012,yes,3,5,4,usability,2,4,sneakers,12,sneakers_012.png,FLUX.2-klein-base-9B
R27,vacuum_cleaner_006,yes,3,4,4,functionality,2,3,vacuum_cleaner,6,vacuum_cleaner_006.png,FLUX.2-klein-base-9B
R27,desk_lamp_025,yes,4,5,5,symbolism,2,4,desk_lamp,25,desk_lamp_025.png,FLUX.2-klein-base-9B
R27,electric_kettle_025,yes,4,5,4,functionality,1,4,electric_kettle,25,electric_kettle_025.png,FLUX.2-klein-base-9B
R27,desk_lamp_006,partial,1,3,4,functionality,2,3,desk_lamp,6,desk_lamp_006.png,FLUX.2-klein-base-9B
R27,early_automobile_016,yes,4,4,5,symbolism,3,4,early_automobile,16,early_automobile_016.png,FLUX.2-klein-base-9B
R27,sports_car_016,yes,5,4,5,functionality,4,3,sports_car,16,sports_car_016.png,FLUX.2-klein-base-9B
R27,early_automobile_009,yes,4,5,4,symbolism,4,4,early_automobile,9,early_automobile_009.png,FLUX.2-klein-base-9B
R27,sneakers_013,no,2,3,4,unclear,2,3,sneakers,13,sneakers_013.png,FLUX.2-klein-base-9B
R27,broom_004,yes,4,4,5,functionality,2,4,broom,4,broom_004.png,FLUX.2-klein-base-9B
R27,desk_lamp_021,yes,4,5,5,usability,2,4,desk_lamp,21,desk_lamp_021.png,FLUX.2-klein-base-9B
R27,vacuum_cleaner_023,partial,4,4,4,functionality,2,3,vacuum_cleaner,23,vacuum_cleaner_023.png,FLUX.2-klein-base-9B
R27,desk_lamp_005,yes,4,4,5,aesthetics,3,4,desk_lamp,5,desk_lamp_005.png,FLUX.2-klein-base-9B
R27,sports_car_018,yes,5,4,5,aesthetics,4,5,sports_car,18,sports_car_018.png,FLUX.2-klein-base-9B
R27,vacuum_cleaner_019,yes,4,4,4,functionality,3,4,vacuum_cleaner,19,vacuum_cleaner_019.png,FLUX.2-klein-base-9B
R27,electric_kettle_024,yes,4,4,4,usability,1,4,electric_kettle,24,electric_kettle_024.png,FLUX.2-klein-base-9B
R27,vacuum_cleaner_004,yes,4,4,5,functionality,2,4,vacuum_cleaner,4,vacuum_cleaner_004.png,FLUX.2-klein-base-9B
R27,sports_car_004,yes,4,4,4,aesthetics,3,5,sports_car,4,sports_car_004.png,FLUX.2-klein-base-9B
R27,broom_010,partial,3,3,4,unclear,1,2,broom,10,broom_010.png,FLUX.2-klein-base-9B
R27,desk_lamp_020,yes,3,3,5,functionality,4,3,desk_lamp,20,desk_lamp_020.png,FLUX.2-klein-base-9B
R27,lounge_chair_009,yes,5,4,5,usability,3,4,lounge_chair,9,lounge_chair_009.png,FLUX.2-klein-base-9B
R27,vacuum_cleaner_002,yes,5,4,4,functionality,2,4,vacuum_cleaner,2,vacuum_cleaner_002.png,FLUX.2-klein-base-9B
R27,electric_kettle_007,yes,4,5,5,functionality,2,4,electric_kettle,7,electric_kettle_007.png,FLUX.2-klein-base-9B
R27,vacuum_cleaner_012,yes,4,4,4,functionality,2,5,vacuum_cleaner,12,vacuum_cleaner_012.png,FLUX.2-klein-base-9B
R27,electric_kettle_005,yes,4,4,5,functionality,3,3,electric_kettle,5,electric_kettle_005.png,FLUX.2-klein-base-9B
R27,sneakers_020,yes,4,4,4,usability,3,5,sneakers,20,sneakers_020.png,FLUX.2-klein-base-9B
R27,electric_kettle_015,yes,4,4,4,usability,2,4,electric_kettle,15,electric_kettle_015.png,FLUX.2-klein-base-9B
R27,electric_kettle_014,yes,4,5,4,functionality,3,5,electric_kettle,14,electric_kettle_014.png,FLUX.2-klein-base-9B
R27,sneakers_023,yes,4,4,4,usability,3,4,sneakers,23,sneakers_023.png,FLUX.2-klein-base-9B
R27,broom_020,partial,5,4,4,functionality,2,3,broom,20,broom_020.png,FLUX.2-klein-base-9B
R27,broom_008,partial,4,4,4,functionality,2,5,broom,8,broom_008.png,FLUX.2-klein-base-9B
R27,sneakers_009,yes,4,4,5,functionality,3,4,sneakers,9,sneakers_009.png,FLUX.2-klein-base-9B
R27,sports_car_022,yes,4,4,4,aesthetics,4,4,sports_car,22,sports_car_022.png,FLUX.2-klein-base-9B
R27,early_automobile_013,yes,5,5,5,symbolism,4,5,early_automobile,13,early_automobile_013.png,FLUX.2-klein-base-9B
R27,sneakers_004,yes,4,4,5,functionality,3,4,sneakers,4,sneakers_004.png,FLUX.2-klein-base-9B
R27,electric_kettle_012,yes,5,5,5,functionality,2,5,electric_kettle,12,electric_kettle_012.png,FLUX.2-klein-base-9B
R27,lounge_chair_015,yes,5,5,4,functionality,3,4,lounge_chair,15,lounge_chair_015.png,FLUX.2-klein-base-9B
R27,sports_car_024,yes,5,5,4,aesthetics,4,5,sports_car,24,sports_car_024.png,FLUX.2-klein-base-9B
R27,early_automobile_001,partial,4,4,4,functionality,3,4,early_automobile,1,early_automobile_001.png,FLUX.2-klein-base-9B
R27,sports_car_021,yes,5,4,5,aesthetics,4,4,sports_car,21,sports_car_021.png,FLUX.2-klein-base-9B
R27,broom_005,yes,2,2,4,unclear,2,2,broom,5,broom_005.png,FLUX.2-klein-base-9B
R27,sneakers_011,yes,4,4,4,aesthetics,4,3,sneakers,11,sneakers_011.png,FLUX.2-klein-base-9B
R27,broom_006,yes,4,4,4,usability,2,3,broom,6,broom_006.png,FLUX.2-klein-base-9B
R27,sneakers_002,yes,5,5,5,usability,3,5,sneakers,2,sneakers_002.png,FLUX.2-klein-base-9B
R27,desk_lamp_002,yes,4,5,4,functionality,4,5,desk_lamp,2,desk_lamp_002.png,FLUX.2-klein-base-9B
R27,lounge_chair_014,yes,4,4,4,functionality,2,4,lounge_chair,14,lounge_chair_014.png,FLUX.2-klein-base-9B
R27,desk_lamp_007,yes,4,5,5,functionality,3,4,desk_lamp,7,desk_lamp_007.png,FLUX.2-klein-base-9B
R27,lounge_chair_010,yes,3,5,4,usability,4,5,lounge_chair,10,lounge_chair_010.png,FLUX.2-klein-base-9B
R27,sports_car_014,yes,5,5,5,aesthetics,5,4,sports_car,14,sports_car_014.png,FLUX.2-klein-base-9B
R27,vacuum_cleaner_017,yes,3,4,5,functionality,2,3,vacuum_cleaner,17,vacuum_cleaner_017.png,FLUX.2-klein-base-9B
R27,electric_kettle_010,yes,5,5,5,functionality,1,4,electric_kettle,10,electric_kettle_010.png,FLUX.2-klein-base-9B
R27,sneakers_021,yes,4,4,4,usability,3,4,sneakers,21,sneakers_021.png,FLUX.2-klein-base-9B
R27,lounge_chair_022,partial,3,4,4,usability,2,5,lounge_chair,22,lounge_chair_022.png,FLUX.2-klein-base-9B
R27,desk_lamp_004,yes,5,4,5,usability,3,4,desk_lamp,4,desk_lamp_004.png,FLUX.2-klein-base-9B
R27,sneakers_006,yes,2,4,4,usability,3,4,sneakers,6,sneakers_006.png,FLUX.2-klein-base-9B
R27,early_automobile_008,yes,4,4,5,symbolism,3,4,early_automobile,8,early_automobile_008.png,FLUX.2-klein-base-9B
R27,lounge_chair_012,yes,4,4,5,functionality,3,4,lounge_chair,12,lounge_chair_012.png,FLUX.2-klein-base-9B
R27,early_automobile_004,yes,3,5,5,symbolism,3,4,early_automobile,4,early_automobile_004.png,FLUX.2-klein-base-9B
R27,vacuum_cleaner_020,yes,4,5,4,symbolism,1,4,vacuum_cleaner,20,vacuum_cleaner_020.png,FLUX.2-klein-base-9B
R27,lounge_chair_016,yes,4,5,4,aesthetics,3,5,lounge_chair,16,lounge_chair_016.png,FLUX.2-klein-base-9B
R27,electric_kettle_009,yes,4,5,5,symbolism,1,3,electric_kettle,9,electric_kettle_009.png,FLUX.2-klein-base-9B
R27,electric_kettle_021,yes,5,5,4,functionality,3,4,electric_kettle,21,electric_kettle_021.png,FLUX.2-klein-base-9B
R27,broom_007,yes,4,5,4,usability,2,4,broom,7,broom_007.png,FLUX.2-klein-base-9B
R27,sneakers_014,yes,5,4,5,usability,3,5,sneakers,14,sneakers_014.png,FLUX.2-klein-base-9B
R27,early_automobile_005,yes,5,4,4,symbolism,4,4,early_automobile,5,early_automobile_005.png,FLUX.2-klein-base-9B
R27,sports_car_009,yes,4,4,4,aesthetics,3,3,sports_car,9,sports_car_009.png,FLUX.2-klein-base-9B
R27,electric_kettle_020,yes,4,4,5,functionality,3,5,electric_kettle,20,electric_kettle_020.png,FLUX.2-klein-base-9B
R27,lounge_chair_004,yes,4,4,4,usability,3,4,lounge_chair,4,lounge_chair_004.png,FLUX.2-klein-base-9B
R27,electric_kettle_013,yes,4,5,5,usability,1,4,electric_kettle,13,electric_kettle_013.png,FLUX.2-klein-base-9B
R27,sneakers_022,yes,4,4,4,usability,3,4,sneakers,22,sneakers_022.png,FLUX.2-klein-base-9B
R27,early_automobile_019,yes,4,4,4,symbolism,4,3,early_automobile,19,early_automobile_019.png,FLUX.2-klein-base-9B
R27,broom_022,yes,4,4,5,functionality,2,4,broom,22,broom_022.png,FLUX.2-klein-base-9B
R27,early_automobile_003,yes,5,4,5,symbolism,4,5,early_automobile,3,early_automobile_003.png,FLUX.2-klein-base-9B
R27,electric_kettle_008,yes,5,5,5,functionality,2,5,electric_kettle,8,electric_kettle_008.png,FLUX.2-klein-base-9B
R27,lounge_chair_025,yes,3,3,5,aesthetics,3,3,lounge_chair,25,lounge_chair_025.png,FLUX.2-klein-base-9B
R27,early_automobile_014,yes,5,4,4,symbolism,3,5,early_automobile,14,early_automobile_014.png,FLUX.2-klein-base-9B
R27,desk_lamp_013,yes,4,4,4,functionality,2,4,desk_lamp,13,desk_lamp_013.png,FLUX.2-klein-base-9B
R27,early_automobile_025,yes,5,5,5,symbolism,4,5,early_automobile,25,early_automobile_025.png,FLUX.2-klein-base-9B
R27,sports_car_023,partial,4,4,4,functionality,3,3,sports_car,23,sports_car_023.png,FLUX.2-klein-base-9B
R27,broom_024,yes,5,4,5,functionality,1,4,broom,24,broom_024.png,FLUX.2-klein-base-9B
R27,broom_015,partial,4,4,4,functionality,2,4,broom,15,broom_015.png,FLUX.2-klein-base-9B
R27,early_automobile_006,yes,4,4,5,symbolism,3,4,early_automobile,6,early_automobile_006.png,FLUX.2-klein-base-9B
R27,broom_021,yes,3,3,5,symbolism,1,3,broom,21,broom_021.png,FLUX.2-klein-base-9B
R27,sports_car_003,yes,5,4,4,aesthetics,4,4,sports_car,3,sports_car_003.png,FLUX.2-klein-base-9B
R27,lounge_chair_023,yes,4,4,4,usability,3,5,lounge_chair,23,lounge_chair_023.png,FLUX.2-klein-base-9B
R27,vacuum_cleaner_010,yes,3,4,4,functionality,2,3,vacuum_cleaner,10,vacuum_cleaner_010.png,FLUX.2-klein-base-9B
R27,sports_car_005,yes,5,4,4,aesthetics,3,4,sports_car,5,sports_car_005.png,FLUX.2-klein-base-9B
R27,vacuum_cleaner_001,yes,3,4,3,aesthetics,2,3,vacuum_cleaner,1,vacuum_cleaner_001.png,FLUX.2-klein-base-9B
R27,broom_013,yes,4,4,4,functionality,3,3,broom,13,broom_013.png,FLUX.2-klein-base-9B
R27,vacuum_cleaner_024,partial,3,3,5,functionality,2,4,vacuum_cleaner,24,vacuum_cleaner_024.png,FLUX.2-klein-base-9B
R27,early_automobile_015,yes,5,5,4,symbolism,4,4,early_automobile,15,early_automobile_015.png,FLUX.2-klein-base-9B
R27,desk_lamp_008,yes,5,4,5,aesthetics,2,5,desk_lamp,8,desk_lamp_008.png,FLUX.2-klein-base-9B
R27,desk_lamp_023,yes,4,4,4,functionality,3,4,desk_lamp,23,desk_lamp_023.png,FLUX.2-klein-base-9B
R27,lounge_chair_002,yes,4,4,5,functionality,3,4,lounge_chair,2,lounge_chair_002.png,FLUX.2-klein-base-9B
R27,vacuum_cleaner_018,partial,4,3,4,usability,3,4,vacuum_cleaner,18,vacuum_cleaner_018.png,FLUX.2-klein-base-9B
R27,electric_kettle_016,yes,5,5,5,functionality,1,5,electric_kettle,16,electric_kettle_016.png,FLUX.2-klein-base-9B
R27,lounge_chair_001,no,4,4,4,aesthetics,2,4,lounge_chair,1,lounge_chair_001.png,FLUX.2-klein-base-9B
R27,broom_011,no,3,2,3,unclear,2,2,broom,11,broom_011.png,FLUX.2-klein-base-9B
R27,lounge_chair_019,yes,5,4,4,aesthetics,3,5,lounge_chair,19,lounge_chair_019.png,FLUX.2-klein-base-9B
R27,lounge_chair_007,yes,4,4,4,aesthetics,4,3,lounge_chair,7,lounge_chair_007.png,FLUX.2-klein-base-9B
R27,sports_car_011,yes,4,5,5,symbolism,4,5,sports_car,11,sports_car_011.png,FLUX.2-klein-base-9B
R27,early_automobile_023,yes,4,5,5,symbolism,3,4,early_automobile,23,early_automobile_023.png,FLUX.2-klein-base-9B
R27,sneakers_008,yes,5,5,4,functionality,2,4,sneakers,8,sneakers_008.png,FLUX.2-klein-base-9B
R27,sneakers_015,yes,4,5,4,functionality,3,4,sneakers,15,sneakers_015.png,FLUX.2-klein-base-9B
R27,desk_lamp_024,yes,3,4,4,functionality,4,3,desk_lamp,24,desk_lamp_024.png,FLUX.2-klein-base-9B
R27,sneakers_017,yes,4,4,4,aesthetics,3,4,sneakers,17,sneakers_017.png,FLUX.2-klein-base-9B
R27,broom_017,yes,4,5,4,usability,2,5,broom,17,broom_017.png,FLUX.2-klein-base-9B
R27,desk_lamp_016,yes,4,4,4,functionality,3,3,desk_lamp,16,desk_lamp_016.png,FLUX.2-klein-base-9B
R27,sneakers_024,yes,4,5,4,functionality,3,5,sneakers,24,sneakers_024.png,FLUX.2-klein-base-9B
R27,electric_kettle_022,yes,4,4,5,functionality,2,5,electric_kettle,22,electric_kettle_022.png,FLUX.2-klein-base-9B
R27,desk_lamp_009,yes,4,4,5,usability,4,4,desk_lamp,9,desk_lamp_009.png,FLUX.2-klein-base-9B
R27,broom_001,yes,4,5,4,functionality,2,4,broom,1,broom_001.png,FLUX.2-klein-base-9B
R27,desk_lamp_010,yes,4,4,5,aesthetics,3,4,desk_lamp,10,desk_lamp_010.png,FLUX.2-klein-base-9B
R27,sneakers_001,yes,4,5,4,functionality,4,4,sneakers,1,sneakers_001.png,FLUX.2-klein-base-9B
R27,electric_kettle_011,yes,5,5,4,functionality,1,4,electric_kettle,11,electric_kettle_011.png,FLUX.2-klein-base-9B
R27,broom_023,partial,4,3,4,unclear,3,3,broom,23,broom_023.png,FLUX.2-klein-base-9B
R27,electric_kettle_001,yes,4,5,4,functionality,3,5,electric_kettle,1,electric_kettle_001.png,FLUX.2-klein-base-9B
R27,electric_kettle_004,yes,5,5,5,functionality,1,3,electric_kettle,4,electric_kettle_004.png,FLUX.2-klein-base-9B
R27,electric_kettle_023,yes,5,5,5,functionality,2,5,electric_kettle,23,electric_kettle_023.png,FLUX.2-klein-base-9B
R27,electric_kettle_017,yes,4,5,5,functionality,2,4,electric_kettle,17,electric_kettle_017.png,FLUX.2-klein-base-9B
R27,early_automobile_010,yes,4,4,5,functionality,3,5,early_automobile,10,early_automobile_010.png,FLUX.2-klein-base-9B
R27,sports_car_001,yes,4,4,4,aesthetics,3,4,sports_car,1,sports_car_001.png,FLUX.2-klein-base-9B
R27,desk_lamp_019,yes,5,5,5,aesthetics,3,4,desk_lamp,19,desk_lamp_019.png,FLUX.2-klein-base-9B
R27,sneakers_025,yes,5,4,4,functionality,2,5,sneakers,25,sneakers_025.png,FLUX.2-klein-base-9B
R27,lounge_chair_011,yes,4,4,4,usability,3,5,lounge_chair,11,lounge_chair_011.png,FLUX.2-klein-base-9B
R27,broom_019,yes,4,4,4,functionality,3,4,broom,19,broom_019.png,FLUX.2-klein-base-9B
R27,electric_kettle_006,yes,4,5,5,functionality,2,4,electric_kettle,6,electric_kettle_006.png,FLUX.2-klein-base-9B
R27,vacuum_cleaner_005,yes,3,4,5,symbolism,2,3,vacuum_cleaner,5,vacuum_cleaner_005.png,FLUX.2-klein-base-9B
R27,sneakers_018,yes,5,5,4,usability,3,4,sneakers,18,sneakers_018.png,FLUX.2-klein-base-9B
R27,sports_car_007,yes,5,4,5,functionality,5,4,sports_car,7,sports_car_007.png,FLUX.2-klein-base-9B
R27,lounge_chair_006,yes,5,4,5,aesthetics,3,5,lounge_chair,6,lounge_chair_006.png,FLUX.2-klein-base-9B
R27,desk_lamp_015,yes,3,3,5,functionality,3,3,desk_lamp,15,desk_lamp_015.png,FLUX.2-klein-base-9B
R27,desk_lamp_017,yes,5,4,5,functionality,3,4,desk_lamp,17,desk_lamp_017.png,FLUX.2-klein-base-9B
R27,vacuum_cleaner_011,yes,3,3,5,functionality,3,3,vacuum_cleaner,11,vacuum_cleaner_011.png,FLUX.2-klein-base-9B
R27,vacuum_cleaner_014,yes,4,5,4,usability,2,4,vacuum_cleaner,14,vacuum_cleaner_014.png,FLUX.2-klein-base-9B
R27,early_automobile_011,yes,4,4,4,functionality,3,3,early_automobile,11,early_automobile_011.png,FLUX.2-klein-base-9B
R27,sports_car_006,yes,3,4,5,aesthetics,4,3,sports_car,6,sports_car_006.png,FLUX.2-klein-base-9B
R27,early_automobile_020,yes,4,5,5,symbolism,3,4,early_automobile,20,early_automobile_020.png,FLUX.2-klein-base-9B
R27,broom_025,yes,3,3,4,symbolism,3,3,broom,25,broom_025.png,FLUX.2-klein-base-9B
R27,lounge_chair_020,yes,4,4,4,aesthetics,3,4,lounge_chair,20,lounge_chair_020.png,FLUX.2-klein-base-9B
R27,early_automobile_024,yes,4,5,5,symbolism,4,5,early_automobile,24,early_automobile_024.png,FLUX.2-klein-base-9B
R27,sneakers_016,yes,4,4,4,usability,3,5,sneakers,16,sneakers_016.png,FLUX.2-klein-base-9B
R27,sports_car_013,yes,4,4,4,aesthetics,4,4,sports_car,13,sports_car_013.png,FLUX.2-klein-base-9B
R27,electric_kettle_018,yes,4,4,5,usability,1,4,electric_kettle,18,electric_kettle_018.png,FLUX.2-klein-base-9B
R27,electric_kettle_003,yes,4,5,5,functionality,2,4,electric_kettle,3,electric_kettle_003.png,FLUX.2-klein-base-9B
R27,lounge_chair_003,yes,4,4,4,functionality,3,5,lounge_chair,3,lounge_chair_003.png,FLUX.2-klein-base-9B
R27,vacuum_cleaner_021,yes,4,4,5,usability,3,4,vacuum_cleaner,21,vacuum_cleaner_021.png,FLUX.2-klein-base-9B
R28,sneakers_021,yes,4,5,5,usability,1,3,sneakers,21,sneakers_021.png,FLUX.2-klein-base-9B
R28,early_automobile_003,yes,2,5,4,functionality,3,5,early_automobile,3,early_automobile_003.png,FLUX.2-klein-base-9B
R28,broom_011,no,3,1,5,unclear,3,1,broom,11,broom_011.png,FLUX.2-klein-base-9B
R28,sneakers_004,yes,5,5,5,usability,1,5,sneakers,4,sneakers_004.png,FLUX.2-klein-base-9B
R28,lounge_chair_023,partial,5,4,5,functionality,1,5,lounge_chair,23,lounge_chair_023.png,FLUX.2-klein-base-9B
R28,early_automobile_013,yes,4,5,5,functionality,1,5,early_automobile,13,early_automobile_013.png,FLUX.2-klein-base-9B
R28,lounge_chair_022,partial,5,4,5,functionality,1,5,lounge_chair,22,lounge_chair_022.png,FLUX.2-klein-base-9B
R28,early_automobile_010,yes,4,5,5,functionality,1,5,early_automobile,10,early_automobile_010.png,FLUX.2-klein-base-9B
R28,electric_kettle_022,yes,5,5,5,functionality,1,2,electric_kettle,22,electric_kettle_022.png,FLUX.2-klein-base-9B
R28,electric_kettle_012,yes,4,5,5,functionality,1,1,electric_kettle,12,electric_kettle_012.png,FLUX.2-klein-base-9B
R28,sneakers_007,yes,5,5,5,functionality,1,5,sneakers,7,sneakers_007.png,FLUX.2-klein-base-9B
R28,desk_lamp_008,yes,5,4,5,aesthetics,4,1,desk_lamp,8,desk_lamp_008.png,FLUX.2-klein-base-9B
R28,desk_lamp_009,yes,4,5,5,aesthetics,4,1,desk_lamp,9,desk_lamp_009.png,FLUX.2-klein-base-9B
R28,electric_kettle_004,yes,4,5,5,functionality,1,1,electric_kettle,4,electric_kettle_004.png,FLUX.2-klein-base-9B
R28,sneakers_002,yes,5,5,5,usability,1,5,sneakers,2,sneakers_002.png,FLUX.2-klein-base-9B
R28,broom_020,partial,4,4,5,functionality,1,1,broom,20,broom_020.png,FLUX.2-klein-base-9B
R28,desk_lamp_001,partial,4,5,5,aesthetics,4,1,desk_lamp,1,desk_lamp_001.png,FLUX.2-klein-base-9B
R28,sports_car_013,yes,5,5,5,aesthetics,4,5,sports_car,13,sports_car_013.png,FLUX.2-klein-base-9B
R28,electric_kettle_020,yes,5,5,5,functionality,4,1,electric_kettle,20,electric_kettle_020.png,FLUX.2-klein-base-9B
R28,vacuum_cleaner_003,yes,5,5,5,functionality,1,1,vacuum_cleaner,3,vacuum_cleaner_003.png,FLUX.2-klein-base-9B
R28,electric_kettle_003,yes,5,5,5,functionality,1,1,electric_kettle,3,electric_kettle_003.png,FLUX.2-klein-base-9B
R28,lounge_chair_020,partial,4,4,5,functionality,1,5,lounge_chair,20,lounge_chair_020.png,FLUX.2-klein-base-9B
R28,lounge_chair_024,partial,5,4,5,functionality,1,5,lounge_chair,24,lounge_chair_024.png,FLUX.2-klein-base-9B
R28,sneakers_019,yes,5,4,5,functionality,1,5,sneakers,19,sneakers_019.png,FLUX.2-klein-base-9B
R28,sneakers_024,yes,5,4,5,functionality,1,5,sneakers,24,sneakers_024.png,FLUX.2-klein-base-9B
R28,early_automobile_017,yes,5,4,5,functionality,1,1,early_automobile,17,early_automobile_017.png,FLUX.2-klein-base-9B
R28,sports_car_007,yes,5,4,5,aesthetics,4,1,sports_car,7,sports_car_007.png,FLUX.2-klein-base-9B
R28,early_automobile_022,yes,5,4,5,functionality,1,1,early_automobile,22,early_automobile_022.png,FLUX.2-klein-base-9B
R28,broom_014,yes,5,5,5,functionality,1,5,broom,14,broom_014.png,FLUX.2-klein-base-9B
R28,vacuum_cleaner_007,yes,5,5,5,functionality,1,1,vacuum_cleaner,7,vacuum_cleaner_007.png,FLUX.2-klein-base-9B
R28,early_automobile_011,yes,5,5,5,functionality,1,1,early_automobile,11,early_automobile_011.png,FLUX.2-klein-base-9B
R28,broom_024,yes,5,5,5,functionality,1,5,broom,24,broom_024.png,FLUX.2-klein-base-9B
R28,vacuum_cleaner_025,no,1,1,5,symbolism,5,1,vacuum_cleaner,25,vacuum_cleaner_025.png,FLUX.2-klein-base-9B
R28,sneakers_001,yes,5,5,5,functionality,1,5,sneakers,1,sneakers_001.png,FLUX.2-klein-base-9B
R28,sneakers_003,yes,5,5,5,functionality,1,5,sneakers,3,sneakers_003.png,FLUX.2-klein-base-9B
R28,sports_car_008,yes,5,5,5,aesthetics,4,1,sports_car,8,sports_car_008.png,FLUX.2-klein-base-9B
R28,desk_lamp_010,yes,5,5,5,aesthetics,4,1,desk_lamp,10,desk_lamp_010.png,FLUX.2-klein-base-9B
R28,electric_kettle_014,yes,5,4,5,functionality,1,1,electric_kettle,14,electric_kettle_014.png,FLUX.2-klein-base-9B
R28,lounge_chair_014,partial,5,4,5,aesthetics,4,5,lounge_chair,14,lounge_chair_014.png,FLUX.2-klein-base-9B
R28,vacuum_cleaner_002,yes,5,4,5,functionality,1,1,vacuum_cleaner,2,vacuum_cleaner_002.png,FLUX.2-klein-base-9B
R28,broom_012,yes,5,4,5,functionality,1,1,broom,12,broom_012.png,FLUX.2-klein-base-9B
R28,sneakers_016,yes,5,5,5,functionality,1,5,sneakers,16,sneakers_016.png,FLUX.2-klein-base-9B
R28,lounge_chair_015,partial,5,4,5,functionality,1,5,lounge_chair,15,lounge_chair_015.png,FLUX.2-klein-base-9B
R28,electric_kettle_016,yes,5,4,5,functionality,1,1,electric_kettle,16,electric_kettle_016.png,FLUX.2-klein-base-9B
R28,broom_007,yes,5,4,5,functionality,1,5,broom,7,broom_007.png,FLUX.2-klein-base-9B
R28,sports_car_005,yes,5,4,5,aesthetics,4,1,sports_car,5,sports_car_005.png,FLUX.2-klein-base-9B
R28,sports_car_022,yes,5,4,5,aesthetics,4,1,sports_car,22,sports_car_022.png,FLUX.2-klein-base-9B
R28,broom_016,partial,4,4,3,symbolism,1,1,broom,16,broom_016.png,FLUX.2-klein-base-9B
R28,lounge_chair_016,yes,5,4,5,aesthetics,4,5,lounge_chair,16,lounge_chair_016.png,FLUX.2-klein-base-9B
R28,sports_car_003,yes,5,5,4,aesthetics,4,1,sports_car,3,sports_car_003.png,FLUX.2-klein-base-9B
R28,sports_car_020,yes,5,5,5,aesthetics,4,1,sports_car,20,sports_car_020.png,FLUX.2-klein-base-9B
R28,desk_lamp_014,yes,5,4,5,aesthetics,4,1,desk_lamp,14,desk_lamp_014.png,FLUX.2-klein-base-9B
R28,early_automobile_018,yes,4,5,5,functionality,1,1,early_automobile,18,early_automobile_018.png,FLUX.2-klein-base-9B
R28,broom_005,partial,4,2,5,symbolism,1,1,broom,5,broom_005.png,FLUX.2-klein-base-9B
R28,electric_kettle_018,yes,5,4,5,functionality,1,1,electric_kettle,18,electric_kettle_018.png,FLUX.2-klein-base-9B
R28,vacuum_cleaner_012,yes,5,4,5,functionality,1,1,vacuum_cleaner,12,vacuum_cleaner_012.png,FLUX.2-klein-base-9B
R28,sneakers_017,yes,5,5,5,functionality,1,5,sneakers,17,sneakers_017.png,FLUX.2-klein-base-9B
R28,desk_lamp_004,yes,5,1,5,functionality,1,1,desk_lamp,4,desk_lamp_004.png,FLUX.2-klein-base-9B
R28,sneakers_013,yes,5,5,5,functionality,1,5,sneakers,13,sneakers_013.png,FLUX.2-klein-base-9B
R28,sports_car_023,yes,5,1,5,aesthetics,1,1,sports_car,23,sports_car_023.png,FLUX.2-klein-base-9B
R28,desk_lamp_011,yes,5,4,5,functionality,1,1,desk_lamp,11,desk_lamp_011.png,FLUX.2-klein-base-9B
R28,broom_023,partial,5,4,5,functionality,1,5,broom,23,broom_023.png,FLUX.2-klein-base-9B
R28,vacuum_cleaner_004,yes,5,4,5,functionality,1,1,vacuum_cleaner,4,vacuum_cleaner_004.png,FLUX.2-klein-base-9B
R28,early_automobile_025,yes,5,4,5,aesthetics,1,1,early_automobile,25,early_automobile_025.png,FLUX.2-klein-base-9B
R28,lounge_chair_018,partial,5,4,5,usability,1,5,lounge_chair,18,lounge_chair_018.png,FLUX.2-klein-base-9B
R28,sneakers_015,yes,5,5,5,usability,1,5,sneakers,15,sneakers_015.png,FLUX.2-klein-base-9B
R28,broom_001,yes,5,4,5,functionality,1,5,broom,1,broom_001.png,FLUX.2-klein-base-9B
R28,vacuum_cleaner_005,yes,5,4,5,functionality,1,1,vacuum_cleaner,5,vacuum_cleaner_005.png,FLUX.2-klein-base-9B
R28,early_automobile_021,yes,5,4,5,functionality,1,1,early_automobile,21,early_automobile_021.png,FLUX.2-klein-base-9B
R28,early_automobile_020,yes,5,4,5,functionality,1,1,early_automobile,20,early_automobile_020.png,FLUX.2-klein-base-9B
R28,sports_car_002,yes,5,4,5,aesthetics,4,1,sports_car,2,sports_car_002.png,FLUX.2-klein-base-9B
R28,early_automobile_002,yes,5,4,5,functionality,1,1,early_automobile,2,early_automobile_002.png,FLUX.2-klein-base-9B
R28,vacuum_cleaner_018,yes,5,4,5,functionality,1,5,vacuum_cleaner,18,vacuum_cleaner_018.png,FLUX.2-klein-base-9B
R28,sports_car_009,yes,5,4,5,aesthetics,4,1,sports_car,9,sports_car_009.png,FLUX.2-klein-base-9B
R28,desk_lamp_017,yes,5,4,5,functionality,1,1,desk_lamp,17,desk_lamp_017.png,FLUX.2-klein-base-9B
R28,desk_lamp_012,yes,5,4,5,functionality,1,1,desk_lamp,12,desk_lamp_012.png,FLUX.2-klein-base-9B
R28,lounge_chair_009,yes,5,4,5,functionality,4,4,lounge_chair,9,lounge_chair_009.png,FLUX.2-klein-base-9B
R28,electric_kettle_013,yes,5,4,5,functionality,1,1,electric_kettle,13,electric_kettle_013.png,FLUX.2-klein-base-9B
R28,sneakers_012,yes,5,5,5,functionality,1,5,sneakers,12,sneakers_012.png,FLUX.2-klein-base-9B
R28,desk_lamp_022,yes,4,2,5,aesthetics,5,1,desk_lamp,22,desk_lamp_022.png,FLUX.2-klein-base-9B
R28,desk_lamp_013,yes,5,4,5,functionality,1,1,desk_lamp,13,desk_lamp_013.png,FLUX.2-klein-base-9B
R28,sneakers_010,yes,5,5,5,functionality,1,5,sneakers,10,sneakers_010.png,FLUX.2-klein-base-9B
R28,sneakers_020,yes,5,5,5,functionality,1,5,sneakers,20,sneakers_020.png,FLUX.2-klein-base-9B
R28,desk_lamp_003,yes,5,5,5,functionality,1,1,desk_lamp,3,desk_lamp_003.png,FLUX.2-klein-base-9B
R28,vacuum_cleaner_022,yes,5,5,5,functionality,1,1,vacuum_cleaner,22,vacuum_cleaner_022.png,FLUX.2-klein-base-9B
R28,vacuum_cleaner_023,yes,5,5,4,functionality,1,3,vacuum_cleaner,23,vacuum_cleaner_023.png,FLUX.2-klein-base-9B
R28,desk_lamp_023,yes,5,5,5,functionality,1,1,desk_lamp,23,desk_lamp_023.png,FLUX.2-klein-base-9B
R28,broom_006,yes,5,4,5,functionality,1,5,broom,6,broom_006.png,FLUX.2-klein-base-9B
R28,desk_lamp_002,yes,5,5,5,functionality,1,1,desk_lamp,2,desk_lamp_002.png,FLUX.2-klein-base-9B
R28,sneakers_006,yes,5,5,5,functionality,1,5,sneakers,6,sneakers_006.png,FLUX.2-klein-base-9B
R28,sneakers_005,partial,5,2,5,aesthetics,5,1,sneakers,5,sneakers_005.png,FLUX.2-klein-base-9B
R28,electric_kettle_010,yes,5,5,5,functionality,1,1,electric_kettle,10,electric_kettle_010.png,FLUX.2-klein-base-9B
R28,electric_kettle_006,yes,5,5,5,functionality,1,1,electric_kettle,6,electric_kettle_006.png,FLUX.2-klein-base-9B
R28,early_automobile_023,yes,5,5,5,functionality,1,1,early_automobile,23,early_automobile_023.png,FLUX.2-klein-base-9B
R28,sports_car_019,yes,5,5,5,aesthetics,4,1,sports_car,19,sports_car_019.png,FLUX.2-klein-base-9B
R28,desk_lamp_025,yes,5,5,5,functionality,1,1,desk_lamp,25,desk_lamp_025.png,FLUX.2-klein-base-9B
R28,lounge_chair_002,yes,5,4,5,functionality,2,5,lounge_chair,2,lounge_chair_002.png,FLUX.2-klein-base-9B
R28,vacuum_cleaner_011,partial,1,1,5,symbolism,5,1,vacuum_cleaner,11,vacuum_cleaner_011.png,FLUX.2-klein-base-9B
R28,sports_car_010,yes,5,5,5,aesthetics,4,1,sports_car,10,sports_car_010.png,FLUX.2-klein-base-9B
R28,sneakers_009,yes,5,5,5,functionality,1,1,sneakers,9,sneakers_009.png,FLUX.2-klein-base-9B
R28,electric_kettle_023,yes,5,5,5,functionality,1,1,electric_kettle,23,electric_kettle_023.png,FLUX.2-klein-base-9B
R28,vacuum_cleaner_006,yes,1,1,5,symbolism,5,1,vacuum_cleaner,6,vacuum_cleaner_006.png,FLUX.2-klein-base-9B
R28,early_automobile_014,yes,5,5,5,symbolism,1,1,early_automobile,14,early_automobile_014.png,FLUX.2-klein-base-9B
R28,early_automobile_004,partial,4,4,5,functionality,5,1,early_automobile,4,early_automobile_004.png,FLUX.2-klein-base-9B
R28,electric_kettle_019,yes,5,5,5,functionality,1,1,electric_kettle,19,electric_kettle_019.png,FLUX.2-klein-base-9B
R28,broom_002,yes,5,5,5,functionality,1,1,broom,2,broom_002.png,FLUX.2-klein-base-9B
R28,broom_021,yes,5,5,5,functionality,1,5,broom,21,broom_021.png,FLUX.2-klein-base-9B
R28,early_automobile_019,partial,2,2,5,symbolism,1,1,early_automobile,19,early_automobile_019.png,FLUX.2-klein-base-9B
R28,lounge_chair_011,yes,5,5,5,functionality,1,5,lounge_chair,11,lounge_chair_011.png,FLUX.2-klein-base-9B
R28,sports_car_024,yes,5,5,5,aesthetics,4,1,sports_car,24,sports_car_024.png,FLUX.2-klein-base-9B
R28,broom_017,yes,5,5,5,functionality,1,5,broom,17,broom_017.png,FLUX.2-klein-base-9B
R28,vacuum_cleaner_008,partial,1,4,5,symbolism,1,1,vacuum_cleaner,8,vacuum_cleaner_008.png,FLUX.2-klein-base-9B
R28,desk_lamp_015,yes,4,4,5,aesthetics,5,1,desk_lamp,15,desk_lamp_015.png,FLUX.2-klein-base-9B
R28,desk_lamp_016,yes,5,5,5,functionality,2,5,desk_lamp,16,desk_lamp_016.png,FLUX.2-klein-base-9B
R28,vacuum_cleaner_015,yes,5,5,5,functionality,1,1,vacuum_cleaner,15,vacuum_cleaner_015.png,FLUX.2-klein-base-9B
R28,lounge_chair_017,yes,2,5,5,aesthetics,5,5,lounge_chair,17,lounge_chair_017.png,FLUX.2-klein-base-9B
R28,desk_lamp_007,yes,5,5,5,functionality,1,1,desk_lamp,7,desk_lamp_007.png,FLUX.2-klein-base-9B
R28,electric_kettle_024,yes,5,5,5,functionality,1,1,electric_kettle,24,electric_kettle_024.png,FLUX.2-klein-base-9B
R28,lounge_chair_010,partial,5,4,5,aesthetics,5,4,lounge_chair,10,lounge_chair_010.png,FLUX.2-klein-base-9B
R28,early_automobile_007,yes,5,5,5,functionality,1,1,early_automobile,7,early_automobile_007.png,FLUX.2-klein-base-9B
R28,sneakers_011,yes,5,5,5,functionality,1,1,sneakers,11,sneakers_011.png,FLUX.2-klein-base-9B
R28,early_automobile_015,yes,5,5,5,functionality,1,1,early_automobile,15,early_automobile_015.png,FLUX.2-klein-base-9B
R28,early_automobile_006,partial,2,4,5,aesthetics,5,1,early_automobile,6,early_automobile_006.png,FLUX.2-klein-base-9B
R28,sports_car_004,yes,5,5,5,aesthetics,4,1,sports_car,4,sports_car_004.png,FLUX.2-klein-base-9B
R28,lounge_chair_004,yes,5,5,5,functionality,1,5,lounge_chair,4,lounge_chair_004.png,FLUX.2-klein-base-9B
R28,sports_car_006,yes,5,5,5,aesthetics,4,1,sports_car,6,sports_car_006.png,FLUX.2-klein-base-9B
R28,sneakers_008,yes,5,5,5,functionality,1,1,sneakers,8,sneakers_008.png,FLUX.2-klein-base-9B
R28,vacuum_cleaner_010,partial,1,2,5,symbolism,1,1,vacuum_cleaner,10,vacuum_cleaner_010.png,FLUX.2-klein-base-9B
R28,early_automobile_012,yes,5,5,5,functionality,1,1,early_automobile,12,early_automobile_012.png,FLUX.2-klein-base-9B
R28,vacuum_cleaner_001,yes,5,5,5,functionality,1,1,vacuum_cleaner,1,vacuum_cleaner_001.png,FLUX.2-klein-base-9B
R28,lounge_chair_007,yes,5,5,5,aesthetics,4,4,lounge_chair,7,lounge_chair_007.png,FLUX.2-klein-base-9B
R28,desk_lamp_005,yes,5,5,5,functionality,1,1,desk_lamp,5,desk_lamp_005.png,FLUX.2-klein-base-9B
R28,lounge_chair_021,yes,5,5,5,functionality,1,1,lounge_chair,21,lounge_chair_021.png,FLUX.2-klein-base-9B
R28,vacuum_cleaner_009,yes,2,5,5,aesthetics,5,1,vacuum_cleaner,9,vacuum_cleaner_009.png,FLUX.2-klein-base-9B
R28,broom_025,no,1,1,5,aesthetics,5,1,broom,25,broom_025.png,FLUX.2-klein-base-9B
R28,lounge_chair_008,no,1,1,5,aesthetics,5,1,lounge_chair,8,lounge_chair_008.png,FLUX.2-klein-base-9B
R28,lounge_chair_005,yes,5,5,5,functionality,1,1,lounge_chair,5,lounge_chair_005.png,FLUX.2-klein-base-9B
R28,lounge_chair_013,yes,5,4,5,aesthetics,5,4,lounge_chair,13,lounge_chair_013.png,FLUX.2-klein-base-9B
R28,vacuum_cleaner_019,yes,5,5,5,functionality,1,1,vacuum_cleaner,19,vacuum_cleaner_019.png,FLUX.2-klein-base-9B
R28,electric_kettle_008,yes,5,5,5,functionality,1,1,electric_kettle,8,electric_kettle_008.png,FLUX.2-klein-base-9B
R28,broom_019,yes,5,5,5,functionality,1,5,broom,19,broom_019.png,FLUX.2-klein-base-9B
R28,sports_car_025,yes,5,5,5,aesthetics,4,1,sports_car,25,sports_car_025.png,FLUX.2-klein-base-9B
R28,electric_kettle_002,yes,5,5,5,functionality,1,1,electric_kettle,2,electric_kettle_002.png,FLUX.2-klein-base-9B
R28,sports_car_018,yes,5,5,5,aesthetics,4,1,sports_car,18,sports_car_018.png,FLUX.2-klein-base-9B
R28,desk_lamp_006,partial,2,2,5,aesthetics,5,1,desk_lamp,6,desk_lamp_006.png,FLUX.2-klein-base-9B
R28,electric_kettle_025,yes,5,5,5,functionality,1,1,electric_kettle,25,electric_kettle_025.png,FLUX.2-klein-base-9B
R28,lounge_chair_006,yes,5,5,5,functionality,1,5,lounge_chair,6,lounge_chair_006.png,FLUX.2-klein-base-9B
R28,electric_kettle_005,yes,5,5,5,functionality,1,1,electric_kettle,5,electric_kettle_005.png,FLUX.2-klein-base-9B
R28,early_automobile_016,yes,5,5,5,functionality,1,1,early_automobile,16,early_automobile_016.png,FLUX.2-klein-base-9B
R28,early_automobile_005,yes,5,5,5,functionality,1,1,early_automobile,5,early_automobile_005.png,FLUX.2-klein-base-9B
R28,electric_kettle_007,yes,5,5,5,functionality,1,1,electric_kettle,7,electric_kettle_007.png,FLUX.2-klein-base-9B
R28,sneakers_014,yes,5,5,5,functionality,1,1,sneakers,14,sneakers_014.png,FLUX.2-klein-base-9B
R28,broom_022,yes,5,5,5,functionality,1,5,broom,22,broom_022.png,FLUX.2-klein-base-9B
R28,sneakers_023,yes,5,5,5,functionality,1,1,sneakers,23,sneakers_023.png,FLUX.2-klein-base-9B
R28,sports_car_014,yes,5,5,5,aesthetics,4,1,sports_car,14,sports_car_014.png,FLUX.2-klein-base-9B
R28,lounge_chair_025,partial,2,2,5,aesthetics,5,1,lounge_chair,25,lounge_chair_025.png,FLUX.2-klein-base-9B
R28,broom_015,yes,5,4,5,functionality,1,1,broom,15,broom_015.png,FLUX.2-klein-base-9B
R28,broom_010,no,4,1,5,aesthetics,5,1,broom,10,broom_010.png,FLUX.2-klein-base-9B
R28,sports_car_015,yes,5,5,5,aesthetics,4,1,sports_car,15,sports_car_015.png,FLUX.2-klein-base-9B
R28,electric_kettle_021,yes,5,5,5,functionality,1,1,electric_kettle,21,electric_kettle_021.png,FLUX.2-klein-base-9B
R28,electric_kettle_011,yes,5,5,5,functionality,1,1,electric_kettle,11,electric_kettle_011.png,FLUX.2-klein-base-9B
R28,lounge_chair_001,yes,4,4,5,aesthetics,5,1,lounge_chair,1,lounge_chair_001.png,FLUX.2-klein-base-9B
R28,vacuum_cleaner_021,yes,5,5,5,aesthetics,4,1,vacuum_cleaner,21,vacuum_cleaner_021.png,FLUX.2-klein-base-9B
R28,early_automobile_001,yes,5,5,5,functionality,1,1,early_automobile,1,early_automobile_001.png,FLUX.2-klein-base-9B
R28,desk_lamp_019,yes,5,5,5,functionality,1,1,desk_lamp,19,desk_lamp_019.png,FLUX.2-klein-base-9B
R28,early_automobile_008,yes,5,5,5,functionality,1,1,early_automobile,8,early_automobile_008.png,FLUX.2-klein-base-9B
R28,desk_lamp_024,yes,5,5,5,functionality,4,1,desk_lamp,24,desk_lamp_024.png,FLUX.2-klein-base-9B
R28,lounge_chair_012,yes,5,5,5,functionality,1,5,lounge_chair,12,lounge_chair_012.png,FLUX.2-klein-base-9B
R28,electric_kettle_001,yes,5,4,5,functionality,1,1,electric_kettle,1,electric_kettle_001.png,FLUX.2-klein-base-9B
R28,vacuum_cleaner_024,partial,2,4,5,aesthetics,5,1,vacuum_cleaner,24,vacuum_cleaner_024.png,FLUX.2-klein-base-9B
R28,electric_kettle_015,yes,1,4,5,aesthetics,5,1,electric_kettle,15,electric_kettle_015.png,FLUX.2-klein-base-9B
R28,early_automobile_009,yes,5,5,5,functionality,1,1,early_automobile,9,early_automobile_009.png,FLUX.2-klein-base-9B
R28,sports_car_011,yes,5,5,5,aesthetics,4,1,sports_car,11,sports_car_011.png,FLUX.2-klein-base-9B
R28,sneakers_018,yes,5,5,5,functionality,1,1,sneakers,18,sneakers_018.png,FLUX.2-klein-base-9B
R28,sneakers_025,yes,5,5,5,functionality,1,1,sneakers,25,sneakers_025.png,FLUX.2-klein-base-9B
R28,lounge_chair_003,yes,5,5,5,functionality,1,5,lounge_chair,3,lounge_chair_003.png,FLUX.2-klein-base-9B
R28,sports_car_012,yes,5,5,5,aesthetics,4,1,sports_car,12,sports_car_012.png,FLUX.2-klein-base-9B
R28,lounge_chair_019,yes,5,5,5,functionality,1,4,lounge_chair,19,lounge_chair_019.png,FLUX.2-klein-base-9B
R28,broom_009,no,1,1,5,aesthetics,5,1,broom,9,broom_009.png,FLUX.2-klein-base-9B
R28,vacuum_cleaner_017,no,1,1,5,symbolism,5,1,vacuum_cleaner,17,vacuum_cleaner_017.png,FLUX.2-klein-base-9B
R28,sneakers_022,yes,5,5,5,functionality,1,1,sneakers,22,sneakers_022.png,FLUX.2-klein-base-9B
R28,sports_car_017,yes,5,5,5,aesthetics,4,1,sports_car,17,sports_car_017.png,FLUX.2-klein-base-9B
R28,desk_lamp_018,yes,5,5,5,functionality,1,1,desk_lamp,18,desk_lamp_018.png,FLUX.2-klein-base-9B
R28,broom_008,yes,5,5,5,functionality,1,5,broom,8,broom_008.png,FLUX.2-klein-base-9B
R28,sports_car_016,yes,5,5,5,aesthetics,4,1,sports_car,16,sports_car_016.png,FLUX.2-klein-base-9B
R28,early_automobile_024,yes,5,5,5,functionality,1,1,early_automobile,24,early_automobile_024.png,FLUX.2-klein-base-9B
R28,broom_013,partial,5,5,5,functionality,1,1,broom,13,broom_013.png,FLUX.2-klein-base-9B
R28,vacuum_cleaner_014,yes,5,5,5,functionality,1,1,vacuum_cleaner,14,vacuum_cleaner_014.png,FLUX.2-klein-base-9B
R28,vacuum_cleaner_020,yes,5,5,5,functionality,2,1,vacuum_cleaner,20,vacuum_cleaner_020.png,FLUX.2-klein-base-9B
R28,broom_018,yes,5,5,5,functionality,1,1,broom,18,broom_018.png,FLUX.2-klein-base-9B
R28,vacuum_cleaner_013,yes,5,5,5,functionality,1,1,vacuum_cleaner,13,vacuum_cleaner_013.png,FLUX.2-klein-base-9B
R28,sports_car_021,yes,5,5,5,aesthetics,4,1,sports_car,21,sports_car_021.png,FLUX.2-klein-base-9B
R28,desk_lamp_020,yes,1,4,5,aesthetics,5,1,desk_lamp,20,desk_lamp_020.png,FLUX.2-klein-base-9B
R28,electric_kettle_017,yes,5,5,5,functionality,1,1,electric_kettle,17,electric_kettle_017.png,FLUX.2-klein-base-9B
R28,sports_car_001,yes,5,5,5,aesthetics,4,1,sports_car,1,sports_car_001.png,FLUX.2-klein-base-9B
R28,desk_lamp_021,yes,5,5,5,functionality,1,1,desk_lamp,21,desk_lamp_021.png,FLUX.2-klein-base-9B
R28,broom_003,no,1,1,5,aesthetics,5,1,broom,3,broom_003.png,FLUX.2-klein-base-9B
R28,electric_kettle_009,yes,5,5,5,functionality,1,1,electric_kettle,9,electric_kettle_009.png,FLUX.2-klein-base-9B
R28,vacuum_cleaner_016,yes,2,4,5,aesthetics,5,1,vacuum_cleaner,16,vacuum_cleaner_016.png,FLUX.2-klein-base-9B
R28,broom_004,yes,5,5,5,functionality,1,5,broom,4,broom_004.png,FLUX.2-klein-base-9B
R29,vacuum_cleaner_013,yes,5,5,4,aesthetics,4,4,vacuum_cleaner,13,vacuum_cleaner_013.png,FLUX.2-klein-base-9B
R29,desk_lamp_016,yes,3,4,3,functionality,4,3,desk_lamp,16,desk_lamp_016.png,FLUX.2-klein-base-9B
R29,lounge_chair_008,partial,3,1,3,unclear,4,1,lounge_chair,8,lounge_chair_008.png,FLUX.2-klein-base-9B
R29,sneakers_023,yes,3,5,4,symbolism,3,5,sneakers,23,sneakers_023.png,FLUX.2-klein-base-9B
R29,broom_013,partial,3,3,3,functionality,1,4,broom,13,broom_013.png,FLUX.2-klein-base-9B
R29,early_automobile_001,yes,2,5,4,functionality,2,4,early_automobile,1,early_automobile_001.png,FLUX.2-klein-base-9B
R29,electric_kettle_011,yes,5,5,5,functionality,2,4,electric_kettle,11,electric_kettle_011.png,FLUX.2-klein-base-9B
R29,vacuum_cleaner_018,yes,5,5,5,usability,4,3,vacuum_cleaner,18,vacuum_cleaner_018.png,FLUX.2-klein-base-9B
R29,early_automobile_017,yes,5,5,5,usability,3,5,early_automobile,17,early_automobile_017.png,FLUX.2-klein-base-9B
R29,sneakers_009,yes,5,5,5,usability,3,5,sneakers,9,sneakers_009.png,FLUX.2-klein-base-9B
R29,lounge_chair_012,yes,5,5,5,aesthetics,3,5,lounge_chair,12,lounge_chair_012.png,FLUX.2-klein-base-9B
R29,vacuum_cleaner_009,yes,4,5,3,usability,3,5,vacuum_cleaner,9,vacuum_cleaner_009.png,FLUX.2-klein-base-9B
R29,sports_car_021,yes,5,5,5,functionality,3,3,sports_car,21,sports_car_021.png,FLUX.2-klein-base-9B
R29,electric_kettle_022,yes,5,5,3,usability,1,5,electric_kettle,22,electric_kettle_022.png,FLUX.2-klein-base-9B
R29,vacuum_cleaner_011,partial,1,4,4,unclear,1,2,vacuum_cleaner,11,vacuum_cleaner_011.png,FLUX.2-klein-base-9B
R29,sneakers_011,yes,5,5,3,aesthetics,5,4,sneakers,11,sneakers_011.png,FLUX.2-klein-base-9B
R29,sneakers_002,yes,3,5,4,usability,3,5,sneakers,2,sneakers_002.png,FLUX.2-klein-base-9B
R29,lounge_chair_017,yes,5,5,4,aesthetics,4,4,lounge_chair,17,lounge_chair_017.png,FLUX.2-klein-base-9B
R29,sneakers_021,yes,2,3,3,aesthetics,2,3,sneakers,21,sneakers_021.png,FLUX.2-klein-base-9B
R29,early_automobile_013,yes,4,5,4,symbolism,3,5,early_automobile,13,early_automobile_013.png,FLUX.2-klein-base-9B
R29,desk_lamp_025,yes,2,4,4,functionality,4,4,desk_lamp,25,desk_lamp_025.png,FLUX.2-klein-base-9B
R29,electric_kettle_018,yes,3,5,4,functionality,2,5,electric_kettle,18,electric_kettle_018.png,FLUX.2-klein-base-9B
R29,early_automobile_023,yes,3,5,3,symbolism,5,2,early_automobile,23,early_automobile_023.png,FLUX.2-klein-base-9B
R29,vacuum_cleaner_012,yes,3,4,3,functionality,2,3,vacuum_cleaner,12,vacuum_cleaner_012.png,FLUX.2-klein-base-9B
R29,sports_car_004,yes,4,5,5,aesthetics,3,5,sports_car,4,sports_car_004.png,FLUX.2-klein-base-9B
R29,vacuum_cleaner_001,yes,2,4,3,usability,1,4,vacuum_cleaner,1,vacuum_cleaner_001.png,FLUX.2-klein-base-9B
R29,sneakers_022,yes,4,5,5,functionality,3,4,sneakers,22,sneakers_022.png,FLUX.2-klein-base-9B
R29,electric_kettle_017,yes,4,5,4,functionality,1,5,electric_kettle,17,electric_kettle_017.png,FLUX.2-klein-base-9B
R29,broom_003,no,5,1,5,functionality,1,2,broom,3,broom_003.png,FLUX.2-klein-base-9B
R29,sneakers_016,yes,4,5,5,usability,4,5,sneakers,16,sneakers_016.png,FLUX.2-klein-base-9B
R29,sneakers_020,yes,2,5,5,usability,3,4,sneakers,20,sneakers_020.png,FLUX.2-klein-base-9B
R29,early_automobile_018,partial,1,3,4,functionality,3,3,early_automobile,18,early_automobile_018.png,FLUX.2-klein-base-9B
R29,sports_car_025,yes,3,5,4,aesthetics,4,5,sports_car,25,sports_car_025.png,FLUX.2-klein-base-9B
R29,sports_car_002,yes,5,5,4,aesthetics,4,5,sports_car,2,sports_car_002.png,FLUX.2-klein-base-9B
R29,electric_kettle_006,yes,4,5,4,functionality,2,5,electric_kettle,6,electric_kettle_006.png,FLUX.2-klein-base-9B
R29,lounge_chair_013,partial,4,3,4,usability,3,2,lounge_chair,13,lounge_chair_013.png,FLUX.2-klein-base-9B
R29,broom_012,no,4,1,5,unclear,1,1,broom,12,broom_012.png,FLUX.2-klein-base-9B
R29,sneakers_010,partial,1,3,4,usability,2,2,sneakers,10,sneakers_010.png,FLUX.2-klein-base-9B
R29,broom_023,partial,4,1,4,unclear,2,2,broom,23,broom_023.png,FLUX.2-klein-base-9B
R29,sports_car_013,yes,4,4,4,aesthetics,5,4,sports_car,13,sports_car_013.png,FLUX.2-klein-base-9B
R29,electric_kettle_005,yes,5,5,5,functionality,2,4,electric_kettle,5,electric_kettle_005.png,FLUX.2-klein-base-9B
R29,desk_lamp_023,yes,5,5,5,aesthetics,4,5,desk_lamp,23,desk_lamp_023.png,FLUX.2-klein-base-9B
R29,broom_015,yes,2,4,4,functionality,1,3,broom,15,broom_015.png,FLUX.2-klein-base-9B
R29,lounge_chair_004,yes,5,5,5,usability,3,5,lounge_chair,4,lounge_chair_004.png,FLUX.2-klein-base-9B
R29,broom_011,no,3,1,3,unclear,1,2,broom,11,broom_011.png,FLUX.2-klein-base-9B
R29,early_automobile_004,yes,3,5,4,symbolism,3,3,early_automobile,4,early_automobile_004.png,FLUX.2-klein-base-9B
R29,desk_lamp_013,yes,5,5,5,functionality,2,5,desk_lamp,13,desk_lamp_013.png,FLUX.2-klein-base-9B
R29,vacuum_cleaner_006,partial,2,4,4,functionality,1,2,vacuum_cleaner,6,vacuum_cleaner_006.png,FLUX.2-klein-base-9B
R29,broom_021,yes,3,3,4,functionality,1,2,broom,21,broom_021.png,FLUX.2-klein-base-9B
R29,lounge_chair_011,yes,5,4,4,usability,3,5,lounge_chair,11,lounge_chair_011.png,FLUX.2-klein-base-9B
R29,lounge_chair_025,partial,3,3,4,usability,4,3,lounge_chair,25,lounge_chair_025.png,FLUX.2-klein-base-9B
R29,early_automobile_016,yes,5,5,5,symbolism,2,5,early_automobile,16,early_automobile_016.png,FLUX.2-klein-base-9B
R29,desk_lamp_017,yes,5,5,5,functionality,2,5,desk_lamp,17,desk_lamp_017.png,FLUX.2-klein-base-9B
R29,electric_kettle_013,yes,5,5,5,functionality,2,5,electric_kettle,13,electric_kettle_013.png,FLUX.2-klein-base-9B
R29,electric_kettle_002,yes,5,5,4,functionality,1,3,electric_kettle,2,electric_kettle_002.png,FLUX.2-klein-base-9B
R29,sports_car_007,yes,5,5,4,aesthetics,5,3,sports_car,7,sports_car_007.png,FLUX.2-klein-base-9B
R29,desk_lamp_015,partial,2,3,3,aesthetics,4,4,desk_lamp,15,desk_lamp_015.png,FLUX.2-klein-base-9B
R29,sneakers_008,yes,5,5,5,usability,3,5,sneakers,8,sneakers_008.png,FLUX.2-klein-base-9B
R29,desk_lamp_018,yes,5,5,5,functionality,3,5,desk_lamp,18,desk_lamp_018.png,FLUX.2-klein-base-9B
R29,lounge_chair_020,yes,3,5,3,usability,3,4,lounge_chair,20,lounge_chair_020.png,FLUX.2-klein-base-9B
R29,broom_002,partial,2,3,3,usability,1,3,broom,2,broom_002.png,FLUX.2-klein-base-9B
R29,vacuum_cleaner_002,yes,5,5,4,functionality,2,5,vacuum_cleaner,2,vacuum_cleaner_002.png,FLUX.2-klein-base-9B
R29,sneakers_005,partial,1,4,4,functionality,1,2,sneakers,5,sneakers_005.png,FLUX.2-klein-base-9B
R29,vacuum_cleaner_019,yes,4,5,5,functionality,2,5,vacuum_cleaner,19,vacuum_cleaner_019.png,FLUX.2-klein-base-9B
R29,desk_lamp_002,yes,4,5,5,functionality,3,5,desk_lamp,2,desk_lamp_002.png,FLUX.2-klein-base-9B
R29,sports_car_018,yes,4,5,4,aesthetics,4,5,sports_car,18,sports_car_018.png,FLUX.2-klein-base-9B
R29,electric_kettle_007,yes,4,5,5,functionality,1,4,electric_kettle,7,electric_kettle_007.png,FLUX.2-klein-base-9B
R29,sports_car_001,yes,3,5,5,aesthetics,5,5,sports_car,1,sports_car_001.png,FLUX.2-klein-base-9B
R29,early_automobile_007,yes,5,5,3,symbolism,3,5,early_automobile,7,early_automobile_007.png,FLUX.2-klein-base-9B
R29,sneakers_015,yes,3,5,3,usability,3,4,sneakers,15,sneakers_015.png,FLUX.2-klein-base-9B
R29,vacuum_cleaner_007,yes,2,4,4,functionality,1,2,vacuum_cleaner,7,vacuum_cleaner_007.png,FLUX.2-klein-base-9B
R29,sports_car_008,yes,3,5,4,aesthetics,4,5,sports_car,8,sports_car_008.png,FLUX.2-klein-base-9B
R29,vacuum_cleaner_003,yes,1,3,3,functionality,2,3,vacuum_cleaner,3,vacuum_cleaner_003.png,FLUX.2-klein-base-9B
R29,sneakers_013,partial,1,2,4,unclear,3,2,sneakers,13,sneakers_013.png,FLUX.2-klein-base-9B
R29,lounge_chair_015,yes,5,5,3,usability,3,5,lounge_chair,15,lounge_chair_015.png,FLUX.2-klein-base-9B
R29,desk_lamp_021,yes,4,5,4,functionality,3,5,desk_lamp,21,desk_lamp_021.png,FLUX.2-klein-base-9B
R29,sports_car_012,yes,4,4,5,aesthetics,4,4,sports_car,12,sports_car_012.png,FLUX.2-klein-base-9B
R29,broom_024,yes,5,5,5,usability,1,4,broom,24,broom_024.png,FLUX.2-klein-base-9B
R29,broom_004,yes,4,5,5,usability,1,5,broom,4,broom_004.png,FLUX.2-klein-base-9B
R29,broom_010,partial,1,3,4,usability,2,2,broom,10,broom_010.png,FLUX.2-klein-base-9B
R29,vacuum_cleaner_015,yes,5,5,5,functionality,2,5,vacuum_cleaner,15,vacuum_cleaner_015.png,FLUX.2-klein-base-9B
R29,sneakers_014,yes,4,5,5,usability,3,5,sneakers,14,sneakers_014.png,FLUX.2-klein-base-9B
R29,lounge_chair_024,yes,5,5,4,usability,3,3,lounge_chair,24,lounge_chair_024.png,FLUX.2-klein-base-9B
R29,broom_006,yes,5,5,5,usability,1,5,broom,6,broom_006.png,FLUX.2-klein-base-9B
R29,early_automobile_002,yes,4,5,3,symbolism,2,4,early_automobile,2,early_automobile_002.png,FLUX.2-klein-base-9B
R29,early_automobile_005,yes,5,5,5,symbolism,5,5,early_automobile,5,early_automobile_005.png,FLUX.2-klein-base-9B
R29,early_automobile_003,yes,5,5,5,symbolism,5,5,early_automobile,3,early_automobile_003.png,FLUX.2-klein-base-9B
R29,sports_car_017,yes,4,5,5,functionality,3,5,sports_car,17,sports_car_017.png,FLUX.2-klein-base-9B
R29,desk_lamp_006,partial,1,2,4,unclear,3,2,desk_lamp,6,desk_lamp_006.png,FLUX.2-klein-base-9B
R29,desk_lamp_014,yes,4,5,4,aesthetics,5,4,desk_lamp,14,desk_lamp_014.png,FLUX.2-klein-base-9B
R29,lounge_chair_019,yes,4,5,5,aesthetics,4,4,lounge_chair,19,lounge_chair_019.png,FLUX.2-klein-base-9B
R29,lounge_chair_023,yes,4,4,4,usability,3,5,lounge_chair,23,lounge_chair_023.png,FLUX.2-klein-base-9B
R29,lounge_chair_009,yes,3,4,3,usability,3,3,lounge_chair,9,lounge_chair_009.png,FLUX.2-klein-base-9B
R29,lounge_chair_018,yes,4,4,5,usability,2,4,lounge_chair,18,lounge_chair_018.png,FLUX.2-klein-base-9B
R29,early_automobile_008,yes,4,5,4,symbolism,3,4,early_automobile,8,early_automobile_008.png,FLUX.2-klein-base-9B
R29,electric_kettle_003,yes,4,5,4,functionality,2,4,electric_kettle,3,electric_kettle_003.png,FLUX.2-klein-base-9B
R29,desk_lamp_005,yes,3,5,4,aesthetics,4,4,desk_lamp,5,desk_lamp_005.png,FLUX.2-klein-base-9B
R29,sneakers_012,yes,4,5,4,usability,3,4,sneakers,12,sneakers_012.png,FLUX.2-klein-base-9B
R29,sports_car_009,yes,3,5,5,functionality,3,4,sports_car,9,sports_car_009.png,FLUX.2-klein-base-9B
R29,vacuum_cleaner_005,yes,3,4,5,functionality,3,3,vacuum_cleaner,5,vacuum_cleaner_005.png,FLUX.2-klein-base-9B
R29,sports_car_024,yes,5,5,4,aesthetics,3,5,sports_car,24,sports_car_024.png,FLUX.2-klein-base-9B
R29,sports_car_006,yes,2,4,4,unclear,4,3,sports_car,6,sports_car_006.png,FLUX.2-klein-base-9B
R29,early_automobile_009,yes,5,5,4,symbolism,4,4,early_automobile,9,early_automobile_009.png,FLUX.2-klein-base-9B
R29,broom_020,yes,5,4,5,symbolism,4,3,broom,20,broom_020.png,FLUX.2-klein-base-9B
R29,vacuum_cleaner_004,yes,5,5,5,usability,3,5,vacuum_cleaner,4,vacuum_cleaner_004.png,FLUX.2-klein-base-9B
R29,desk_lamp_010,yes,2,5,5,unclear,3,4,desk_lamp,10,desk_lamp_010.png,FLUX.2-klein-base-9B
R29,early_automobile_010,yes,5,5,4,symbolism,5,5,early_automobile,10,early_automobile_010.png,FLUX.2-klein-base-9B
R29,electric_kettle_019,yes,4,5,4,functionality,1,5,electric_kettle,19,electric_kettle_019.png,FLUX.2-klein-base-9B
R29,lounge_chair_002,yes,5,5,3,usability,4,5,lounge_chair,2,lounge_chair_002.png,FLUX.2-klein-base-9B
R29,lounge_chair_022,yes,3,4,4,usability,3,4,lounge_chair,22,lounge_chair_022.png,FLUX.2-klein-base-9B
R29,vacuum_cleaner_020,yes,4,5,4,usability,3,5,vacuum_cleaner,20,vacuum_cleaner_020.png,FLUX.2-klein-base-9B
R29,sneakers_018,yes,4,5,4,functionality,3,4,sneakers,18,sneakers_018.png,FLUX.2-klein-base-9B
R29,early_automobile_011,yes,3,4,3,symbolism,3,3,early_automobile,11,early_automobile_011.png,FLUX.2-klein-base-9B
R29,electric_kettle_021,yes,4,5,4,functionality,1,5,electric_kettle,21,electric_kettle_021.png,FLUX.2-klein-base-9B
R29,electric_kettle_025,yes,5,5,5,functionality,1,5,electric_kettle,25,electric_kettle_025.png,FLUX.2-klein-base-9B
R29,desk_lamp_012,yes,4,5,5,aesthetics,4,5,desk_lamp,12,desk_lamp_012.png,FLUX.2-klein-base-9B
R29,sports_car_005,yes,2,5,4,symbolism,4,5,sports_car,5,sports_car_005.png,FLUX.2-klein-base-9B
R29,electric_kettle_008,yes,5,5,5,functionality,1,5,electric_kettle,8,electric_kettle_008.png,FLUX.2-klein-base-9B
R29,desk_lamp_024,yes,2,4,4,aesthetics,3,4,desk_lamp,24,desk_lamp_024.png,FLUX.2-klein-base-9B
R29,lounge_chair_005,yes,4,5,4,usability,3,4,lounge_chair,5,lounge_chair_005.png,FLUX.2-klein-base-9B
R29,vacuum_cleaner_017,yes,3,5,3,functionality,1,3,vacuum_cleaner,17,vacuum_cleaner_017.png,FLUX.2-klein-base-9B
R29,sneakers_003,yes,4,5,5,usability,3,5,sneakers,3,sneakers_003.png,FLUX.2-klein-base-9B
R29,desk_lamp_003,yes,5,5,4,functionality,3,5,desk_lamp,3,desk_lamp_003.png,FLUX.2-klein-base-9B
R29,sports_car_003,yes,5,5,5,aesthetics,5,5,sports_car,3,sports_car_003.png,FLUX.2-klein-base-9B
R29,electric_kettle_001,yes,5,5,4,functionality,1,4,electric_kettle,1,electric_kettle_001.png,FLUX.2-klein-base-9B
R29,broom_014,yes,4,2,4,functionality,1,3,broom,14,broom_014.png,FLUX.2-klein-base-9B
R29,sports_car_022,yes,2,4,3,unclear,3,4,sports_car,22,sports_car_022.png,FLUX.2-klein-base-9B
R29,electric_kettle_023,yes,5,5,4,functionality,1,4,electric_kettle,23,electric_kettle_023.png,FLUX.2-klein-base-9B
R29,sports_car_023,yes,2,4,3,functionality,2,3,sports_car,23,sports_car_023.png,FLUX.2-klein-base-9B
R29,broom_018,partial,4,3,3,functionality,2,3,broom,18,broom_018.png,FLUX.2-klein-base-9B
R29,desk_lamp_019,yes,3,5,5,usability,3,5,desk_lamp,19,desk_lamp_019.png,FLUX.2-klein-base-9B
R29,desk_lamp_004,yes,5,4,4,usability,3,5,desk_lamp,4,desk_lamp_004.png,FLUX.2-klein-base-9B
R29,lounge_chair_021,yes,4,5,4,usability,3,4,lounge_chair,21,lounge_chair_021.png,FLUX.2-klein-base-9B
R29,lounge_chair_001,yes,3,4,4,unclear,3,2,lounge_chair,1,lounge_chair_001.png,FLUX.2-klein-base-9B
R29,broom_022,yes,4,4,5,functionality,1,5,broom,22,broom_022.png,FLUX.2-klein-base-9B
R29,sports_car_011,yes,4,5,5,aesthetics,4,5,sports_car,11,sports_car_011.png,FLUX.2-klein-base-9B
R29,sports_car_014,yes,5,5,5,aesthetics,4,5,sports_car,14,sports_car_014.png,FLUX.2-klein-base-9B
R29,lounge_chair_003,yes,5,4,4,usability,3,5,lounge_chair,3,lounge_chair_003.png,FLUX.2-klein-base-9B
R29,electric_kettle_014,yes,4,5,5,functionality,3,5,electric_kettle,14,electric_kettle_014.png,FLUX.2-klein-base-9B
R29,vacuum_cleaner_010,yes,3,5,4,functionality,2,4,vacuum_cleaner,10,vacuum_cleaner_010.png,FLUX.2-klein-base-9B
R29,sneakers_019,yes,5,5,5,functionality,3,5,sneakers,19,sneakers_019.png,FLUX.2-klein-base-9B
R29,lounge_chair_007,yes,3,3,1,unclear,3,3,lounge_chair,7,lounge_chair_007.png,FLUX.2-klein-base-9B
R29,desk_lamp_001,partial,2,4,3,aesthetics,4,3,desk_lamp,1,desk_lamp_001.png,FLUX.2-klein-base-9B
R29,broom_017,yes,4,5,4,functionality,2,4,broom,17,broom_017.png,FLUX.2-klein-base-9B
R29,sports_car_020,partial,1,4,3,aesthetics,3,3,sports_car,20,sports_car_020.png,FLUX.2-klein-base-9B
R29,vacuum_cleaner_023,yes,2,5,3,functionality,3,4,vacuum_cleaner,23,vacuum_cleaner_023.png,FLUX.2-klein-base-9B
R29,vacuum_cleaner_025,partial,3,4,3,symbolism,2,3,vacuum_cleaner,25,vacuum_cleaner_025.png,FLUX.2-klein-base-9B
R29,early_automobile_022,yes,5,4,4,symbolism,5,5,early_automobile,22,early_automobile_022.png,FLUX.2-klein-base-9B
R29,sneakers_007,yes,3,4,3,usability,3,4,sneakers,7,sneakers_007.png,FLUX.2-klein-base-9B
R29,early_automobile_015,yes,5,5,4,symbolism,5,4,early_automobile,15,early_automobile_015.png,FLUX.2-klein-base-9B
R29,sports_car_019,yes,4,5,4,functionality,3,5,sports_car,19,sports_car_019.png,FLUX.2-klein-base-9B
R29,lounge_chair_010,yes,5,4,4,usability,3,4,lounge_chair,10,lounge_chair_010.png,FLUX.2-klein-base-9B
R29,desk_lamp_008,yes,4,5,5,aesthetics,4,5,desk_lamp,8,desk_lamp_008.png,FLUX.2-klein-base-9B
R29,electric_kettle_004,yes,5,5,4,functionality,2,4,electric_kettle,4,electric_kettle_004.png,FLUX.2-klein-base-9B
R29,early_automobile_024,yes,4,5,5,symbolism,5,5,early_automobile,24,early_automobile_024.png,FLUX.2-klein-base-9B
R29,broom_009,partial,5,1,5,unclear,1,1,broom,9,broom_009.png,FLUX.2-klein-base-9B
R29,vacuum_cleaner_024,partial,2,3,3,functionality,2,3,vacuum_cleaner,24,vacuum_cleaner_024.png,FLUX.2-klein-base-9B
R29,early_automobile_020,yes,5,5,3,symbolism,5,5,early_automobile,20,early_automobile_020.png,FLUX.2-klein-base-9B
R29,broom_019,yes,5,5,4,functionality,2,3,broom,19,broom_019.png,FLUX.2-klein-base-9B
R29,vacuum_cleaner_021,yes,4,5,4,usability,2,4,vacuum_cleaner,21,vacuum_cleaner_021.png,FLUX.2-klein-base-9B
R29,vacuum_cleaner_022,partial,1,4,3,functionality,3,4,vacuum_cleaner,22,vacuum_cleaner_022.png,FLUX.2-klein-base-9B
R29,broom_007,yes,5,4,4,usability,2,4,broom,7,broom_007.png,FLUX.2-klein-base-9B
R29,electric_kettle_015,yes,2,4,3,functionality,4,3,electric_kettle,15,electric_kettle_015.png,FLUX.2-klein-base-9B
R29,lounge_chair_006,yes,5,5,5,functionality,3,4,lounge_chair,6,lounge_chair_006.png,FLUX.2-klein-base-9B
R29,lounge_chair_014,yes,5,4,5,functionality,3,5,lounge_chair,14,lounge_chair_014.png,FLUX.2-klein-base-9B
R29,desk_lamp_020,yes,5,4,5,usability,3,5,desk_lamp,20,desk_lamp_020.png,FLUX.2-klein-base-9B
R29,sneakers_024,yes,5,5,5,functionality,3,5,sneakers,24,sneakers_024.png,FLUX.2-klein-base-9B
R29,sports_car_016,yes,4,5,5,aesthetics,4,5,sports_car,16,sports_car_016.png,FLUX.2-klein-base-9B
R29,broom_008,yes,3,5,4,functionality,2,5,broom,8,broom_008.png,FLUX.2-klein-base-9B
R29,electric_kettle_020,yes,5,5,5,functionality,1,5,electric_kettle,20,electric_kettle_020.png,FLUX.2-klein-base-9B
R29,vacuum_cleaner_014,yes,3,4,3,unclear,3,4,vacuum_cleaner,14,vacuum_cleaner_014.png,FLUX.2-klein-base-9B
R29,electric_kettle_009,yes,5,5,5,functionality,2,5,electric_kettle,9,electric_kettle_009.png,FLUX.2-klein-base-9B
R29,electric_kettle_024,yes,5,5,4,functionality,2,5,electric_kettle,24,electric_kettle_024.png,FLUX.2-klein-base-9B
R29,desk_lamp_011,yes,5,5,5,functionality,3,4,desk_lamp,11,desk_lamp_011.png,FLUX.2-klein-base-9B
R29,desk_lamp_007,yes,5,5,5,usability,3,4,desk_lamp,7,desk_lamp_007.png,FLUX.2-klein-base-9B
R29,sneakers_017,yes,5,5,4,aesthetics,4,5,sneakers,17,sneakers_017.png,FLUX.2-klein-base-9B
R29,early_automobile_014,yes,4,5,5,symbolism,5,5,early_automobile,14,early_automobile_014.png,FLUX.2-klein-base-9B
R29,sneakers_004,yes,5,5,5,functionality,3,5,sneakers,4,sneakers_004.png,FLUX.2-klein-base-9B
R29,broom_016,yes,5,2,5,unclear,1,2,broom,16,broom_016.png,FLUX.2-klein-base-9B
R29,early_automobile_021,yes,5,5,5,symbolism,5,5,early_automobile,21,early_automobile_021.png,FLUX.2-klein-base-9B
R29,broom_001,yes,5,5,4,functionality,1,5,broom,1,broom_001.png,FLUX.2-klein-base-9B
R29,broom_025,partial,5,5,4,functionality,2,4,broom,25,broom_025.png,FLUX.2-klein-base-9B
R29,vacuum_cleaner_016,yes,2,4,3,functionality,2,4,vacuum_cleaner,16,vacuum_cleaner_016.png,FLUX.2-klein-base-9B
R29,broom_005,yes,1,1,5,unclear,1,1,broom,5,broom_005.png,FLUX.2-klein-base-9B
R29,electric_kettle_016,yes,5,5,5,functionality,4,5,electric_kettle,16,electric_kettle_016.png,FLUX.2-klein-base-9B
R29,early_automobile_006,yes,3,4,4,symbolism,5,4,early_automobile,6,early_automobile_006.png,FLUX.2-klein-base-9B
R29,early_automobile_012,yes,5,5,5,symbolism,5,5,early_automobile,12,early_automobile_012.png,FLUX.2-klein-base-9B
R29,desk_lamp_009,yes,5,5,3,usability,4,5,desk_lamp,9,desk_lamp_009.png,FLUX.2-klein-base-9B
R29,vacuum_cleaner_008,yes,4,5,5,functionality,2,4,vacuum_cleaner,8,vacuum_cleaner_008.png,FLUX.2-klein-base-9B
R29,desk_lamp_022,yes,4,4,4,aesthetics,4,4,desk_lamp,22,desk_lamp_022.png,FLUX.2-klein-base-9B
R29,electric_kettle_012,yes,5,5,4,functionality,1,5,electric_kettle,12,electric_kettle_012.png,FLUX.2-klein-base-9B
R29,electric_kettle_010,yes,3,4,5,functionality,3,5,electric_kettle,10,electric_kettle_010.png,FLUX.2-klein-base-9B
R29,lounge_chair_016,yes,5,5,4,usability,4,5,lounge_chair,16,lounge_chair_016.png,FLUX.2-klein-base-9B
R29,sports_car_015,yes,5,5,4,aesthetics,4,5,sports_car,15,sports_car_015.png,FLUX.2-klein-base-9B
R29,sneakers_006,yes,2,5,3,aesthetics,4,3,sneakers,6,sneakers_006.png,FLUX.2-klein-base-9B
R29,early_automobile_019,yes,3,4,3,symbolism,4,4,early_automobile,19,early_automobile_019.png,FLUX.2-klein-base-9B
R29,sneakers_025,yes,4,5,4,aesthetics,4,5,sneakers,25,sneakers_025.png,FLUX.2-klein-base-9B
R29,sports_car_010,yes,5,5,4,aesthetics,4,5,sports_car,10,sports_car_010.png,FLUX.2-klein-base-9B
R29,sneakers_001,yes,3,3,5,aesthetics,4,5,sneakers,1,sneakers_001.png,FLUX.2-klein-base-9B
R29,early_automobile_025,yes,5,5,5,symbolism,5,5,early_automobile,25,early_automobile_025.png,FLUX.2-klein-base-9B
R30,desk_lamp_020,yes,5,5,5,functionality,4,3,desk_lamp,20,desk_lamp_020.png,FLUX.2-klein-base-9B
R30,sneakers_019,yes,2,4,4,functionality,2,3,sneakers,19,sneakers_019.png,FLUX.2-klein-base-9B
R30,sports_car_020,yes,1,5,2,aesthetics,5,2,sports_car,20,sports_car_020.png,FLUX.2-klein-base-9B
R30,early_automobile_011,yes,3,4,2,aesthetics,2,3,early_automobile,11,early_automobile_011.png,FLUX.2-klein-base-9B
R30,vacuum_cleaner_014,yes,2,4,4,functionality,1,5,vacuum_cleaner,14,vacuum_cleaner_014.png,FLUX.2-klein-base-9B
R30,sports_car_008,yes,5,5,4,aesthetics,4,4,sports_car,8,sports_car_008.png,FLUX.2-klein-base-9B
R30,broom_017,yes,4,4,5,functionality,1,5,broom,17,broom_017.png,FLUX.2-klein-base-9B
R30,lounge_chair_013,yes,1,4,5,functionality,3,1,lounge_chair,13,lounge_chair_013.png,FLUX.2-klein-base-9B
R30,sports_car_025,yes,2,3,4,aesthetics,4,4,sports_car,25,sports_car_025.png,FLUX.2-klein-base-9B
R30,sneakers_004,yes,2,4,3,functionality,3,2,sneakers,4,sneakers_004.png,FLUX.2-klein-base-9B
R30,vacuum_cleaner_013,yes,4,3,4,functionality,2,3,vacuum_cleaner,13,vacuum_cleaner_013.png,FLUX.2-klein-base-9B
R30,lounge_chair_015,yes,4,4,4,functionality,1,5,lounge_chair,15,lounge_chair_015.png,FLUX.2-klein-base-9B
R30,lounge_chair_010,yes,1,5,4,aesthetics,4,4,lounge_chair,10,lounge_chair_010.png,FLUX.2-klein-base-9B
R30,early_automobile_001,yes,4,4,4,functionality,1,4,early_automobile,1,early_automobile_001.png,FLUX.2-klein-base-9B
R30,vacuum_cleaner_023,yes,2,5,4,functionality,5,4,vacuum_cleaner,23,vacuum_cleaner_023.png,FLUX.2-klein-base-9B
R30,lounge_chair_011,yes,4,3,4,functionality,5,4,lounge_chair,11,lounge_chair_011.png,FLUX.2-klein-base-9B
R30,lounge_chair_002,yes,4,3,5,functionality,3,4,lounge_chair,2,lounge_chair_002.png,FLUX.2-klein-base-9B
R30,early_automobile_008,yes,4,4,4,functionality,1,4,early_automobile,8,early_automobile_008.png,FLUX.2-klein-base-9B
R30,sneakers_005,no,1,1,1,unclear,3,3,sneakers,5,sneakers_005.png,FLUX.2-klein-base-9B
R30,lounge_chair_014,yes,3,3,4,functionality,2,3,lounge_chair,14,lounge_chair_014.png,FLUX.2-klein-base-9B
R30,broom_021,yes,4,4,4,functionality,1,4,broom,21,broom_021.png,FLUX.2-klein-base-9B
R30,desk_lamp_007,yes,4,4,4,aesthetics,4,4,desk_lamp,7,desk_lamp_007.png,FLUX.2-klein-base-9B
R30,desk_lamp_025,yes,4,4,4,aesthetics,4,4,desk_lamp,25,desk_lamp_025.png,FLUX.2-klein-base-9B
R30,vacuum_cleaner_017,partial,2,4,4,functionality,2,2,vacuum_cleaner,17,vacuum_cleaner_017.png,FLUX.2-klein-base-9B
R30,sports_car_010,yes,5,3,5,aesthetics,5,5,sports_car,10,sports_car_010.png,FLUX.2-klein-base-9B
R30,vacuum_cleaner_005,partial,3,5,3,functionality,3,3,vacuum_cleaner,5,vacuum_cleaner_005.png,FLUX.2-klein-base-9B
R30,early_automobile_012,yes,2,3,4,functionality,2,4,early_automobile,12,early_automobile_012.png,FLUX.2-klein-base-9B
R30,lounge_chair_019,yes,5,3,5,functionality,3,5,lounge_chair,19,lounge_chair_019.png,FLUX.2-klein-base-9B
R30,desk_lamp_014,yes,5,3,4,aesthetics,4,4,desk_lamp,14,desk_lamp_014.png,FLUX.2-klein-base-9B
R30,desk_lamp_024,partial,2,5,3,aesthetics,5,5,desk_lamp,24,desk_lamp_024.png,FLUX.2-klein-base-9B
R30,vacuum_cleaner_016,yes,1,5,4,functionality,4,4,vacuum_cleaner,16,vacuum_cleaner_016.png,FLUX.2-klein-base-9B
R30,sports_car_023,yes,5,5,5,aesthetics,5,2,sports_car,23,sports_car_023.png,FLUX.2-klein-base-9B
R30,electric_kettle_017,yes,4,5,5,usability,2,4,electric_kettle,17,electric_kettle_017.png,FLUX.2-klein-base-9B
R30,broom_023,no,4,4,2,unclear,3,2,broom,23,broom_023.png,FLUX.2-klein-base-9B
R30,electric_kettle_013,yes,4,4,4,usability,2,4,electric_kettle,13,electric_kettle_013.png,FLUX.2-klein-base-9B
R30,vacuum_cleaner_009,yes,5,5,5,usability,1,5,vacuum_cleaner,9,vacuum_cleaner_009.png,FLUX.2-klein-base-9B
R30,sneakers_014,yes,5,3,5,functionality,3,4,sneakers,14,sneakers_014.png,FLUX.2-klein-base-9B
R30,electric_kettle_014,yes,5,5,4,usability,2,4,electric_kettle,14,electric_kettle_014.png,FLUX.2-klein-base-9B
R30,broom_015,yes,4,3,3,symbolism,3,3,broom,15,broom_015.png,FLUX.2-klein-base-9B
R30,early_automobile_009,yes,4,3,5,symbolism,2,4,early_automobile,9,early_automobile_009.png,FLUX.2-klein-base-9B
R30,sports_car_015,yes,4,5,4,aesthetics,4,3,sports_car,15,sports_car_015.png,FLUX.2-klein-base-9B
R30,broom_011,no,1,3,5,symbolism,3,3,broom,11,broom_011.png,FLUX.2-klein-base-9B
R30,sneakers_023,yes,5,3,3,usability,3,3,sneakers,23,sneakers_023.png,FLUX.2-klein-base-9B
R30,broom_003,no,1,1,3,functionality,3,3,broom,3,broom_003.png,FLUX.2-klein-base-9B
R30,sports_car_014,yes,5,5,5,aesthetics,5,3,sports_car,14,sports_car_014.png,FLUX.2-klein-base-9B
R30,electric_kettle_020,yes,5,5,5,usability,2,4,electric_kettle,20,electric_kettle_020.png,FLUX.2-klein-base-9B
R30,broom_025,partial,1,2,3,functionality,3,3,broom,25,broom_025.png,FLUX.2-klein-base-9B
R30,lounge_chair_023,yes,5,5,4,usability,3,3,lounge_chair,23,lounge_chair_023.png,FLUX.2-klein-base-9B
R30,electric_kettle_024,yes,5,4,5,functionality,2,3,electric_kettle,24,electric_kettle_024.png,FLUX.2-klein-base-9B
R30,broom_019,yes,5,5,5,functionality,2,3,broom,19,broom_019.png,FLUX.2-klein-base-9B
R30,electric_kettle_015,yes,3,5,5,functionality,3,4,electric_kettle,15,electric_kettle_015.png,FLUX.2-klein-base-9B
R30,vacuum_cleaner_012,yes,5,4,4,functionality,2,4,vacuum_cleaner,12,vacuum_cleaner_012.png,FLUX.2-klein-base-9B
R30,vacuum_cleaner_008,yes,2,5,4,functionality,2,4,vacuum_cleaner,8,vacuum_cleaner_008.png,FLUX.2-klein-base-9B
R30,broom_012,partial,2,3,5,functionality,1,3,broom,12,broom_012.png,FLUX.2-klein-base-9B
R30,broom_018,yes,2,3,3,functionality,2,2,broom,18,broom_018.png,FLUX.2-klein-base-9B
R30,desk_lamp_010,yes,3,4,3,aesthetics,4,4,desk_lamp,10,desk_lamp_010.png,FLUX.2-klein-base-9B
R30,lounge_chair_017,yes,4,4,4,aesthetics,4,2,lounge_chair,17,lounge_chair_017.png,FLUX.2-klein-base-9B
R30,electric_kettle_019,yes,4,4,5,functionality,1,5,electric_kettle,19,electric_kettle_019.png,FLUX.2-klein-base-9B
R30,sports_car_021,yes,5,5,5,aesthetics,4,5,sports_car,21,sports_car_021.png,FLUX.2-klein-base-9B
R30,vacuum_cleaner_019,yes,4,4,4,functionality,1,4,vacuum_cleaner,19,vacuum_cleaner_019.png,FLUX.2-klein-base-9B
R30,electric_kettle_009,yes,4,4,5,functionality,1,3,electric_kettle,9,electric_kettle_009.png,FLUX.2-klein-base-9B
R30,desk_lamp_001,partial,1,3,2,aesthetics,2,2,desk_lamp,1,desk_lamp_001.png,FLUX.2-klein-base-9B
R30,vacuum_cleaner_010,yes,4,4,4,functionality,1,4,vacuum_cleaner,10,vacuum_cleaner_010.png,FLUX.2-klein-base-9B
R30,desk_lamp_005,yes,3,4,4,aesthetics,4,2,desk_lamp,5,desk_lamp_005.png,FLUX.2-klein-base-9B
R30,sports_car_013,yes,4,4,4,aesthetics,4,4,sports_car,13,sports_car_013.png,FLUX.2-klein-base-9B
R30,early_automobile_020,yes,2,5,5,symbolism,3,3,early_automobile,20,early_automobile_020.png,FLUX.2-klein-base-9B
R30,lounge_chair_024,yes,4,4,3,aesthetics,3,4,lounge_chair,24,lounge_chair_024.png,FLUX.2-klein-base-9B
R30,broom_010,no,1,2,4,functionality,1,2,broom,10,broom_010.png,FLUX.2-klein-base-9B
R30,sneakers_009,yes,4,4,4,usability,4,4,sneakers,9,sneakers_009.png,FLUX.2-klein-base-9B
R30,desk_lamp_004,yes,5,5,4,aesthetics,4,4,desk_lamp,4,desk_lamp_004.png,FLUX.2-klein-base-9B
R30,electric_kettle_004,yes,5,5,4,functionality,2,4,electric_kettle,4,electric_kettle_004.png,FLUX.2-klein-base-9B
R30,lounge_chair_006,yes,5,4,4,usability,3,4,lounge_chair,6,lounge_chair_006.png,FLUX.2-klein-base-9B
R30,sports_car_016,yes,5,5,5,aesthetics,5,3,sports_car,16,sports_car_016.png,FLUX.2-klein-base-9B
R30,sneakers_006,yes,2,3,5,usability,2,3,sneakers,6,sneakers_006.png,FLUX.2-klein-base-9B
R30,desk_lamp_006,partial,1,2,4,aesthetics,2,3,desk_lamp,6,desk_lamp_006.png,FLUX.2-klein-base-9B
R30,desk_lamp_016,yes,5,5,4,aesthetics,5,3,desk_lamp,16,desk_lamp_016.png,FLUX.2-klein-base-9B
R30,electric_kettle_025,yes,4,4,4,functionality,2,4,electric_kettle,25,electric_kettle_025.png,FLUX.2-klein-base-9B
R30,electric_kettle_001,yes,4,4,5,functionality,2,3,electric_kettle,1,electric_kettle_001.png,FLUX.2-klein-base-9B
R30,sneakers_008,yes,5,4,5,usability,3,3,sneakers,8,sneakers_008.png,FLUX.2-klein-base-9B
R30,broom_006,yes,5,5,4,functionality,1,4,broom,6,broom_006.png,FLUX.2-klein-base-9B
R30,desk_lamp_013,yes,5,5,5,functionality,3,5,desk_lamp,13,desk_lamp_013.png,FLUX.2-klein-base-9B
R30,broom_005,no,1,1,5,unclear,1,1,broom,5,broom_005.png,FLUX.2-klein-base-9B
R30,electric_kettle_021,yes,4,5,5,functionality,3,3,electric_kettle,21,electric_kettle_021.png,FLUX.2-klein-base-9B
R30,desk_lamp_002,yes,5,5,4,usability,2,4,desk_lamp,2,desk_lamp_002.png,FLUX.2-klein-base-9B
R30,vacuum_cleaner_002,yes,5,5,5,functionality,3,5,vacuum_cleaner,2,vacuum_cleaner_002.png,FLUX.2-klein-base-9B
R30,sports_car_019,yes,5,5,5,aesthetics,4,5,sports_car,19,sports_car_019.png,FLUX.2-klein-base-9B
R30,electric_kettle_003,yes,5,4,5,functionality,1,4,electric_kettle,3,electric_kettle_003.png,FLUX.2-klein-base-9B
R30,vacuum_cleaner_003,no,1,2,4,functionality,2,3,vacuum_cleaner,3,vacuum_cleaner_003.png,FLUX.2-klein-base-9B
R30,early_automobile_023,yes,4,4,4,symbolism,2,4,early_automobile,23,early_automobile_023.png,FLUX.2-klein-base-9B
R30,sneakers_002,yes,4,4,5,usability,3,4,sneakers,2,sneakers_002.png,FLUX.2-klein-base-9B
R30,electric_kettle_016,yes,4,4,4,functionality,1,4,electric_kettle,16,electric_kettle_016.png,FLUX.2-klein-base-9B
R30,early_automobile_007,yes,5,4,4,symbolism,3,4,early_automobile,7,early_automobile_007.png,FLUX.2-klein-base-9B
R30,broom_016,no,3,1,3,unclear,3,1,broom,16,broom_016.png,FLUX.2-klein-base-9B
R30,broom_014,partial,4,4,3,functionality,3,3,broom,14,broom_014.png,FLUX.2-klein-base-9B
R30,sneakers_020,yes,4,4,4,usability,3,4,sneakers,20,sneakers_020.png,FLUX.2-klein-base-9B
R30,broom_008,yes,3,4,4,functionality,3,4,broom,8,broom_008.png,FLUX.2-klein-base-9B
R30,sneakers_015,yes,2,4,4,usability,3,4,sneakers,15,sneakers_015.png,FLUX.2-klein-base-9B
R30,early_automobile_017,yes,4,4,5,symbolism,3,3,early_automobile,17,early_automobile_017.png,FLUX.2-klein-base-9B
R30,early_automobile_003,yes,4,4,4,symbolism,3,4,early_automobile,3,early_automobile_003.png,FLUX.2-klein-base-9B
R30,lounge_chair_021,yes,5,5,5,usability,3,4,lounge_chair,21,lounge_chair_021.png,FLUX.2-klein-base-9B
R30,early_automobile_021,yes,4,4,4,symbolism,2,4,early_automobile,21,early_automobile_021.png,FLUX.2-klein-base-9B
R30,sports_car_017,yes,4,4,4,aesthetics,4,4,sports_car,17,sports_car_017.png,FLUX.2-klein-base-9B
R30,lounge_chair_007,yes,4,4,4,usability,4,4,lounge_chair,7,lounge_chair_007.png,FLUX.2-klein-base-9B
R30,vacuum_cleaner_020,yes,4,4,4,functionality,2,4,vacuum_cleaner,20,vacuum_cleaner_020.png,FLUX.2-klein-base-9B
R30,vacuum_cleaner_018,yes,4,5,4,functionality,1,4,vacuum_cleaner,18,vacuum_cleaner_018.png,FLUX.2-klein-base-9B
R30,desk_lamp_009,yes,4,4,4,aesthetics,4,4,desk_lamp,9,desk_lamp_009.png,FLUX.2-klein-base-9B
R30,sports_car_005,yes,5,5,5,aesthetics,4,5,sports_car,5,sports_car_005.png,FLUX.2-klein-base-9B
R30,early_automobile_016,yes,4,4,4,symbolism,2,4,early_automobile,16,early_automobile_016.png,FLUX.2-klein-base-9B
R30,desk_lamp_012,yes,5,4,4,aesthetics,5,4,desk_lamp,12,desk_lamp_012.png,FLUX.2-klein-base-9B
R30,lounge_chair_003,yes,4,4,4,aesthetics,4,4,lounge_chair,3,lounge_chair_003.png,FLUX.2-klein-base-9B
R30,lounge_chair_001,yes,2,4,4,aesthetics,4,4,lounge_chair,1,lounge_chair_001.png,FLUX.2-klein-base-9B
R30,desk_lamp_011,yes,4,4,4,functionality,2,4,desk_lamp,11,desk_lamp_011.png,FLUX.2-klein-base-9B
R30,sneakers_017,yes,5,4,5,usability,3,5,sneakers,17,sneakers_017.png,FLUX.2-klein-base-9B
R30,sports_car_003,yes,5,5,5,aesthetics,4,4,sports_car,3,sports_car_003.png,FLUX.2-klein-base-9B
R30,desk_lamp_018,yes,5,4,4,functionality,4,5,desk_lamp,18,desk_lamp_018.png,FLUX.2-klein-base-9B
R30,electric_kettle_011,yes,5,5,4,functionality,2,5,electric_kettle,11,electric_kettle_011.png,FLUX.2-klein-base-9B
R30,electric_kettle_022,yes,5,5,4,functionality,2,5,electric_kettle,22,electric_kettle_022.png,FLUX.2-klein-base-9B
R30,vacuum_cleaner_001,yes,3,4,4,functionality,2,4,vacuum_cleaner,1,vacuum_cleaner_001.png,FLUX.2-klein-base-9B
R30,desk_lamp_015,yes,4,4,4,aesthetics,5,4,desk_lamp,15,desk_lamp_015.png,FLUX.2-klein-base-9B
R30,early_automobile_010,yes,4,4,4,symbolism,3,4,early_automobile,10,early_automobile_010.png,FLUX.2-klein-base-9B
R30,sports_car_012,yes,5,5,5,aesthetics,4,5,sports_car,12,sports_car_012.png,FLUX.2-klein-base-9B
R30,electric_kettle_010,yes,5,5,4,functionality,2,4,electric_kettle,10,electric_kettle_010.png,FLUX.2-klein-base-9B
R30,electric_kettle_006,yes,5,4,5,functionality,1,4,electric_kettle,6,electric_kettle_006.png,FLUX.2-klein-base-9B
R30,sneakers_024,yes,3,4,4,usability,4,4,sneakers,24,sneakers_024.png,FLUX.2-klein-base-9B
R30,electric_kettle_008,yes,5,4,4,functionality,1,4,electric_kettle,8,electric_kettle_008.png,FLUX.2-klein-base-9B
R30,sports_car_002,yes,5,5,5,aesthetics,4,5,sports_car,2,sports_car_002.png,FLUX.2-klein-base-9B
R30,sports_car_018,yes,5,4,4,aesthetics,4,4,sports_car,18,sports_car_018.png,FLUX.2-klein-base-9B
R30,early_automobile_005,yes,5,4,5,symbolism,2,5,early_automobile,5,early_automobile_005.png,FLUX.2-klein-base-9B
R30,early_automobile_006,yes,5,5,5,functionality,1,5,early_automobile,6,early_automobile_006.png,FLUX.2-klein-base-9B
R30,vacuum_cleaner_011,yes,2,3,4,functionality,2,3,vacuum_cleaner,11,vacuum_cleaner_011.png,FLUX.2-klein-base-9B
R30,electric_kettle_002,yes,4,4,4,functionality,2,2,electric_kettle,2,electric_kettle_002.png,FLUX.2-klein-base-9B
R30,vacuum_cleaner_015,yes,5,4,4,functionality,2,4,vacuum_cleaner,15,vacuum_cleaner_015.png,FLUX.2-klein-base-9B
R30,sneakers_021,yes,3,4,4,usability,4,4,sneakers,21,sneakers_021.png,FLUX.2-klein-base-9B
R30,sneakers_001,yes,4,4,4,usability,4,4,sneakers,1,sneakers_001.png,FLUX.2-klein-base-9B
R30,electric_kettle_007,yes,4,4,4,functionality,1,4,electric_kettle,7,electric_kettle_007.png,FLUX.2-klein-base-9B
R30,lounge_chair_018,yes,4,4,4,usability,2,4,lounge_chair,18,lounge_chair_018.png,FLUX.2-klein-base-9B
R30,early_automobile_015,yes,4,4,4,functionality,2,4,early_automobile,15,early_automobile_015.png,FLUX.2-klein-base-9B
R30,sports_car_022,yes,4,4,4,aesthetics,4,4,sports_car,22,sports_car_022.png,FLUX.2-klein-base-9B
R30,sports_car_006,yes,2,4,4,aesthetics,4,3,sports_car,6,sports_car_006.png,FLUX.2-klein-base-9B
R30,early_automobile_018,yes,3,4,4,symbolism,2,4,early_automobile,18,early_automobile_018.png,FLUX.2-klein-base-9B
R30,early_automobile_024,yes,5,4,4,symbolism,2,4,early_automobile,24,early_automobile_024.png,FLUX.2-klein-base-9B
R30,desk_lamp_017,yes,4,4,4,aesthetics,4,4,desk_lamp,17,desk_lamp_017.png,FLUX.2-klein-base-9B
R30,broom_007,yes,4,4,4,functionality,2,4,broom,7,broom_007.png,FLUX.2-klein-base-9B
R30,broom_013,yes,4,4,4,functionality,2,4,broom,13,broom_013.png,FLUX.2-klein-base-9B
R30,lounge_chair_012,yes,4,4,4,usability,3,4,lounge_chair,12,lounge_chair_012.png,FLUX.2-klein-base-9B
R30,vacuum_cleaner_025,partial,3,3,3,functionality,3,3,vacuum_cleaner,25,vacuum_cleaner_025.png,FLUX.2-klein-base-9B
R30,lounge_chair_004,yes,4,3,4,usability,3,3,lounge_chair,4,lounge_chair_004.png,FLUX.2-klein-base-9B
R30,broom_002,no,2,3,2,functionality,2,2,broom,2,broom_002.png,FLUX.2-klein-base-9B
R30,lounge_chair_005,yes,3,4,4,usability,2,4,lounge_chair,5,lounge_chair_005.png,FLUX.2-klein-base-9B
R30,sports_car_007,yes,5,5,4,aesthetics,4,4,sports_car,7,sports_car_007.png,FLUX.2-klein-base-9B
R30,early_automobile_014,yes,5,5,4,symbolism,3,4,early_automobile,14,early_automobile_014.png,FLUX.2-klein-base-9B
R30,lounge_chair_022,yes,5,5,5,functionality,2,4,lounge_chair,22,lounge_chair_022.png,FLUX.2-klein-base-9B
R30,sneakers_018,yes,4,4,4,usability,4,4,sneakers,18,sneakers_018.png,FLUX.2-klein-base-9B
R30,vacuum_cleaner_006,yes,3,3,3,functionality,2,3,vacuum_cleaner,6,vacuum_cleaner_006.png,FLUX.2-klein-base-9B
R30,sneakers_025,yes,4,4,4,usability,3,4,sneakers,25,sneakers_025.png,FLUX.2-klein-base-9B
R30,early_automobile_019,yes,4,4,4,symbolism,3,4,early_automobile,19,early_automobile_019.png,FLUX.2-klein-base-9B
R30,vacuum_cleaner_004,yes,4,3,4,functionality,3,3,vacuum_cleaner,4,vacuum_cleaner_004.png,FLUX.2-klein-base-9B
R30,early_automobile_013,yes,4,4,4,symbolism,2,4,early_automobile,13,early_automobile_013.png,FLUX.2-klein-base-9B
R30,sneakers_013,no,2,3,2,unclear,3,3,sneakers,13,sneakers_013.png,FLUX.2-klein-base-9B
R30,electric_kettle_005,yes,4,5,4,functionality,2,5,electric_kettle,5,electric_kettle_005.png,FLUX.2-klein-base-9B
R30,electric_kettle_023,yes,4,4,4,functionality,2,4,electric_kettle,23,electric_kettle_023.png,FLUX.2-klein-base-9B
R30,broom_004,yes,5,4,4,functionality,2,4,broom,4,broom_004.png,FLUX.2-klein-base-9B
R30,broom_001,yes,4,4,4,functionality,2,4,broom,1,broom_001.png,FLUX.2-klein-base-9B
R30,sports_car_009,yes,4,4,4,aesthetics,4,4,sports_car,9,sports_car_009.png,FLUX.2-klein-base-9B
R30,vacuum_cleaner_021,yes,4,4,4,functionality,2,4,vacuum_cleaner,21,vacuum_cleaner_021.png,FLUX.2-klein-base-9B
R30,vacuum_cleaner_022,yes,2,3,4,functionality,4,4,vacuum_cleaner,22,vacuum_cleaner_022.png,FLUX.2-klein-base-9B
R30,broom_022,yes,4,4,4,functionality,2,4,broom,22,broom_022.png,FLUX.2-klein-base-9B
R30,lounge_chair_025,yes,2,4,4,usability,2,4,lounge_chair,25,lounge_chair_025.png,FLUX.2-klein-base-9B
R30,vacuum_cleaner_007,yes,3,4,3,functionality,3,4,vacuum_cleaner,7,vacuum_cleaner_007.png,FLUX.2-klein-base-9B
R30,broom_009,no,4,4,4,unclear,3,4,broom,9,broom_009.png,FLUX.2-klein-base-9B
R30,early_automobile_022,yes,4,4,4,symbolism,2,4,early_automobile,22,early_automobile_022.png,FLUX.2-klein-base-9B
R30,desk_lamp_008,yes,4,4,4,aesthetics,3,4,desk_lamp,8,desk_lamp_008.png,FLUX.2-klein-base-9B
R30,electric_kettle_018,yes,4,4,4,functionality,2,4,electric_kettle,18,electric_kettle_018.png,FLUX.2-klein-base-9B
R30,lounge_chair_020,no,4,3,4,usability,3,4,lounge_chair,20,lounge_chair_020.png,FLUX.2-klein-base-9B
R30,sneakers_016,yes,4,3,4,aesthetics,3,4,sneakers,16,sneakers_016.png,FLUX.2-klein-base-9B
R30,early_automobile_002,yes,4,4,4,symbolism,4,4,early_automobile,2,early_automobile_002.png,FLUX.2-klein-base-9B
R30,sneakers_011,yes,4,4,4,aesthetics,4,4,sneakers,11,sneakers_011.png,FLUX.2-klein-base-9B
R30,desk_lamp_019,yes,3,4,4,aesthetics,2,4,desk_lamp,19,desk_lamp_019.png,FLUX.2-klein-base-9B
R30,electric_kettle_012,yes,5,5,4,functionality,2,5,electric_kettle,12,electric_kettle_012.png,FLUX.2-klein-base-9B
R30,sports_car_024,yes,5,5,5,aesthetics,4,4,sports_car,24,sports_car_024.png,FLUX.2-klein-base-9B
R30,lounge_chair_016,yes,4,4,4,usability,4,3,lounge_chair,16,lounge_chair_016.png,FLUX.2-klein-base-9B
R30,vacuum_cleaner_024,yes,3,3,4,functionality,3,3,vacuum_cleaner,24,vacuum_cleaner_024.png,FLUX.2-klein-base-9B
R30,sneakers_003,yes,5,5,5,usability,3,5,sneakers,3,sneakers_003.png,FLUX.2-klein-base-9B
R30,lounge_chair_008,no,2,2,4,functionality,2,4,lounge_chair,8,lounge_chair_008.png,FLUX.2-klein-base-9B
R30,desk_lamp_003,yes,4,4,4,functionality,2,4,desk_lamp,3,desk_lamp_003.png,FLUX.2-klein-base-9B
R30,sports_car_004,yes,5,5,4,aesthetics,4,4,sports_car,4,sports_car_004.png,FLUX.2-klein-base-9B
R30,desk_lamp_023,yes,5,4,4,functionality,2,4,desk_lamp,23,desk_lamp_023.png,FLUX.2-klein-base-9B
R30,sneakers_010,yes,3,3,4,usability,3,3,sneakers,10,sneakers_010.png,FLUX.2-klein-base-9B
R30,early_automobile_004,yes,4,4,5,symbolism,3,4,early_automobile,4,early_automobile_004.png,FLUX.2-klein-base-9B
R30,broom_024,yes,5,5,5,functionality,2,5,broom,24,broom_024.png,FLUX.2-klein-base-9B
R30,sports_car_011,yes,5,4,3,aesthetics,4,4,sports_car,11,sports_car_011.png,FLUX.2-klein-base-9B
R30,desk_lamp_021,yes,4,4,5,functionality,2,4,desk_lamp,21,desk_lamp_021.png,FLUX.2-klein-base-9B
R30,broom_020,yes,5,5,4,functionality,2,4,broom,20,broom_020.png,FLUX.2-klein-base-9B
R30,sneakers_007,yes,3,4,4,usability,3,4,sneakers,7,sneakers_007.png,FLUX.2-klein-base-9B
R30,sneakers_022,yes,5,4,5,aesthetics,4,4,sneakers,22,sneakers_022.png,FLUX.2-klein-base-9B
R30,sports_car_001,yes,5,4,4,aesthetics,4,4,sports_car,1,sports_car_001.png,FLUX.2-klein-base-9B
R30,sneakers_012,yes,3,3,3,functionality,3,3,sneakers,12,sneakers_012.png,FLUX.2-klein-base-9B
R30,early_automobile_025,yes,5,5,5,symbolism,3,5,early_automobile,25,early_automobile_025.png,FLUX.2-klein-base-9B
R30,desk_lamp_022,yes,4,3,4,aesthetics,5,4,desk_lamp,22,desk_lamp_022.png,FLUX.2-klein-base-9B
R30,lounge_chair_009,yes,4,4,4,usability,2,4,lounge_chair,9,lounge_chair_009.png,FLUX.2-klein-base-9B
