image_file,sha256
broom_001.png,d207dab94c37113ab677178725a70731f0549120184f368fa80ac866d02b45cc
broom_002.png,f0d04f91f16bfc04961ab2cf337109ff0fd1dd63324a4ba367e79425dae03c9f
broom_003.png,1b4a02cc75e05174a4bce4f99d880e0f4a48cd634992b7fd69994484a926988c
broom_004.png,6a29af9ecb144c8af1ea3f110f05209eac553fd9eea9a4f8081ffa2104e096e3
broom_005.png,52c6a3fe80a14c6709eeeeaa9d89de6027bf7e1a860c7f3a5275a6a9ea209fc1
broom_006.png,adc5d04728adfb11ae03906658a1a0160e8318592649398a5084d9fb28ee1f65
broom_007.png,f7edc93c4eab48a3b32ab2077cc09fe72f7deb038abe0ce017de5cbddb67f14f
broom_008.png,3db837cac5f78be886864921fc2b3dab4287a542261445abc388bdc723ef9224
broom_009.png,033c6b52a07305f274b171a6b2ac5333535b07b665f6141bb7e9d86ec9990989
broom_010.png,9fe8f08c2f832fef55d17f5c7679717c2fc46adb9ce4b6c121bcc0c30f1ea663
broom_011.png,8889fd5727f1379d3e3569c1287668c2e7cb967d67b2a51387b8822105e94917
broom_012.png,55fef1c2cdeff85eb9209f01a937b9283cc249afcde40ddf0fd8cdb3bb78658d
broom_013.png,a6bef5739cb606606671f6d3eb47359d52e694ec53be4673a61985542a0f683b
broom_014.png,30c976c713bf0b1be8517864b4f90380805c401f699daadf8c8b9712d8b502ff
broom_015.png,8d82ccb55677254d9107fc68b5d0d62c380be562415ab1e5e0fc7985729b6b15
broom_016.png,afb5792006d7c92807559b32ca3d4091102c802030990f183914f9cdf4e30435
broom_017.png,bf265096c8a3fb73c348e13480bdecda45a7361bd14a172caf8fb956fe1bfd1d
broom_018.png,6489da1b0cba55a62b1f969e5dc42d9ee89390774df601e497a234b16330b66b
broom_019.png,f87303fe35999f8fc104c2a12ee55ae658f608eaf5c8d3bc98c46cff54dbe106
broom_020.png,274bcd47fdb4541800247d4c3a9bfd7d74e7a40549f4fa980cbcc2536cbc45c5
broom_021.png,e635353278851b33a6fd23fbe8ea6880f67e6d8d08318e69dd7899504e5c16e3
broom_022.png,4fe912e203b93ed1ad61ea80eadfa9428caec79661b88b963bbd026c3bcde57a
broom_023.png,3ba147f83509ccaf6718898f753c189d9584e9e85146057405dc68144b0bb505
broom_024.png,25bf27b43cd99723eba6980a0d276cee24e86ca1bf14359a161cbf465ba90589
broom_025.png,417482c31aa5a5859e810197ce380de54f41b65f5bf5d9f8c5c7d1f9560be5ea
broom_026.png,1d6d33bec65a257fbb6799ebaa886eb308e53b234af577704a066e5c55050303
broom_027.png,1173cc6b5b97942f4fa1bbe65d322538f2c59a1fabed2e2b72a3e80971ac6a6d
broom_028.png,98426ba2de7d41338d9263859b7f06dfdcee39e3ded934ac36992d3f0d55efe2
broom_029.png,3be4374877289e9a39fa99f8760b79000b6e22a1ad2f433812722a34686cbebe
broom_030.png,a23891c40398526aef49f2c5602b2669b4191d83ad9ea3b059264e95865b297b
broom_031.png,1918c861731a136f6ff75ec99d6bee7cf3cf9a9dea7a6873cd7639cfb0916e72
broom_032.png,9464e74f0d46fc9196a98db9fd52045d2c5193501ed49013287514595ec15a6b
broom_033.png,29365ab868399edf2f2badebb621467e1a0fd234b96eec82625d7b02e15f85b8
broom_034.png,44095ff111a6be551e78b979981a3f87e0c9acb17e6e19f938572a7847a0a4fb
broom_035.png,534093443f5be27ac4b90038f066c1239085b7a88c2e8ac41cd0f5170a1575ff
broom_036.png,9dd979f685be9d5aef6e56db073ff8af90b223710787d668844fc58dea980ded
broom_037.png,c98ba58acc3f59f6e3188d27c025c667721e0a74d22a162afa06e4003bd6ce80
broom_038.png,e14e4df443b7195747e3d38572178fecec17977638fce7ce61057ac6cf66afd6
broom_039.png,3fc464ad760cbc5574262f770da0ac6bf15ce012fc97b06c1d7570a70626cea3
broom_040.png,2e058c32a063f18c353168d236684496b92a845bf2ff3c977c60ee93feda9972
broom_041.png,ede1acb9efd37502b265bb341f569bb8a9b7e5c1a6da4ff39a613dfaf12f9104
broom_042.png,61ddadfeab52f3729c5b2a4b4afd0b2e9a2338b068649ecad46df037fe3621dd
broom_043.png,a18e42f0aeaec42e1c0eef77a64522bfa9b5ce680fe40bb199eadfc9401a13a6
broom_044.png,a53ef6080a85235c2eb1d69d730fb42773cd87c4d2b2d96f93180d2a82bb64b9
broom_045.png,6a688c207090afae25b9d459d690ed124fd8f282d187bd6baac93d58491af17b
broom_046.png,e9b9342fe59da39609ee0b607e6cba1d7c5d9722b146d8ef3c95acd77c67f015
broom_047.png,a398b990e67215a4e78d3dcb4f8a46314acc7531f991f6ba616ee4472dd02a4b
broom_048.png,2bc2ae6f0ed0d89dc15389398c7a5a99b9bc47eeadfbf9cb852ae01b08ae9b35
broom_049.png,84e462a83b95e0f4b250c110ca685633672579bb9f75c761acac3f2f2a227c2b
broom_050.png,fe48b2fe6b7789ed8f1b9e1faebc1ce24faf8c5a5a27e3e7c40141da1cd8a0b2
broom_051.png,e7d7b86c812c239d9cce783511f6aa9b37fa6d592a5006a612788bb492a0e1f0
broom_052.png,0867b137cc55c59c2e81ac1ad50cf95266457135d4ba74cf91c44cc30f1b4601
broom_053.png,a1382772ade4ceba8cf9240a1b7a8acb92f3d20b9f9d2986d849a8c96ed9cf2a
broom_054.png,95adb6f1a46c4f21edf1dbdf984b77768774a5ca4a58a34695bc58ae6f2fd474
broom_055.png,80d3ca7e51ad1df2eac75ca76fb6676ac6defc87a18e41a6ac4acf92aaae1979
broom_056.png,05446f4b2d9fa0989cf3fa82a07db7777454c18e1560b930cc461fe0bf8f9e44
broom_057.png,51f062cdbb885fdee18d71f58462a1e8858a9de7ec374cc16428e7e3b006c248
broom_058.png,ae1e8c2e40b9cfcebd3d63480d8e7d6f853edc8a017de72b48f8ea8e77043eca
broom_059.png,27d8932043125827be83bf297b85beba9490bd123f881c04d43908acb690bd27
broom_060.png,8d8c69312df5e160b5bfc3a131b930239876e9e75737fac4256d4832bd9af5d3
broom_061.png,c63f83966ceb55792522f4a0e96459e603b0e799c7fdcc8203f8eaf1e27b2ba0
broom_062.png,2ac2f20f4a89bdafe0b373736e4d3607d3d1cc01ba7d825fc0eab27083cab3ae
broom_063.png,ba74e46a890b313c9b21409b21c5223a392f1d870d94b69218d17b268adfe229
broom_064.png,18b643a6ae5668596c06ed55fda6e1bda9df9def73d40e016c4c2f456ef5d385
broom_065.png,70bd43ddc1f7830bd0d1d90af380550d974d973fb54858e1980cb7f022d71970
broom_066.png,d7c48aa6b91dd4d7a14099b5683d57e761fe700fccfb410cab8da1c2b5856386
broom_067.png,7174e0094edab37ae6f49559560b357ee900fc37d2049ee2df1a0f5e10ebd703
broom_068.png,a18e0e60d5c2b0d76435e5169e17f2d633eab6aca9560ea3a100360629ad4148
broom_069.png,429a788238a80b364e739c6b8ce1d81045137276b91513efb959bac0ac7ef744
broom_070.png,c4bf6e1babcdc7fa352f9b91f86fa920b92332d8c7c0d6f5b647ae451fde6478
broom_071.png,0537bf6e44cf1b5781e2f9bb604d8a5ee092a743fb81d67be4ea090ebc037481
broom_072.png,782c00a5ef8e52866a289d0a59691805558099fe5b4713e132d2619f37f67c57
broom_073.png,34baf55ae144f3b8c12c5b68af0fdb2a1428967c2220abfb8c05975543183a45
broom_074.png,6c08ec12dcda6e45c2db36e8a566cbe2f196346df1eea9d6d81ac43794bcfbe8
broom_075.png,04e2df92d3746e109e7e85020d0a0e39f2f8007e55f542ad8f79466aa3ccd21b
broom_076.png,ef8067f1dca3869ba743a25a5ccf02df5d6c5fe1faeb5125f4737c220f3f0a81
broom_077.png,ebec47c662e7eb6ba254c54689c89c9a2ebea0b657d152a1daeb2d099656025e
broom_078.png,b6c4d4718c4c2980e4fd1cb71ca6868a93235f8bee2c9493968b90b7c2249e9b
broom_079.png,193723a10b7ff7d76c213a32d86d69168079fd8c074b7d1c74d34411b27e889b
broom_080.png,32a32d18486e596174682f567ec3ea93da27ef533c8d8fb32b50ff720f19ea96
broom_081.png,95afca612a1779f1df62dedca65cab9a81ba5e4fd2d216511dcae17282fafe13
broom_082.png,8920c5534cbf029a01af87acc22f5552cb1c12aca46e7ce86b32b4c1beeb4ccd
broom_083.png,9dbd7b99a8f3851080f49a2eea35b001e54e91c7dc23260025a5007f259de9af
broom_084.png,7f5a5fe6d32e9cecd1c5561e6d16848d2ac0ae78fb7270547120e9eb2e8e4f68
broom_085.png,cb8ae137394f893327d5f5ed1be3bfa3f61f9932ed27210d2aa4fc507a0e50b4
broom_086.png,3615c0215dae7c51e488ad9fb54bd4704baa6897d9949d457b356caeb67b97f1
broom_087.png,2996b09b0313bb042d6d9065acb9328b8c5f4d9c51162e990a3af9d536bdfda0
broom_088.png,e5da7211e0a75826ba67c068cf1fc46c43cb674b5fe7e041fe61bfe4dd74fc43
broom_089.png,5dc37a558228512c3e61d8134b7665189426a7e52d203e9b8ab35e01f597e074
broom_090.png,2c62534a1f1901b802aeadc03a6bfb894c9c6a9e2974380121120d434304e269
broom_091.png,07ef61fae2b77dc3849bdce29bcc8113b986af2d07383858b3a9bedfd0070bf3
broom_092.png,45e748fb1f63a33b57ae3910ae1e28b7242dad1b1f06ee5df5f08cde87f44081
broom_093.png,43139122394b497b814fba7b716b9b964ddad6558032686ffecf119d2b0dbebc
broom_094.png,687e2a42129b4779efeb1c7a255baa4d28ed35dbe9c6dc96970852775d03ebae
broom_095.png,2d607b03a03161abfe926a8d27ea348f674d4bbefa68f8d9bd2bd4dc31e0c97b
broom_096.png,f641348ff7cbbf951579fb020bbf9efcf1c477199beb2f857b48c4d1bb78dd8a
broom_097.png,7d72821fed2b72e26cbe1baf886a5dda85a89783d2ebcb4a1cbf4b00293dc3fd
broom_098.png,c3033fe41110c66361832db0acc7bebd265d1f9430b359f60a137f938675feaf
broom_099.png,b597f2710d5d316d9df82ed82b8174532e819770e86cfa9edb2c7856e2745d2b
broom_100.png,2dc14f92b3241c5e2de6bd40e2f29685a6e0ee41db3f7e4f67ed58587428b466
broom_101.png,6d7d1cc581e6a0d1b67d00ff91e79a5dbd53378891abb9d800c290c47a44af49
broom_102.png,a1a95905213d7eff371b567403be461bd670dec05a0b027fb807d256c9ae2cb0
broom_103.png,a1edcfa98a28839d0bc58ec3f4789ac5ad794ed844730eb65dfa0e3bed9db30b
broom_104.png,25153e8113bda03d673c98cd9998308abe7c1eb8af269591ce059147c32e8caa
broom_105.png,88d57a0b964c2518b7f0cfc92333a13aabb6b2f8946b7a50d3b7c6ed89728b2c
broom_106.png,8c9aa7e142559e882be475ff526e8d4c4355e80402f622a7ca870400cbbf0e46
broom_107.png,4ba6ebca4af9a892deedddfa724ee00178cca2ae17e352cc68901e2cc8cf5d69
broom_108.png,19d3afb4df23d52bbb8dc196de77bb0223ace59482d4188e105ebf4a6c62f043
broom_109.png,f11c165ca2b11d10e14ced71a482d0c6046f3bcd56ce47b8500fb2850e89147b
broom_110.png,9479395e7825517802fc88532f4d01386ae4922df5257b6572931bc923ee2763
broom_111.png,566fde74131b095b957c326cdb42807b8d0c220ace1a1fe29d2af8823cd0b597
broom_112.png,a4913d345067b95a226d19dbb2d178ad20a98ee9f8b3dca750c5de64de2e4b63
broom_113.png,3be705b2df0ecbd92664647bb4c427d48c564f360ccf5772ac9bfa09f44ae89b
broom_114.png,15517bf7d2d6d28837b69f25217876adc5f94bd37eba430be8cb7eb8bafe1244
broom_115.png,a24cfd6b3e97e29568fd7f57cf631f941cd8a2b49425dc44731b6e01f52a770e
broom_116.png,6199798b407a26edf12ceb8d1a2b3c21abbac7bba2e4b93d4251c59c74317028
broom_117.png,7d21ced5aa6a5189e6fd9ae3f82a007d074aef8d01a345a27f134198f416b94e
broom_118.png,66d070e11384fac952666d7c3753646c2ed7d1e37217397593c0e6cb65480407
broom_119.png,075b8837b46a277f1cb31a07dbc78a5d1a68e64ab5cdad66f01df116b10b0094
broom_120.png,fa006c4c3c38936a474350260a83d590abe689543019d5122ba04f0688892518
broom_121.png,c160a319ee6bb93a0154964f1e80386cc567c61d14b2689b09100133c7c1eb2f
broom_122.png,084009b0274529a0fa16e7ee196129ef9a2fec6a16a50fca504d6c10fdb1cd85
broom_123.png,40e8c9fb7ffb92e20f13741642a1322d3f74b470c706dc39efc37ad446b2610f
broom_124.png,d495755789c709df773e2221e494ac65d4ab24ae99f1ef07be61e68362e64997
broom_125.png,f4181c70538e5cff778cb51eb935a192a211663a91efb5540a5961016a9e69e3
broom_126.png,05077b559730bcbc979f8f58ce0ecccdfef3b134fa5da101ed2bdec01bd67415
broom_127.png,1132628059a7db2b258a3f17a5f3768ee5b91e0ae5b03cfa799fdc4088eef03f
broom_128.png,e49f36c2cabf1181576b47018df133fc1b24ae9b25039c4b44a5a79d710177dd
broom_129.png,83125063623e67193817550cf7a2c8ce6c3cdb5b2fc1c9559deeaa237086c4f0
broom_130.png,2195799b75baa9d654e03a06a0ff517284d20f2fead8a158f1b862a3c463c45c
broom_131.png,36f8b93f59821f440536976f450a0e357b260d436ab2e6c56d46465f0e48943d
broom_132.png,565e595f76d02ca4867740d887c19bcce289096d0c7390b0e4567365d7c070b7
broom_133.png,4ed5ec1b759fd6b680211e884adcc1336cd457f75d1a96ab15a79aaca6f4029a
broom_134.png,3480f881a3432f301855b39bffbdc6309d4f75eb67a1bc27398b9ad74213acf8
broom_135.png,09abc426dd8137a958cc8570da438d074892e55a2504ee011d5c92aa40cc85fe
broom_136.png,0044059dc0c97b95c85204fe110be9e2ec1d3aa9bcc1d8bd12f22471b3514b60
broom_137.png,9a68e031e2332d58365b4a672c9da1c4012c21419e7ad465cbc461d41f1ce7c4
broom_138.png,d3e4fc89703e717bde09f03c317f323de03ccddb0cf0131791b73f4315256283
broom_139.png,c85fc57196d1d9aa49c7d1ffd183baf14d90656e7b0a68d5b7818a7a7d64231b
broom_140.png,5572af388e5b06a4f47b700ba2e7a562389b0900ff9ed3adad7572cba177f29d
broom_141.png,c00fa48584b9b40685d5a63c2a9de3a8e0d25550523e14ebc0d828d8398d9b34
broom_142.png,e3c0dcd6d03eb3530f1bf0545c1d3afa47523689e3fa3dcdef4d9fc02254112f
broom_143.png,3f22d54f7b7d2e2c4ae77732343a1cd6de0633ec17e0ac6ffed05d429b02bc55
broom_144.png,408cf7feef84cec6eda8da869d000bfcb0edb53c9e9db074543783919324c765
broom_145.png,f09043435c855a7fec702dc29f6b3b8eed5f05f74476f15c9cd3596a5c13d202
broom_146.png,716d2d45de1f76abf26986e5c0e3aa03e4227690db8585479008c51d0affd998
broom_147.png,bff00f9cb81e528cb076a573c7bec1468fbe746dd211473d3156ae8304ecc2d8
broom_148.png,9b2e826e651421eb1858c760b6752017776f1cdaa8139be848ae1e649289b1fe
broom_149.png,2f6e0b7d6c35994e227dccdab5dd3d683d5073e320d5222c7c5f8b2f1156f438
broom_150.png,7057e88e57a4f986e0e7f147fc8da3af4d87085c1574e55c7fce5d77ea752a28
broom_151.png,28d0b0265f5c68af150293905e6f83b19a533ca526e0086bc9cc9d667eda0930
broom_152.png,2dd14d5b8155f3f19df1f7eee4842e97a00d59d5f07e538c6dcaa76ce5529708
broom_153.png,75f1dd1d68bd955d38021741e3ff8715e24f88628977d41f85b1d575c2c38008
broom_154.png,1aa87c0e67a132a7490bb0c702a71aff63897a596850889fce2a9028b84e197d
broom_155.png,3b70ae26ecae6283d173578f1d7b8ffcab3aeae6041f446c4bb413466bb8f762
broom_156.png,25002da4c320c97aa20c4d1c8faa66542be1a428f9ff73b14706bc96b27b8f65
broom_157.png,d8a1dd693115a250a6ca3f00b61d4c1807fe815d419f522e822409b0d56f848f
broom_158.png,85c4fc3585005415c89dd35e558d990740e2190dac321378cc7cb534c2aac5d3
broom_159.png,d57acc382ab6a14943285979d943830e0cb8808ff6ad5976148e768a4aa42fa4
broom_160.png,f30ee7dfb33098559f7c1e7d558e36601a59fd697eeaf84f09463abf19ab96ae
broom_161.png,37dfcf54f8b8c69bd2380dd78c85e6c3ea5b3b2cffc1ef9fbd2cfb0e96076d20
broom_162.png,9d3526859d37f71c82969c7a7774912457d7b8452d37241f98d1104663157afb
broom_163.png,243869289a9a228cc173abe7c00307cf105ab1103c3529e27f8d84d64d8761f6
broom_164.png,28ab6f0a267d9334e27fca0da3aef097124bdb052354b4ed42750d6ba79c2df1
broom_165.png,9dade969009cee28394a0b50fd99904912483af938e60edf9137ad4ab46a99ac
broom_166.png,f3672561e75da0e279b98e0186c495c4d95180e857f6ec304116ae9532fc4b30
broom_167.png,9bd08d46f619572531d126fc7f75bc3932465a847831cdecf008095318e387a5
broom_168.png,a595b27d4a5362e76208a2491aec4eabf21ec540636fb2bf08cb68d638a3d4a9
broom_169.png,cb9987531da6680209ebd3c5bffb0ced6911079f29866d80e13b24bb3119073d
broom_170.png,7a0e11753c29e300e35be314e258852b80ce881a72d6d50adf738bacc1d2ad22
broom_171.png,d29835a8a8bc33d63ab3984f08cfd9a8efb72e7574dd37969a0655d99248e5a5
broom_172.png,11584c796d691b12b10231f30851c1679fbd748f942593a84c4c0644aa436959
broom_173.png,bb350f01770941b8ee1f1b7406eb198c1e20768e5f6cfcd98753fa1b808e3fd6
broom_174.png,871a2fd57602ba91e9b467a0d4aed30fa6108e3909b458ae039d18e5a6a6bcc4
broom_175.png,91d0accaf0f635791ce7ad027b372e34679c07d31cf5d00699dce780c99d2a3b
broom_176.png,a9954fadb062ea8a2740439a0bc0e954e91d9aa7ecca8ca26f6c83e02e30afb8
broom_177.png,34945c91db8a0655a2910188595768a6d32db64c835c57f7d35d3f02f430b7c4
broom_178.png,845c55919132b8e3d676cc8c8f274f28b9ab067c4d47e115298514cddb780fa0
broom_179.png,16dc221fbcfa3b9cbec5c4fad15234e41ddc32df9fccebe619af3f484d26660c
broom_180.png,a56dbbd7c984bbbb181e9f2a6355be1754e264448a51a3ce0ab8f4cb0d8a5544
broom_181.png,fdd4b4b1e225df0b33cfbc8c8fd12eecb776774f9920b5779fad8e73708c2a47
broom_182.png,00d13c7cf02a62afcd3024af84384a8e8f17267b1663317ccd6b43a5d1c5a8d9
broom_183.png,618fc601a2471342345b130146e19f87946d57edbdeaf51f4827311675b1e1f3
broom_184.png,335d08645ef2ac00fd8ab271992c45d1de2f6080222958bf27f71e49e02c9064
broom_185.png,df9efe400f284621be2061ac449a05bc0b508ec9daae3fe112b5ca2e40055eae
broom_186.png,bb864da85893b140c38a7da59a8bf7c881d9de225ef1104d8296954b7b7861c2
broom_187.png,040e10267309c62db481c24874191eeb2ac16f98747c8937c343d9e7c8f3c52b
broom_188.png,d0632f4ea547b8f42c025a3d090720a2acbb95e9f307f41606d3edb999c64e33
broom_189.png,44b865a5d651354e9819caf8008f157e4ad62cc726f523c8410d2ed341ee491a
broom_190.png,f3396ce0dcd15d4505ad114def2bd00f506e3b18d030a1232d62794360e6f6e3
broom_191.png,146cc63bbe6044eceaa892f65ecf6358dd8248009a881cba85b454ae974ebcd4
broom_192.png,de60040d208c91e574af37daf825769f9e7cc908644e326c4ac0ef7d6ed1da2a
broom_193.png,541ff80c6e33b6477a401325d662050f40a129ec1c19049da27e90b33f862e15
broom_194.png,03bd95974107df8526cfd77722a6713c1415e449a7630a0cf2580a2f6745d6d4
broom_195.png,ca8003e02d1fbc996a4b385d6f39ba931b44a72047406a617dc7d3867d32d7fb
broom_196.png,fba8a2faf3b8e94d930df7dc25c8ffc3441312cda0dd6a2580b3869f34d60af9
broom_197.png,37dbc13a064bea02fcddd63e7bff4e6fa2929087f76601068588a17319092e4f
broom_198.png,3f5673134f34888a6a338e65e89fbb31a91f5165a3488d7f69f81ae690d9b956
broom_199.png,a678e2468a6c89564726600a1bc9c0663ed98cb1e825581008db4c6d84788714
broom_200.png,028df35ddbdff9f96d73fe961ac8ef71c1e9ee38a32254f1471e1a08dbb92f38
desk_lamp_001.png,32efa85c98394e72791cab2d3560e03ee6429e51e922d381f8540d62ed59ce88
desk_lamp_002.png,c15258259cbe75fed861a9fab39c6aa16bc58acf5d266db68c641f0cb39241e8
desk_lamp_003.png,447da66b6e70164b64de5dae27224e6cd83de289c3a824c20d2e900862095956
desk_lamp_004.png,554c5a8f6af0300627d0357f01cc2e32f2c92e8f374858a38657e08add5fbbaa
desk_lamp_005.png,7877add56de8a87572a4adde5100eace99b4a907694884168f8050ad17a76080
desk_lamp_006.png,3993e9b5f240a00e7c02dcf2003aab3f28f5ecde8c9bf0b09044a22bbf2ec040
desk_lamp_007.png,b023b2db2c97e5063b3048f85c5d8a3ca48c7984b8cda92a0c3c43c522e82d84
desk_lamp_008.png,8ba96f2a7e44e1471aaf1c1196e0a2779e4182e6b74ed61c232e37ef70b7ac6b
desk_lamp_009.png,dccc4d96e5eeaa790bcf3d3a2cce645fd45bf4511abb7837f0e250d4490eb9f0
desk_lamp_010.png,fc8c95b1aff40623e7decef96dc291b66cd219d59936db4aa40c55bea2701e92
desk_lamp_011.png,57e9dc516ced57d5e7d46f4f89b94407b8754b274d3c3b1603e52b14ba323a9f
desk_lamp_012.png,6ca19a0cf89cde8415898f45b043e7f84d3ccd4676051cb62edffee8135b334c
desk_lamp_013.png,5e186132ce67e86bc451eab6b07777b66e28ba3243661b861b7b6f528fb4b757
desk_lamp_014.png,258b6c3c2943ef247428da823beb50adefca75ceef6a24464edb4f8a51fa4c82
desk_lamp_015.png,025ef989dca78500ce6ed14084a52592e7dcdd4679f9321cf390ef7bd50271de
desk_lamp_016.png,b360ab0aecbc2756e6061b195915870670076ac70620e38b81404bbc68e171d7
desk_lamp_017.png,e9ac0bf7b2275e5e07b2482a59cef816f109d12b0a00e059dfdc79436ff81edc
desk_lamp_018.png,c643668a5db54cb9b27dab5f0eab741831d42ac70870a1277a0d04b43d2bd2a1
desk_lamp_019.png,dde62f3dea965197a840033b9d30bfb3c4512d22bb3c3e8492ca273cbf82e3a1
desk_lamp_020.png,b29928d27fd05108ab87947747c7e84693453c2fc7ddb1b5247b21f902e27298
desk_lamp_021.png,2ff29c507414ca435dea5aaad37397f8ac7976c3fe5c1d269fb6acfdd72e2b58
desk_lamp_022.png,051b3b7726e125a8026b321d02a87118a192ea9c568b5392d32c0ba85382ab2c
desk_lamp_023.png,93f8617c18b4dd8aaabc585778dd28a2852bc2bf84ebd6e45b4d517599ab0eee
desk_lamp_024.png,9a0cb515f8839e3777af0edb96d8e891edb183119d9573b04ad12a4b08e6ec55
desk_lamp_025.png,ec916d20f26018e099bff112d827812f11ef1b7a6d293c520b898cc9d9b41a22
desk_lamp_026.png,7d47f9da59d6245fd6aab77b78bd8c268767d2c5c71bea8e92db177c51ff22d7
desk_lamp_027.png,97e044087a28e004e4c58a11234612b0d382a1ee7a61ee914f75f6022269fdbc
desk_lamp_028.png,950eae03d055bec1fc4c8fb83fbab04491f4552c1228a750647f9e4bd896bb59
desk_lamp_029.png,3b53573e5269b6e6e2ee906336470619919efc2f5997c31fe8dd681e643af3aa
desk_lamp_030.png,396a3a4bd696d65872e5da92bac4d90219941b06c71a9597ca2594e89aec4a0c
desk_lamp_031.png,3c1ef18d5760fdb65cc731619487e58f3cc57582a06ad0f9997d1b5953e9d356
desk_lamp_032.png,cddfae777de3eb74e0beafca4d3e2dd2d46246c83566373e7948e99efc9d7a45
desk_lamp_033.png,8728a033d3be98033aaaebb8a7812a51daa20c406602c6ccf0be238f5a2d1cb4
desk_lamp_034.png,31122b72389acad32fde4aa75a70590196f58cee38a8599a646bbca9f6a518be
desk_lamp_035.png,dac622a50037f7a2e97e1c9075ec66c6f876a2bcf8c859c8e61d8946ea36ea47
desk_lamp_036.png,1a4349a29a207e2ade56185c1cfe6484b2bada1f847abec00bd9946935afb904
desk_lamp_037.png,fb838135c230c3716b431f8616d61222d71438e6acd05b6ff024fe922c5dd9a3
desk_lamp_038.png,23499b89e0709f8dc9ce7e076c0cdd1b896f5a8c4d59850d48400011436e8fdd
desk_lamp_039.png,9c1a0f6ff2c01fad4ee3e918e405ac9385ebcd58212357fcc25f66ef115fbdac
desk_lamp_040.png,52474d99c4f8a0f34403bad3d9d4e67037d12329fbab704c2242176dcaf3d22a
desk_lamp_041.png,26d070a824851b411126db58ebf26273199fce1c38d5564bd6fd17e63fa84de2
desk_lamp_042.png,c23bb29c3fd9f58be8b63143f05767000f0d20229bf56f4adfc4428dcc8db746
desk_lamp_043.png,547c4607db31c1c8fcc1b5dc16f8b4440e464267e178ce3e7aa13733fb3f2f16
desk_lamp_044.png,9d2379535caf4fadcad98dd7b6f2acd9ab1dd068fad055e63e53d70b7058e4c9
desk_lamp_045.png,d950f7ff26743282f8c16612e9d2b013e58e1ff552da0fa94e768c324dd0de57
desk_lamp_046.png,79a279c2213594e9ea72808b556e243a1d6cf812e43a5a20d0a0f53380033f5c
desk_lamp_047.png,0176b9e3bbc7f0dac172973967d51061b29e1e2abef3fb5c7a6aaebed1bee963
desk_lamp_048.png,b19cdd2391203204c97aa841a1408bebc2d5375534220674d44f3fb91d705adf
desk_lamp_049.png,afdb2ecf149a572090c3dfe893bccaeb61be46dc7e1f0980b7d81503810821c0
desk_lamp_050.png,05c82fa99aa9f063c8f88d6e66e72c92e8084939577a6be5b39d27af8470f5b0
desk_lamp_051.png,c2ca49a59ac6c1a1ece61481b851b46faf6d7c53229b59c47f8f882ebc6a56dd
desk_lamp_052.png,3b7ea0fd963e5add6d89e55a17f93bcd40efb7417ec79079cf8f311aa5d04d0e
desk_lamp_053.png,ade2fc00cdcd150cabed5533fc55c9827318ff26364f239af05240c915a642a3
desk_lamp_054.png,f5e06a3176908dc6aaa87021b74a443266a613949a6a7c004d041ed86afaec25
desk_lamp_055.png,e78b95231751b7284537bec994a62f45387ff90fb48768dfeacde5dc81f99d5f
desk_lamp_056.png,de7801134f94f2a12b9cb4a380a907a6deebec34591ddc57ea75eabe433d3dfe
desk_lamp_057.png,7bbe9851d0dbc06d7beb99e20b754826c8aa9ba90575e3e71a064769c2b483a2
desk_lamp_058.png,595ae4253f374976bb5819735ada9841905dcdde2b2cec13481a65663553b471
desk_lamp_059.png,a8df25ea450209113f92eb04d3487022359d8d5fc710f9fc0037bdc0ced5a198
desk_lamp_060.png,fb100042da2eeef5cfabfd98cc5dd0a587b6f6744a5801587d00323e24e71959
desk_lamp_061.png,62a7779f51f8caf6e3e041a80db6336dda4373ad1071c32678dbf49326630055
desk_lamp_062.png,a7c13b639e59913bd106286a44d62d8008bd77263fdcf66fb6619dbdd4cc9696
desk_lamp_063.png,e13bce10a0e79faff136e2fabd37d1667d1caa1d228066fe259dd62d3b232568
desk_lamp_064.png,7a7e0866cce06c395ccbd469d535978f6a033acd3c2d03f4f18be38819880f08
desk_lamp_065.png,f0adea1490ed383408848fe3ec202077a2b1c0c01551374e1599bf20b888056f
desk_lamp_066.png,d38bccedfefe22670a12641f0ea1f2ce0a78d089d541df2717e88516d03d229c
desk_lamp_067.png,2054bb253f76f5d65e817a01a7573ae8363ef242b41509cb59c65d6bbce1e21e
desk_lamp_068.png,f85c4989a9d5180d286e9203361ad5f299bea1105de1b9608d8030f9b75d30b2
desk_lamp_069.png,5ad0361948d424cfa8046380b4e07d750fc2b79d23151ded746ec74e63b4f651
desk_lamp_070.png,fdd3b4098f572b5153d1c0809cc0ddf990c8d9237bd46a16c54d78cf4d2caa45
desk_lamp_071.png,d6611c251185986a9fba4a111b1c5d563c7d0d9d4fa1109bdf138091be5e9929
desk_lamp_072.png,86daeb455586932b61eb4e31e644c07064b23a540cdb3814281b9d0ae11c855d
desk_lamp_073.png,1d9c4b5a5b13fafc318c8c52ee05c5078174685b8740c383ad86093d8c9a8441
desk_lamp_074.png,b3793d8236c3d9aea5619efe9e4021c1888deae331f6cb56e96ae650bac70a52
desk_lamp_075.png,909af3235a0cc1aef4bc17ffd514b2022d5e19fea818ef025fa9478bee35a1bf
desk_lamp_076.png,f7622be4f3b962bab388ef1d5ee93e41ba02393dc4aa56e4a74b7be2c9202771
desk_lamp_077.png,4c677c85c70d636c6f2756e42cd75dad846f87dfccd5d72a678af27104ebe260
desk_lamp_078.png,32a2be68d39ba99cb9631da6ca922d6aa1fb4ad89a46d95d372fe06431b12689
desk_lamp_079.png,fa7e1bb5bbec1d0dbf1efed8fc7d19559b199f584b4b71b4d729203b163b7196
desk_lamp_080.png,31f5d599d3f2b3235ebf6fa349cccdff929613f4835fcef517d7d55b7e03cba7
desk_lamp_081.png,37b764bf67ff74f66470702405aecfec00294a5e9cc8d3b90ce4281822b5d27b
desk_lamp_082.png,8d8607ad827002277ab4dfeb1ef394a524ed0bd30b1e426993498a12b9c20647
desk_lamp_083.png,2139e8dc924e9f7488a20b33efdc17d3dc46f3c985b0a6ae3f57451812ae3c3c
desk_lamp_084.png,208f851f24702462a62af733f8b8d56c5406a9c3f7ab803a5d8f2b718edf87c3
desk_lamp_085.png,ddfe52b82c2e1dff067958cd3522ebe3d1d00c56b4dff27fa4d1222bbd1d1782
desk_lamp_086.png,b673bfa50fa697080b437f5818ddb0531812bfc75d8d9c2ea18f08b45a0054e4
desk_lamp_087.png,efd9d4df27fca8b10791ec52e78d96207eadab18963e00cdb9dd8a8fe8b623eb
desk_lamp_088.png,a24afc1c65cf730f4a8bd91549057eaeac263aa5efa1d229c896798772c8f7ce
desk_lamp_089.png,5efe2ce75eefdae431f040d81b0894c3fdd531a7d67487bfe3b4479c081dbdb7
desk_lamp_090.png,9141abe992cf8cae9b17f36b1d7c0e0413cd7c4ee3e8a80b1fed05969217b567
desk_lamp_091.png,bf194ac3e225357c1fc961c83b314b00ff9e42d51e3b5b71b6d131fde23b9863
desk_lamp_092.png,6c86b5805ba9a4b8a295be1d23876503db5cf019dc8fea7bd4714495b806ffb4
desk_lamp_093.png,063ee98dfed31fa0dcd5f195784376356672e2ef459a9028e63fd23c693038ad
desk_lamp_094.png,e44a0a2bb6b85052a33769b0e13e5d9d754f33b5e9a1237d1ff96a728eff073b
desk_lamp_095.png,70d1efeee9e05d6c02b370376a8badb2ae6a80856e7beaedd9eece5aa96089f0
desk_lamp_096.png,2dc0589eb3a3a49fac1aa87fe60b295acc41af3386ddef201207d53b3ff71ada
desk_lamp_097.png,326089fac446c136a6e758a7639518049e74de9c978216a9b50107de77f0773b
desk_lamp_098.png,0bd429e14973ea96cef6b69dcd7bea539592fad266efcfdc4bb977c03ae6ddbb
desk_lamp_099.png,c435e1aa068b8993a6012e9acb5c68378e5211e391d1318d8d06338be17dd0be
desk_lamp_100.png,78b0e2989776ca5af97ca8c78ee15c2f9a1149bece58fcb1061235b03c10e0ae
desk_lamp_101.png,379768f7436885019be9a1413af854d821ed86551190ca9a11eebb0ca368901b
desk_lamp_102.png,004adca64db71052ca316f38e98ec2c96500ec1fc4afa4e363cda2220cbf607c
desk_lamp_103.png,f67ad5cb2f226878110ab1f83136f88d3e44ad41b1e53fb39e642e3fad197e7a
desk_lamp_104.png,b4ae3d1780f02388b02e2c78418d83acd6d44e010a86abca091b53d4c416fd60
desk_lamp_105.png,d6030fa8abec1aa1c9bb14601b291bbab1a7759dd5133834a78ac09ec25f7acb
desk_lamp_106.png,2741f46dcc76b7b85d5d0f02f439731397b0c9059be220150f53dc1c0a2bd031
desk_lamp_107.png,23956dbe6a4ac69fd10011d83c9042dcce6e279d5b4b9ca53e165493ba3a7f8f
desk_lamp_108.png,46e96cbc455e1d8b9208f8e3e95c1c055ac0a605efa5bef1e48c87d3017fcb3c
desk_lamp_109.png,a064c2a2f5c34cdba95a6670367390e5d4fec94236dff40e75653454a694aca0
desk_lamp_110.png,1482c867f54f8efa4d4b54c1e3231ea896189cbb39fd62669c179bc462ef3182
desk_lamp_111.png,3e1618a81145cfa3fbd6b24b21c5ca714e8dbddd1593f208dcfc1ae78c05fdf0
desk_lamp_112.png,ddb5fe11590b50e78749c1014a1be896255b942c20e409577e84d7108999426b
desk_lamp_113.png,2f8e3f467e728b886fbfd7f6ad6d6b6bff12fc0ab6385efb9ea0af59eab2db37
desk_lamp_114.png,f7cac0db7c3e3ea0dd0bec0f1907e4a5698f9d3c89f1dfb143e25cdfb3ba9825
desk_lamp_115.png,363dd7e203b252324c1f7155679df22b6db808b9b76ef323538c5fba92628b7c
desk_lamp_116.png,e336321abad3b80c5afc4c1e62318c08fef5148a9d0f8243102329f81e418a67
desk_lamp_117.png,fa016f9d2c47bef4f28d31c1d36eb28f556c0796245cb99715313afec894f5e0
desk_lamp_118.png,0dbbe68192c58e23ea24fcd417ee9af3057823145fcb358ecaab8576b71b12c2
desk_lamp_119.png,cb050f065283ea17b7fad142a0b3066325c1a90c882fbe64e494951f60d94e57
desk_lamp_120.png,b6d67e7916d50e4e61790df5dda88cb4a9fb5483eaf15a8c85d8430464c6b7fc
desk_lamp_121.png,1f6e847a9a08e5f6044621cd332b89c7ce6986bf66edc0549e578bd0e859e739
desk_lamp_122.png,d722e53a0ea0bc015fa1f941e2c88ae27f880701f2474103fa945180d798a167
desk_lamp_123.png,ce45916f8ee264920e7e652c361f8b365ea3f3cf7c1a4bbecf2aa48d9370a4e4
desk_lamp_124.png,e83862a60873cbfe8b81b91e52260f769a9a353205e690d07cc67d872d93ad47
desk_lamp_125.png,566e1df73508461d105be6c53a51d05f75e6b36c1bebc8e0d189b3f8811696a3
desk_lamp_126.png,3f8a8bee74aeb2ae5c07aab84eb431fcdb89c0e8a21f9874974b32fa163f91b7
desk_lamp_127.png,f1ca8f85bf0824874ede786e94d2b9170860514525f9c67598f019d710c310c0
desk_lamp_128.png,2733958d5894ca21fb529939d5849686178ff2f1fb032c6213823b71f602d3a2
desk_lamp_129.png,92dc1839552d744943b55dd5782845612163296a5728c992cd4dc9380ac17531
desk_lamp_130.png,a4d4ffefa136011a3ea09b7375e9a4c6f95e35e856ea8a8da78016b2b6946a37
desk_lamp_131.png,8d12c5f0cc809715d1a5aae6ca4496e2d9a2bc14e6c2f6f7c6f2a81e6658d08c
desk_lamp_132.png,a9c8f8d9eb9c1f02cf3402e31b0d68221ace7c3a07d4039e202552fe1487fc24
desk_lamp_133.png,4e58ba208879346ff80be8364c10bc9a7ca47f4580a54cd3c97d91ccfa598d1a
desk_lamp_134.png,206cf35a0f79b03453fdb2b0f70f5759fd31aaba4a379144bbf3d6cc7dc8ffd6
desk_lamp_135.png,7780afe56e254afb4138dc041d98761d1cafe5b813160d51707523bd8bbc2826
desk_lamp_136.png,47b15ce0683e4a491d9fcab427b7e9b260e58fe2c2514a6e585ee59218f90941
desk_lamp_137.png,8c226a05dc50402822198f79555940f91283f425fea6dc98f414da0af72df792
desk_lamp_138.png,6fd2947e58b29fa6f42172f5443ec98989fd93d55e30e03a5d8656c7524e6d5c
desk_lamp_139.png,8694904db5d856155a903bbf58f21d008dd4290db54b449b3dc06c1e653dfc4a
desk_lamp_140.png,2cc4d01b89f8111d6eb77a24346f97e287944797a98b4f85f36dd2c03bf8afad
desk_lamp_141.png,b2c1f2c128126a2230cc95f7312efbbcef82a0c5d50ca07da4c27f3a045883a0
desk_lamp_142.png,e0813b0d1aaadd6a670078a68798f3cc3395ea7429bfba85bc7ce280d88f4b91
desk_lamp_143.png,5d19adc40dd315d80cbb58f7684e96732120b2a471970564baf65f8fd524d80a
desk_lamp_144.png,8dfddec857d48ba9d741736d614fd4ba2946c6e5a7a0db788124fce6fc59cb60
desk_lamp_145.png,575dd0f182b21e0925a187d1873135aa0c630b8ea244a4c9d4dac409eff22264
desk_lamp_146.png,bb34a69ede65a86e36131ba3023c1ff7dc2bc0af0fc429be9b671a50e9ce0bc3
desk_lamp_147.png,ea9025968e4d844848275f9e0e6c0dc5f63419be909415124cab5e41fa4a3851
desk_lamp_148.png,fb392fe4a067cb5880a3a9211d871f03b7106d3008bfd86e017dd4023bc10966
desk_lamp_149.png,3e217fbafb33ccffe0a1424714b2d5afa1de5162044f4ad5c71e5ec4b2b42e93
desk_lamp_150.png,a9155a2c38b5a8bb80b5da651fa37b4192959546e741f820998307fdab42cdab
desk_lamp_151.png,c85fd7c4c7d51410832466f1dae7f1d96d0d12c7ac2db7e67de96bede14e0231
desk_lamp_152.png,c5c7a826c8d28b098450d76f3a18898e6d50cf891d947abdd9ee66913a06922c
desk_lamp_153.png,1cc94b13e427e04214c872a9609c305948c0e8e61387a44b84ea607493916f60
desk_lamp_154.png,27a02f970777ab3d5617f7e16bcd541311f25f97e569f278ab95c03d14bcfaf4
desk_lamp_155.png,d2fcbc8380e22f049db5010eb8aebbf439b24eb0cab6e14edbd7d489ba9c3d1c
desk_lamp_156.png,8f090e5296b32897d112c9e949a44102a4cf6a50dc0927635991f7bfa303b159
desk_lamp_157.png,84722d2287904d2a2d3fd06ed9bca9e59015a6eaf28dfcf5e201aed4ab7cf4ed
desk_lamp_158.png,4e387d283757bc6db15aff0f165ad9c118cbe4d80e138b75247fcb8455451072
desk_lamp_159.png,005f51ead7cbd56b9d75f4f3d30526141090e83e937d004a2e94e02320f7f411
desk_lamp_160.png,6cfa1af2d1684148394ab6fc0b7cb5e2e5d2704dc94524131243afada0fea459
desk_lamp_161.png,07e370d4c52bdbe38942316f4d7276b155f78437db96609472322a4731a6c753
desk_lamp_162.png,116890c97d53a36af45619bb4c6a3da3b00849b6a865dced530707eee0954ccb
desk_lamp_163.png,a1c7c24bc1c742d6adfe847c4f8ea2a6ade29e0a5fd89e166070fc5cdd77c606
desk_lamp_164.png,d350b2fe0d01804b71deeff84ac8313a2c8b199ce2ff44ed9e011652c90ce45f
desk_lamp_165.png,56f46c8abaaf39e0506c44e1f10519b16d5b347db8640fa4b0d31d872e34428f
desk_lamp_166.png,3285ee5726a4c9fde4a2086d86ea4c654a3e087ad8b5230a5bc70fb8dce059bf
desk_lamp_167.png,cce841733858e6887905c449786d92808f9ae0ccf9cbc0d0c4d558d24c7c306f
desk_lamp_168.png,166c10eb8baad0bd45145846848f994d4d83385c6408f578aeafa35987afc8b6
desk_lamp_169.png,1945b23997437c2133f4fb22edc42a368e8f2b4e66a6a3511fedd8a1d1413a39
desk_lamp_170.png,7621986acf9ddfd0a1a0231ef1202e69130064694310a690d77f6d7ca00dcbc3
desk_lamp_171.png,92e87a28441be76d9b67822c9ec15638b1c0d692381e1c13ee65f76c731118d8
desk_lamp_172.png,0cd0444c7fd0b349706753805d6352a8a95e687977f7aea1ba7fcf13d4d4fae4
desk_lamp_173.png,1aaa5ddf674653dcfd4345206fd511b2852734aadbe927023805eb4b2de9a567
desk_lamp_174.png,a2041dda2470c0bf39d44603392946477b7791b1dcc022b0e8152da2c15d9048
desk_lamp_175.png,01af9411543c4382245d8bf5449ad7527f35258d77a5b5722885ef8e02756e77
desk_lamp_176.png,564dfb25ec7ecc9b60aad910dab69793b9b501428dbae0087317b6297d38333c
desk_lamp_177.png,d5332044b3d9cce1943afb0fc304542ada2496bb3f781b6c95388f6ef8b74226
desk_lamp_178.png,200d25675679507bcc7bd5e1b16b96f672192a93934c70b7f16010b5f38ac882
desk_lamp_179.png,cfbc6990a5f7e8a59a4e39b1c16c7e3edf4e956ac69476d2fc68f3ae76402099
desk_lamp_180.png,ec9981383600713a7fbf467479a68a01d4a6762ca66020b2e6414bf8109c7499
desk_lamp_181.png,0f535ea53dc7a2fb5e50e5f514c2f482d6bcde0056ec88f8f55527123dcdcf8a
desk_lamp_182.png,c155b610be64ba7edbb601a20f629bb694ad30494f796534efc7c3eb62e84d73
desk_lamp_183.png,3a6498e659d67e528888f7af4dd28508003e63683fa8e648c0be7de8ea8f4bd2
desk_lamp_184.png,4667aca0a5ceb9de4173683f586fe5c3d95ad056e2b037d8c2b3bfcb4bf2cd01
desk_lamp_185.png,8d3db9ae0de2702c26a2cdd52d49e1e0e1ee633a9f276d0099dd2fd06672a790
desk_lamp_186.png,5d5e8c405e11578f0b1d2b60a19ca015ec32c4a5ad9bde4732cea8254784f5fe
desk_lamp_187.png,b1154cd4ee94c893914e8c9c38cd53676c59fdcfde72a0cbe56d216e718b506c
desk_lamp_188.png,6067494fea1ea0cc4f0654b02a799bb4862a21903a0e0ce7301f6da07f144fa4
desk_lamp_189.png,6584ba995f204a5d0fef67b93e8f393f9a63f873eae545b04a42bf873f90b58d
desk_lamp_190.png,48b03fd2a9b6d680052708d83c08d6564d0308397de4afa81c829927ec40dd06
desk_lamp_191.png,20435e4c77a63d79f2192fc3a70eb227318a5407376982246980ba6e82492c93
desk_lamp_192.png,fe9e375b9b6a963835d62abfccebb121c69aa85076ec99fbe6c5796f734961eb
desk_lamp_193.png,030df5a573c59e3754f48a47e1d887b1a4b1214dcea9cb3c396da9b959f54e46
desk_lamp_194.png,1394ef9dd2c4d6598f37599c559c0cb941342424976ed97d79dd63f5cde57147
desk_lamp_195.png,f596912722e612ab726245cc5e9d1baeac5bb12b124e68953d581ac831718ab2
desk_lamp_196.png,e213b08ddef399a95a4e73a9f44bbb63c67be06e9318ddd6a277d44fde4c7a62
desk_lamp_197.png,2fe28f9df26b07c2e6c3f4f48ff42ad8a9f20a506a08d3fe9e964a0a0991e8b9
desk_lamp_198.png,4e3c462ada0613b0bcf9a3edc2b6c6c40b133bf45e4630b3a2d2f8980d33dc33
desk_lamp_199.png,826b5181f6c944a4cebb9adea364ad47ee826a83a389038f3fddec98f706d473
desk_lamp_200.png,62953676bfd80549bfddb0610752fa7d9771fc76b60bd524deff62a45aa5dabf
early_automobile_001.png,0188f74b3fb64118bba820fa96eee38fa4ce1569838c595055f88b2f6c98825f
early_automobile_002.png,9e68febfd46a6b6160ed48a45e074517cd7fd98395b73272b06afa132fe79460
early_automobile_003.png,5ee0df089cd5d78309e679cf8c92e8d215b2fdfd923a688cc69fd2fb9047ea54
early_automobile_004.png,7832c9117b8f79bb2c4644a62e2ffe631f183d5b9591a67f15e3a7f461b6d25d
early_automobile_005.png,ddea627f460dd2c2363348b216beec6c45c6ec928e80d9f0d3d37da6fb8f9188
early_automobile_006.png,a92d40ff7c86369e6b1d2d63e6b8c647904a034dcbab0b1a2f03fb7e527b4032
early_automobile_007.png,1ca23e8425f2cab62ef0b7f6a0f5876dd57628e26a625eaac163f98a8b311301
early_automobile_008.png,f911c14b86af8a4027c79f3132021cff4e8439b9c2fd4b820c5c2a39f0235fad
early_automobile_009.png,48f5760a2b42a3cd62858206f254e373481624b6c77f5ebe75e615649e6503cb
early_automobile_010.png,c2b49f98fe34881bf9345f43c57f74ec5c37bd8bed11198f20732a03fec37777
early_automobile_011.png,73fbed3ddd18b9a928016ab53724e1436ed3f12ed82676942ace12294cbf4623
early_automobile_012.png,31c163639b80f393e3c5978d3f23abb12919b99911148901e893136f7c54462b
early_automobile_013.png,98fac63c732c1a4c76d39a513f26028914e8da6c9d1be5b6e3dc8e03d4a8408e
early_automobile_014.png,bfafab2a21424f0bba692d38b50303f281eeb3bc9b548fb1ed495eb8af6db233
early_automobile_015.png,f5632a9b6391417e960728261cd92703d13948b4eb7a4fa5a9618b92db9fb362
early_automobile_016.png,905f02241ab6171a5cc11c96040039e236d3b93c92508425a558d5b91946f9f0
early_automobile_017.png,a75c3cf4f3718583c3d79081df68abcf1895561fa2a4bcedce6d5ae3aacb69da
early_automobile_018.png,5c1f61f8561dbf39a7473e1fc981177183987293cd327eebeb28e82a71a79601
early_automobile_019.png,33b8ff9e116374dd37317664c1c4911acad5a33ec256070fe3ce97382d08932f
early_automobile_020.png,f46544700653fcd2b28bffdd374b86a4f8efa661873efad02e5eeee66f4b97f0
early_automobile_021.png,e80f3e211496f922f9c081b69b69d588285db9141db07fa5061e690f77ae5b4b
early_automobile_022.png,f84e65dc5467f262885a9b2cb3ffdd64a1445ee3b26f45058bb8c5445d243ffc
early_automobile_023.png,e9d6c0714387476fdd164bef21bfd74d6e4085a26cff30fe32761eaf59070a8f
early_automobile_024.png,b4c4ebd57557129728cf2c2cca7d977f3447dd55726787af50c4a57b76eb2ae8
early_automobile_025.png,44b5b77a61bc00b9673071d81b6475a6189abe61b2ae98155f7c504286d97425
early_automobile_026.png,3b77d50b4536a11439c22fc86f7dbd9a92bf93cb7596648da8d25054dd00d6e3
early_automobile_027.png,52e2984984ab54764b4be38c01c923bd0c73a23f37a75d5af969681c8a19aa92
early_automobile_028.png,23cd628813fd194d5ce07ccb89ad9a3c2271c8fca201fe64adfef5584e574ae0
early_automobile_029.png,d5dcb63d756a2499f565d5b6399442e56a8f7e399516e7707cd79dda4f36ce51
early_automobile_030.png,1ae63e38809ab03d8e658c36d758490e40cfb956f38b5dcb568bd3512c02b145
early_automobile_031.png,80e7ebc931577faedaf8426b36efbfa0bcdd33eb54098fce7944c796ee9f0569
early_automobile_032.png,000268934a22e56ef4819c366a57bb4c198c97d758bee7765e0e98f937f09604
early_automobile_033.png,d817bd06a2de9dc137f95bd2b810944bebf71e0c7f73b7dd64c2f23d4821841b
early_automobile_034.png,31bf2da9b738e06ebdb4fc41b10981fb1905e15bb84214ba8f9c8b64224a68ac
early_automobile_035.png,e5bb9b627205a4bf00404cee308f04c2addfe9fe0dc91c5d8302186079f4f45c
early_automobile_036.png,a27ef9d15cce3c40868cc95b02a576cb618d044102eb68eecded92d03024e743
early_automobile_037.png,5b8435bfbe005e7ad35fb63d55294b3deee2449af833100228805d70a051edcb
early_automobile_038.png,b06993f3a8011c3a5241b3ed7ae08add8b808b898f29011dc869ba8ae79ee71b
early_automobile_039.png,04364232548cf70427f4264902156c4a032d33eedf19c1eaaad97bf150312654
early_automobile_040.png,bece1e1e46feb0827f904982666ba2d4a7d1020eac91ef584ea35f6d84820fe8
early_automobile_041.png,7d822a2445e987de0aed19ea5a21af8579fc621686deecc3429855c7581a54db
early_automobile_042.png,587efc6176bcb945d475bb7410c5c61dae52dead61c7c410e4d2046120a386b4
early_automobile_043.png,d181d74e5b78900689b4dff278d9817d92e5b511d80d619c4feac2f620b9499d
early_automobile_044.png,a74d368ea9d7c14e845fd432b7173a49851e17dc8efa8aacc790378770954ab3
early_automobile_045.png,a588e846ffea7cb743bd379da706130cd8d3e01ef11b7bb46b1446e619433408
early_automobile_046.png,7b3a7afc058e4130d70471e9dc79dbe7864e427e24771efc8551f63bbe2a4304
early_automobile_047.png,7eb1f64589e56f4bb920c87f18abb33261ee0bec5768d518315d60e5e61bbd78
early_automobile_048.png,d05ac24ca894c5dc7349cc3ac08eaa7cb1c2a12ee75e294950cbde2191b4f7cd
early_automobile_049.png,657965d5f782bc2e8f5c740ae09d8510807ad3a654a698908f91bd1e5fea3e93
early_automobile_050.png,05a414bf9958b6147905101cc3fec7dbb945ef26f1f7dd62033de2224b495668
early_automobile_051.png,9651951180f512c187c9e3fe065fbe7bbabe01bdfb022c3bdcbeb4fb7482e594
early_automobile_052.png,a9aed4b221bb859c9000cdfc1632f7d74dc99b219d936963df0cb155cf2a9399
early_automobile_053.png,ef2f7f44fb2351a88b3ad424a973baa8052bba96d5d107b758a47fa058c406ab
early_automobile_054.png,088e2570d4d4319a7adb9f6df3faf17658f6c4d838d6a3cb45b5e6e1f94a4874
early_automobile_055.png,7909c4d1186b26212be897441d3bde95be25c44445aa2b11450ed04a16c13dce
early_automobile_056.png,039b1e262db1fd46c43807ce32e8b48d6cec781f06b35a72f5481c3fc0e92537
early_automobile_057.png,ec469b77a238db5ed4f4f9cebab742709716fe2826659ba441913d69bc739f24
early_automobile_058.png,938972465474db191a13c66d19a8bd9e4756cd0365634c96ae4d869ce212c407
early_automobile_059.png,11e7fa1508b0c5f538873013ca180b3425c31def78270ad9f55f85d1faa798c0
early_automobile_060.png,f9b1808d03ca28f665a55ec9593c4448a56a7c23f0a503a9be62ea4d418c5a02
early_automobile_061.png,737f2ff2346be58c2664fbc5fb76924e42073ddc80acced951a35bcec445d917
early_automobile_062.png,1014da6677e10005cbcf6b34f986f338a14dd1bacdd6404de2f4367a970571d6
early_automobile_063.png,4fd3356eb54c3d58fe07783809f0607c97ea0fc119430b56f77cbea49fafec30
early_automobile_064.png,a7c0fa548daa51d42f397dccb74cb6216e4b7b6022c8272526c85355930c80c8
early_automobile_065.png,ea1b6d7dc2edee472069635fab20d9a008e3aae9f48f1806b6b0e2a4e1e6ce2b
early_automobile_066.png,7587b1291ea4da4e78b143e442a5bda5ebe72bdcaa421262c0905db098a7a1f1
early_automobile_067.png,94dbedbc1f10ecd6f27499fd1152484e70d84ed29681d13e9880686a40b030d4
early_automobile_068.png,39b80c5e53c6e409a09f57a1b8029a26d615a9fbb549141a7ad09d36a5024da8
early_automobile_069.png,7de744adde0b9c26a8b44570581e892ba5a380701563ddd0c2e64940773bc5cf
early_automobile_070.png,58b4939dd083875086337b82852b53f5270df3dc7c44176e28f83f20369001f8
early_automobile_071.png,0bf5042a001c2bd8306e493fb38e63c8497119483297fcdf0bdb90b1aff17e42
early_automobile_072.png,0f3764d56e2a9b8733b7c6056b6ccd888844c2dd220dc9edcd7d2773c98a3359
early_automobile_073.png,c3bf34816eade75dc2ae6bcbc2f4eae9b52a4bcd70699c695b650a651fa421a3
early_automobile_074.png,94a18e15ef876cd934454fe33634eff90b0acacc62402e0bb6557e406a11dd7d
early_automobile_075.png,dcba4ecc0d6b8a54ce3c29e367cf7c181d3d714cfa7b2f38e712adc963f73959
early_automobile_076.png,b1df87399d06d708bb40e47ef95a8ce75d7d6a7ffd2ff2e3b6a95f74bcf4040c
early_automobile_077.png,5e472db82eaaa88dc61c718bed9bdc5309bc4fc1eb04bf7d2e25e5edc836b71f
early_automobile_078.png,2bb627e4214050a83a2404ec141e1c7386e44848ab6e5eda5f58388a65a37b8e
early_automobile_079.png,bfbdbde70e9974fd09c76c168f291cb370585d77933a0f640d0061afdec57bdc
early_automobile_080.png,447dc9c3fe7532b10086f52eb6c2be4bc9eca2c7331e163d5f765ddf8175899c
early_automobile_081.png,16c6d3cffabc5edbe18c62c2f67a267f1ea9130b02dd6c2bf96c6b21918015e2
early_automobile_082.png,0b0032f15d55048d357f279d1a2e2c1b98e4982cc8a49d20d0840f0db9f9a7e6
early_automobile_083.png,e31126caf699f98654caa69dc157ee377c8644ab55f6eb8e86c6c18d1bc6bbb0
early_automobile_084.png,f1b4d9abb0b68c6fb9088f3e8f0f763b7efc6cf5648d5058878c917cb6d525a6
early_automobile_085.png,8fa11644daf360b31973ffc93062c969548174da1c251946151d8a121bab890e
early_automobile_086.png,21cb9fbc8338e61573e149c3f683abb68f465bf6affc81a73a9de5f6ac9ed603
early_automobile_087.png,5e4de499532b35061b06238527f888d96b895690a0fc3052bc443d88c5bdf5fe
early_automobile_088.png,f3ff20ef35e168fe01bee23dcda1b7e81044d02eee1181daf232043b1c5366d1
early_automobile_089.png,7726257f4f64525ebe9b6738c1d9fe937275b6a9e8ae5a3c8e1088e1b2af7b94
early_automobile_090.png,13886f72e7b13f51f401b0f1a5d06550969105def9080e56653a7c9a08fa254f
early_automobile_091.png,2829f9e4a27ff3a7edb681d4d35a01f9662dedb39d269cc1f77dd77feb0239d7
early_automobile_092.png,3a232a348847413d98d39838d3f12fec8013685ae3fda92dec8e2101a625ab7d
early_automobile_093.png,e5b16ca2c40c6f76d713422610130aa2c2d0582a1d90df455c3abfa68364d210
early_automobile_094.png,494a0419c8606c80a56df372c39a827edae240a3af051d43e5068e75d3800c47
early_automobile_095.png,11bab82f509167ee30a2429ca01e4030a0f4fd7bfeb3b97fbb5757dcd88edeab
early_automobile_096.png,a3e51ab40d9c8b8e3f0019c363117aa9d058e8f47da7ef0a4e870e4812b26b29
early_automobile_097.png,9f6fb2e994d82396b651593a9a1625b781c6f698a15a6ec3b10255221d319c04
early_automobile_098.png,d4b195cbc2e809e551483acf9bba070f882c8124f08e0aa5fa905a2f75d0e5b6
early_automobile_099.png,64fa9190830c5b3afb67438bd35a184424f6e47bde58da61c88b2111b642f67f
early_automobile_100.png,8cfe09f9b9668e8347cf16e0842afe49cfb04e3328b3925ba0b904713fcdb7df
early_automobile_101.png,4534084003fdef1cee8621b3ae153ef18be7b7510928814c4b5691e0249d710f
early_automobile_102.png,a497f2a8d9b298e390c431bdc212f81c809530e72814ddbc3dabbdcb9441d272
early_automobile_103.png,0cf1ffc4d18b5d5916ccfa9fc63bc0170f65bbd1a9ec7d703b9290a56f9eb7f1
early_automobile_104.png,20edebf871ae2e242b2db7d5e3f11f4229281c5929eac29538917b2317de730d
early_automobile_105.png,b365ddb16cbeb9cc807f162d27e61c8c132e0bb9f4630389adedbae6c44d33d1
early_automobile_106.png,7f88b916eb4ef101034a4a05ef66a71de3860a6cfc0bb23a37c9a45fb91dd49c
early_automobile_107.png,a4022f473d85b11c29edcc656fa144d90f963f719f2ba6934077c4d9523e4f8c
early_automobile_108.png,a0136609fae02daeb0a52d93e813282ed4b58611d497868e93a3345d45e0c610
early_automobile_109.png,c8b3c5dd04725dc8fcfbf8d0bac29e18f3d73c790a2dcc1a66c8c50e470c9f27
early_automobile_110.png,afc7c05f77bf67ba0bd243013000bb903a9bb8c5addcba389a6e2d69545bc5f3
early_automobile_111.png,bacf2fbc2a4b03f9a7554c8dac7183ed39468a0165913990a729f437d949ead6
early_automobile_112.png,3b2037bf4944565a06a46c8f616d5a8ab751994234e173d1ab369f2b3d6109e5
early_automobile_113.png,28f9bd5574474f802b8d81649ffff9501669ff119d496646bb74cd06871fe6c7
early_automobile_114.png,16fe73b0b029bc28790d813f9957fee172c640db2d8bc24c6b87e6de906b0388
early_automobile_115.png,21ea5756b59cdc728339473b74fa0f9962bae404eaea52bcb1fdacd7e428c887
early_automobile_116.png,dda0e91d62c50f5046d231fd21c81ffef9c06825d8bffb202c513e1c35054946
early_automobile_117.png,4c754a6801752f3ea845d4bba61a3de95a477fbe1a185bc39de9a2d354602070
early_automobile_118.png,eb5346dc91097da4d6ba925fa5407f20d44b4dbc40dd6511377fb501c9ac53f8
early_automobile_119.png,7de3759f172477e681bf9f29acb2fb63bb3a40e7c773ebfb9388d4eef01adc73
early_automobile_120.png,635a54b6f3598a8646d702f9209ba2e64c5e2165da43a27ed27f04615baf5248
early_automobile_121.png,b0d67210d2096786eb61ea0b839e744318f6c5c2ae09feb66e5bdfe5b8af32c4
early_automobile_122.png,dcbf590f38d8ff5706d5c3913bea818a3c464f3aaa238fde46a85fc5099174b3
early_automobile_123.png,4e9c1b33e530f7f35617b86a2dd797fbf5333ca92fe930f2b39756c413dbf46f
early_automobile_124.png,924c7dfe319fe16ba0a951248bbfe1f1e9939624aa246b68923b7cb73e93a5eb
early_automobile_125.png,ee35f78146e63c74009aa3d2073595e8327b0b9be42530c50c8a50b563f6e295
early_automobile_126.png,ed41b236397158eca197dca8f071b36968abe703149885b2df26aa45678d7142
early_automobile_127.png,f339c5c6701d3297a46f38071aa7eccaae4e510a4ebf1b441f54e5d52b3a3e55
early_automobile_128.png,36843de323c22b7d81372c8ae2bad8bf02062a712ea85cfbb98f72eda67264f2
early_automobile_129.png,e547561145a2b4f052327947e269d9f473f2ec8409e8f6c9297478395376a36b
early_automobile_130.png,66d3c31ccc7f8f1b11de708e8d7e92bb12339131a16b3a096641c3aac54cb218
early_automobile_131.png,0df7f48ea25be5d059b80899c05abd04c9f3995f103238e6eefeff589a557d4a
early_automobile_132.png,404e2ffa8f505f76e42b79b68eff5f51234656f031f7e27e27dc361de02ae6c9
early_automobile_133.png,2feb15c958f275c96954dc53bbb9e17a8850357bda6f548025d6b4ae7e78e9e8
early_automobile_134.png,e4af1044eeeb4d656129e0211aa16790de8ea3b0db72bf4dd9b1284aa3d351c0
early_automobile_135.png,4b5ae079e8b0ec98b80afcf50b466b4d40589f70f0e3f93c6820c4baf9f3d178
early_automobile_136.png,d382b507412651cfd74b8b7a96edf9f85d8598ac4335dda5d2aff9966fdfdea4
early_automobile_137.png,0cf8fb430262f5304280beb0468a89072133182454d91e2d2ed7c06eb1d2c240
early_automobile_138.png,8bb082f8905da5a92005c84a59f5163c62d8c7e00db41df3536fd4d11693a437
early_automobile_139.png,aa3c32136d3343af2c8bfccdc5dd6beb6797ff80cd02a1170f062868d016d8e9
early_automobile_140.png,7e22682addd7b969a673292838c2815c8a7d2efe6bb594429baeb8be6536237c
early_automobile_141.png,ed0cbccee25e370c2c1575f984df32f645ce8ac85ab63b19b3ca67ecfaf85cf1
early_automobile_142.png,11a2a88bd7fa0082a14c29f5ce098b4bcfe803876d597f380ef2e3792cc445a9
early_automobile_143.png,b047f93eccb57c61887a422ed8552c27fc05e112556b1afe9834e9e6923c3e42
early_automobile_144.png,b8351453cc85e4a0028126b6ac069b895b87d2788e9ad808b421a99abe5b8694
early_automobile_145.png,dd0fe79e27d7e11fc2c3b8192d0c2f9b8aecd20ae3f45e376fe2b86a0b6aee57
early_automobile_146.png,07c6031096919fb865038553e945093b71b9d07adb835f89b6c62831121a5b80
early_automobile_147.png,0b28b21dd1311ce352d2d01e9b2e4f1096139c200e68b7c28f5c9c8da86c0c69
early_automobile_148.png,918af2d1bae1bf90ed63ae2da0cf21970dc8a9f651758450974c66b01f04fac3
early_automobile_149.png,9cd2b88036c66a872bb355203346fc70b9c200ffa41f152ea2d72c498927bba7
early_automobile_150.png,671cfca5baa9aab1143ab19fbc3a70cbf6be96261709f45675db22e59ad2f9f0
early_automobile_151.png,501700d9bc3601dd2e074adbce471ca05dbda5f2cc2d2f175c3e819adf69c553
early_automobile_152.png,6c819b74672b26e345050b6e8c48be9711320ff4e93152365e434da3fee9d711
early_automobile_153.png,f3596bb097312caf1404864e622e0637022b930b1962f6090bca29f49035cf46
early_automobile_154.png,224e11283e562a0b2d92f332ebd9f3974b95b50aa180ba2efab682e48690928b
early_automobile_155.png,5e2b2c3111767e1dc695852a06fe4c89b1389df841f5e27e5826da35c2a28b86
early_automobile_156.png,d6928692e3cee1cacaca77040a082ce3f9128a264f803f8a1ebca4781ccf5c48
early_automobile_157.png,38e0542e5c27ab3cdd42e5aa40a045ee2ac5144c4f2d48e35caaf5bb9fa6515e
early_automobile_158.png,3a9756fa45154fd721998357f9b05e9afb7fff8e14ec926aeb445e0fa5a3c014
early_automobile_159.png,7f0c103f9160ea1c1214f7d448392c694496063f807cd7fbeff8ac4f4b25f10c
early_automobile_160.png,354b7eca31973059c5576ffb1f0fda987a9ac5c4880bfa3bdb53ebe11932d858
early_automobile_161.png,5db672e9a325f2f69e4c64e4c5f7e5189f238f9bec27328978ac539bf11e843d
early_automobile_162.png,0a1042120efb4a39f85503a97f63f880d56a290d2ff919774bb2c89a2be5f6f3
early_automobile_163.png,4571fc7219bfab35715227773fc35723c9fa7699bbf5a323beb79a5a6ca52204
early_automobile_164.png,a871bb21941177a44a8fe9f930a722f053bfa6b3ff3c120b1656d5e3ef57c817
early_automobile_165.png,26c98fd268c8ebbea67a8513eefda68600223f8d535feffd3e1dca50c8f9556d
early_automobile_166.png,5643bf77b30d118dd94c73453bb34b08d12743b3a6f5ed43cd8dc2c58d145f8b
early_automobile_167.png,11ec609cda1f8f360812857ab7802d0f5c282892a95489e32f4f5f59c0731b7c
early_automobile_168.png,e4815d1d1d8b8921b0f12d4a76c21d24d2b33464307360b894d1040c8b912ebc
early_automobile_169.png,878fcbc1f7a5f093688425fddaee0004bfeb02e7280bf46dc471beb13bd3da6f
early_automobile_170.png,8b696fe31f25a9115b9fd88a4342507d776d9f359e8209f2d5aceac074abe5d8
early_automobile_171.png,4ff2277a58075aaefdabad04c93a6e616f24deab3f77e723b8211ef0eca9784f
early_automobile_172.png,38915892b7a781d17ec50ec4ff913a5976c795049d7276dedef1d2d28c24a1c9
early_automobile_173.png,343ff1efba8ef4bdf96346a46d6daf4b03c4992110586ef17591c8a017c168a0
early_automobile_174.png,161fd624c7980ff5bb4a3a475f1e19e50750b5dde1b807464c3548a5d99b8a49
early_automobile_175.png,e8c6c61b305a6e30685fb109886279c5fe9ba7210acb785b88f1fabb4a3fbe09
early_automobile_176.png,dc242c3dc681cf5689580202b1f2627981f8e76fcb5fb6d26705bd623794f0a3
early_automobile_177.png,53d16ae2905a2c042c8b3b0102c1c03171b1edb6f5200b0109c0f4bee99147a6
early_automobile_178.png,dca222f2441a1786df556a888176ae45155923b5565d50a73a79d7ff3a7ed9cc
early_automobile_179.png,e055b21598befbfc7b0a445149ad4ebb55fe622b7886481679f07e5661abaeb8
early_automobile_180.png,183ce2ce4bf6480142c6cdd5bf0f328d408ac3ee02941065b671270b56f5b4b2
early_automobile_181.png,721f1b7ba682895b3843b8189f72b0cd109ac3467ea85752d080825e816f9b49
early_automobile_182.png,bf4d0e640110dc5abe48b536c3d94fec0162d820de32b1877275f8cd91a28cee
early_automobile_183.png,73680278cca0da11b39f13d83bd1f1ac5d2db8ddd4751d6400247896e2aeed27
early_automobile_184.png,b18bd3b37b92ced61b22ae416c40287fcc2a3c934ff05add30a8d0c083c05659
early_automobile_185.png,712e87cad4bb66cbd67227b0104ac499a2c6b7d982de184bc55b62671e600fb6
early_automobile_186.png,06cc21f7ec6ae321987a7e4a90537c41961fff32cbecc91aea6c39f556085e33
early_automobile_187.png,52e1114addc19b1c7927f86980d9a157cac0a02270a787d3be51a2a50fe8c7fd
early_automobile_188.png,24bc86d6014629f1e87b845dd42b2c257706a42ffe45b2431a9cd842aa9ba7de
early_automobile_189.png,652274dc65c1aba17c64d92192cacbf47f8bc9b69b2f6837925ec2a37cd21b2c
early_automobile_190.png,6746bc756228f9380e352848dbbd8c5dba9aa105e5bb6182195328b3d2bf30f6
early_automobile_191.png,fb26fb98b30a8895aee0610e4f3364db6e8b289697645d9fdedaaddd3bc0b34c
early_automobile_192.png,88f8399c1cf947e793bc5ce9758b85e308082cf89f5e070ea9db014e9417411d
early_automobile_193.png,62405b8d1f5e0a0b99fbecf81996deb86284cd7ae3d66d9707dc019ba7a7c7c5
early_automobile_194.png,fc4592202ec3648c463ec46943ab47e8e8e019fe3a91f1da5b34671055a42ffc
early_automobile_195.png,b39a701267677361573a6a0f2061e12e724d039b323b199b15e25320246b12d8
early_automobile_196.png,d305262255b2927e988962c018b24d5777e0b30bfce0d79449637e47f21318cc
early_automobile_197.png,a15b0884776c72e36d73bde0b389183a42a582e80b70da07d0bb64f15fc61911
early_automobile_198.png,9edc8f02dca33e92f4666acb2557a11a33a99a10b0beac2a8d776234d52020f5
early_automobile_199.png,56172f34667718638b4bf0e91710b9dc0dd784fc3552c142489fc80e47c7992f
early_automobile_200.png,2840c0a00690b523198035cc2c55bba2f114a9697366f2014f71886f15040b0d
electric_kettle_001.png,dfa78d337ac21ab56b88b49819a1558eb3b88e2ea43317d4b4c36eca67b03f07
electric_kettle_002.png,f982e33f365450310df73d536eca2eb2a56e7efbaace6e7bec0241163c8c815c
electric_kettle_003.png,c7e13bc954c2ae53d6e94023c995342b7096f38439c6000102971163fb33b0b1
electric_kettle_004.png,a5893b54bbb2c6ce04fbb52c182ba5796aabbcae3e90244ffcd2c064e7b48fab
electric_kettle_005.png,ef8ec30877e92f0e9d0285c23cb4ae70b62e5c8d6dd19c7e3d6e9f4ea69792ff
electric_kettle_006.png,be4aab566c896e132b5f29b1eb80c15b592fcb46f54d472973383a3d41a9f87c
electric_kettle_007.png,6cb75448f92ab6b7336891949f55bc0ecb25ff233dfa7a371420ff06e22a2434
electric_kettle_008.png,07491b4ea24f8a8546e9bac4f558aaa9d88a110e02b5a99e1b9e71d981e6c9dc
electric_kettle_009.png,e66f023e7e1cdc4dd48f6fd325fe5f794a3c9ae8ce5c4b78bff19049d65a92bd
electric_kettle_010.png,031d563cca0e5823fbdf23c873fa2f9f5d338560bfc85c7f9551be096a365411
electric_kettle_011.png,33745869165848132efc9733ad07eb33e8f213a74efe9b1a44cb128960a7ad2a
electric_kettle_012.png,e9bace599f8e76705a738b573d158a5fd64d04c625f43b644d44cdc7835850cd
electric_kettle_013.png,cf7a75e68f4a6e27a72eb2c3efabc89bcc14cedea055e5661402066e1bbbda0a
electric_kettle_014.png,30e0bd57b85d4ba9586ba7816e7d43f64024d58de1f475e2befc2d06f1cd766a
electric_kettle_015.png,794131c12a16300fb8453d7eb9605a574af4a5550b753f0cafdb93ac082aa030
electric_kettle_016.png,e2dc63d309541506f9a799e10dd92ae0bc6ffb1db7ffa0aa60f648049f0f8ef4
electric_kettle_017.png,ae0111e860dcff2aa742d75883c47bb74ed486db643675940d07ab91d1d0c790
electric_kettle_018.png,3deb37fc735c7aed205d8b96ac06a8b14b7bc42c69419b2f418d72ec68da4c11
electric_kettle_019.png,7d7cd831d0f7cd7ec62bdaeed1519b9db78e3d87d4a310f851bfd4a8ddd2900a
electric_kettle_020.png,f74bc2c84eb01a265815d2ba92f821bc92657b416643eb300d69284184d6d707
electric_kettle_021.png,19f67eb241bc3dc59ebf3b629f165798f7c2674d037954a2898d79df957e7011
electric_kettle_022.png,e0f0fab101c017458216869f98b5b2eaf072d615c6c3c7cd7adf07fd160a32ff
electric_kettle_023.png,8cf99606d3ec96f7b8525b49c4d101adad842b44fb7809a8d17da4a8909f0af1
electric_kettle_024.png,7e554f82732a74501a46503fba06467196e6fd73bc3c17145a287f5c401ac210
electric_kettle_025.png,c74e4fe735d4f66358641099ab60d33b9648d4e96582b4f33e01c271bf8c7568
electric_kettle_026.png,51dd25dc45caa80be2695817208d542a66a1f7c0134bf1e9c75333ab52f9c66a
electric_kettle_027.png,742cdb623399789f65c012d0089f1be845ad6d60c93ca9996d9b9009b980803f
electric_kettle_028.png,c89d7c6383a6f4870599f3b53ea5e5840dea1b10e69c1158b8dbc11249b2d108
electric_kettle_029.png,1fc98de6b831134853b503d10dd2670747e6d58c30f123260c4928acd056f834
electric_kettle_030.png,7ad31898de21c98450aac12b6837ae856b2b6b37d4c026a825392afd925843de
electric_kettle_031.png,de09c021249d22c9497af286362dab7620116f062aa41ffe892c8638d986fb01
electric_kettle_032.png,30e1b0eb51369c08c3e09855b9d0db217fa04f9e4c1274140de1fb4ca1fe786b
electric_kettle_033.png,c57b14cff1e501a0b6e6b12bb991b2d85585e8ddd2d97420d07d0927986abdef
electric_kettle_034.png,219b73305fa738b769612c527558f02ae87fc8ea5afb7703191a0fcfde2ed513
electric_kettle_035.png,b01da4a57c069870b5798dca79369b8ed95371305b42d40188b42c9cbae98034
electric_kettle_036.png,747ba790319378142ccd94234137b07e0b8db0a196d3444a31b3d1ab1bf40708
electric_kettle_037.png,d4be323f40970c6d8750ce4fe945bdb84456ea176c55c25eace950c7c9ce6e03
electric_kettle_038.png,ece0760e2e21f4a724f4c1114117b62bb69d4cdfd8c4194e995306928efc1814
electric_kettle_039.png,108a9a0cceac91c95819d7239c7769e5283ca63115f44d3cc13c9266b2e051cb
electric_kettle_040.png,9a280cea38e40ec3d872eea1ae3945cf37cb76cf6d57deea00aa77c76de688ce
electric_kettle_041.png,235a170b5d0ed4da3ca1880023037f7e586caba7a1b4c5b088a9427dfdb35bd1
electric_kettle_042.png,49d625a40041d5b4c66298ded01a9f2107a1ff3d7270de33a3b9827562042b1f
electric_kettle_043.png,b629f563a9040bde70e9bba990282fbd5f489c3347625771657fb7fbb953c10d
electric_kettle_044.png,058b7da6c9f954279e6bfbdb55928f06fb46ec87e9dee3ec9d3dc41519304004
electric_kettle_045.png,0592ceb65d2c159a35d131d6f1c4f53e378e87b87027c7f7929e4615e6b0366b
electric_kettle_046.png,fc541b07a545274d63001689881be779ea091a6f36edd61b4e2059ee744dfec5
electric_kettle_047.png,cc21a92db18dbf90b9a8f8e82086e0d3bf053b09d45b07ce9805831f9faa25b3
electric_kettle_048.png,a07be02d5cd7335d9f4d3458a23184c9665c05501b3a9337c071305afdfde28d
electric_kettle_049.png,4ea1359f1bcf8c2d83da64e41a194405d9df3fa45e9084b215f151515f304613
electric_kettle_050.png,e15d12fe541da0d7ecc627f82546b77c1aea0b68940ab375f1c91e4e15c71de3
electric_kettle_051.png,b5b6e3879f401afe50b4b7afeba6a1d28c21139e83b1708bc30b3980ed032d17
electric_kettle_052.png,99b8e57fa19b9da4cd24e97ec492843b9f6cefa8cf0e0be04a57a27cd15d4dd5
electric_kettle_053.png,30260df99f270f3ad602935ea6ba04812735725490ded65cf2d65c9b1b72091b
electric_kettle_054.png,e3161177d17b6ece4ad7bf15cf16c268bdd606d62c3aaf265c07cb31726f92ae
electric_kettle_055.png,d91ee58f51989e205a60aa9fa7e34c6d8ee085aff8bb7644afd0250a7a5480cd
electric_kettle_056.png,0cfc095516e2b26806a86ee7038ce14cff22a12a7675f49e789aff9c7348646d
electric_kettle_057.png,c96b51bcecaea6a907b502a6f917ac9ff6c0731def6caf03e111dcc76f0a72ce
electric_kettle_058.png,63f5dcf6af5f26f463460fdf85bbbefc5b856c9afc06c5ead2eb5f77cbc469d4
electric_kettle_059.png,a714cdca06114ed133a8b401f33fceaa4525c8f08e10b32b9ac2c6c6321c14a4
electric_kettle_060.png,0962681c5db31d6b0a5de4d0367692e5b0900055d01cd1056991b005c78083f1
electric_kettle_061.png,3c665dcedf2ee0695298efb1f966f0dd5c6f8fe240de5b5973b98900e90513b3
electric_kettle_062.png,592b832ead8d5773f034c1a98594e3c0a9c44a2e258c9c4b351888ce6e906f99
electric_kettle_063.png,494d062b12ce95259fff3b505b9e55a2b49495095a3f31f0d9c8a9bdacd61c4a
electric_kettle_064.png,3bbabd5a1b43ac6432c467d7063b494f9cac5dcd44bfec3167e403880bb26be1
electric_kettle_065.png,179d903fd1b29b133d7498998aebf4e7e70e33099a363617e9335bb3bb439bcc
electric_kettle_066.png,4a71a1f438297ba41997670bccb343b0f03cbb9fc68fd933377e0364d57013c2
electric_kettle_067.png,1cb0b9f39fe16188261f7dd6e8b1a4e8f1523da9794eaea4dd6745b62733ed07
electric_kettle_068.png,62be03d8d1ee2a79039f63cb7db59a75f200033d93f96276a693776f4098edaf
electric_kettle_069.png,c2b65158afc6178992044623a4660e8e8b9ad74f742ce9b927ae40942a34246b
electric_kettle_070.png,ebdc694f44e50c87920e4b2c915626916756a85cdaf275be9ab7518f21fa53cc
electric_kettle_071.png,e0d3ca976049cee60b896aec3da0f45bb24006b5e22ff8cf9f85d396b8e043d6
electric_kettle_072.png,3441a7c3c38338881d8339e85cc1710dced9a2a2b9dca32b00e411eff8a31e6b
electric_kettle_073.png,78a65c2d2f1fa2cd10a45a7f3e3af5f77ae1934ff7c93ebfcdcecbb6ce565d35
electric_kettle_074.png,08dcb737a519295ff60645b3e08cb40a7a829eef30b6729a5ab519c2a57ddf3d
electric_kettle_075.png,541b42e40d043756a3a00136cb46831090963552c31bd147041e4e7776e1eb76
electric_kettle_076.png,5c38750415f17f52d934e0514b91dbeabbbe451e2bc0a4b48878a9e04b6ce6f2
electric_kettle_077.png,c0d3a345e2ea15c406f05aac904629670940757a3f94bf272900ca46d3928400
electric_kettle_078.png,a2cc2d8e5d5a08b80d1c12744ea84e2a40c4e2bd393d84243b44d86f07bf605e
electric_kettle_079.png,c5946116c1985f979f005fd5ddd346e68e98f6de99f123aa51d1599e0df40bc8
electric_kettle_080.png,874572cc93fe15de7604852e362e5e67767e3121de079e850d5baf1624b725ec
electric_kettle_081.png,3677eff211e7f80d6b33de87f9b3024c38d77425063290fdb8f90a1569d915d7
electric_kettle_082.png,bd1ca4875d27d45a8199a40436c92a9abd34e4cffa6cfa290ee0971848c1f41f
electric_kettle_083.png,3b33977db21f1731caaaa475c24cff7bdb660a074ce9afb1bc9553fda8e19bc7
electric_kettle_084.png,5373044e7e0d9998263f88c1a8ad32c16222dc087005568ec49434f2203ea4f6
electric_kettle_085.png,8aa44eddd3ac399ada7bd62ad71141c68186d979d36011197b28d8b01e66b72b
electric_kettle_086.png,656b8c41c9140dcd3cd3f3887f729894eff28869ca5a3a9c05ceba59661aca5f
electric_kettle_087.png,395cf839d7bc526e3226879383950c857e78e0f9f467cb7034362ffc794eb42d
electric_kettle_088.png,e8aaff1bd429bd85d7ef9ba846cb0300ea8da3b711e38529ebf34e07e98b52b4
electric_kettle_089.png,bbbb6c0eb282ba27e873723c3ecc8a3f7eba947a62da8ee34a6582f2aaefcf26
electric_kettle_090.png,80972ef2e5b19cc30103f13b9e55c2f22b1f0884adbb111a7abe48507d2f6ded
electric_kettle_091.png,b58b441e9082b10361002a9db9d0c625c344cf595a7686a47e504157f54bac5e
electric_kettle_092.png,3a8e0f375d077bd5c9f086637a4c11f6605b7d0768dd63f934a33a60eb8f3968
electric_kettle_093.png,842f2b5665cb93586f626dc710198c6c697808cfdf7692cce55eaa2de2e88b4f
electric_kettle_094.png,37f529ddece51c2613c2686dc78d9f03701e35266d56683a62d9d6601f81edd4
electric_kettle_095.png,e903a855742ed5e34f424a0e43a259ee0df5c8f2d7fe82acbac0ab0681029579
electric_kettle_096.png,c72717e9d318e907c3a3abfc8729430234e9394b1a5bef337c3ef5595407d1cb
electric_kettle_097.png,2baca9511ee5caffa6ce00b67427078e7906e34903bb370f31137366315c0b28
electric_kettle_098.png,9c37de426e268c928b381fd431c238a13a5f8b402ba003487d2881b352efa26f
electric_kettle_099.png,b32d71191547079b1b3584f53101c614ae549b4c82f8d0af16ddf4bccc90e931
electric_kettle_100.png,185048e094f069f528fe1e4c888f6ee89e4bfac7a31ac96c5afc672922fb4c57
electric_kettle_101.png,d8f0096387dcd024b22c9f68488bf6890bf4dff4c155e492e16fae0cee375d3f
electric_kettle_102.png,c37f7bab230f150473f0fa29744092360e066d139b61e60d56c4e888115dd986
electric_kettle_103.png,8078e50043d7eccffc8f467f5f9a58c154567d3c5fefb7ea00f9442d751bc36d
electric_kettle_104.png,7eefed31d6c031729f2ee1a4e5a226bcf86708721cdc4523de33d307040c6691
electric_kettle_105.png,88ef0851d46abc99ff622acd1747c42f0913813ad479b40ccae0a1bdf0aa28a4
electric_kettle_106.png,e3bb0893a7be293676a1a401aa0293f209d7224af8a6d8137a39ec443a0a491e
electric_kettle_107.png,571480aa1aa24818c6a5cb651e7f8eb52e89f85c538d09b8d260c404b8cc81b9
electric_kettle_108.png,03ec39c8bcd67c44ffbbc2eda7bc4b23848fa808a7c22fa36414f598c77dd706
electric_kettle_109.png,51910a67e3749d76d2ed382e050a0a8ca8b65d507427e987e437d550e9dcd0e6
electric_kettle_110.png,278e9fbf6e818f0bc69a627c2212fb5be3d9b5b3ca14cc80ea4b531115f3c2c4
electric_kettle_111.png,4661d67af56e2510eb89674f3bcdc105a115ce0c6afb902231f2e665a5dedce1
electric_kettle_112.png,98f0eeaf75551f633096e76a7ac27d4f2f39dc3c4a8dab9248f88dd0e9d1a93e
electric_kettle_113.png,91995db519e88e0c7443312027e2368f50f7039a751dac1b0a55486a2fbd5084
electric_kettle_114.png,6b33225eea284265e3518ecf1b46f8180b2991532b7e1af05ed8624550a1bad0
electric_kettle_115.png,4449145447c94212bad65264aa4f8cb09e1b68dd654ab098de152bcfe5e3f554
electric_kettle_116.png,1d04fa172fce4650085172ba838dbb804663f3d49bd079306430907b395f00df
electric_kettle_117.png,47cc76e1531c778a957d63b28a473e1ab9386b3964db39f8db808386f8b24290
electric_kettle_118.png,5a681751112163ad163bb9f7e244384cec6c597242043cd152eb9306c1f093a5
electric_kettle_119.png,d2b8ac336c271726b399ec217558fe913a0af555e8a113ff05e628865198b321
electric_kettle_120.png,20cad771024dbaab4e55dd79844635eef2b352d58364beb997d28ccc60c9ae6c
electric_kettle_121.png,046564e6e583575f622ddeea690f8204c23aa4fbedb6db10f72bf7f61611ead3
electric_kettle_122.png,b3f643e6243b31736d4288e05263f414295dedca782bb1b78a3c6d7295c686ce
electric_kettle_123.png,cb3d737552d56e9740e5d8fb33caec5bfdef2aec334947048c6e6d0303a937f6
electric_kettle_124.png,90b34d77c865fc363c2576f658ea576074b245d737ddd10d35eaf3c369c35c15
electric_kettle_125.png,95372b2e12012e502f7b008eeb8dc3c954ee310fcb61d505e7f47dda20e2ecc9
electric_kettle_126.png,600e4350a237d0cedd32ba0d56e625aa22b3535aa838f9689a8434f92e8d2129
electric_kettle_127.png,11d0d27be1c280a11e43dff4a8604f737a19ce944e68794f02466790ca04b75d
electric_kettle_128.png,09ba7a0b02c20ee0408b46946c7d5875deeff6890865ac831ac1274ac9a27434
electric_kettle_129.png,a55ad482833655f37c2164c6a4b67dd4a8e5fa5d28f86083797afdc9dee762ac
electric_kettle_130.png,072b576e811167a5bf3b5a53ea82dfc54a0df7a45e482aa1ab627fbaeaf86ecd
electric_kettle_131.png,3e30e135b4bbd3dfb1173af98348c54cb9d1c3520b664ec0af9aaf77b7ad9bee
electric_kettle_132.png,bb10241b7ce7cd8e466f0793c05e877df2d5d5e35f5188bdbb08c9d9e27237f2
electric_kettle_133.png,27225eec7c00fc19bb502cd399bd05ae2e331b5e32b69f502b242fb575f85590
electric_kettle_134.png,9ffc4207bd4c688afbbba1b1113ea048f582590d075d91fa7dd1af94857f9d83
electric_kettle_135.png,bf59d8a3d3c5546d800598621dc6e5ca328016d3b3d85f98b1f2ef452bca8d36
electric_kettle_136.png,9fa1215e07e3e3346c621173bd97d5571e938d3f39b2f214fae8292923466196
electric_kettle_137.png,752a3203dad82459c55585a2b9cb3929afcd24df76fb63d464698041695894f7
electric_kettle_138.png,06b7fc4016b3870baec32af43f1613839e74ea805eb345abfd60728bd6d54b6d
electric_kettle_139.png,530bd233f5699e870555d1bf8b9b0ce833c98c45475f45040d212612f24688e0
electric_kettle_140.png,55322358c332c689ac1c6d7a86a8c8fca7a36e56a4183b8c3dd06df99f12d83d
electric_kettle_141.png,746d192540304a94cc726edd0fa66ab8b93fd5096a2d37039d2f1572c3eab967
electric_kettle_142.png,da2648b313b878bb771168ec11211f70f0256a7506ce5a715dfb514eb7660328
electric_kettle_143.png,fcb6c8f97d35b4ebf9b76b3a41476e1d66a3f2947a4d91b20e8c3aff13cbdfe4
electric_kettle_144.png,d45bcfb481eb560798c1233ec4913442bed9953e850d51d2cde3c20dc1be50b8
electric_kettle_145.png,9b15d4962efa627d4fbfafddf248e93780d7a612a0ea027a26e3c4b6892ef2f4
electric_kettle_146.png,4f04d34015516810d6ab66f8b4ab40327d96b34ebf8f9522ab2355f79a829725
electric_kettle_147.png,c7daa3ccca4faf68f37207afca9b05e13cb0171c594308fbb08a56a8a4039989
electric_kettle_148.png,0d0dfd16941e4b43119a4ed1fbcdbca92fa0e4c5103aa5c32b723cdec3e58771
electric_kettle_149.png,20b8bc18f9950ad18a6fce1b1fb48b4576e276c7e91b8a9fb1a33f97855f2e04
electric_kettle_150.png,51c33764a1b53eb144ddd4a981171319ad9875149360da3e935388e5312c89fa
electric_kettle_151.png,79be7dd1053e29817fa6dbd3f876f58eb3b644a2e0535d98d8a93a134919410b
electric_kettle_152.png,1d42184babe43e36a868e01d167bda83f9ab3cc4ea39a0b848f040114acfc5a8
electric_kettle_153.png,d0c11c0e74883e4424a9870b772335d0e6050b4942c8563d290c4752c41e4373
electric_kettle_154.png,37bbb1e97d0dca94c737f402e00f9b304bff8465103f718a6245c7a9c1141f7c
electric_kettle_155.png,2f9c5f17b0f6dd8eb9066571781212beffd459cf90e135c4481851e375b38acb
electric_kettle_156.png,a7a51686dbc273ea65712d64837d5625a5818aebf666a6d1734d240d405d1e96
electric_kettle_157.png,36a7f217cf44889f014a616aa20ddbc0357870ba570799e0e16d49fe17bda0c8
electric_kettle_158.png,708192c3477038da72b8b4554559931624e04e72df07a1523b2c4a603270d4ac
electric_kettle_159.png,04088d1e1f7450b23a53977953e581ebb07c002bf5dc3280edc36e95cad331e6
electric_kettle_160.png,1f7edd68a8eec6f2b4093bcd29bf914869bd7916a1e26ac708e60e9c5f45d0cd
electric_kettle_161.png,ae682c523f3a3a018381330999bcac4bc8328b739f56a2c7dba32e1113857fb1
electric_kettle_162.png,de9724aa292790ed558426435fcb1ab0f1c86a494d39b3b8a0b967d1d012e071
electric_kettle_163.png,69b436f5383704a7568dfb8f3faaf120c68b6f4cd238601f168055955a3f08dd
electric_kettle_164.png,07ada885416c756225803d7b0a7d20f6a0fbc90fe426870495e405ead3204b43
electric_kettle_165.png,d1f81502bc978b141f10d7c3e016e109699cf79e2f93b8aa96f9353be0cd87a0
electric_kettle_166.png,22f024eecb3b0df66b1f5230c3c9cddeb57f1127c1ce49f2093fb9d25b98f065
electric_kettle_167.png,e35797681e51029b61144f483cd94f940376f044d6db694c62d93986c753b631
electric_kettle_168.png,a280c62d1ae8a1631f0d9e2dcadb943c5f2fe3412fba3f0edb46732d3fb02e44
electric_kettle_169.png,1cb2a291b9c41cdaea4860ac0611a9b8042ff85f64ce569525808236742753bb
electric_kettle_170.png,35bebf14222459701470bd19fb0a2ed2f0f130112aa9fb60b39ec700569625e8
electric_kettle_171.png,4329b059ac71363d1201e6c185156ea9cd628acf6e688e3338a40d7698eb0922
electric_kettle_172.png,b6a59e07371af73e1adb965974c320c09c9679184c2ecfdd37c391ad815a6212
electric_kettle_173.png,a31ec98f7fa47b689d346743d9e96f5b933ad3ee5da8b967ec5a0aaa76c50cb7
electric_kettle_174.png,970998fbb675189be85cb7ccc033a2df2d3bfc12e3f82745e03ddcc97ffa28e6
electric_kettle_175.png,f06e0827cc050ee34368f00b90c737c731f1d27aaf5c3f96be9619aabb681349
electric_kettle_176.png,aec6cedccee095132e82cdb3bacd80ba3a3439974f844f5c9e8baeb212273177
electric_kettle_177.png,6e0946b93d1bd2e08590c5b02d048804ad252f47b0754e01b9c93a7f028a3799
electric_kettle_178.png,04b997dfcc92eed83e053db363ef82be44bbdc76f67115dd2044dc150ce0537e
electric_kettle_179.png,595c4ae0a4cc6ecc2ad2114125856d8469fe83a5bc23e5b4a09b8e586b5b6774
electric_kettle_180.png,74a94754b49cc4abb5436c7429f7f7b36d1aa96dfe43de89db77f0944639cf0c
electric_kettle_181.png,73e8d54e53f1de75a5085ec9bf461f5fe35e7809d16eb53a99fa076fe8430839
electric_kettle_182.png,2e215f518014ebc1a69db11402f1d39cd737b5574bd244a94acb8d71849741ed
electric_kettle_183.png,f4e1312e952b3a5fa20189ec042dd72c1aa1a253aa1a6f8c29d51d43959ccf24
electric_kettle_184.png,8a3d33f38e3e3a51e304ac03a4a077fe582e7ff85f62493e4a07489081d4eb56
electric_kettle_185.png,22675bc8a08e1de36ad551145a4e664097d9256e9b66a65183985e867b2d78e9
electric_kettle_186.png,4ef0b2bffb3cbeb054f3938124bdc1bd8a3e7c77fb1b00a39f7fb7a66ee03d1b
electric_kettle_187.png,eb6f6dbd70133135f1ecdb892dc28f47fd044716f5eda0a49df73d16fbc3ac0f
electric_kettle_188.png,bd96f118dd88090defceabd95ba34c529387f9bffd2adff3f6e7321887ccf10b
electric_kettle_189.png,53743c5f55b3d513b8974ed5c04d0b26999125d69f17af8a5849288f76bb52ab
electric_kettle_190.png,028006ae37c8f81020cbc56341ed1d1a2cb891b6b2d5736c7b718ad856c2973f
electric_kettle_191.png,10b2e99b02d9a7a569610f14810cfd979c6fc50b9289d4ae5dda137a2b9dc750
electric_kettle_192.png,16d4ad3732c99d556a98607aa8f5c99a36e8d04498db59764b663d5b604c24e5
electric_kettle_193.png,c2b30c6db729df4ac45c9e217423de1a98cae8b09e726a1db52f856d3f0730c7
electric_kettle_194.png,be2f8da2fcf8c428d3082dd004290c68b74a8d0c98b479c6dd3915073910978c
electric_kettle_195.png,a6b0f09a9d95f7a9ed2d51fc06c5426bbf71ee68d843650797b5617bad50b6f5
electric_kettle_196.png,ee2d9bae5274a5c09bc7927cc41df94d36bea03e819c6b9e5e4e9c249692885e
electric_kettle_197.png,b6c51508b9bbbd5f25db8c15dce9a81bc6252667ea8dcf0708d1d3bedc839c61
electric_kettle_198.png,5a266bc80990ca62e56abb9b0cb5a492156d60bcc431c16c82ccf3716c84fa9a
electric_kettle_199.png,4aa4991b4e689c13adf592e78c3eacc00bd14fcd031ff7b17eab8894e685b3b3
electric_kettle_200.png,51b00a87c8d58b887d0a40bced2adf3ba6f5ee3c5420203fc0fa048327d3c955
lounge_chair_001.png,d7e001b4fb966854702fb25d44e4b9243565248eb651e3459c0e135607f1607e
lounge_chair_002.png,81d67c0dbfa6a4655b7c4c79e32d4850a7e64484e0b71d589db6917ca14b168f
lounge_chair_003.png,86fe70f7b2ce7711852a61b0dc34ef7369eb595bbcec9191cfccfb3277ef7957
lounge_chair_004.png,51cae23614995196235bc17a321ea04700ba4c4237dfba98d83139725ef3d0f2
lounge_chair_005.png,1e7add59a005bb000e2755d32a846ffa00184aae32662d00de024e3323bd06a4
lounge_chair_006.png,e1726b9d60ba46df4e35a1988981f8454d041abeb54dd7146600ad9ef34f496e
lounge_chair_007.png,2dea5a59156e7861090786e3143950d934462eb2b3dfd749201ab8d995f91f01
lounge_chair_008.png,34f4ccf56444e76acf4af95a9e382c791a4970e42316b506911d33260ed438d7
lounge_chair_009.png,904ae942ea0208a08b171a29468b68b332c3db0d5f8e10c15dcaabff903e5aea
lounge_chair_010.png,3e2aef7a433026a8cfa210a49dce69ddbbd69dfa935dcd5bab2291ad50202113
lounge_chair_011.png,737c48a07c13d1449a3b6de4e59a33dee9e342f24ff5bce19b22053395ac3c1c
lounge_chair_012.png,8c1733bfeeec228777aaddba2f97626a9b2772a2a134c2859039c22964dbefad
lounge_chair_013.png,3580ffb0d05c1b5adf47e9bb3af7a9ff010499b2026a96e3d4ba864d3e4b3105
lounge_chair_014.png,59ecc137154f00e191c8c611acfbf11ce3218755cd62f55d4cb1261d75be5ae8
lounge_chair_015.png,8e27c00850a9620dff830de3271b637fdb514a07427e149a64e206812caa3d81
lounge_chair_016.png,f172018d3ee7f68dfe4f96c4dc0162875eff56f31e3708e60ede605f0810b1dc
lounge_chair_017.png,1a92d9331cc482edd35da18d3277677fbe5e7a39c6bcfb49ce196e03c11278c5
lounge_chair_018.png,f000d05c384a78e2993fe758eb608c20bca711a0ea55181a898fa2cba767aefc
lounge_chair_019.png,e3c1c3323c137f23c62a9e53bb0f5c0a0da8b12783698613c8b4a91e5ba00bf1
lounge_chair_020.png,28b44cad634c2bbdfbb43aba50ac965e8aeb91b77983c993590844c67c3b0ca2
lounge_chair_021.png,e300061b0d5548af5776d7d16929b4a8bce1f86213babf1bf2eab85a617d67ea
lounge_chair_022.png,afe58e99636ca29eb5fa10d91b7b72255cc3b61bf7c417c351c68b4ebbad433a
lounge_chair_023.png,ba802c034a7bce71d0ecc07fb8429729035e56227e6782d5be0dc63c9457eb7c
lounge_chair_024.png,e15c267bb4215a6788e6463b64fb588136d1b99c6c81fc1af83c61186da83a7c
lounge_chair_025.png,b3d75367839228ac01d000bdef02513d7ee2e548f7ad0ad92f88ce7a20f0a89e
lounge_chair_026.png,0587b472068e1a5dcfbc35bf5fc917e914c7f8e8d6d6ad11ea813da30a561e1d
lounge_chair_027.png,83dc0eebdcbc5e3303c437701168bd66c8a79fcae3f70c371bcd977cf2a1936a
lounge_chair_028.png,e945c5edc06df3ebc0391d4371b01d5029cd138e75af60e414fca69dcb25b748
lounge_chair_029.png,66bd84b14c59dbfb27d1061723c719f5769c73eee3a5891ae18de624982b4b1e
lounge_chair_030.png,cb963411d02709c027fc2de3591b360e0029991743e53d8e85d2b56026aed569
lounge_chair_031.png,ad46a9e6c507f3c5d6a38f8c431552e13b82c1088bc1e6a07a0a4dc0fc156080
lounge_chair_032.png,a609b2f613ce94fae8093b3a2e56912c0a8ca374d78bd558161c48af5ac099f2
lounge_chair_033.png,bbad6b11d6d570d51c8bf1b1b558d492e3feb64288ba63e745c2a248df386b9e
lounge_chair_034.png,380016d0a0a9ef0f2ce5915723aa31fbb3d7d0dd40c5c712ea92d65fc95e222b
lounge_chair_035.png,58475a46a6179ac072a2fac503251e3b308b15031f5b3c0d01d9102386d16b43
lounge_chair_036.png,81653043be11297a6267625135ceb9534cc75cd6b7a49d04bf485fe38d71bb83
lounge_chair_037.png,f465258f700b74ffc7bf31c347a6e657080940fd5ed9d8bd58d61c298437b8e9
lounge_chair_038.png,499a9b759ef299e317f1b2eb5ba5be6df4da8e7a53a1c0eae94f17e77d3a4bb5
lounge_chair_039.png,ef2e080947712fd948014b921851618f72286810f7d49584e9d8ed41c262c3e4
lounge_chair_040.png,3d77e0f802d3094db5501da0198c5984f5889353161b433cff8189965df7e735
lounge_chair_041.png,1bd1a2182c4478ec874d9b44c2a1501aac547c7c518613d0dd2f577f99c01d7c
lounge_chair_042.png,1ab0d1717b2270a85ece9e7124ccfec5f4d8886d593e5e7f23d3d8a5f20db508
lounge_chair_043.png,8a3938ee8c65bbe3bc6875a0216af9edef932d45308984c97ea4897f193be0f8
lounge_chair_044.png,1990849bca5adcfde802810bb8b26f7030be35e173a63c9c03416e859cbe7a1b
lounge_chair_045.png,cd21db2d61b4c6ad4cb63afc81fa8a605dd8e8ba90b3a9eff66d4a190c9558aa
lounge_chair_046.png,7a11d2927127c7cb9dee888f554be36b6eab87b48134faa022cd4c58cc930785
lounge_chair_047.png,56f8f3dc44213fc891bd76a9a8dfa305fdbb32773375ab96c9834de2974b69e1
lounge_chair_048.png,978312e516918c24dc1840a02b7da2c2d6dddd737c1fa44fea0b6feb3929b32c
lounge_chair_049.png,3bc5ed4f73e1d9627e793a4a97815a4af2e1b2d587003864a0a2e558e56a82db
lounge_chair_050.png,a28d6089b052d6b97c56c9c4fb0cf355ba0daa7084ecdf2458bcef7a09785b2c
lounge_chair_051.png,616c34cdc55c84dcfb9949de0bb0adbf3832dacf9d01290cd669b43675a6b55e
lounge_chair_052.png,484294d63ace927ca5cd297c8c46c13fc7467b5baf42a6b410d988ce60d34fd4
lounge_chair_053.png,4751ff6a5ac5f4372209ba732f4989c1cb0dc0307394e5af2b9b65097827ad9f
lounge_chair_054.png,60b1f55539feea9745247a25273144598e0b8f873e5c8b152e3d1c92235721c7
lounge_chair_055.png,acc1014db0d20815c7a1561b9eec690bcbcfaf7e5cb15d03060a2c9f6c788d16
lounge_chair_056.png,ac39bf673125b2617d445d3c425b529a882faa420eeb12fd7e18650aa3c21736
lounge_chair_057.png,324b00699de761bcef0a5596ae04f196fc535fb46c83c2908b9ae1223a5816a9
lounge_chair_058.png,cc665be3c56562359e6836a09568e5888f708dee6c80c74d79ceb1b1a8bf449f
lounge_chair_059.png,d26dc3fd88817a9d5eb39ba07596acaa2bd5073fabda3efe604e31900770668d
lounge_chair_060.png,81e9b54b3da86c35d4c51369fefea2f7530fa35e749e243092dfce5005bb5a93
lounge_chair_061.png,7b9d094df14140dae5e752ce86420d37dded42f48b1106611a8f1d666f1de523
lounge_chair_062.png,699dcf3b1416efb70b4e8fcdba4c48823e67c9ef693fc0224251de5a4cc7df39
lounge_chair_063.png,2676d207a3692dbbc1887406980d3113092001b89052a377385e906572a987e3
lounge_chair_064.png,96e23950614753df0a011cec2a422465099cb0362e852f2cd436d939829510ae
lounge_chair_065.png,ad917a833dac995a5b5335bf89b495cb065af07fcbe96e7ebb5bc5f4faffd0c2
lounge_chair_066.png,ce66f6a711022aac7f0e355f65f1478277361ef868356469057e6ad87834f168
lounge_chair_067.png,d9529d9761a300d059f88d2f8350d8f057e0e476c94129726f318c600b310913
lounge_chair_068.png,9b2dfa2abfa47ddde4a25ef5e9b3c20170abd61347071153580b72b10669e359
lounge_chair_069.png,31735aa8d02911628c73745eb28d58037a02257b20d33a52c041eb957be8aa81
lounge_chair_070.png,545d37a9518c19ec11ed730816f137dce10dc0b8f7fdb2c01f9074bfe8e0ffbf
lounge_chair_071.png,a660aa3caba9d08f136b17c29877e86a3dc333eaebdde15ae163b701b3e90082
lounge_chair_072.png,01efef47335306f6e31c68343ab7ad77de30ffa518c15b704b7d2e7c13a29da1
lounge_chair_073.png,195913fa938089d029dbd0e41bf97146e00e2c3b814a6f6a6981c241f871e057
lounge_chair_074.png,6da3a723b5aae8235575d46801a74063adcf563207ba218c6cd1b29ddd7a6d34
lounge_chair_075.png,96335bfcbf173f7a731117f6bf9cdc55465b6273591f30ab4d298fab8c192f6c
lounge_chair_076.png,b8178ab7ae171e1924c2fdaae9d71e62eda1ab6e0d345f0c80cbbe657ef401dc
lounge_chair_077.png,d5de6835f52b771c30fef65c54923bc0f4ce5f3a512be17c71c65735d298dc6b
lounge_chair_078.png,384d6c107037393e5447c52d8974cfa1cb60b9330a95d4ff10a0e54576c82c1a
lounge_chair_079.png,40ca8c92d8d90d1b8fd94d6e14c49c372183c9ff51684be5ecbcaee0b2c0ea5e
lounge_chair_080.png,bf6fbd28fefee22d0621c985357f4455987c5736ae13fca3fdecdac0baf0e35f
lounge_chair_081.png,dccde20cdad56089835c157f0a6993a16c1eb9bf0ea299d5480d753ff9476604
lounge_chair_082.png,fd4a7ce4b15dd7fc5ff00fb196a28909e751c3c12efc993e60743c3227572870
lounge_chair_083.png,21107f8acab2612c0f7c7ac2a9e45aa17ce1a6d08d061c64267e1184a8c185ae
lounge_chair_084.png,ab75091c0503f71d191bc145ab80af5abc06b8ec2c1175f3e1bd55cda2cd9187
lounge_chair_085.png,cab67f44b763e4af532d71cc45ca9a85fa2893c26e527b6125d8200b37621abb
lounge_chair_086.png,845f0c407c4a769c588466dba38803972d886e5eb122fbc0e664e97a211d4387
lounge_chair_087.png,563417e799659cc8c442e2dabb5673208e6257c33c96b5e28d254a2657ac43b6
lounge_chair_088.png,3d924952502ff613165f39c92d8763bae0e3ad8ff26b8c57796dc6fdabbdacb1
lounge_chair_089.png,4dc1918d65a6b0ec154418f06095a46f0a2348d0be42b4a996f11f0328ff6e00
lounge_chair_090.png,d48ef904e076c1639594485ca077f57ac80939481cc61e202963df432717d9b0
lounge_chair_091.png,6839d3ad529e3a0115ed08e380203d8dacb277dff9725dca72e19e9dbf1e71a3
lounge_chair_092.png,49c57ef0c15e73b34e3c23629cbb0515a9cc4ee8971441b2771290ba668ee028
lounge_chair_093.png,99ed4124488631cdab3ccdfa7c3d60617f28811ebf46d89a038cb4b35849bee7
lounge_chair_094.png,27b63aced4f54bbf02326392b50a8ad93bb6191413149f1b8e9027b5ea78efb2
lounge_chair_095.png,b161b3b6a5231f42012a9768110d46f54584264dee6a0973d3bcb0d936a8d472
lounge_chair_096.png,90d2a40c2e8d1fdc2e98a27a4bb4c9ffb3d300987a33dc0625445f30e160fd89
lounge_chair_097.png,126ed671913a45b70dd44935024b31caa1e9ac5cbe464bf8d43e011bc21b6d62
lounge_chair_098.png,937e39edeaa4d514e9ff0811d9f7c7201f6244d5a761676d64b89ab1e8ba82e6
lounge_chair_099.png,d970b1a5c1734e4c2783cdf7dcb97b6fda5fd261b1383dc241e398f2672fcb8b
lounge_chair_100.png,52558de278f767ffead5fa5b3df339d295a6b9baab12a843b1057f344451a10c
lounge_chair_101.png,d6bc19b5c9c388e3c6f35042f9f68601032202ad16a684279df66d8ed6d1933a
lounge_chair_102.png,1e4e52c0a7acf839c608118bcd3bd040eb69484a20617d1fa394ed0537bd23f8
lounge_chair_103.png,5514f28a48f4050795d2825aac95997927efe43218d91eafe0dbb637a45899b2
lounge_chair_104.png,2be561ddffa593ef0a0d488966b5fc0b6d57e597769a261afc17737221be1f55
lounge_chair_105.png,2d9e96856c67e91286ec758608a432c136525434fbed0ea1c03ab108414932aa
lounge_chair_106.png,00c81cb19bf9f820a534a299e5157eb21dbe89a8f0eb1aeb63dd14e484f0ed9d
lounge_chair_107.png,a887fcd68e50af4781b00d59ecc49d8fc6e053a5fae64bd25a137671a0e8e3f4
lounge_chair_108.png,95361c43874ccc3f230643eeebd7e65211dfb3dc75895aada678bcbec23742a1
lounge_chair_109.png,e63935de339b2c682c14953f6bb8c5779f105dde9e006e89c932d5009b359442
lounge_chair_110.png,c72c376417a2cd88ed597a0f4a3cafa1ae96a9fb1fc7f2a4afc2f0e0b01af7c1
lounge_chair_111.png,1b1fab048b896a24562f040b3f3455a617b4cffc44449e664eb08c55e3cb8d5e
lounge_chair_112.png,55535e72bb96e3ed72c1dc53be09e5d6224094c0dc2f05078dc12ad2fdc1cfe9
lounge_chair_113.png,52c7cfa0bda1cd3819c1681fceeb1ec0054465b1ec0ec6af3ea45e04152431b6
lounge_chair_114.png,4398b67ebe50e74d64d4fdb0a0a79b9164944743073cf0ccfd402371266a980a
lounge_chair_115.png,74d2fc047785758fe6630c2388ac2b8b222ed49b659a0c852ca95724619c6d4a
lounge_chair_116.png,7899e08cb7f4def44c5888d511ca9bdfce279b078f65bd770884c4efab2fd1e4
lounge_chair_117.png,314a352c3716a7120bab02e8c3ee31725e55f5b2aed266a58cfa4971389ad03f
lounge_chair_118.png,7549eeb028b297172a3aeefcb8d5bed71bb38a0dd07396f1a420e35e987a7e36
lounge_chair_119.png,7d88840cd02f711ed337b70fa1aa8ed05fb22311ac1c96dfa1dbd829d45f9a23
lounge_chair_120.png,03e3f74449ddf409090793c0bbca64c4bb12401da5e107471fba7371f14b4e35
lounge_chair_121.png,42db8b2570a9df6adcf2c4705b083a34d703ee223bb74f6ca7865910e2ee14f3
lounge_chair_122.png,94f523960cfb681919b3c449e004e7bb74b375951ff05060778667af9d51ca99
lounge_chair_123.png,aa94c6d3d21a08d10856c38852106c888fee45a048f006803b1da009fdb32015
lounge_chair_124.png,ff19ee784030077d25bb58632f7391878e7579f64ef68808d342dba3e736cb19
lounge_chair_125.png,341520f997cc9406b1de19112421e7487f25abdc5f6b3774baa3c2f1fe177830
lounge_chair_126.png,2031a2aa01041258a132942d5e3fef363cf96c23e29f675c5f526e9eeb2e22f7
lounge_chair_127.png,473b69a2d806f5555323886b0de399040cfd4a7a6bffd9db3829c90228ea1d6d
lounge_chair_128.png,9e80ddf293f10b59e5d05da0f5a650d2028f7d8523904171880e90af7ecb8724
lounge_chair_129.png,8fb3fe96c89db73ee037d39bfb19453b93300f2d735eef78ed18b834662df67b
lounge_chair_130.png,b0bd92b184eabe386d44042c76b3f84f4fac7b169b00ae7d5e0c18c6b6f356ec
lounge_chair_131.png,98f5438b6cf5d8560d14011e4d431924b3f7b76dddef3e1038a272beb2298042
lounge_chair_132.png,d23148b1f4743330c9afc424965f0d6a5c6b54c13d99880b8f157e8131ab1469
lounge_chair_133.png,a5b0082a922f6c2f59f752b4659460d03e99759d410d34ebf4e3bcd1a01673d2
lounge_chair_134.png,6ea8113462f0bc584b0ea5f88c7cc0e90a45b9e2651aadcdfb8a837a33e8c47d
lounge_chair_135.png,dc54b37951098aaf482d557f267cad8b401f160451bd4abbd10c62ea5c3d5712
lounge_chair_136.png,107575f3c2b9a80c8539cc7e7c474900604105c331620b9d68f6bff72c9eb098
lounge_chair_137.png,3920da9dc514f00bf86f3fbb3b78297293b627507114f9d3700b51aab69db644
lounge_chair_138.png,825e7c6560ca0515533c622e55740569c296b42ee38e2e9dde3071910e796b0b
lounge_chair_139.png,31b41a2fbb1dc69102f08420456bd3b4dd05682c687b6e16ab0773aa0fa87f6b
lounge_chair_140.png,37632f27def346d2fc0dae23d9979ad638cad152aba2858deecd5f1bfe03436f
lounge_chair_141.png,0d39f186afc37d7a56a105092b245e0c2f5b856f18f1441289d34e30cbf921c8
lounge_chair_142.png,94d840148cc5d28903b6bb4e815bddc07879cf5eb57657038520097251f60ac8
lounge_chair_143.png,c47e33587581277eada929f310d7377ca7a4ae47da4fcf1cbd49fa77ff86d78f
lounge_chair_144.png,56522930646ada0cb3cb5a30729e6db433fe126886d7c45c18785ab35088f3d6
lounge_chair_145.png,f03625db29b3cd3e3b7765a7036bf38920c8199ccd7eafde961c24e1a3df9873
lounge_chair_146.png,1cb3e9118fc7c025c3d3985d0c6a76eb17b17985b6353af887de5e420cb4b587
lounge_chair_147.png,0cca49de1f1901d2fb8a4e1cd4ec982a36cde6ad66b408732f4d6c4272dd6004
lounge_chair_148.png,c4db6bfc8b6bb57e56c1217fc148bde8028f0edc1a2185a3a7659d2c9ff419c5
lounge_chair_149.png,dd981c0bb4525f169e000e837cab2210ef944a8012bd74767eee2448d7a4c84b
lounge_chair_150.png,8cb1ed525b4c24daff66cd52c44e0426a9b8ce94ac0b1fd2851bbc15a60c3d72
lounge_chair_151.png,7a1d16ac51311b2025055df9bd96a7babd51da2242954809564f19c5a36cad69
lounge_chair_152.png,7d662dfad7b0516136410b898393cda45efac91892f5014d3c3c8bada29e2fc0
lounge_chair_153.png,d934eded51a8aadc85fd9430b57795351736b279dd3d04e0b36394fbc17d3382
lounge_chair_154.png,884f63073406fbd1ca5f3ff6336d7e7b235620cc70390e3b297a9f58e8aaa0df
lounge_chair_155.png,1c502bc398fa02325c605cfdca59a4e46a655cc88ad463ba92efe55b0c2347fa
lounge_chair_156.png,61e685036abb8234a8195ea7c64482c3c083c71430d1ed15857c110bcb30a13b
lounge_chair_157.png,1b0f2094d6740626adc27142417f4017423536ff93c0c7c037c8fa1bff27397b
lounge_chair_158.png,1cafe339ed1530a220127e08bc777f74ac77da005d1dc23435ad943ce3d3693c
lounge_chair_159.png,d9caeb58e8ee010c97bb080f1b67a3af1501d46b0edcf9a9fc089b27eaa258d1
lounge_chair_160.png,ddfa1a988dd9fba7862a6298333fb6e265bd32f6bff5dd35b9d7d05628d7eda5
lounge_chair_161.png,0970c9f1926b114c2ede8e1860df24bfa47db1f57ef5c96c92ca8615add10a57
lounge_chair_162.png,a0e0fda3cbf7ff7c6c1b10f649f5bca8f5f585d5ad78192feba9d07b1a8195bf
lounge_chair_163.png,c207a79e17ac05632c67a391ca4cc5c9158fd1bb69ddb2eb9793e39e2b0ad8e2
lounge_chair_164.png,4e055dd38a31e89a67d6d99f73fbfaf1e0cd8c62a9a3dd9cf1da529e7b006674
lounge_chair_165.png,e6d5b5eff8e2378a2ab1b5b01b68ae6c8eeb8cf459d3082de3d3505cd9b42813
lounge_chair_166.png,45cc281dc9f4ff2f9aa42f2c4f2e84ff145a142abaafc952dd00738a2acf3fc0
lounge_chair_167.png,c1d1e9ac99f0cc5edc879ea8260a0254d67c657c80b84ed0795258ee593f022c
lounge_chair_168.png,1b70d5463705ebf8d3f580436477cf1e38505d578a88039afe7995638a2d4071
lounge_chair_169.png,10f28f80a44f0c501c3d8a635603a60a5e1eb98039e724099ddc2b462a3bab37
lounge_chair_170.png,9361e7297df8ae164ce07df8b51be51187f2b1188035dd16703e2fa0eeece19d
lounge_chair_171.png,a3707237e8dc1fce322ea49ce8435aecf007eeac9da27b7578c8c21f4c5484a3
lounge_chair_172.png,6b0e2f2cdf5f994dd0cfba0ed72badf122f40e3f5f86550e0ddaa17b9305a7d9
lounge_chair_173.png,1f18acee478cb3b8003f5cc003d323956b8e61dc683f8b99b5e5317aa365e2e7
lounge_chair_174.png,81cdcba834dc89414642df86235e2315f756d87fdd238b6707f85880eb9dc70c
lounge_chair_175.png,635263b7e74ebcd573e0ca5e02726f562210fc7e637c32510cabf2a19419895e
lounge_chair_176.png,c40c74396d14b559f8a3cc176029a84c10bd425f79617e2fbf9b11eae2e811ee
lounge_chair_177.png,f70784ffea09bc72ad87e27cc1f2ae6908079cfd3651563e4fa011805f458df4
lounge_chair_178.png,3d4c15fa8074a2f941f71a59c6d1c70f8f77e0cac8eb4b043111fbb39476640f
lounge_chair_179.png,7d24e52839f75772c4b05623f56ec1f41ef109c093a50a2f87b1b6ebdbf4aedf
lounge_chair_180.png,5a1df974e25c37524d3e1fce63c26ff4a680736a9eec730558d72eee1d94d68d
lounge_chair_181.png,52e27892a6c341718c401abf0bff7766367942c1d56123540a88186f69a4f9b1
lounge_chair_182.png,91f90e928409a29756133569583b01a1848c9164a2fcddd3e810dfabc639d6a9
lounge_chair_183.png,29c2f1cfb922825a4f8c204845dc72333d7f233505765ed1ca87492c1f140f5f
lounge_chair_184.png,730b1d7204d08462893ede88f4b7ead7e1ae92743f3e99e7acdbe738d0d57e65
lounge_chair_185.png,8118b23203256170ded99f4285bc641a4bd8a5ccaf710056cb26d870bb3ffc99
lounge_chair_186.png,185aedebdede632aa2aa4abad7acfca2cf2052c911be0e615d54a8f090257e73
lounge_chair_187.png,318b38cd5fb69118754cfc94b3ff78f11586a664d49728d7bcaf4dbd97af6b70
lounge_chair_188.png,16c3e261a4e6a3fcdfb08c10dd7f3e6b99d8fd7b73cef07a2aeeb0413c3b2ae0
lounge_chair_189.png,41fb91f66eba009020f4028a9983393d6015041ce08b208f56cfec22ad61edaa
lounge_chair_190.png,bf55f7de4d52e7bc1334c818fdaf663218ca175fd7b7c9e5ab6c30bca4fe4dbf
lounge_chair_191.png,9ffc5d84eec22810dd1a9ab53d0701f38a2c7323ca30fde07dbf39e06b9aef39
lounge_chair_192.png,e8835da30496c3eec4a6f2abe1af3ae932686688fce1132bd1865137d20ab054
lounge_chair_193.png,c52ddf443ea63d85e8c8bcec392050d97cda4f5d2e81be43f07f4b24fbc77cc6
lounge_chair_194.png,f90ecdd7783f41bdc9688f91edea148594d3a11e2923d37788e009f5d3457fb5
lounge_chair_195.png,412f52c01c0cb95153a3a93e7fe1d4649028c482d0972256875542db7b8b9825
lounge_chair_196.png,87fdddefd4fef47815556d795bf87b9da1967571b677b4a7699ac852fbf49e07
lounge_chair_197.png,a3ff7dcbf9bbff963cbe15dfd616fc4eded50fef9cddac2478e986d93c0d4685
lounge_chair_198.png,1c38d6c7a088a014ff18543f3c5cbeb36a5bd052c6219e3a977b175e4a1ec2b9
lounge_chair_199.png,b03ad236f0d7eda7661fdb3e2d9abcfedfc52f1b041064fe509db1a372c06888
lounge_chair_200.png,d10794ad50bcd1f3ea59fec5fce27a2ea73296650b62d5096276ca267ce2b5a5
sneakers_001.png,df178846eb7dccf792c9e322f6a51b7be479bad89858aefb9f53b0bf61e54dfb
sneakers_002.png,8b1f085bdb5b311d91468f8842bce187083a18d8fbb7a23914d66abaf6c148a6
sneakers_003.png,d2e13e9d4252db9c974635957892cf8700df3acafd4f5eb66cd1bfbab6a2281d
sneakers_004.png,77e7a7cd0cccf28634f6793e04b7377eaa4fdcbbfd850b460cbfa4d9617ee4a6
sneakers_005.png,94ae848e8846da5563f97cd4c0c25599b689c580050241026adcdcdc671d7425
sneakers_006.png,cea64a8de68c992dff16ffa5506b86ead5d83e0d4d5509f5fe989271d8cda808
sneakers_007.png,11d287ee66ad3cc1fc3fd19fc95a381523554a8989e03c62107e0b3640fe9bf6
sneakers_008.png,ca6858ed684ecdb505e599bf265a7e74edda8f40509a589728a4cc5b7be7ae3f
sneakers_009.png,0d0df19f7d9a4fad34999c00258f9ab95fd73461f3a0983017affe386ecf390c
sneakers_010.png,a69f85c085b32dedb4425002e93e0530832500dc3ed5889dae785c5818e8f69c
sneakers_011.png,4b39f5ae40e324af83466d250dff96b9644aad00fba6885d460e66e38d96a3c0
sneakers_012.png,5bcbe9ecda41194a772b8b90eba210a3a9524a24a21906477503d5678707a7b2
sneakers_013.png,1438a003012193f7c8ebbdd9b5dbd8c7372a69d79d04fb83fb16e83ea81fccfb
sneakers_014.png,f3c0a31861247ba38f774b4195b73b692d9e8e0c98d763b3802b5bda2ee55863
sneakers_015.png,a205018e1d497a7cbd5ad012040fc366e9c9ff7f550b957de11504aa827bfa8c
sneakers_016.png,fdee538c208d958f68a9bff8339c199e3045a86f826ffbc35680050a17992bc0
sneakers_017.png,025125e86f2ca54c2aa17a7b19ca5d199527c15e1e35c0e505c42d3f487c2c5f
sneakers_018.png,259f93bbfce40c4c84b15d76d787ea854ef36ffd79bcdcd2c0470ce1b3b92f2e
sneakers_019.png,231758555387c9f931d53a88a1a937e1a111f62d98293de45e1739febc8d5160
sneakers_020.png,1f399d06808f95bd2ac350647a09f81f2092df3882d3cfd94888ed24be13ebe3
sneakers_021.png,e724f8805a753605552f6ab5d4b85f0576bb4f7ea0f3889ba4617efa15ab8e87
sneakers_022.png,bce5679c1c4c4a05892f3b547944f36ca6ce0be5469b0adb2a35a92ddb2cecaa
sneakers_023.png,fcc3302bc476ac7f5edc08ed8982249ce1759072ca610bd9d96869c551eddb8d
sneakers_024.png,aa4d47a7e6e4820658fae244c73716ed7fcc8af6f8fa13f6cb08fd5f001add6c
sneakers_025.png,ed02d1532085b5212ac62cb7d0aeeb9b0c69fdc6f0bf247ac6d2412b13986a2b
sneakers_026.png,8468ad0a55fe419af4e51560227e10a058c035ee271df42a1b1a7f2af79f602c
sneakers_027.png,b0476a5e33da0181b34da87f4781832d3623629b76c454ccd6c0eee46c9f489f
sneakers_028.png,3972ed01f11125a0bf2559cd88717c8a9cccf1e72e7f2b4ce71f406832094e98
sneakers_029.png,8c928aa8bb16b2f733a3bfe05d79add5eed332c311b5d8427ee5161aa872505f
sneakers_030.png,3b86f543b7021e6de51eeb3c11f21f08bc0cc20c1643ead8d7abd285fa17ce1c
sneakers_031.png,b02d894fe11733d267232cbf34c9c18cbee7c427b867824f14463d69936dee02
sneakers_032.png,7bac50cf562fe3a97faa5965d501a3c6fb4ea4dbc31f84e9c23887a62cb92b4e
sneakers_033.png,e11aae4d3e638e193058760d4c10bd32c3c16e7d268df1e97ab08b9f56f2341f
sneakers_034.png,9c94b1fc29cf8eaa1b1cafc36a6f1267567422885e370f29de7a8dfc9893b792
sneakers_035.png,8f4c98ede4c1477ffa5cd8bdfc6f62e2edf038d8432e3cead2f5e3d8e2ad486c
sneakers_036.png,cb81172e4980b2baa8f819d004754f3174c2ca1460fbbf956b838d73f9ba320e
sneakers_037.png,7ffcae2ad6c3e33e81b2e4c5c6145aef703828ac5737cd4e01eab29ead405c06
sneakers_038.png,487d1c99b4c4ec090ca85b9ca6e04699157fa1f97f8dcdb66da14d59700dd811
sneakers_039.png,ac3b7f85b96155bdf45cc5f33f34509f873247270d86a2800eb9fde8bd3a80d5
sneakers_040.png,08641c1ea010aeaee7ee7fd1fc1d61db687d5f0d831c1aaed9f2716dda30757e
sneakers_041.png,e5700c915c2a36aa8cc1f9c319a46d4930e96177a84c7b784c6d07512635faa5
sneakers_042.png,66fb2507a38d8d81c686e02e56d2500a4dff93d26ed6c6df8bc1bbb0a316f879
sneakers_043.png,c1a0f285b457d9bb0a467f15254f33a64229ae174218ce82f6b80e950a87279d
sneakers_044.png,49c1a3366c37620f0ba26b322e72f848618da26f311e882b688dd51e82d281bd
sneakers_045.png,6d8a03887684a1f5d18c0ca16a8e7fa39e208860ad3d795467518f35c78668ab
sneakers_046.png,41dc56e9f56a3bbf2769fd46511b706573ca806b6f044a4e035259d8e71e55f8
sneakers_047.png,63e177f4bb6592e805bdbd170af05dad2ab93471acbbe63a0ce0892e373e049a
sneakers_048.png,ddb51d6e1994a3ad01ffcfaa0387c7150960a1072e34c7a4b5077daf031734e4
sneakers_049.png,7cceb44d71ba3f35ac4aaf21fdfe0c9d4a701a54b7225ca08c6c2b0ff4924ea8
sneakers_050.png,e028d2697d280c7eed584ba00dd9af5c1ae9803751886f371d7baa39831c9540
sneakers_051.png,e379f085100956d049931b2d33ee9aac6ab52801aa8055735f42337dacf9de15
sneakers_052.png,143cccc30b8029b0e1497d2d3bb0150b8dcb3caa29a860aa327f14c3bf394c34
sneakers_053.png,52bed365c9a2d5c3efab0a5c4f9db1a4eed02a376be23fb0bfc89e4d79f7f74d
sneakers_054.png,5b867bfa3c5252b1166ecf62344d65478afce791fbc2d4479b60c4a05a2630db
sneakers_055.png,cf5aa85df6ef3e1ef63a8de885c11df14a76392f2a967199013ea86a226d384e
sneakers_056.png,d8a55b8c0389cc8932903648eb8a37a1ef347efc14082c716aea30fff1a60f43
sneakers_057.png,265a78f5f0be3339a8d6ca7b19f13a919ac17f28da65062a4ee15b4313071856
sneakers_058.png,b6ab49c20b806bf061e8571b1527f54f4771ae3e251eff9579e498db3e5514e4
sneakers_059.png,68046c8d1fa8771a79da2b5e450dd74383389b03d97117f7118efad6e3bbef19
sneakers_060.png,031a0e778584bbb81c6991e1d5f2752f7de4f63f7b685c3e8a5a11bebd688618
sneakers_061.png,9b86460a784541f30942e5b9622900707bea3fedcb50cde956d3af945dc25eff
sneakers_062.png,eb0d47d0eb28c2c973f769b0a4a0ba4ba27075959fe005c63a7f671d4e2237e6
sneakers_063.png,86858eddef6c6d77d650a8a50bd4a1109059d03ccb3b1e90b9d67539a060e2c6
sneakers_064.png,e3c53aabac5998647106a13b99b1d85d240b55f1e5141054e24bd5db070e9575
sneakers_065.png,2de97725def25a0906eb58880b7165e4f712437e107abc9d087a6c30b60e0980
sneakers_066.png,811d464afe30c5534b182c4fa9ffa92261bc5733f8aab1c8225ad52caf0587b2
sneakers_067.png,ce499632168737d6c1f5b7788c478d4d73e511b9aab0f56af0e5cfd5eb8f44b1
sneakers_068.png,aa3c02e706ce625c1e7063b6ae36d8514d189ab69dfdf2cf86c515166defd095
sneakers_069.png,9f28e72f7fab7b66cd102ce3271d71bccb2d4a5290bc7d20248f724ee3a03a22
sneakers_070.png,db5d0d48a42d4855a7e5ceb56d9318445b582ae747c5c1f926519fc3f1d5eab0
sneakers_071.png,b3ecc8b0ac62ab65ec319d5851f355eb386059de831cfa4ecccb033942f067ae
sneakers_072.png,f3f8cad5c02c5ad2e1017d117f396a4275532f5e7e6293131b0691227b1d43db
sneakers_073.png,1fb80c40fdae69a52ab66b5b070ea6388f8a413cfa46f556670e8cfb8bb83d72
sneakers_074.png,5aa3ff323171264918e8f3a8d19789570302788401efac45ed1739c63d87745d
sneakers_075.png,0fa267cdcd8a018cfc1f388932c19393997ff15580e8f9b20f38f330c7bd4b31
sneakers_076.png,5ec0fb1540867b4a8bfc51c190c53c6ce5a88b51834834f5a4913df2ba7ed8ef
sneakers_077.png,979b6b0d5dae208c0eac4f395c7d816d9fe2279470839b447001f3d169faf87b
sneakers_078.png,9e0afd5809f7a0ba1d755bce8ae6bd5f2dbbf31f7f5a92adbebd132d11d459bc
sneakers_079.png,aac4f5ee4e48c813470dc226cd2685a09b7a294f8fbbf8a9e5e62112212d5812
sneakers_080.png,ed6f1bcaed205a64db491d1835787815baf469bd7e185c50657b0c28363ce195
sneakers_081.png,ed1eeb5c608b50f94755b21073b91072d9340dba6eb03feb5b7aebcd8e621f1b
sneakers_082.png,736d1b26cbbdd3be5b1ac6de6d5ffce2e17b9d8baf162358bc31a829acf725fd
sneakers_083.png,f9cee3a792174d407ea77979646453279107319080259de4c67581b800eb3da1
sneakers_084.png,c8614e385ca75b5cf71a7a2eb680296cc543485bddb12796a8acd2d5e524a0a0
sneakers_085.png,e9ad7927c5342da2064de893e284bf6e7042031f8c5912b05b3b3439fe89978a
sneakers_086.png,d7d79d753a40afde90de4d13b431a8c5cd3ecf74eb865d6180b6b33e0e8f162e
sneakers_087.png,b46f283d5aae66ba3d4ffc5423559e0c53cf1ab2627ef6e530fb64b6e007d294
sneakers_088.png,6bae8cac896cacd72be051adecc894e8aa1221517baff8cd01a6496f5e6c7b22
sneakers_089.png,60b5d5749483e70f967dbee5ff3af81b662e2eaa993a618c7965d9d1b425437c
sneakers_090.png,6ce551a0fb664ec2730493e1306ffe010ec635a2bc5fbf565da437dcc7cae466
sneakers_091.png,a81caef5287ae8654aa8d4fdb964019d2f10a1d981ff95ecf367be32b0b745ff
sneakers_092.png,253a54db3b59b64e4320d8690825c6037ea6ff6515f4673f6456c363ca9fbdf0
sneakers_093.png,a8952d4c00e969b6202113e259b608cb2632d12fd6739eeb07888ccce1ca0d70
sneakers_094.png,1559ef16668549e4c79e22e090fb8fb09139ed58fe34852190e98a73d8ea0897
sneakers_095.png,5a1ec82b3e024c94ed2a24456fc7d030d92c6c872c6bc4f225710f446030ca7e
sneakers_096.png,a64320e859757b04ee5ead40cded6e452ef5fc81894a384382950d1c2e8285e0
sneakers_097.png,22d6d0abf9887197eb1154b661d3b19b2805fb4b71d2f4de7f29a83b24e34a3f
sneakers_098.png,b9f60197a9bf7722612be2d105315f5105c3670dcd34d26d08b143284c099d59
sneakers_099.png,2cce6186af812ee0ab6325fe001bf84e39c0ab6f29fd343d2584941a82b5617d
sneakers_100.png,37918a7787105b863ce8a9bf1ed44ce7e43573fe7d4767d2e51a29ab55ef88c0
sneakers_101.png,81483e8b9cd15a5cfc1d15c16a0d59a3766013053d8e976b778bfef6c99ca141
sneakers_102.png,e810843db0529b09287c2a007fe2e7efdb58346da056926cfef08ab60b8bc0a4
sneakers_103.png,ed278a9a60f6f7ff4a416dd0567fb50c51d79ce4f32f9b2ea5f9d22bd716b5ee
sneakers_104.png,31be5297a623dde564d4bf301f959c934fe1c0151b73a462b23b523e90880cae
sneakers_105.png,89cc422979377209c9d638d47fda43cde7af71f198e18e0af466e642abe17239
sneakers_106.png,539aa6fc3f40f49d64dea3215a1ec4530cea8e034c3a5300a83a390eceb8f21b
sneakers_107.png,44ef2a5acc2e4298b744857e91b2bf1e103658f24bdeb287376e2c018e62cfea
sneakers_108.png,fa92fe4b5761516b2e1e6525a203de91dab026b667b63682a4cd4a843fe1dbac
sneakers_109.png,77f624290b7c6b6e20914561e4ec40a72a2fe9c205eda71bb3f57b5d74c0d3b4
sneakers_110.png,6d8f5e4cfd886d19a3dcb44b548a3ed45a5bd2b1cec3fcbcf674d42bee089e9c
sneakers_111.png,749b16fc351352cfe257277ef3937e79caf6791d9c1004a02f60f5e6343f4b22
sneakers_112.png,fdaf58dee2dbe464db6de0da1d0f9875b77f6a432bce50897e50cda4d79605b7
sneakers_113.png,da97fe1dd6cd2685f04fa4c4b3c5e080161163737efbe035784948d40e7a37bd
sneakers_114.png,1f8db95601d11a9355a4784373b641d0b1da4eaf22a83b49f44dfb496f3f7397
sneakers_115.png,8042e6ebb86ffd7f21bb90437c3b04caf54f955022c1ab2ffca8a03595b57b86
sneakers_116.png,c65740fd40f88ec825c90f530cfc6b26e4ef7c28943b8fd70bdc38c0e09a255e
sneakers_117.png,8f2a8e28b0725e69d5500b039ccb20e9924c0de7aef2598aa7fef0a5e21065b4
sneakers_118.png,78ee08e14978337390d5947fbe639193dcbe708e9fa9a8c648fc42f2f8060e80
sneakers_119.png,f3ce2879440b504a8937fcb2127380161c53ea609cfb72691f049d80049829ff
sneakers_120.png,769a678e52cebf5a4433decd0a9f802e8d731a8828c9be37ced700d7ce3b5348
sneakers_121.png,7ce91568bf89a34ecc93f555a6a7ecf5311e589fc0f8fd864ff6e47d89b297be
sneakers_122.png,34ffdc9e11b35d8632683e186bdc4f196b96a5f3685de9d30b8771db39a09a9c
sneakers_123.png,39de7ac56bf699961bc5ade4890eefa0210937838b7e5013284be427e966e0fc
sneakers_124.png,01a52a2b152a3a6f3f459194903b35c6fd79bc784626a97f45e1aa8357bd75f4
sneakers_125.png,7d6191348ca447e02dbfd46ea1b42e3c3fabbe63830d1c5198c0d42c3755fedb
sneakers_126.png,750b5ca6b9712c3d46e96560904b46609e00a55a180211de089506ba5dd9e8d1
sneakers_127.png,3932bea283b435e0c6f0c2adddca2217ba79d991252452b0799ca0d7083c4855
sneakers_128.png,579c5154ba39270f62fbb7840306d070c605e9b9fd1530f5de454eeab1fd2744
sneakers_129.png,6e96a9be15f34fb6d7379abca11d4fb6e68da98d7e8d6f282fd59f2bcd9cbef5
sneakers_130.png,88e59df6e893a9f0558f1649776bab4db49779b6ac94cb6f8f84211d71a3fdde
sneakers_131.png,69c1a49de062eb4fae3aec25b7a3ef0a199dc87c5a7bfae2c82b8bf4e5492daf
sneakers_132.png,7f78df4e8d3fcad8ace956fff26b285dd834a03e163a4887b1f05322c02da782
sneakers_133.png,17c7407a903fb3d369f9d0e481000bf58598f767400e48dd45593ca837db6f3d
sneakers_134.png,33716299f90fd316a4b5ffa482cc0099898451db5dcffd08571307af452c7287
sneakers_135.png,43db826dfec26ff0cba9a7efd3c7e4928927c42b67e65e04fb79f7b9d3d48581
sneakers_136.png,1110d7ca46f98787751a21716286ab709a5c8924e497d98182c54bf05d6db306
sneakers_137.png,71e3631d78886014a3878e2c4c5190c7c8f9af46f554916e12da01de1fde045e
sneakers_138.png,12c9f4999c7b538ec4cad77cc7631d54821385e39d7b382378644dd9f4f9b3ba
sneakers_139.png,86b511ceee0da9fcaa8c560db25e1c5d4ab887424f31904ee4dcfd3de3cd40a2
sneakers_140.png,c6bc3169937565c77cd1defa60c71c58d6dd2214a819a0021907aa0a576f1944
sneakers_141.png,4cc7a97748b68238cf6a959cc2712cb7cb73d00b7da1f00919f2c2de06449039
sneakers_142.png,7a7a0af4d3b422d8468a43b663486a9a161df831a2ce0260eef76af6350964f8
sneakers_143.png,c378d31e3b7d5835b1d3c4798e368b6a95ca7daa3db69209eb17e8b2f8d9400c
sneakers_144.png,606ad319e7162dc8802c023324f12ed84f0f905fe1b855a83f5557d0ad1fd9e1
sneakers_145.png,03434c742a6fef73b9003fb007b5fad8745ec9f9af3a9f0dcda32c244c3fcbba
sneakers_146.png,d0a7038180ae338c565763d6bc67b74fa6eed50ecaba66aca9e84ce29e2168d1
sneakers_147.png,e77104672d4f391fe9b0cb32d9f0660dcaf0a6f66b0429c4eead80d3e84120b4
sneakers_148.png,26581e14ebb534a1de7a9949274aa51e79022338d78bbb2d4778fde2f5e2bdbf
sneakers_149.png,27d240bbb73555ed6bd518212f7cfb904d56df81bbb7acc4f2763dc9210b511b
sneakers_150.png,4b950a97a4f9eaf4ba19e9174bbd0c6f5d61b00937a0508e3d2aa1d5974a783b
sneakers_151.png,02c7c7747caaf072179ef4acdc3936104d1a12034c4bc6545ff02857d051bd84
sneakers_152.png,3dad6d18af8d42995e42c198b7853fee11c16387d882cc0e14b5b29e7bfc47c0
sneakers_153.png,92d77b9b15f576458436eef9647e0355905292d5af71c3bf32d867b025b8e91f
sneakers_154.png,91889b157e7423b812b9324db4d852ede36b20fedd4dd0829eedad7fa8ef224b
sneakers_155.png,64cea4a2d964255dd2acf2d45dd23fa7567f7a9a65f21b80df799663fc016123
sneakers_156.png,2f33c0421d0f18e412b0f37c252a3af06241b8bcddfd317cd2411f46716b1be8
sneakers_157.png,c40803d664fc1432d44f94ff5572745adf684f2a1884be89960390d87dc7eb46
sneakers_158.png,717f670955fef29571b65f23c6ed063406770745963ddd142110fdb4080953c2
sneakers_159.png,43a65c978cf3bd20b1fb7e95a5b78a1abfa87faefb00e3c60c8e6ac0c59f5d6b
sneakers_160.png,05564f88702a8926f2422b2abd8f6f2d35fdf82e92017d0d0d5ca3f095573e16
sneakers_161.png,d39d6edacdb79a22f4212c594262db5da8f2ffa2b3707c4823f0603e48ede13c
sneakers_162.png,02261d591a2b1a315d951781318e39ec2e33bd95c3b3f50adc1507327dd92bcd
sneakers_163.png,fceffe001ea6eb5be536e970969f83897789ed49ed092a7e9a40d12fc19acc70
sneakers_164.png,1ac2806d8ec58958f1063983a51c91683db22c4a10da179bb8c975f5405299d1
sneakers_165.png,170fd1bb754a9f821e7a8789506887de1f4d31384f472d7173540cd55095f643
sneakers_166.png,44b387e334e6b1a025d85ce9dc01e1a5c0180ea05f47594293c32102fef4fbbf
sneakers_167.png,ff7b1e5e4064a888009c3913d89fe4ca8830ab42f4a045cc0eee124e664c953c
sneakers_168.png,acb05630af24bc7662419258b85ba4c4697a97d5271ddd0a3eeee73893f07164
sneakers_169.png,2d2f611cd316643f12a44a08b8fdbe5cda5a283193ac1023fa44b1e106b8c1de
sneakers_170.png,cd0e09afc52a990f7dfaca14a9c314b043ee588a638cd9021028b1e826111c3f
sneakers_171.png,b9e7481331b9cd4466a70d2d745f14074c0cf22224067bdcc2eaffa74744d34f
sneakers_172.png,73eba2fcb7ee0872e86e86bb60ea1b5dde39e3bc45af94cdc14550cbd25f62a6
sneakers_173.png,7f34900afb34316de3bda9fad0e3a6f391ecca513242cc6ff98de9bd78f7e75a
sneakers_174.png,a84e105fdcf1b094e0c1e851db881b8d3c6bc18a2b3e84f92e6358466e8d5079
sneakers_175.png,7a4c9877eb68cc14559944d32ed09e8ec265865e323481680aaadd4b14ce3bae
sneakers_176.png,9b65796ca8f3742e908f28c04d38385f57bc6b453299b9254b11e7ab6aac0950
sneakers_177.png,2cf51a8640c940d967f004ddb4c86b89e87ce03470a5abf8b683f5827dbcc28b
sneakers_178.png,74e76f1404925b30c1342b2fc2ae32a8a0d8646961f1a0e454cd7fd94858c706
sneakers_179.png,b5483260fde52c129d92def1fafb66517ae08970c0758ffd84fee7f93308229c
sneakers_180.png,046574eeefe7d659d280027a41152b1cf13615876b513fa83705c7bdfeb2e84e
sneakers_181.png,467e639413191f0b9a2e4f083727f1de9bc567e0cfeb216a68f6852948a3f192
sneakers_182.png,8f0c1abbc95da3e8488d952c14cd8c96a1e01b58c879cdfe5422ae50b5410fa5
sneakers_183.png,a26b5f126c049bfa1855245963f6b88ebb59a21b92a67cf33eba4739ee41c1bb
sneakers_184.png,2becf903941e2e835d6c97920ed492ef1b845e663d184bd0cb3780c36460baae
sneakers_185.png,3454cc2bcc31ca0ed348bd842bab3429a776bf4820bc608ec117af76874b6726
sneakers_186.png,94b179a4222c4876b19f7a09d494ee104c1a3972efb536a251fe554b65b28b74
sneakers_187.png,77919cb8d7fe08f1277bba44ef28a993a90d8695ea4e5d0b83aba7059da99e9d
sneakers_188.png,7db9e0d1907b687c188245805abd66e779ccfb513468d71375bca93be9051579
sneakers_189.png,ba5b2f36951a889433b02eed56c47adca28cd1931ab2dff8379f600d41d28a4a
sneakers_190.png,3871e78f3619840af7e67021235dcde778799a3ca398a4eb92f13596b5c6d22b
sneakers_191.png,430a585cc5d2c5a1b1529ec772492ae456535f7164a5476b3be8ff6a0bb09d0b
sneakers_192.png,1e29ebb70038892f80b141bc180c326f0274e3ccc395626367e1bdfbbf0cd250
sneakers_193.png,ffca20b061c31015005a845785908ee7b3807e504a5d6e44ae74212b83de7928
sneakers_194.png,d0e40b0f44c5834f08b9c110062bc8255a68908cb16f0405831adc2431cf6e79
sneakers_195.png,2c855515cfc4afa8a6d8eca0c68ff823d9880a00a6f40514dedb2732c3d6a553
sneakers_196.png,fbbdf84f1d25394af6e0cc809e5c241b5c8957899fbe9856bae9758ab159f779
sneakers_197.png,af42d45d4350a18c9fb7d8bf367ac9f5ba5b3e54af14fea989c047da77cb7726
sneakers_198.png,3ec741879c4bb659b3b11d5f690e350fc41c81356c318f064c80e01bc4700703
sneakers_199.png,146405956870fff48bb8705ecc526e1d1dd1a4500478a527a07f3d6dbe8e9707
sneakers_200.png,55921955d7819c96ee4f4af6c3fd3aa811443d011c726bd2cf06976f756bbf34
sports_car_001.png,d6902ae83ff35b104aa71a416413173507b731431f721cceb1e8e417bd8eaff5
sports_car_002.png,0add7d8b9dda5f058e318e8f548043c06faaa7d51190c11bb69c13a59f1d58a2
sports_car_003.png,c835b773f70504b56bb0b408f597eeada0488ef7f2cdfe1c1ae551605d39ff27
sports_car_004.png,d659054105a690b74aff1dcbe924a877265d088296e86714920f6d408a78d571
sports_car_005.png,ab3c2cd358082248c351dc4a63c3cc8994f24289ad4a31a091f6fcd1d82c07d4
sports_car_006.png,09d5eeed3cb0eb35e3cf59b51142b659ef6275795ee44a5dda754f8cd2790578
sports_car_007.png,0e7b15f5ad030e41468a879344c67fca5b032421a76d38da1313482247007e7b
sports_car_008.png,2f24d01f8d55af04eebb9edd29bca32a19d721be6e5c28bbbb6bcac3a7052c32
sports_car_009.png,5c499f3926ecdbf61ee06b8524417eb7ca728adaf676b80cbdd69d5c53bb8afb
sports_car_010.png,8bdc20e390e4bf681374c533b9b62e7929f2f83119537c1332770e5f36cc8764
sports_car_011.png,73f70bd3c297ea73a523103f73826ae386c815b4dc8e4a2ef882bafc720eecc7
sports_car_012.png,5d20653b6caaa8e90d3927cbc5c1306a10f1a5e8d98d86d884b73095202fda5f
sports_car_013.png,96b0d75e90694b0239e99b0a7f6cb11fae6d315fa10c525f8bbec944c3e2ecf1
sports_car_014.png,f1112e0b03db873317fb283510916b59d39cfb3ac7d43c43c75675326ca915b5
sports_car_015.png,e10f1881a85335e61c260f16e026ca79c245b2ace58b02de1ad028fc48bd1fc4
sports_car_016.png,c48ea59e81c8aec5cab4eac148341cf62664fd3e16ce9bd5809db6dfb4a17ce2
sports_car_017.png,af962dbb87bb7c273de99e9f9c3d47c76a1c718549ed4ea0d2f5b46b9fac8fbf
sports_car_018.png,fb340954cc04b3b8f8e41ca26c78480eaae36cf450dc0988a3ada687a535567a
sports_car_019.png,6d6e33a4328cf18b68ed8d4b47316947027ffffe15e436b0e171ffe6c748fa4f
sports_car_020.png,1074d9ac2e51fd657d7a04b72d70ac2e954f522ba1da4e1ea9009adb42690f3f
sports_car_021.png,7ea09733f38d264f4a3bc59a65b86ac9f74d566df7bfe3489e6b517824e13822
sports_car_022.png,da9dc50fcbd705e8d683c2f644970eade5c297652577578a435ec46759ae9d44
sports_car_023.png,33bb721909caeb41d533b884371b867e3d0c370e6e208e0bd4200f700ec20c0b
sports_car_024.png,6b474446b88f2dc7900ab60a4ff9c86c7845e94e2dbe2b5ea6714b903433bc9f
sports_car_025.png,3a9e3ce6961b1897030837d665599897103e0fe4720311bd98dcc667d42e9646
sports_car_026.png,d1487422e76fa8215bc07b11aab73a789183a94d8a19c1fc8256c3bdcefce5ee
sports_car_027.png,06b42672bc0da3fc36d3c99f398be654978433752141e7877ecf71aa43568a2c
sports_car_028.png,ab488f8c55d609286fa3746c594a1a172227fe4e3419a090623f3ea0e485a510
sports_car_029.png,3293cefba7a2411392a1b91a25e2e34c750a248ba62c486ce1fcf166ad608364
sports_car_030.png,5902f609a6b7d1300a7fc818fbb6de9dbe6a34cdf7d683a2915fc26e7f209f2a
sports_car_031.png,29dc290fb72c8d53c30c80c2cee7ff8ba9b13a83ef29e112b33a4419ed597dc3
sports_car_032.png,7b891bc8220d40df463906df859ded78986afe2b2a9c3814d519ecdf544b1312
sports_car_033.png,f91eddf60091cf19c24dd9efc50e9a8b5658d5ffa2c61ee99f49c4dd4e1a971e
sports_car_034.png,75d5bc4a79bc9accc0e20f45a6e051afc091486335c32d5d83f6bfc8a27516ff
sports_car_035.png,dd21f465ca564113f3dad648da94a180f03d15b90be464130f1c37a4afaecc20
sports_car_036.png,ca4c4c362b830b996de66e6bd2d2ef66cccad6e80ee126740394fb6d847a9c2d
sports_car_037.png,1a90d07d7e1eab8c2e7eb869bb9481b3786aa50658283b4c79db76ce393e2734
sports_car_038.png,ae40ec7d54b4eec0ff7549f9998071b4c962a5ff303313535bf34a7b449b054b
sports_car_039.png,13627e2da807d06708a2edd4765bc035f961c858438041b5fb4d406a006a354f
sports_car_040.png,0b362731de5975cbfa7f03565dace6886729e0c88a3b1ac1c576fa49846eb062
sports_car_041.png,6af16d251d3010f73d7ee95cced790f37f4f359f547b2041c93ac3ac091dcad1
sports_car_042.png,9bdfd9e8e2053d24d029a028ad525e43c5e972a635420bb3e9aca9eb1317b5fe
sports_car_043.png,3eb8bef38315f5588852d2ea0d55f5b3747fdb8281eee9844f5078f301e108fd
sports_car_044.png,5634d526479533237b02f371706feb67d23cb6cfd88904eac4f2918ea36ac408
sports_car_045.png,45beb66226d38e003e9f74acc0d740b3840c46e44849b2176513051daa34f1f8
sports_car_046.png,f2662446d1db54b74054c7e8ce2b631662cf0fdf823cf6973eed864180e85a69
sports_car_047.png,07d8f52a165ccf43aca82a0e44d096aa154a7edd5f8ba4bb561e8f08ec9c68e8
sports_car_048.png,a3837608bf3b07939097ecaed24d33945515cce3da213b62195c18170e3fe70a
sports_car_049.png,693f413816bfe0052a8afef1575dbf56d0ab75b16a9b576db1182cb7418e32d5
sports_car_050.png,3f15cb132969b1cfa69322012456e0f0223fa5a73e5eeba7ebf5277822fe6ad1
sports_car_051.png,a37ead706a75a9bd9f2f7f2f38c1613caecab507e4b33f4634da32894ecef4f8
sports_car_052.png,5a18f50a46c2c24f57e60c48a264007516e61d61fc2c4f6c3aa66bb07934638a
sports_car_053.png,30714d50bbb17620ff6c7b5bc25efabfe739ff159fface55e513d85810cc0331
sports_car_054.png,15c41ce99ae38a9109f5dd4935f387cce0cabb5c3f7890930bf831d7e6f9cc2c
sports_car_055.png,057d055f005e9067ef8542580e62ab35aa7bf1a176f94e244ba088ec0a1ff391
sports_car_056.png,c01e8a3a9a9b4e0e5cb5e929ab6f58bc2e88c64705189dcfccc63cc59c4aef82
sports_car_057.png,4b5006f5412410a993c15605f0ab519e9b7601382426d681995ac6f160a9eb49
sports_car_058.png,7314324deab8ad64989d9644a283829ef211df433e2a3b52d9b365046d7fbd38
sports_car_059.png,58d5d94811fc070694e64802abc125da22837de298156eb07ce7c433c3744fef
sports_car_060.png,dd43ca54f959e72a4b788f27b11c8f5eed8905cc91b7bbe6ca00cadb172aa756
sports_car_061.png,d917d7afa437e1ebc3a2e61ee7b7f562939d7d868a70a73937adb9e406d3a18e
sports_car_062.png,48e4de5aedca2e472cec03f239c1d1019a2f72e41555beefba921856b299b53f
sports_car_063.png,6dc1816d4cd5ba605e9ce91eccece4e7f83ac856a4e6406f4ede672a55732d8f
sports_car_064.png,48faaec795dd3c13e25f8b226cbd6cdc8081c656816a6132c658f033270597ee
sports_car_065.png,78a6af6c920fb3e0af513a5f0fd6ac91096dd3d0acbd401edf126100d97c9d58
sports_car_066.png,e2edb76c0efd209ce79eb1269a05157b1a1575a4d9a3eaec9e22c04807bba454
sports_car_067.png,6de5fc552ef4fe2b1a3e06a44d087a25236937febd74253c15105cf1ddbb012a
sports_car_068.png,37c665701ae3f91bbada6a3986ce4929ea052b743e7873521f556763ad1aef39
sports_car_069.png,1d243cf39ee99dfebb85f217b3068dc7622e53cbb2a0061bc3b1a5e7d70870f3
sports_car_070.png,dc0eecda590196b8149d4766c5559bd36ad563d8c3b78e7d03aedebbbaa5f426
sports_car_071.png,f143e67b73073c385de3631a45b0bbfdb031606b7d9f1dafa9b36d6042759d2b
sports_car_072.png,d73d3c29f34b57921a1aef44c125e4d26808bde210065df5b929e1bd82f2efe4
sports_car_073.png,9ea3756fa3bcd5aac80909a52f341eb683e5a256954b976ac0acaf68812da4b6
sports_car_074.png,2a6adde16557e886939b9e64c055f7a1f946ece09a422d446805903754e18630
sports_car_075.png,d6313d4f11defa3cfc8fa930f0c1084b8b17fdab647f5f15f58ffb67307fdf30
sports_car_076.png,6c030a4202c0ebf4b935e7c3664c363379946c2ec6a49364c8af05894278da0f
sports_car_077.png,c703513640070f9736131a70466504199eb2e345c5ccfa7bb5171a22899c7362
sports_car_078.png,48aa8709ed31d04d64ef6fcb54a1b69050e114b9002cdef9f44d96b50337b021
sports_car_079.png,80d39ae39d59a1cfa2b1625ceea4ee4a1ba13a3f7a78cdf85aa83e9596b46104
sports_car_080.png,7e1b1e7f9e4c6e3b7ee98af9643bbe57480d90d6ecf388d6236ac86b11e9065c
sports_car_081.png,4a0132d92c5c469dadc9ac1ddc21c46c7ed56bb3ac7edb8a946b29ce5c5e85f7
sports_car_082.png,fa77e52b5abe2fe86b4542e6ee88b2b1686faccb340917184f8c72dea8cac128
sports_car_083.png,b1a0c0b083d1e0702db31e16ac5fcccd32a5bf60bf56c219b419d04c57fc7a1d
sports_car_084.png,2a408869baed58b981ea9d509da6192eed13fdc3e80ebb94bf2040c1b3db8652
sports_car_085.png,4547c612721a7b489dfe5849be28bea77e85cabbed30c486db9cba54dc978fdd
sports_car_086.png,dd093ba3f537ee1f720944e0d2c1142b07f3cd3c0689958c18d05fee2bc0bc63
sports_car_087.png,97440b3ad5bf06ab389a65bd8f35ec5dc88c8ec9d0d0697e01fff46725bd7979
sports_car_088.png,6d799c88ed8d44591cb1ab7d0140312e97d52830e5fb0aedc955992ebb7b6a43
sports_car_089.png,56407d7ab1c31a155af656637fa23aee80ee1e515deedb7249933ba373732d8a
sports_car_090.png,6301461dae30ab9909303e21c67169e9df40ef2d23f73097167a828816595e9d
sports_car_091.png,c9519b9dfd6a9a9e8469d172abee1650d18af62e0a0990b57fea6c0d352594ce
sports_car_092.png,7921a81d19e2fc44c087e51493ea11b6ece2ee44d88af4fa6b44b4ac58f7f8b5
sports_car_093.png,e354a2550f6aaef20af80c78bcec22c8182ac90885b883fc89105cc680d29ea9
sports_car_094.png,6088e97f6c0aacf7479935744a05cf723d738afe3a3ec3b593be6aa70f604287
sports_car_095.png,8b1bbcf11e5ae9db243ab2695d176cf77fb0729dcf4ed9c407fd431d8c63ba39
sports_car_096.png,bb447d4c5a26dc3c35553cccdd698e2f4a99437f88866ce26deeb434dd8f39cf
sports_car_097.png,08ccf75b8cfbddd98d5d7d263ad1f7beb313dad64d7f080bb8530d0bac5da03c
sports_car_098.png,e71f1ffffed2c25944d21e1b58008358c0c8c33fb03c59763932975c093705ff
sports_car_099.png,6558ce8d720299b930095c0f03ebe79af154f441a61da25fd10c515d59c74ea5
sports_car_100.png,919766b066362a269bcbec91b1effc98704f77ccfa5981a8671757c426f88bbf
sports_car_101.png,1abb461b8c8806c09338fa1c7f3c393104bafadecdd141f0c2cf8c159628cf9c
sports_car_102.png,37c58a5bf94e82b34adc1a268ad4572ace7030bc18222d9fa785aa95c7f96fe0
sports_car_103.png,ce89c7e39680c95939e1dab1e109f6a08bee436ff73a18857e5dbb1c6e2cd459
sports_car_104.png,38c298e3faaade079d35123bf367ee564f81184229ad415cbec271187c05963c
sports_car_105.png,c0402b1956478be445331615fb22915e07e26fbf0ac27f7b0b6f8b6d5af9f8a9
sports_car_106.png,fcbe22729275992945d7b8fef7d3dbf4c8f80f47e81fee196bec38c7f9ec0aae
sports_car_107.png,428406099e08ed9cbdf54673279605e3100d449415ec62a22c1cdd4fc8aefa1b
sports_car_108.png,89389c1152d500038c62d1040b1b20cc05e627d5ec37548690d18583bd7d456f
sports_car_109.png,e9872ad2fd0c2252acc053491ba76db4b7412b681af67a5eb254e5c0e001af44
sports_car_110.png,102aaf6251d2f41bd1bce78d5b241fece914c8ea9a33004ce5c8580b307588c5
sports_car_111.png,65a24ee3c87f6112d210309b2d6e5aa2f4515d34a4ca30be1b772081a7c18ba1
sports_car_112.png,abf13f65ac2372a889703dd34d9bd07b77b1e0d70a45a04d9cc40dbcc8a60e79
sports_car_113.png,1f1c9eb19bafbddea70fa0b11c80990c55b5e70f787c144cc4106625d7355000
sports_car_114.png,4775e6d87317aacfbf49bb5708e4e87dd64f8827b383d5c234ee2770d84be9c2
sports_car_115.png,2794ecbec9131032fb223186e866f0fc253257269b4e0df4e46fcf29cfbf4300
sports_car_116.png,51e7908dcf4763111b91dcfaed997d7fec95ce7b926749bbfd91f9c36fe07e01
sports_car_117.png,345c669ee559102ea3815e6ec490823b5ab73f47530f163e370741fd55116af2
sports_car_118.png,d6db573d21119de07b9bcfaea561a0e7b597cee32be706eadef4c4483fb426b8
sports_car_119.png,f72ef1f5ce74eacbfdb924d3bec5ef389d0556bd9e5fab2ccac1a87b5e4c659f
sports_car_120.png,ae6528e2a6a7bac21b9fc4958b7b4a11414f86c90d26c1f21026e02cc3013fa1
sports_car_121.png,6f3ea2c664bab5ccfcfc1891d7d89f5dbbb616363e638e18cf081c1d2986912f
sports_car_122.png,86a844693c79b3220aab594a48a92e70843bea41121a1b8eb7f238529fd14d73
sports_car_123.png,2b2eaba5bc5866b1ac4617c1a51d53f01f6ec1afa9fdd8db9977b7a1996e17b8
sports_car_124.png,da5ca64b770eb8cbd793f06a331d074ffff49d0dc9142eb3e7866bfbc8ea5b35
sports_car_125.png,78ca64150d7d216c80e3d5673c05a66ab530fb28685e96ca07944d744327b29b
sports_car_126.png,52bf8b1a63d5716a1800ead90efcb6ad183605ed5c22f7b12d43a53958801571
sports_car_127.png,937bd8d4d60d7981924ca1efdd753cc585c5650ee84e290ba261cc4b6ef5592d
sports_car_128.png,5c214878059487ddadca793b2d2dc5dffed3b05138a3781f8606fc146aabd707
sports_car_129.png,c67db8307e4257d44cecae5acb75530a8d66bd601904a7f9f46d1690accd10a7
sports_car_130.png,3955eac4161bb86c9bc28f8b683d034e00141ce4ca8acf03ca25455f912d2883
sports_car_131.png,2598da5da7f224b6890664d1fc89e3e6ce91077426d41900144e1a00b48042d9
sports_car_132.png,c0052d4b335bf67b631ce837bbd4e8d060c8caac00ed82e70d09964f522bba1a
sports_car_133.png,e53b883d423b9387736c077239f062f6c382bda2788e9082191c822cc7b6c97a
sports_car_134.png,a05dbe2eb97a108eaf79d6602395d3389786670a4d8ad2330668056bb1238cda
sports_car_135.png,05286e6054a6721a49892a065b9051c17c8e319d823893702e282d57f729ed7a
sports_car_136.png,f9af1ffbf6e2fea4dfc56eee14685182ffa54833256e787e8527deb36a35fc23
sports_car_137.png,6f83511c76e6650d09ce40be53fd3757e2851549a4c193462046f87e8366b600
sports_car_138.png,332dcc2c8dcb2555805c4fee12b82bd731fd9dfaf3c373c30544e83c2fcf8b1f
sports_car_139.png,812e23b2887865e7d0783960e1e56c25bddf73f4323bf9d1cb2b344820fded58
sports_car_140.png,27bb9a4263e0b6a415de3c7302d902a45bdafce70a4e094416c36b538a84574e
sports_car_141.png,bf64904072c4475a25c853e158009c4c45b0ae31ebf8ef797c42351ecb440475
sports_car_142.png,65726c4a041b18a6d0391efa386ba1082a769ee43bd5ecffd5d4fc51f9f841b6
sports_car_143.png,308f9fc94a204a11fc39c96c12bce118ad631fe4b827670fb84510ef4158008e
sports_car_144.png,c67dd70bc47e30b41bfd3f4300275d81ea3a2090e44dee8825328ce375c50cfd
sports_car_145.png,f3440e652287809f4ffe29558c8e494813610f859a7b267a818fc8900cda3072
sports_car_146.png,bd28e9478a67526efbaa61fc504ad3518c839711d335271d362b93ad0dce64f4
sports_car_147.png,6e998fcba518ee07c7e1033440357364c60d47f572560bf69dad99448e78b71d
sports_car_148.png,b87cd55779682af74d780409f2faab03481133fd82a22c4de1bb6d678763aea1
sports_car_149.png,8ea021f3df38e09bb2b48219c8865cef0cc022fb5927b271a99fca007ff24717
sports_car_150.png,21c3acc15a5dd43e1f1f4aeafbabce18ac75931acf918d86a3e2650b0a16cfef
sports_car_151.png,cf19c74f57a5623c6fe5c6d3f41e876fe14a37bd891d5295810c9ee39fd5355a
sports_car_152.png,9e4828b830678e4d5fa0bbf68ed5fe236ca13d89b209defa1713a90e904a2793
sports_car_153.png,f54973b0575117643b12e9cee7758ca1319df600608d5cfee19cc9c764a42789
sports_car_154.png,3fcbee66230ea5ee4087fc9a284d9a3292ad611ff814d6c36ed5e5611a6ba843
sports_car_155.png,3080f561949bf4f6386df2c858b14cd09c8444811482b17bdb36794ba1f14b14
sports_car_156.png,d9eafc0b3268cc0e1465b0c06ddd48c4050bc9d9bf3063e338d50204e3b46896
sports_car_157.png,83908dd04b7c4fc22b314c994bbdc2c47eb2113d6ab1d7c4a7037a07b16ceb30
sports_car_158.png,9bada134b740cc577f493340e57533114707c4d524428486206050916f28b6b7
sports_car_159.png,3ea7f78ac3aec56ae52af5033d9a6adf7f9f9217d56cbbaf21ecbd40ee881a9f
sports_car_160.png,543199aa9cf6ae56727435c6d092503a4930bed4d65b719b06be724349705339
sports_car_161.png,3fd3b4c33d4c2716b62591543367f9cef2ed4740957d3d78579aed1f9a50fde5
sports_car_162.png,aaa8d33d3487d32b82f8417fed4b6cd436726a2a53cb25978692949d229b92ba
sports_car_163.png,048c5e0a05f590af0e55d4ae61e514ff990779c8af399162947f7e1039ba5ed1
sports_car_164.png,250a70e6bbcf17c481564781c1aa07ec340e19d69ea4186cfb301d38e4bfddc4
sports_car_165.png,c04766d19c51531116e368e11c7b15be0147a8439b6dbd8ed8116ce2107ed110
sports_car_166.png,58ca2df2718e90fe451e1b4442c585310aef2e7d11777d83bab18d5755f62046
sports_car_167.png,13edfd3a94a874a1dfdcd62f01aec76dca649fe38552f6d2b38083d99d485a68
sports_car_168.png,90a36acf8e9ff1b0552e4a7f26e0ef48c17c9859e36e883de3a0ab520fcf54e1
sports_car_169.png,0605e7df4985806cb3dc0675800dcccea9bd8f5e4ba381464cf988b825a30b8e
sports_car_170.png,2feb2f3ea187bda008406b159ae96246bf77be3c9ede1d685d67ebc9782c1ba9
sports_car_171.png,84fc1bb5798bd314d28839a63d0bb114507ddd214cf457402e95798dc5ac417a
sports_car_172.png,9dbf86c4e3ae59d24cf7cd5332fe5a3c7cff8b6171744a8adead71071bd903dc
sports_car_173.png,b28d5bca596cb701a4cd9034fa04f2b897328fda6fe83e1c68cf2002dc29ad68
sports_car_174.png,9b9939244ec7878211b86b637b3f98f0e3b80b8b91494abe6a2f6fe5d61bc515
sports_car_175.png,8bb603e4c664ae1ed7c08eb405f66abb354590bdcf958f84209358170b3a9df3
sports_car_176.png,e9967eebbc8224272e0c14a59d519095a3e6ff76d73d6b4b565f9f6697a5845d
sports_car_177.png,12b2d5860c76ae4daa4da46c536a90cd5274651f3a704e95ad4958dcfcc006df
sports_car_178.png,e384f42af76bff0513006a760a344c30b507a0a4fab6523473a4d4f3ce3b0afe
sports_car_179.png,3968f753a2a156ffb95f05c99085fd38f95c2881e88a20d7deb79f657753556e
sports_car_180.png,c0a6d3ca19b04573bab2eca204c18d5fd46ad741551583d8eab10466684a623a
sports_car_181.png,ff0d463995b8a09ecafcd68a4b1695600268b61b786b5af9051f136223824d06
sports_car_182.png,443b07a34245e6d8520284a447d0b20414b86cdf910657b9af0cb2400e3503f4
sports_car_183.png,0f6493e513662c626c4fd19e99a9739b6aa185519c0fb6c46c60ef2376e1c312
sports_car_184.png,ef487fa28f1ce7b09ac3882a03d42226800ed1bc2edf92dd45e74ce471a1285b
sports_car_185.png,5c9ea42034f20fb30ec04266637ace97d2976ff05e5e1181f89ccb48118bde3c
sports_car_186.png,a0cc423730d4db9c38c6cbb3c61a27e8f0b5e8d6c5407a6026c23f66142ba8fd
sports_car_187.png,f8161349b0bc9aafb7eace4b41308ce34eee8c5a6c859ab9df50b2efd84f1f9a
sports_car_188.png,c881b922d4861b37d0eb7d1f79fe417fc119943aad77a9288c4aeb3a5fed3ac9
sports_car_189.png,49ffe5f78253eb9b135b058e28cae0bf9f49bd9278d78fcf97debcecf5414cc8
sports_car_190.png,b51e053e5ff43d63850acb26a56ee2d39e856e5163e87267713d58472b282ef3
sports_car_191.png,b79cbe4e784eb77a7d3725963bb2a74934b4364948eda4226499dc6ea0e74709
sports_car_192.png,c92359d38be20b0448a264ae97cc79ab761e5451975dd35eba2bd62f3f3ba04f
sports_car_193.png,f477da8320b73b13b48b96ef94b1885709469df012a009bb387a6afe202d6938
sports_car_194.png,cd077f7218e9d46059c9e5982dc39e296fffe91ba345eeb8b363f501724ceaa3
sports_car_195.png,70ddb77a36e2b5be76e6cbc32040de623c753f3c0d65c2b110b7b176c8ba4603
sports_car_196.png,06fb341bcf33a162e5894db0a45dd8338a2621f0013212dd26ae1e54244d7d92
sports_car_197.png,3aecf16d20b793e78a06e8e8f85aa9346ce61eaa2c855c8d1fccd62f4f5a1ae7
sports_car_198.png,2afb81461d667eb0e6c6f671158621494a77e252788e93d7c0e963f7b55a5c36
sports_car_199.png,d0a86899c52a7ef31e53891f5febd11c1d831d073a92e63586ca5c3afc22b2de
sports_car_200.png,60a86538a0772395fb8e0dc349954db2bc12fe68f8df76361b48cec5fd688d9d
vacuum_cleaner_001.png,02193e9f85a1cd99a2cd0913ffa067292635daae376b3db0becd03011f1058e4
vacuum_cleaner_002.png,6bc7ac69fda66f1a0d294f911371be042fb183b79369abf5fc76ecc6d8618ee9
vacuum_cleaner_003.png,46199e6dc06bd98edc000358d2fc6f62e87ab932c593f6929808670f77392417
vacuum_cleaner_004.png,b89c8f5902ea4eec3a3daef402ff76bc5935e4f7a10c0632a4c1d0368c1dfc50
vacuum_cleaner_005.png,18cbadc0560a055ccd0bf3c58af9bdc6c0f771b7102cb23198b8a483a3ee9c12
vacuum_cleaner_006.png,55f0d64d04b9924a6ecfec079a49857c145d381a1f4c9cbd814fb69d445f40a3
vacuum_cleaner_007.png,a558ac8b140d842eb33a11284700431ad801fcbb5e8869d300ebe080d5d31f53
vacuum_cleaner_008.png,d1f8305488f8a7275d920057a5c7c523e29bc565869dfafc6b877a89f4d0a124
vacuum_cleaner_009.png,6c7bc93061c97d742a4c111db8b3154c31ae29272ddc0a44899927a1081eea5f
vacuum_cleaner_010.png,07d9d872e32b62c8582a13395c01260cc53cd08e9a011a4c3fe1e81519d6d35f
vacuum_cleaner_011.png,0994e6c264f6487d8b40abae58647c47254e8672dc50ddaed6470b1ededeb05f
vacuum_cleaner_012.png,d887a39dc83fc5ed1443377b725c4c61ebab4f98c55bbc14f8bde7523c9197cf
vacuum_cleaner_013.png,01488c358d0114599a9d4de435fba62da7c6466c7ae8018aa76224e300d3781e
vacuum_cleaner_014.png,463b80c8ffd749da7a4c27a377341669ce337367ffd3fc20236b7b6bf2ac6a33
vacuum_cleaner_015.png,b1629fe3132ff80085e73ed9bea63a93531a0693f3c9f9f9a0f0f3159d2d72b3
vacuum_cleaner_016.png,defa8a47a8aed084c2d294734a64d3c57f17fdeb3d7bf29b4a8fdc671be2c33f
vacuum_cleaner_017.png,a9ab370c2712c16028bfdf6a52004a95a8c0eacc9dfbadff257c5f0c6dbcdf77
vacuum_cleaner_018.png,9e78a199ded5e719bcd02dc2bda0fb41fbe0559aa846223c615598e5ec0fde8b
vacuum_cleaner_019.png,002f09c79a3139a95ec6ada696305efc49487a2f95db70b6f8f2e2cb0466be38
vacuum_cleaner_020.png,b3d9591be53de2b1d1907dd95244ddbcaecb640f73112a4db58aa3df3100e676
vacuum_cleaner_021.png,e3098ff071ebd8501d0e25737aca21130e4c4bc40b5106d67aeaa486bf304d90
vacuum_cleaner_022.png,042d2f0a218a5bb30cba281a09f6999e3276830cb381181aa9d25dc2370172be
vacuum_cleaner_023.png,89661159f9bd5cb322bb7fb4077ed5046895f4e19dca597ae9fb23f31b5ea03f
vacuum_cleaner_024.png,406623f2442a957d8bc8fa3dd7de5be0540490e05bd1271e73ec1b1d761da871
vacuum_cleaner_025.png,577338886e34fce514e5164441005d27f3734635c9bb315aa432c22e469ade0a
vacuum_cleaner_026.png,f671ede0da2f739c2c28df58160d0bb1ba0ad0e6bc19e87f09fc5f5152c72830
vacuum_cleaner_027.png,b00223ec04f22dcd711e7fbd9b38212f39cc84ad2059af1ca555c5e87cda93ef
vacuum_cleaner_028.png,997a189450d0427541d3d833d1cddcf475ec3a8cfaaa7dd7a4f27f4aec1bfa91
vacuum_cleaner_029.png,ee34b7bdbeffc4de2d298652ea4c7e71f0f137d4577acb7a9d2c432bea02d6e9
vacuum_cleaner_030.png,abd7be6a0b35626345a3d159e39264e54acad3c374f53c2cf466fd4d6b80317b
vacuum_cleaner_031.png,4139c5e49243fcafb498885b03cef47dfcf822f8cd5029baf013fbf8e4748d3e
vacuum_cleaner_032.png,603734e9275de450979b6afeb10badb34b4bae3ada11c4072f8e137a50e883a6
vacuum_cleaner_033.png,ba09bfa1cd9dd9bd3220d9fbccf822c4fdcbf9bc16e1531fbdf915dfbdd9dd05
vacuum_cleaner_034.png,4cc65ecc26cd48e4823b7c98053a68043ed2485bf16f734265a44770f58213ae
vacuum_cleaner_035.png,7432086602dc962e4555e8cb2830d64bc2defcd77133f58c634904a87f91128e
vacuum_cleaner_036.png,895bf55b120a82323c667181fd2752cc63df32dd4a730a25d6d12205ebf90474
vacuum_cleaner_037.png,bc1f0539257a1580a245b6cb4b7e9c943fe52c8c63dbea43d18b09359b326b73
vacuum_cleaner_038.png,5981540f3eeb91bcb76d6dda847c6a25a55839adb6173a63ee2736020be759fd
vacuum_cleaner_039.png,4d67144327217f982593573e2a0c60831d9f05796f098cd6de33cbc2053c357d
vacuum_cleaner_040.png,834fb5f7fee944a476c7125e40926755d5eed854406e626ddb5360223a188ecc
vacuum_cleaner_041.png,b75e4b0867e204b62cb60bc63a1660732a98629cf05da5dc1596614d2d809ec8
vacuum_cleaner_042.png,b33e23445d1590d7784ba17cb1fcf0bc45bc232d21a668b3bd5f96cdcedb26fb
vacuum_cleaner_043.png,27162f4e4c10195fad69fc0aac689887ffbc3b80cc3284e0b8ba04a62ea79f56
vacuum_cleaner_044.png,ec5a3b358045053fb599efcd7db30d910c976517a080859ec27e8b45d0de2229
vacuum_cleaner_045.png,3e31815c627bdcdf014a2d89b39826c3d869fbe1e6a340b09e3140554f403e4f
vacuum_cleaner_046.png,599f7042440f31e20c61c3e61ca064dadfd114aeb029b65ce5229a0626e09acc
vacuum_cleaner_047.png,4cfc6a01e342cf3636e76dea23162caabb933b3c7479d73a585147c3aae35e4d
vacuum_cleaner_048.png,78dd0555228e9380480623517c1a990fe884c127546d0b28abcaa9fe991db352
vacuum_cleaner_049.png,a9f0191b60a892c29b32c514d2321251e77129c3b8571d0d8f60d9aad35b2e55
vacuum_cleaner_050.png,99fedb0f57921f8dacb7e060b5fe5ddd76d33f4b596dc74150408f8a54cb9198
vacuum_cleaner_051.png,09dd2abac6912032c76e0c57d0f8af6b66d78b12b5c6612accdf0bd48808de76
vacuum_cleaner_052.png,0fdbe21bd3e41d3e711d712f1398088983d1080ce015e3549ee02ac4cdcac424
vacuum_cleaner_053.png,51949eccff076144688635bbb96ed09308623ad2488d36d40b8d7ccd983f2ec2
vacuum_cleaner_054.png,8a2d4360b9b41dfe2ee0a55454524ea869b0604f8600fac1c9f68767d11ccace
vacuum_cleaner_055.png,652f3959f14979fb50fef00ca3c1c5e44862a8950cbab0251118e116a556553c
vacuum_cleaner_056.png,009f07e63ceb8355b517b6c7c829889bbbf2c7ae69209927bd025f1b7771e2f3
vacuum_cleaner_057.png,f4b9e021662f29443294f208d9508dc5357e6438eae561dc4ea90efcbd74326f
vacuum_cleaner_058.png,5c2be52113ce837bec195802ddfde87919beb06d2620b5c9c191cf1598e1005f
vacuum_cleaner_059.png,5536f32500f4a7d82633b82b91bab10aa11eb47ea641ffed432fe110c931f606
vacuum_cleaner_060.png,15a56282784322fabd59ef48f99fc1b2e5102bef21522aaf592cca31855757ad
vacuum_cleaner_061.png,b14dce00110df6c66c0876af50be90d368811c551ca69badddc8f646b799fa16
vacuum_cleaner_062.png,cf8dcf2a84b500b85b38c300669b1d0bca65970dbb70e3afdfd5a665c3c0c611
vacuum_cleaner_063.png,4f1f6a460e527cc8b0264d4eb71ee91f4eb9c171f59d81ae6b21dfe0846a43d3
vacuum_cleaner_064.png,24a4f8f2e48c464f8f0f2b2f514d5d425fd22152b5fac6b23168d55025ebb775
vacuum_cleaner_065.png,6fed2e7421a962107e7806ce9c2e6c48ffaddd6e0380cbea87e194f374c9afc0
vacuum_cleaner_066.png,3afc4c2d56dbd8ebe08d973c9e6abd0c92d37025965469d7796304dafa16d304
vacuum_cleaner_067.png,cfc55d7c58ad91f411853ffe8eea2314dff36c2de7d60018a5040148e57340a6
vacuum_cleaner_068.png,a10062a2317544f522d0e0dac4a4bfadb61491ecf6d82bdc0159da10dec0708f
vacuum_cleaner_069.png,0d6fb6c4d73002a3f8f9e3a594124e05335b66ea2059c88e332b58bdd21e9637
vacuum_cleaner_070.png,244a1a38ba01dd9063a4aefe78664421ec147eebfce72c365da047fa2fa13f37
vacuum_cleaner_071.png,aaa5181aa4b42eff865ddb1f7610a619601d48b4e1323f1307b3587fee2bb636
vacuum_cleaner_072.png,3d5bc6b8c0d1b26b15cc76fb9a21fca22ae9bdfaf80cdb688f4181f6527ae21f
vacuum_cleaner_073.png,66c95d32189169f837d7e47d3d9ef3962a7e4652185ffa385e88fbc451b48729
vacuum_cleaner_074.png,eb535c74aee5747ab5ea13676efefa441068afaa027c3b1c005e78c2118e97cf
vacuum_cleaner_075.png,c05f957c862070a267836aff719daac3fefe8f48cf9565cb451741136d9b5d8b
vacuum_cleaner_076.png,031efd824df23365a05c0e80a4a2f93fca96834f49af93f49b05620a8b815a2d
vacuum_cleaner_077.png,d9905f6ff77a968117886972b2eb507244f322c1d4262cbebb7ed4b52ba46f80
vacuum_cleaner_078.png,6043b4f45711984d8e254b524c8616f316d76c450f3fe5cbb18ee4309d20bb73
vacuum_cleaner_079.png,92d35d7eaa6b054ac8f7d2d59b87334030f658e2a9d7e1fe7ed57aca61c5f1bd
vacuum_cleaner_080.png,c446dac14d3f6fd78e9974432e61468b604364f8ca583b7301c876b099f3fd05
vacuum_cleaner_081.png,a20b3331637cc8700758c69f4d777e53f55c981870c050121fcf5d98df50c4a5
vacuum_cleaner_082.png,a9b4516769b16921e6cb38118408d366673c5f2f7ad797e9e244b12ce37cfe46
vacuum_cleaner_083.png,2e6300236b5ed8e46d7d8e69c0b14f9bfea68e5a0312be8083c402fdecd68543
vacuum_cleaner_084.png,cde7eb7713a940cfe2ec6682d834f47181f84e6ba17b05fa465226e58e7bce2a
vacuum_cleaner_085.png,a7149b0ae79d2b65e4ee34ec2aa9ec94d1b6206903ffecebb334a649c9ed5413
vacuum_cleaner_086.png,39859bcefe5ef9e50b948e22a1d377d7086bd2e6f66af5f12d579b0f69de032c
vacuum_cleaner_087.png,10db77dc4e2a2e3fe49fbc528b50f1b21f5e3de0c73c7741c388ca7911c6d31f
vacuum_cleaner_088.png,d8944bff0bb376fa0c3d9866ba73220569c22b566d4ea7a48037433cd9d77392
vacuum_cleaner_089.png,b8b7d8359271429e115b6a755a1b5ae7e752533774d7e4d8879fd77de7dea8f5
vacuum_cleaner_090.png,6791bc3e3362372b157797a58c9082fd26307ee5b6e30c1d183b16d41ade983f
vacuum_cleaner_091.png,65437fbcd18f44fd68d6d705c69d0e5ae0d950e1b43c514dd28acd6f8bc36380
vacuum_cleaner_092.png,ba493df9180ed8503880304b9097e40ff0a88b220af3ab7c7ec1208b550a0d76
vacuum_cleaner_093.png,5f9bdfd6e2f42fafc29ffe974a12aea3a35e0cf9f1675c3f9b953bc7e2ca335a
vacuum_cleaner_094.png,3e5cf8f75dda81a513b95d3b03de5d8d4bf736c58d9a61f2783bc3b60267cf42
vacuum_cleaner_095.png,75babf5cff63b94c58134a3dc6facccfb6fb11c246e2eece64f430909b57e7ef
vacuum_cleaner_096.png,f53fffa150354f48208e1026d6a9cf92ce37c59e377f110e9aff95dd33e41a03
vacuum_cleaner_097.png,6818747f4c22838e107cc2b98c6a4e4ba77bb1acdfff4eaf5553b6a638665b6e
vacuum_cleaner_098.png,ba2de1710c3794aab5a9dae968af3b6a9896c8ba14c1a3545a2c78dfdadfe8f4
vacuum_cleaner_099.png,825818534922da5e51a22ee0f90a5d790c7766d968858ad43ccc5726d7102cde
vacuum_cleaner_100.png,cefa55184464ca26536ce0e8c48c55283ac3a3f04d9fc5fd4ef34f0306ff066a
vacuum_cleaner_101.png,0bbe88e82e772958d410c45bff474bcaaec97e2079a604797fcc2baff5ad13ad
vacuum_cleaner_102.png,0174e0e8c0b20d55795f54c97a828fc9e8f290931d7905ec65418fadf3839df6
vacuum_cleaner_103.png,5a9a06d9c17789146bf08ea7b7951ebbe3ec98ff22a5f24fc63ebcc608e38f8c
vacuum_cleaner_104.png,da9f74c2c5b548a538848ea401e509f11f7df21f650658a3f0ba3ac8fa7b7da7
vacuum_cleaner_105.png,c435310da43e9aa24cb44d6fe9aa628dc986a95aa2b73357669bc9e0acb624e8
vacuum_cleaner_106.png,3537aea3d13ab2c3af156ac7c5caed05d982e811490b477eeeb2bc33d5627539
vacuum_cleaner_107.png,bc5bd4733f7a328a6ac498e37b4f273fbfa8795fb40bd729ee903b591be72875
vacuum_cleaner_108.png,8ad65a912963dc3148981451674c438cb7fd8cd6e3c8f353f2197dd38fc8435b
vacuum_cleaner_109.png,ab52ff89fdc11ed153f0ba6157eb2b988adb1680fe21f8b1413014130b5efa86
vacuum_cleaner_110.png,b0686364906cefda5b28873cc39653d9a3ec94ff49099c0553aff9050aed6372
vacuum_cleaner_111.png,ac6faa73b061cf1f059f8552eae7f3b0b8f91e64e7980b2cdf1fcb3fb9489972
vacuum_cleaner_112.png,c4053214bd9163abacb6511f7e987a10e09ebdf217221f808e6e31703be0340f
vacuum_cleaner_113.png,539e87458ce936123dc39bde2f64715fb630a58a1d5bbb0aed9ec617327875d5
vacuum_cleaner_114.png,9c8a05b42465318ee7b59c641a4db509b3b20c73b56e9893152e9eb312de6004
vacuum_cleaner_115.png,cc7b3e9d40e05962f725cca9f074293d6cf52d39632007cb4f30c011475bae04
vacuum_cleaner_116.png,0c12efd36a7b37a5a0a86e1cd270d4dd5eb53de707510f88b0bf8811b646eab5
vacuum_cleaner_117.png,d862cf170f3638be56421102fb7f987269397c9c12d6d2cfe661cd2b62093bc8
vacuum_cleaner_118.png,c0dd0c13858811d4c40281e07382a2d63be7752d4e384518817ed2d90ef00ba1
vacuum_cleaner_119.png,58c5153d283c9fe6a240039dce8b2973ec4b0715a496a38ad31399a201da7618
vacuum_cleaner_120.png,f7ceb96ca083d919e10d342ba0bc34f52cd12cf3b2ffe5ed6ee41cf82af40da8
vacuum_cleaner_121.png,8e4b437979356bb93d51c1cd591ef23099f111b5fca65469d9c8d832b0b025ad
vacuum_cleaner_122.png,722e42e985ce5191e70ffd96e3653e4047d5ed079c7fac3669b53e043947334d
vacuum_cleaner_123.png,c90772fc6f90412568a816b4d5a0fe8c956d8acc3c60ca5a16b85123f01506bc
vacuum_cleaner_124.png,0743ee570df9c826e2853f4471bc9d9e53681244bf3f0eb92d68d848ea3a77dd
vacuum_cleaner_125.png,60d1813e77722f1f43dedd15c10c9540af2c058dfc4c07b58619994b7b34f503
vacuum_cleaner_126.png,ee8408e11031780eabd940a97b59836230de1c59d03ae878571441593fb500b6
vacuum_cleaner_127.png,6c91322cbb031b5c6d1f9f9d1749b4710c437f27568910a2156a5e81a49e2ee2
vacuum_cleaner_128.png,47c1899d5e77a1760b25ae5bf179d2f21c764fe1d42051c990d6750fe99282f1
vacuum_cleaner_129.png,ba2c76e883477d462c8b9145a888b805b8ea34f0bcd54c7df9d3e9b96ffb1f3a
vacuum_cleaner_130.png,124035eab9006b5c7e52a2bb7179a90b85abf11bb56c56511957ef65c7016737
vacuum_cleaner_131.png,b56e47f440bfa21060e83b7c76d16c001a58e7f3fe7e380446e53be454cb6b8e
vacuum_cleaner_132.png,643e19030f04448db8bffdd15b979eda7f6ecc1bc40c417ea8f43567da05ee56
vacuum_cleaner_133.png,a85fbfe5f29ae44cfb5fb3bb263b77e9ba109c7a59274f9fa6203b1aaa8e0a76
vacuum_cleaner_134.png,c1d887198ccdbc7b1136b32b7a515fcfa6e98655d08bec6483fb0cce1820c3c3
vacuum_cleaner_135.png,491c6c490f090314a49b7de0b302676bb28d198de68cd0f3a5d94d417fbff30b
vacuum_cleaner_136.png,7a7d72446290f2cb7b1a04cb57061a56d33fe1b9543bb8deb589f64f7369487c
vacuum_cleaner_137.png,31a69901a4e5466a37eae28664d600975af08ce828c05861df515630a50e9054
vacuum_cleaner_138.png,eb468b9c109ef0d8557cbab5bdf5584def759d81bf924741466c120456d573aa
vacuum_cleaner_139.png,1166e60232c74a9ee29b88b79175de790bce98bb630118bd5a59323c621c956f
vacuum_cleaner_140.png,8f6533d09cb9ab69602ba2b044300457d6b38a5ae673ca2fb2bc5c5338d92f79
vacuum_cleaner_141.png,7736633fbe2577ff6a2697ad8ff8aa07914e709fc50471d2dc9a92affa16cfa3
vacuum_cleaner_142.png,53dcf418c760fec01ad9a5910ddf141af762dde2b55983e1e91f7b3c486a71c6
vacuum_cleaner_143.png,bd5e45748c58439b7d7fec9ff9fe36fcd68a7da7c19bcb3c69b07231380f45fc
vacuum_cleaner_144.png,f4c90753f649e6eafa8ebcda6025bace12208b138b0a22544b5979f74d707c4c
vacuum_cleaner_145.png,b0137d0ee4f2dc321677b2f6c217855290f14b81391073b5a9a38dcac9b7ea91
vacuum_cleaner_146.png,9cf89c25a9aa1bd18694a42c0249d3c484b108b09c99e94cd6c0b430396c60a8
vacuum_cleaner_147.png,688257446f66242771faca941497663ae7dfa54765e827d407845dd6589d5dde
vacuum_cleaner_148.png,169aa7969ee3c41e546fe0f19d7b5c1fb44b58cc761b06a976499ce47251e9e5
vacuum_cleaner_149.png,35968d42ff67336d69ee687b38d17de5685bf98878b5d5fbf7a59d77264c26b8
vacuum_cleaner_150.png,e1c7bb525cd7c25080c983f63282c545852adbeae2e15eab1d59fa498c6de740
vacuum_cleaner_151.png,3f0b4cee2be10875dc933ca0b50679fac05491c4f18a4a4b2a7919fc2296abff
vacuum_cleaner_152.png,60ba6bfba2e536041f27acc6741b2dff07394f6baf36fc473675204e5eef085e
vacuum_cleaner_153.png,e8e18e7159059004f8873fba3e84a473e3a6a69f797a012bca871faf6dfce72a
vacuum_cleaner_154.png,69536681d246fc0c8cceacb75677c68fa1345dec712cc721a44217f9b7306b50
vacuum_cleaner_155.png,cb922b613111d02f23f781137a1c60fd5ba6851d53398aef12b47eb3416c1c2d
vacuum_cleaner_156.png,b54a842f14482f1b63525f5f9179678a1474e9c31104b24203374a3de09d8657
vacuum_cleaner_157.png,a308c57f658cb7136c77f2c5503b80d62b912f93e396f2756599f1c2827e8e30
vacuum_cleaner_158.png,990bf8a15ad5e75503eb156d6fc5c8d3f00ce8ea68b12dd2c20f4c6ecd378781
vacuum_cleaner_159.png,f39ba73df41081368ef21775abf70fe8d97c14726330c62aa8dc66f7e01bce73
vacuum_cleaner_160.png,d61aaa94ccdfda95807e17d803bc643a714c031375d7a2c067382c36431ac438
vacuum_cleaner_161.png,1369d14ca4f9242f8bd9c56c62155dc6e970c230f1daf82bc7f76f7e2f97a5ca
vacuum_cleaner_162.png,95d1fc21d18994eee7d4151ab1753f4a41d4860d92270afdf09a6c9ee1932125
vacuum_cleaner_163.png,c04d37721e31d5ddb5e21a263704ecbc44d878201053f462f8529cd041404616
vacuum_cleaner_164.png,cab5382a503c04fa457082b4b063fcb8b42ca765c11aced11325118213671e28
vacuum_cleaner_165.png,61674aad3558fd418f6edc2021afc0e679290daee491885e5dc0d684e89e7c19
vacuum_cleaner_166.png,ee0781f93bec31f57b422a3c7fafcd8853af1cedf9935c0dedb4f95a975702af
vacuum_cleaner_167.png,0e7d44c642156fda7dd319f5aa2a12d1812c3bc07cfae85535a8193c068da925
vacuum_cleaner_168.png,628c03d69b34c8e73a9613a20a6c61aa8c7bacafcc0bb3bfdaa0fb7a2084b58f
vacuum_cleaner_169.png,537c25fa85da67ea4baaef2d3000dfe2ac2fac9efb457ee426f5214fed20c0ca
vacuum_cleaner_170.png,ba1458f2effeb92afdb6a1a7343e874babcf1f543774e1ba81a1f941c3ec7cdc
vacuum_cleaner_171.png,3b3be9671a0fcd903415520f3aec310ebc1353c370eb63a5801c6122c9a1ae90
vacuum_cleaner_172.png,58280c463c32877652823f3923901c750cc89da7c35d03ec68b51efe063e07f6
vacuum_cleaner_173.png,76884be95ec71dc60c67c7347c3dbf5a42fdcde00037b1845fd18a6858bbd5c7
vacuum_cleaner_174.png,d5aa25c8983cef49e8ce45c49b5f64b0c421a296d2d9c38501d248c67618e693
vacuum_cleaner_175.png,2c3b8db06a46175786aaa57e951c2a7cf653423674c378a912d7a792c957fba6
vacuum_cleaner_176.png,9b918c55f080d1e0a8088575829137de6d9f29bbb4f4b6148f4d3c5fc49cce8e
vacuum_cleaner_177.png,23d9ff92ab860f2bf2dd346709f02a1e9aa14a37d9c79d80e49dc6dd36098765
vacuum_cleaner_178.png,0d5a87826127da26f33ece47f1059544518f1a4d5f22d2df7f57e31fd8308d95
vacuum_cleaner_179.png,ea5abe575dd26154c648a2339a75ba4b3c9b0c7f5ef9fdb550343e3f996e0516
vacuum_cleaner_180.png,21d2e484cfb221402f81cc721a97abbc2d55a6a089614d839cd262bcc31edc95
vacuum_cleaner_181.png,4f6fdf813658380a3e44b087b09f43fbfa6f5f6aef832c7d77fabc7f6c41c12a
vacuum_cleaner_182.png,91ce441f1c728864b2f6fd71d697dfbde51b7912c26bbf234106801fbafc7d08
vacuum_cleaner_183.png,a13729f4a556983480c3b9f86ad993bdee517bcf96721c9f48fcbb55aea5b144
vacuum_cleaner_184.png,90b009799464d74ea32bb42699f1dc866db99a7d96f2daef911740b27e1646f2
vacuum_cleaner_185.png,e92d29477c3d3be7a8ab02071336eb0deb0208a67bd6bb7697a0a098027908e3
vacuum_cleaner_186.png,eedb38d5215df0e368f65b2ede35d6094321a0d303075b9ead63c5a55848386b
vacuum_cleaner_187.png,97406bf22bac9af1972d40e60bbaad9d763febec3274bf09f207ccc35cfb5db1
vacuum_cleaner_188.png,a7717f96f678f233c3a7bb8c9cddc6af2159c65da85ff9b228872e0fc28cad35
vacuum_cleaner_189.png,f911b2c7d84a9611b6e33213465c97036ec58df58c769002567bbe0a9be4ad41
vacuum_cleaner_190.png,3bc55fa790c8b4057e1ad3150e9279eafbdf913cdc89a97d47064e0e0026e319
vacuum_cleaner_191.png,3eb544ef9a2b945d52e05ab6d0b6d6408905b039f09d01ca207ba1a722b874a4
vacuum_cleaner_192.png,e8fb27e101e6243835b63e62ba75db45f182897dc3ab75e3b16f67000a10d96f
vacuum_cleaner_193.png,c9afa06ba75b3a5d2ae976650fae147faabde3f89119340eb18c2c513e5c4186
vacuum_cleaner_194.png,0b421e040d78d45130ae9ea69b5b08fae66a51626ccb35ca0fedee4b6a9b6607
vacuum_cleaner_195.png,f695f1ac41dc33972339cb255c98968c0f971a04ce287b8fca2c04cdf69cb66c
vacuum_cleaner_196.png,073bbc142920c875e51d307b863da53c3ab70def0f1f0100458c3f29b7391d45
vacuum_cleaner_197.png,22c334a2338d65038361f103d723190a0b141b1ad7cae983bd04a987685feac3
vacuum_cleaner_198.png,f82008f6e779357404447da83c571a3acca18c1fb091998d2204b7d2c62b44e9
vacuum_cleaner_199.png,f09d95413872b2cc6b6cf5737260910b0c24e0dbb084aa4b341edd889af10f1b
vacuum_cleaner_200.png,df687c8d1c9e43ab2b6755b57da068a1ae8224990661411b7b322b4e1a221af7
