image_id,set,category,product,sample_index,seed,prompt,image_file,image_path,generation_model,resolution,width,height,num_inference_steps,guidance_scale
early_automobile_001,contrast_automobile_historical,early_automobile,Early automobile,1,20261504,early automobile,early_automobile_001.png,images/early_automobile_001.png,FLUX.2-klein-base-9B,768x768,768,768,12,3.5
early_automobile_002,contrast_automobile_historical,early_automobile,Early automobile,2,20261505,early automobile,early_automobile_002.png,images/early_automobile_002.png,FLUX.2-klein-base-9B,768x768,768,768,12,3.5
early_automobile_003,contrast_automobile_historical,early_automobile,Early automobile,3,20261506,early automobile,early_automobile_003.png,images/early_automobile_003.png,FLUX.2-klein-base-9B,768x768,768,768,12,3.5
early_automobile_004,contrast_automobile_historical,early_automobile,Early automobile,4,20261507,early automobile,early_automobile_004.png,images/early_automobile_004.png,FLUX.2-klein-base-9B,768x768,768,768,12,3.5
early_automobile_005,contrast_automobile_historical,early_automobile,Early automobile,5,20261508,early automobile,early_automobile_005.png,images/early_automobile_005.png,FLUX.2-klein-base-9B,768x768,768,768,12,3.5
early_automobile_006,contrast_automobile_historical,early_automobile,Early automobile,6,20261509,early automobile,early_automobile_006.png,images/early_automobile_006.png,FLUX.2-klein-base-9B,768x768,768,768,12,3.5
early_automobile_007,contrast_automobile_historical,early_automobile,Early automobile,7,20261510,early automobile,early_automobile_007.png,images/early_automobile_007.png,FLUX.2-klein-base-9B,768x768,768,768,12,3.5
early_automobile_008,contrast_automobile_historical,early_automobile,Early automobile,8,20261511,early automobile,early_automobile_008.png,images/early_automobile_008.png,FLUX.2-klein-base-9B,768x768,768,768,12,3.5
early_automobile_009,contrast_automobile_historical,early_automobile,Early automobile,9,20261512,early automobile,early_automobile_009.png,images/early_automobile_009.png,FLUX.2-klein-base-9B,768x768,768,768,12,3.5
early_automobile_010,contrast_automobile_historical,early_automobile,Early automobile,10,20261513,early automobile,early_automobile_010.png,images/early_automobile_010.png,FLUX.2-klein-base-9B,768x768,768,768,12,3.5
early_automobile_011,contrast_automobile_historical,early_automobile,Early automobile,11,20261514,early automobile,early_automobile_011.png,images/early_automobile_011.png,FLUX.2-klein-base-9B,768x768,768,768,12,3.5
early_automobile_012,contrast_automobile_historical,early_automobile,Early automobile,12,20261515,early automobile,early_automobile_012.png,images/early_automobile_012.png,FLUX.2-klein-base-9B,768x768,768,768,12,3.5
early_automobile_013,contrast_automobile_historical,early_automobile,Early automobile,13,20261516,early automobile,early_automobile_013.png,images/early_automobile_013.png,FLUX.2-klein-base-9B,768x768,768,768,12,3.5
early_automobile_014,contrast_automobile_historical,early_automobile,Early automobile,14,20261517,early automobile,early_automobile_014.png,images/early_automobile_014.png,FLUX.2-klein-base-9B,768x768,768,768,12,3.5
early_automobile_015,contrast_automobile_historical,early_automobile,Early automobile,15,20261518,early automobile,early_automobile_015.png,images/early_automobile_015.png,FLUX.2-klein-base-9B,768x768,768,768,12,3.5
early_automobile_016,contrast_automobile_historical,early_automobile,Early automobile,16,20261519,early automobile,early_automobile_016.png,images/early_automobile_016.png,FLUX.2-klein-base-9B,768x768,768,768,12,3.5
early_automobile_017,contrast_automobile_historical,early_automobile,Early automobile,17,20261520,early automobile,early_automobile_017.png,images/early_automobile_017.png,FLUX.2-klein-base-9B,768x768,768,768,12,3.5
early_automobile_018,contrast_automobile_historical,early_automobile,Early automobile,18,20261521,early automobile,early_automobile_018.png,images/early_automobile_018.png,FLUX.2-klein-base-9B,768x768,768,768,12,3.5
early_automobile_019,contrast_automobile_historical,early_automobile,Early automobile,19,20261522,early automobile,early_automobile_019.png,images/early_automobile_019.png,FLUX.2-klein-base-9B,768x768,768,768,12,3.5
early_automobile_020,contrast_automobile_historical,early_automobile,Early automobile,20,20261523,early automobile,early_automobile_020.png,images/early_automobile_020.png,FLUX.2-klein-base-9B,768x768,768,768,12,3.5
early_automobile_021,contrast_automobile_historical,early_automobile,Early automobile,21,20261524,early automobile,early_automobile_021.png,images/early_automobile_021.png,FLUX.2-klein-base-9B,768x768,768,768,12,3.5
early_automobile_022,contrast_automobile_historical,early_automobile,Early automobile,22,20261525,early automobile,early_automobile_022.png,images/early_automobile_022.png,FLUX.2-klein-base-9B,768x768,768,768,12,3.5
early_automobile_023,contrast_automobile_historical,early_automobile,Early automobile,23,20261526,early automobile,early_automobile_023.png,images/early_automobile_023.png,FLUX.2-klein-base-9B,768x768,768,768,12,3.5
early_automobile_024,contrast_automobile_historical,early_automobile,Early automobile,24,20261527,early automobile,early_automobile_024.png,images/early_automobile_024.png,FLUX.2-klein-base-9B,768x768,768,768,12,3.5
early_automobile_025,contrast_automobile_historical,early_automobile,Early automobile,25,20261528,early automobile,early_automobile_025.png,images/early_automobile_025.png,FLUX.2-klein-base-9B,768x768,768,768,12,3.5
early_automobile_026,contrast_automobile_historical,early_automobile,Early automobile,26,20261529,early automobile,early_automobile_026.png,images/early_automobile_026.png,FLUX.2-klein-base-9B,768x768,768,768,12,3.5
early_automobile_027,contrast_automobile_historical,early_automobile,Early automobile,27,20261530,early automobile,early_automobile_027.png,images/early_automobile_027.png,FLUX.2-klein-base-9B,768x768,768,768,12,3.5
early_automobile_028,contrast_automobile_historical,early_automobile,Early automobile,28,20261531,early automobile,early_automobile_028.png,images/early_automobile_028.png,FLUX.2-klein-base-9B,768x768,768,768,12,3.5
early_automobile_029,contrast_automobile_historical,early_automobile,Early automobile,29,20261532,early automobile,early_automobile_029.png,images/early_automobile_029.png,FLUX.2-klein-base-9B,768x768,768,768,12,3.5
early_automobile_030,contrast_automobile_historical,early_automobile,Early automobile,30,20261533,early automobile,early_automobile_030.png,images/early_automobile_030.png,FLUX.2-klein-base-9B,768x768,768,768,12,3.5
early_automobile_031,contrast_automobile_historical,early_automobile,Early automobile,31,20261534,early automobile,early_automobile_031.png,images/early_automobile_031.png,FLUX.2-klein-base-9B,768x768,768,768,12,3.5
early_automobile_032,contrast_automobile_historical,early_automobile,Early automobile,32,20261535,early automobile,early_automobile_032.png,images/early_automobile_032.png,FLUX.2-klein-base-9B,768x768,768,768,12,3.5
early_automobile_033,contrast_automobile_historical,early_automobile,Early automobile,33,20261536,early automobile,early_automobile_033.png,images/early_automobile_033.png,FLUX.2-klein-base-9B,768x768,768,768,12,3.5
early_automobile_034,contrast_automobile_historical,early_automobile,Early automobile,34,20261537,early automobile,early_automobile_034.png,images/early_automobile_034.png,FLUX.2-klein-base-9B,768x768,768,768,12,3.5
early_automobile_035,contrast_automobile_historical,early_automobile,Early automobile,35,20261538,early automobile,early_automobile_035.png,images/early_automobile_035.png,FLUX.2-klein-base-9B,768x768,768,768,12,3.5
early_automobile_036,contrast_automobile_historical,early_automobile,Early automobile,36,20261539,early automobile,early_automobile_036.png,images/early_automobile_036.png,FLUX.2-klein-base-9B,768x768,768,768,12,3.5
early_automobile_037,contrast_automobile_historical,early_automobile,Early automobile,37,20261540,early automobile,early_automobile_037.png,images/early_automobile_037.png,FLUX.2-klein-base-9B,768x768,768,768,12,3.5
early_automobile_038,contrast_automobile_historical,early_automobile,Early automobile,38,20261541,early automobile,early_automobile_038.png,images/early_automobile_038.png,FLUX.2-klein-base-9B,768x768,768,768,12,3.5
early_automobile_039,contrast_automobile_historical,early_automobile,Early automobile,39,20261542,early automobile,early_automobile_039.png,images/early_automobile_039.png,FLUX.2-klein-base-9B,768x768,768,768,12,3.5
early_automobile_040,contrast_automobile_historical,early_automobile,Early automobile,40,20261543,early automobile,early_automobile_040.png,images/early_automobile_040.png,FLUX.2-klein-base-9B,768x768,768,768,12,3.5
early_automobile_041,contrast_automobile_historical,early_automobile,Early automobile,41,20261544,early automobile,early_automobile_041.png,images/early_automobile_041.png,FLUX.2-klein-base-9B,768x768,768,768,12,3.5
early_automobile_042,contrast_automobile_historical,early_automobile,Early automobile,42,20261545,early automobile,early_automobile_042.png,images/early_automobile_042.png,FLUX.2-klein-base-9B,768x768,768,768,12,3.5
early_automobile_043,contrast_automobile_historical,early_automobile,Early automobile,43,20261546,early automobile,early_automobile_043.png,images/early_automobile_043.png,FLUX.2-klein-base-9B,768x768,768,768,12,3.5
early_automobile_044,contrast_automobile_historical,early_automobile,Early automobile,44,20261547,early automobile,early_automobile_044.png,images/early_automobile_044.png,FLUX.2-klein-base-9B,768x768,768,768,12,3.5
early_automobile_045,contrast_automobile_historical,early_automobile,Early automobile,45,20261548,early automobile,early_automobile_045.png,images/early_automobile_045.png,FLUX.2-klein-base-9B,768x768,768,768,12,3.5
early_automobile_046,contrast_automobile_historical,early_automobile,Early automobile,46,20261549,early automobile,early_automobile_046.png,images/early_automobile_046.png,FLUX.2-klein-base-9B,768x768,768,768,12,3.5
early_automobile_047,contrast_automobile_historical,early_automobile,Early automobile,47,20261550,early automobile,early_automobile_047.png,images/early_automobile_047.png,FLUX.2-klein-base-9B,768x768,768,768,12,3.5
early_automobile_048,contrast_automobile_historical,early_automobile,Early automobile,48,20261551,early automobile,early_automobile_048.png,images/early_automobile_048.png,FLUX.2-klein-base-9B,768x768,768,768,12,3.5
early_automobile_049,contrast_automobile_historical,early_automobile,Early automobile,49,20261552,early automobile,early_automobile_049.png,images/early_automobile_049.png,FLUX.2-klein-base-9B,768x768,768,768,12,3.5
early_automobile_050,contrast_automobile_historical,early_automobile,Early automobile,50,20261553,early automobile,early_automobile_050.png,images/early_automobile_050.png,FLUX.2-klein-base-9B,768x768,768,768,12,3.5
early_automobile_051,contrast_automobile_historical,early_automobile,Early automobile,51,20261554,early automobile,early_automobile_051.png,images/early_automobile_051.png,FLUX.2-klein-base-9B,768x768,768,768,12,3.5
early_automobile_052,contrast_automobile_historical,early_automobile,Early automobile,52,20261555,early automobile,early_automobile_052.png,images/early_automobile_052.png,FLUX.2-klein-base-9B,768x768,768,768,12,3.5
early_automobile_053,contrast_automobile_historical,early_automobile,Early automobile,53,20261556,early automobile,early_automobile_053.png,images/early_automobile_053.png,FLUX.2-klein-base-9B,768x768,768,768,12,3.5
early_automobile_054,contrast_automobile_historical,early_automobile,Early automobile,54,20261557,early automobile,early_automobile_054.png,images/early_automobile_054.png,FLUX.2-klein-base-9B,768x768,768,768,12,3.5
early_automobile_055,contrast_automobile_historical,early_automobile,Early automobile,55,20261558,early automobile,early_automobile_055.png,images/early_automobile_055.png,FLUX.2-klein-base-9B,768x768,768,768,12,3.5
early_automobile_056,contrast_automobile_historical,early_automobile,Early automobile,56,20261559,early automobile,early_automobile_056.png,images/early_automobile_056.png,FLUX.2-klein-base-9B,768x768,768,768,12,3.5
early_automobile_057,contrast_automobile_historical,early_automobile,Early automobile,57,20261560,early automobile,early_automobile_057.png,images/early_automobile_057.png,FLUX.2-klein-base-9B,768x768,768,768,12,3.5
early_automobile_058,contrast_automobile_historical,early_automobile,Early automobile,58,20261561,early automobile,early_automobile_058.png,images/early_automobile_058.png,FLUX.2-klein-base-9B,768x768,768,768,12,3.5
early_automobile_059,contrast_automobile_historical,early_automobile,Early automobile,59,20261562,early automobile,early_automobile_059.png,images/early_automobile_059.png,FLUX.2-klein-base-9B,768x768,768,768,12,3.5
early_automobile_060,contrast_automobile_historical,early_automobile,Early automobile,60,20261563,early automobile,early_automobile_060.png,images/early_automobile_060.png,FLUX.2-klein-base-9B,768x768,768,768,12,3.5
early_automobile_061,contrast_automobile_historical,early_automobile,Early automobile,61,20261564,early automobile,early_automobile_061.png,images/early_automobile_061.png,FLUX.2-klein-base-9B,768x768,768,768,12,3.5
early_automobile_062,contrast_automobile_historical,early_automobile,Early automobile,62,20261565,early automobile,early_automobile_062.png,images/early_automobile_062.png,FLUX.2-klein-base-9B,768x768,768,768,12,3.5
early_automobile_063,contrast_automobile_historical,early_automobile,Early automobile,63,20261566,early automobile,early_automobile_063.png,images/early_automobile_063.png,FLUX.2-klein-base-9B,768x768,768,768,12,3.5
early_automobile_064,contrast_automobile_historical,early_automobile,Early automobile,64,20261567,early automobile,early_automobile_064.png,images/early_automobile_064.png,FLUX.2-klein-base-9B,768x768,768,768,12,3.5
early_automobile_065,contrast_automobile_historical,early_automobile,Early automobile,65,20261568,early automobile,early_automobile_065.png,images/early_automobile_065.png,FLUX.2-klein-base-9B,768x768,768,768,12,3.5
early_automobile_066,contrast_automobile_historical,early_automobile,Early automobile,66,20261569,early automobile,early_automobile_066.png,images/early_automobile_066.png,FLUX.2-klein-base-9B,768x768,768,768,12,3.5
early_automobile_067,contrast_automobile_historical,early_automobile,Early automobile,67,20261570,early automobile,early_automobile_067.png,images/early_automobile_067.png,FLUX.2-klein-base-9B,768x768,768,768,12,3.5
early_automobile_068,contrast_automobile_historical,early_automobile,Early automobile,68,20261571,early automobile,early_automobile_068.png,images/early_automobile_068.png,FLUX.2-klein-base-9B,768x768,768,768,12,3.5
early_automobile_069,contrast_automobile_historical,early_automobile,Early automobile,69,20261572,early automobile,early_automobile_069.png,images/early_automobile_069.png,FLUX.2-klein-base-9B,768x768,768,768,12,3.5
early_automobile_070,contrast_automobile_historical,early_automobile,Early automobile,70,20261573,early automobile,early_automobile_070.png,images/early_automobile_070.png,FLUX.2-klein-base-9B,768x768,768,768,12,3.5
early_automobile_071,contrast_automobile_historical,early_automobile,Early automobile,71,20261574,early automobile,early_automobile_071.png,images/early_automobile_071.png,FLUX.2-klein-base-9B,768x768,768,768,12,3.5
early_automobile_072,contrast_automobile_historical,early_automobile,Early automobile,72,20261575,early automobile,early_automobile_072.png,images/early_automobile_072.png,FLUX.2-klein-base-9B,768x768,768,768,12,3.5
early_automobile_073,contrast_automobile_historical,early_automobile,Early automobile,73,20261576,early automobile,early_automobile_073.png,images/early_automobile_073.png,FLUX.2-klein-base-9B,768x768,768,768,12,3.5
early_automobile_074,contrast_automobile_historical,early_automobile,Early automobile,74,20261577,early automobile,early_automobile_074.png,images/early_automobile_074.png,FLUX.2-klein-base-9B,768x768,768,768,12,3.5
early_automobile_075,contrast_automobile_historical,early_automobile,Early automobile,75,20261578,early automobile,early_automobile_075.png,images/early_automobile_075.png,FLUX.2-klein-base-9B,768x768,768,768,12,3.5
early_automobile_076,contrast_automobile_historical,early_automobile,Early automobile,76,20261579,early automobile,early_automobile_076.png,images/early_automobile_076.png,FLUX.2-klein-base-9B,768x768,768,768,12,3.5
early_automobile_077,contrast_automobile_historical,early_automobile,Early automobile,77,20261580,early automobile,early_automobile_077.png,images/early_automobile_077.png,FLUX.2-klein-base-9B,768x768,768,768,12,3.5
early_automobile_078,contrast_automobile_historical,early_automobile,Early automobile,78,20261581,early automobile,early_automobile_078.png,images/early_automobile_078.png,FLUX.2-klein-base-9B,768x768,768,768,12,3.5
early_automobile_079,contrast_automobile_historical,early_automobile,Early automobile,79,20261582,early automobile,early_automobile_079.png,images/early_automobile_079.png,FLUX.2-klein-base-9B,768x768,768,768,12,3.5
early_automobile_080,contrast_automobile_historical,early_automobile,Early automobile,80,20261583,early automobile,early_automobile_080.png,images/early_automobile_080.png,FLUX.2-klein-base-9B,768x768,768,768,12,3.5
early_automobile_081,contrast_automobile_historical,early_automobile,Early automobile,81,20261584,early automobile,early_automobile_081.png,images/early_automobile_081.png,FLUX.2-klein-base-9B,768x768,768,768,12,3.5
early_automobile_082,contrast_automobile_historical,early_automobile,Early automobile,82,20261585,early automobile,early_automobile_082.png,images/early_automobile_082.png,FLUX.2-klein-base-9B,768x768,768,768,12,3.5
early_automobile_083,contrast_automobile_historical,early_automobile,Early automobile,83,20261586,early automobile,early_automobile_083.png,images/early_automobile_083.png,FLUX.2-klein-base-9B,768x768,768,768,12,3.5
early_automobile_084,contrast_automobile_historical,early_automobile,Early automobile,84,20261587,early automobile,early_automobile_084.png,images/early_automobile_084.png,FLUX.2-klein-base-9B,768x768,768,768,12,3.5
early_automobile_085,contrast_automobile_historical,early_automobile,Early automobile,85,20261588,early automobile,early_automobile_085.png,images/early_automobile_085.png,FLUX.2-klein-base-9B,768x768,768,768,12,3.5
early_automobile_086,contrast_automobile_historical,early_automobile,Early automobile,86,20261589,early automobile,early_automobile_086.png,images/early_automobile_086.png,FLUX.2-klein-base-9B,768x768,768,768,12,3.5
early_automobile_087,contrast_automobile_historical,early_automobile,Early automobile,87,20261590,early automobile,early_automobile_087.png,images/early_automobile_087.png,FLUX.2-klein-base-9B,768x768,768,768,12,3.5
early_automobile_088,contrast_automobile_historical,early_automobile,Early automobile,88,20261591,early automobile,early_automobile_088.png,images/early_automobile_088.png,FLUX.2-klein-base-9B,768x768,768,768,12,3.5
early_automobile_089,contrast_automobile_historical,early_automobile,Early automobile,89,20261592,early automobile,early_automobile_089.png,images/early_automobile_089.png,FLUX.2-klein-base-9B,768x768,768,768,12,3.5
early_automobile_090,contrast_automobile_historical,early_automobile,Early automobile,90,20261593,early automobile,early_automobile_090.png,images/early_automobile_090.png,FLUX.2-klein-base-9B,768x768,768,768,12,3.5
early_automobile_091,contrast_automobile_historical,early_automobile,Early automobile,91,20261594,early automobile,early_automobile_091.png,images/early_automobile_091.png,FLUX.2-klein-base-9B,768x768,768,768,12,3.5
early_automobile_092,contrast_automobile_historical,early_automobile,Early automobile,92,20261595,early automobile,early_automobile_092.png,images/early_automobile_092.png,FLUX.2-klein-base-9B,768x768,768,768,12,3.5
early_automobile_093,contrast_automobile_historical,early_automobile,Early automobile,93,20261596,early automobile,early_automobile_093.png,images/early_automobile_093.png,FLUX.2-klein-base-9B,768x768,768,768,12,3.5
early_automobile_094,contrast_automobile_historical,early_automobile,Early automobile,94,20261597,early automobile,early_automobile_094.png,images/early_automobile_094.png,FLUX.2-klein-base-9B,768x768,768,768,12,3.5
early_automobile_095,contrast_automobile_historical,early_automobile,Early automobile,95,20261598,early automobile,early_automobile_095.png,images/early_automobile_095.png,FLUX.2-klein-base-9B,768x768,768,768,12,3.5
early_automobile_096,contrast_automobile_historical,early_automobile,Early automobile,96,20261599,early automobile,early_automobile_096.png,images/early_automobile_096.png,FLUX.2-klein-base-9B,768x768,768,768,12,3.5
early_automobile_097,contrast_automobile_historical,early_automobile,Early automobile,97,20261600,early automobile,early_automobile_097.png,images/early_automobile_097.png,FLUX.2-klein-base-9B,768x768,768,768,12,3.5
early_automobile_098,contrast_automobile_historical,early_automobile,Early automobile,98,20261601,early automobile,early_automobile_098.png,images/early_automobile_098.png,FLUX.2-klein-base-9B,768x768,768,768,12,3.5
early_automobile_099,contrast_automobile_historical,early_automobile,Early automobile,99,20261602,early automobile,early_automobile_099.png,images/early_automobile_099.png,FLUX.2-klein-base-9B,768x768,768,768,12,3.5
early_automobile_100,contrast_automobile_historical,early_automobile,Early automobile,100,20261603,early automobile,early_automobile_100.png,images/early_automobile_100.png,FLUX.2-klein-base-9B,768x768,768,768,12,3.5
early_automobile_101,contrast_automobile_historical,early_automobile,Early automobile,101,20261604,early automobile,early_automobile_101.png,images/early_automobile_101.png,FLUX.2-klein-base-9B,768x768,768,768,12,3.5
early_automobile_102,contrast_automobile_historical,early_automobile,Early automobile,102,20261605,early automobile,early_automobile_102.png,images/early_automobile_102.png,FLUX.2-klein-base-9B,768x768,768,768,12,3.5
early_automobile_103,contrast_automobile_historical,early_automobile,Early automobile,103,20261606,early automobile,early_automobile_103.png,images/early_automobile_103.png,FLUX.2-klein-base-9B,768x768,768,768,12,3.5
early_automobile_104,contrast_automobile_historical,early_automobile,Early automobile,104,20261607,early automobile,early_automobile_104.png,images/early_automobile_104.png,FLUX.2-klein-base-9B,768x768,768,768,12,3.5
early_automobile_105,contrast_automobile_historical,early_automobile,Early automobile,105,20261608,early automobile,early_automobile_105.png,images/early_automobile_105.png,FLUX.2-klein-base-9B,768x768,768,768,12,3.5
early_automobile_106,contrast_automobile_historical,early_automobile,Early automobile,106,20261609,early automobile,early_automobile_106.png,images/early_automobile_106.png,FLUX.2-klein-base-9B,768x768,768,768,12,3.5
early_automobile_107,contrast_automobile_historical,early_automobile,Early automobile,107,20261610,early automobile,early_automobile_107.png,images/early_automobile_107.png,FLUX.2-klein-base-9B,768x768,768,768,12,3.5
early_automobile_108,contrast_automobile_historical,early_automobile,Early automobile,108,20261611,early automobile,early_automobile_108.png,images/early_automobile_108.png,FLUX.2-klein-base-9B,768x768,768,768,12,3.5
early_automobile_109,contrast_automobile_historical,early_automobile,Early automobile,109,20261612,early automobile,early_automobile_109.png,images/early_automobile_109.png,FLUX.2-klein-base-9B,768x768,768,768,12,3.5
early_automobile_110,contrast_automobile_historical,early_automobile,Early automobile,110,20261613,early automobile,early_automobile_110.png,images/early_automobile_110.png,FLUX.2-klein-base-9B,768x768,768,768,12,3.5
early_automobile_111,contrast_automobile_historical,early_automobile,Early automobile,111,20261614,early automobile,early_automobile_111.png,images/early_automobile_111.png,FLUX.2-klein-base-9B,768x768,768,768,12,3.5
early_automobile_112,contrast_automobile_historical,early_automobile,Early automobile,112,20261615,early automobile,early_automobile_112.png,images/early_automobile_112.png,FLUX.2-klein-base-9B,768x768,768,768,12,3.5
early_automobile_113,contrast_automobile_historical,early_automobile,Early automobile,113,20261616,early automobile,early_automobile_113.png,images/early_automobile_113.png,FLUX.2-klein-base-9B,768x768,768,768,12,3.5
early_automobile_114,contrast_automobile_historical,early_automobile,Early automobile,114,20261617,early automobile,early_automobile_114.png,images/early_automobile_114.png,FLUX.2-klein-base-9B,768x768,768,768,12,3.5
early_automobile_115,contrast_automobile_historical,early_automobile,Early automobile,115,20261618,early automobile,early_automobile_115.png,images/early_automobile_115.png,FLUX.2-klein-base-9B,768x768,768,768,12,3.5
early_automobile_116,contrast_automobile_historical,early_automobile,Early automobile,116,20261619,early automobile,early_automobile_116.png,images/early_automobile_116.png,FLUX.2-klein-base-9B,768x768,768,768,12,3.5
early_automobile_117,contrast_automobile_historical,early_automobile,Early automobile,117,20261620,early automobile,early_automobile_117.png,images/early_automobile_117.png,FLUX.2-klein-base-9B,768x768,768,768,12,3.5
early_automobile_118,contrast_automobile_historical,early_automobile,Early automobile,118,20261621,early automobile,early_automobile_118.png,images/early_automobile_118.png,FLUX.2-klein-base-9B,768x768,768,768,12,3.5
early_automobile_119,contrast_automobile_historical,early_automobile,Early automobile,119,20261622,early automobile,early_automobile_119.png,images/early_automobile_119.png,FLUX.2-klein-base-9B,768x768,768,768,12,3.5
early_automobile_120,contrast_automobile_historical,early_automobile,Early automobile,120,20261623,early automobile,early_automobile_120.png,images/early_automobile_120.png,FLUX.2-klein-base-9B,768x768,768,768,12,3.5
early_automobile_121,contrast_automobile_historical,early_automobile,Early automobile,121,20261624,early automobile,early_automobile_121.png,images/early_automobile_121.png,FLUX.2-klein-base-9B,768x768,768,768,12,3.5
early_automobile_122,contrast_automobile_historical,early_automobile,Early automobile,122,20261625,early automobile,early_automobile_122.png,images/early_automobile_122.png,FLUX.2-klein-base-9B,768x768,768,768,12,3.5
early_automobile_123,contrast_automobile_historical,early_automobile,Early automobile,123,20261626,early automobile,early_automobile_123.png,images/early_automobile_123.png,FLUX.2-klein-base-9B,768x768,768,768,12,3.5
early_automobile_124,contrast_automobile_historical,early_automobile,Early automobile,124,20261627,early automobile,early_automobile_124.png,images/early_automobile_124.png,FLUX.2-klein-base-9B,768x768,768,768,12,3.5
early_automobile_125,contrast_automobile_historical,early_automobile,Early automobile,125,20261628,early automobile,early_automobile_125.png,images/early_automobile_125.png,FLUX.2-klein-base-9B,768x768,768,768,12,3.5
early_automobile_126,contrast_automobile_historical,early_automobile,Early automobile,126,20261629,early automobile,early_automobile_126.png,images/early_automobile_126.png,FLUX.2-klein-base-9B,768x768,768,768,12,3.5
early_automobile_127,contrast_automobile_historical,early_automobile,Early automobile,127,20261630,early automobile,early_automobile_127.png,images/early_automobile_127.png,FLUX.2-klein-base-9B,768x768,768,768,12,3.5
early_automobile_128,contrast_automobile_historical,early_automobile,Early automobile,128,20261631,early automobile,early_automobile_128.png,images/early_automobile_128.png,FLUX.2-klein-base-9B,768x768,768,768,12,3.5
early_automobile_129,contrast_automobile_historical,early_automobile,Early automobile,129,20261632,early automobile,early_automobile_129.png,images/early_automobile_129.png,FLUX.2-klein-base-9B,768x768,768,768,12,3.5
early_automobile_130,contrast_automobile_historical,early_automobile,Early automobile,130,20261633,early automobile,early_automobile_130.png,images/early_automobile_130.png,FLUX.2-klein-base-9B,768x768,768,768,12,3.5
early_automobile_131,contrast_automobile_historical,early_automobile,Early automobile,131,20261634,early automobile,early_automobile_131.png,images/early_automobile_131.png,FLUX.2-klein-base-9B,768x768,768,768,12,3.5
early_automobile_132,contrast_automobile_historical,early_automobile,Early automobile,132,20261635,early automobile,early_automobile_132.png,images/early_automobile_132.png,FLUX.2-klein-base-9B,768x768,768,768,12,3.5
early_automobile_133,contrast_automobile_historical,early_automobile,Early automobile,133,20261636,early automobile,early_automobile_133.png,images/early_automobile_133.png,FLUX.2-klein-base-9B,768x768,768,768,12,3.5
early_automobile_134,contrast_automobile_historical,early_automobile,Early automobile,134,20261637,early automobile,early_automobile_134.png,images/early_automobile_134.png,FLUX.2-klein-base-9B,768x768,768,768,12,3.5
early_automobile_135,contrast_automobile_historical,early_automobile,Early automobile,135,20261638,early automobile,early_automobile_135.png,images/early_automobile_135.png,FLUX.2-klein-base-9B,768x768,768,768,12,3.5
early_automobile_136,contrast_automobile_historical,early_automobile,Early automobile,136,20261639,early automobile,early_automobile_136.png,images/early_automobile_136.png,FLUX.2-klein-base-9B,768x768,768,768,12,3.5
early_automobile_137,contrast_automobile_historical,early_automobile,Early automobile,137,20261640,early automobile,early_automobile_137.png,images/early_automobile_137.png,FLUX.2-klein-base-9B,768x768,768,768,12,3.5
early_automobile_138,contrast_automobile_historical,early_automobile,Early automobile,138,20261641,early automobile,early_automobile_138.png,images/early_automobile_138.png,FLUX.2-klein-base-9B,768x768,768,768,12,3.5
early_automobile_139,contrast_automobile_historical,early_automobile,Early automobile,139,20261642,early automobile,early_automobile_139.png,images/early_automobile_139.png,FLUX.2-klein-base-9B,768x768,768,768,12,3.5
early_automobile_140,contrast_automobile_historical,early_automobile,Early automobile,140,20261643,early automobile,early_automobile_140.png,images/early_automobile_140.png,FLUX.2-klein-base-9B,768x768,768,768,12,3.5
early_automobile_141,contrast_automobile_historical,early_automobile,Early automobile,141,20261644,early automobile,early_automobile_141.png,images/early_automobile_141.png,FLUX.2-klein-base-9B,768x768,768,768,12,3.5
early_automobile_142,contrast_automobile_historical,early_automobile,Early automobile,142,20261645,early automobile,early_automobile_142.png,images/early_automobile_142.png,FLUX.2-klein-base-9B,768x768,768,768,12,3.5
early_automobile_143,contrast_automobile_historical,early_automobile,Early automobile,143,20261646,early automobile,early_automobile_143.png,images/early_automobile_143.png,FLUX.2-klein-base-9B,768x768,768,768,12,3.5
early_automobile_144,contrast_automobile_historical,early_automobile,Early automobile,144,20261647,early automobile,early_automobile_144.png,images/early_automobile_144.png,FLUX.2-klein-base-9B,768x768,768,768,12,3.5
early_automobile_145,contrast_automobile_historical,early_automobile,Early automobile,145,20261648,early automobile,early_automobile_145.png,images/early_automobile_145.png,FLUX.2-klein-base-9B,768x768,768,768,12,3.5
early_automobile_146,contrast_automobile_historical,early_automobile,Early automobile,146,20261649,early automobile,early_automobile_146.png,images/early_automobile_146.png,FLUX.2-klein-base-9B,768x768,768,768,12,3.5
early_automobile_147,contrast_automobile_historical,early_automobile,Early automobile,147,20261650,early automobile,early_automobile_147.png,images/early_automobile_147.png,FLUX.2-klein-base-9B,768x768,768,768,12,3.5
early_automobile_148,contrast_automobile_historical,early_automobile,Early automobile,148,20261651,early automobile,early_automobile_148.png,images/early_automobile_148.png,FLUX.2-klein-base-9B,768x768,768,768,12,3.5
early_automobile_149,contrast_automobile_historical,early_automobile,Early automobile,149,20261652,early automobile,early_automobile_149.png,images/early_automobile_149.png,FLUX.2-klein-base-9B,768x768,768,768,12,3.5
early_automobile_150,contrast_automobile_historical,early_automobile,Early automobile,150,20261653,early automobile,early_automobile_150.png,images/early_automobile_150.png,FLUX.2-klein-base-9B,768x768,768,768,12,3.5
early_automobile_151,contrast_automobile_historical,early_automobile,Early automobile,151,20261654,early automobile,early_automobile_151.png,images/early_automobile_151.png,FLUX.2-klein-base-9B,768x768,768,768,12,3.5
early_automobile_152,contrast_automobile_historical,early_automobile,Early automobile,152,20261655,early automobile,early_automobile_152.png,images/early_automobile_152.png,FLUX.2-klein-base-9B,768x768,768,768,12,3.5
early_automobile_153,contrast_automobile_historical,early_automobile,Early automobile,153,20261656,early automobile,early_automobile_153.png,images/early_automobile_153.png,FLUX.2-klein-base-9B,768x768,768,768,12,3.5
early_automobile_154,contrast_automobile_historical,early_automobile,Early automobile,154,20261657,early automobile,early_automobile_154.png,images/early_automobile_154.png,FLUX.2-klein-base-9B,768x768,768,768,12,3.5
early_automobile_155,contrast_automobile_historical,early_automobile,Early automobile,155,20261658,early automobile,early_automobile_155.png,images/early_automobile_155.png,FLUX.2-klein-base-9B,768x768,768,768,12,3.5
early_automobile_156,contrast_automobile_historical,early_automobile,Early automobile,156,20261659,early automobile,early_automobile_156.png,images/early_automobile_156.png,FLUX.2-klein-base-9B,768x768,768,768,12,3.5
early_automobile_157,contrast_automobile_historical,early_automobile,Early automobile,157,20261660,early automobile,early_automobile_157.png,images/early_automobile_157.png,FLUX.2-klein-base-9B,768x768,768,768,12,3.5
early_automobile_158,contrast_automobile_historical,early_automobile,Early automobile,158,20261661,early automobile,early_automobile_158.png,images/early_automobile_158.png,FLUX.2-klein-base-9B,768x768,768,768,12,3.5
early_automobile_159,contrast_automobile_historical,early_automobile,Early automobile,159,20261662,early automobile,early_automobile_159.png,images/early_automobile_159.png,FLUX.2-klein-base-9B,768x768,768,768,12,3.5
early_automobile_160,contrast_automobile_historical,early_automobile,Early automobile,160,20261663,early automobile,early_automobile_160.png,images/early_automobile_160.png,FLUX.2-klein-base-9B,768x768,768,768,12,3.5
early_automobile_161,contrast_automobile_historical,early_automobile,Early automobile,161,20261664,early automobile,early_automobile_161.png,images/early_automobile_161.png,FLUX.2-klein-base-9B,768x768,768,768,12,3.5
early_automobile_162,contrast_automobile_historical,early_automobile,Early automobile,162,20261665,early automobile,early_automobile_162.png,images/early_automobile_162.png,FLUX.2-klein-base-9B,768x768,768,768,12,3.5
early_automobile_163,contrast_automobile_historical,early_automobile,Early automobile,163,20261666,early automobile,early_automobile_163.png,images/early_automobile_163.png,FLUX.2-klein-base-9B,768x768,768,768,12,3.5
early_automobile_164,contrast_automobile_historical,early_automobile,Early automobile,164,20261667,early automobile,early_automobile_164.png,images/early_automobile_164.png,FLUX.2-klein-base-9B,768x768,768,768,12,3.5
early_automobile_165,contrast_automobile_historical,early_automobile,Early automobile,165,20261668,early automobile,early_automobile_165.png,images/early_automobile_165.png,FLUX.2-klein-base-9B,768x768,768,768,12,3.5
early_automobile_166,contrast_automobile_historical,early_automobile,Early automobile,166,20261669,early automobile,early_automobile_166.png,images/early_automobile_166.png,FLUX.2-klein-base-9B,768x768,768,768,12,3.5
early_automobile_167,contrast_automobile_historical,early_automobile,Early automobile,167,20261670,early automobile,early_automobile_167.png,images/early_automobile_167.png,FLUX.2-klein-base-9B,768x768,768,768,12,3.5
early_automobile_168,contrast_automobile_historical,early_automobile,Early automobile,168,20261671,early automobile,early_automobile_168.png,images/early_automobile_168.png,FLUX.2-klein-base-9B,768x768,768,768,12,3.5
early_automobile_169,contrast_automobile_historical,early_automobile,Early automobile,169,20261672,early automobile,early_automobile_169.png,images/early_automobile_169.png,FLUX.2-klein-base-9B,768x768,768,768,12,3.5
early_automobile_170,contrast_automobile_historical,early_automobile,Early automobile,170,20261673,early automobile,early_automobile_170.png,images/early_automobile_170.png,FLUX.2-klein-base-9B,768x768,768,768,12,3.5
early_automobile_171,contrast_automobile_historical,early_automobile,Early automobile,171,20261674,early automobile,early_automobile_171.png,images/early_automobile_171.png,FLUX.2-klein-base-9B,768x768,768,768,12,3.5
early_automobile_172,contrast_automobile_historical,early_automobile,Early automobile,172,20261675,early automobile,early_automobile_172.png,images/early_automobile_172.png,FLUX.2-klein-base-9B,768x768,768,768,12,3.5
early_automobile_173,contrast_automobile_historical,early_automobile,Early automobile,173,20261676,early automobile,early_automobile_173.png,images/early_automobile_173.png,FLUX.2-klein-base-9B,768x768,768,768,12,3.5
early_automobile_174,contrast_automobile_historical,early_automobile,Early automobile,174,20261677,early automobile,early_automobile_174.png,images/early_automobile_174.png,FLUX.2-klein-base-9B,768x768,768,768,12,3.5
early_automobile_175,contrast_automobile_historical,early_automobile,Early automobile,175,20261678,early automobile,early_automobile_175.png,images/early_automobile_175.png,FLUX.2-klein-base-9B,768x768,768,768,12,3.5
early_automobile_176,contrast_automobile_historical,early_automobile,Early automobile,176,20261679,early automobile,early_automobile_176.png,images/early_automobile_176.png,FLUX.2-klein-base-9B,768x768,768,768,12,3.5
early_automobile_177,contrast_automobile_historical,early_automobile,Early automobile,177,20261680,early automobile,early_automobile_177.png,images/early_automobile_177.png,FLUX.2-klein-base-9B,768x768,768,768,12,3.5
early_automobile_178,contrast_automobile_historical,early_automobile,Early automobile,178,20261681,early automobile,early_automobile_178.png,images/early_automobile_178.png,FLUX.2-klein-base-9B,768x768,768,768,12,3.5
early_automobile_179,contrast_automobile_historical,early_automobile,Early automobile,179,20261682,early automobile,early_automobile_179.png,images/early_automobile_179.png,FLUX.2-klein-base-9B,768x768,768,768,12,3.5
early_automobile_180,contrast_automobile_historical,early_automobile,Early automobile,180,20261683,early automobile,early_automobile_180.png,images/early_automobile_180.png,FLUX.2-klein-base-9B,768x768,768,768,12,3.5
early_automobile_181,contrast_automobile_historical,early_automobile,Early automobile,181,20261684,early automobile,early_automobile_181.png,images/early_automobile_181.png,FLUX.2-klein-base-9B,768x768,768,768,12,3.5
early_automobile_182,contrast_automobile_historical,early_automobile,Early automobile,182,20261685,early automobile,early_automobile_182.png,images/early_automobile_182.png,FLUX.2-klein-base-9B,768x768,768,768,12,3.5
early_automobile_183,contrast_automobile_historical,early_automobile,Early automobile,183,20261686,early automobile,early_automobile_183.png,images/early_automobile_183.png,FLUX.2-klein-base-9B,768x768,768,768,12,3.5
early_automobile_184,contrast_automobile_historical,early_automobile,Early automobile,184,20261687,early automobile,early_automobile_184.png,images/early_automobile_184.png,FLUX.2-klein-base-9B,768x768,768,768,12,3.5
early_automobile_185,contrast_automobile_historical,early_automobile,Early automobile,185,20261688,early automobile,early_automobile_185.png,images/early_automobile_185.png,FLUX.2-klein-base-9B,768x768,768,768,12,3.5
early_automobile_186,contrast_automobile_historical,early_automobile,Early automobile,186,20261689,early automobile,early_automobile_186.png,images/early_automobile_186.png,FLUX.2-klein-base-9B,768x768,768,768,12,3.5
early_automobile_187,contrast_automobile_historical,early_automobile,Early automobile,187,20261690,early automobile,early_automobile_187.png,images/early_automobile_187.png,FLUX.2-klein-base-9B,768x768,768,768,12,3.5
early_automobile_188,contrast_automobile_historical,early_automobile,Early automobile,188,20261691,early automobile,early_automobile_188.png,images/early_automobile_188.png,FLUX.2-klein-base-9B,768x768,768,768,12,3.5
early_automobile_189,contrast_automobile_historical,early_automobile,Early automobile,189,20261692,early automobile,early_automobile_189.png,images/early_automobile_189.png,FLUX.2-klein-base-9B,768x768,768,768,12,3.5
early_automobile_190,contrast_automobile_historical,early_automobile,Early automobile,190,20261693,early automobile,early_automobile_190.png,images/early_automobile_190.png,FLUX.2-klein-base-9B,768x768,768,768,12,3.5
early_automobile_191,contrast_automobile_historical,early_automobile,Early automobile,191,20261694,early automobile,early_automobile_191.png,images/early_automobile_191.png,FLUX.2-klein-base-9B,768x768,768,768,12,3.5
early_automobile_192,contrast_automobile_historical,early_automobile,Early automobile,192,20261695,early automobile,early_automobile_192.png,images/early_automobile_192.png,FLUX.2-klein-base-9B,768x768,768,768,12,3.5
early_automobile_193,contrast_automobile_historical,early_automobile,Early automobile,193,20261696,early automobile,early_automobile_193.png,images/early_automobile_193.png,FLUX.2-klein-base-9B,768x768,768,768,12,3.5
early_automobile_194,contrast_automobile_historical,early_automobile,Early automobile,194,20261697,early automobile,early_automobile_194.png,images/early_automobile_194.png,FLUX.2-klein-base-9B,768x768,768,768,12,3.5
early_automobile_195,contrast_automobile_historical,early_automobile,Early automobile,195,20261698,early automobile,early_automobile_195.png,images/early_automobile_195.png,FLUX.2-klein-base-9B,768x768,768,768,12,3.5
early_automobile_196,contrast_automobile_historical,early_automobile,Early automobile,196,20261699,early automobile,early_automobile_196.png,images/early_automobile_196.png,FLUX.2-klein-base-9B,768x768,768,768,12,3.5
early_automobile_197,contrast_automobile_historical,early_automobile,Early automobile,197,20261700,early automobile,early_automobile_197.png,images/early_automobile_197.png,FLUX.2-klein-base-9B,768x768,768,768,12,3.5
early_automobile_198,contrast_automobile_historical,early_automobile,Early automobile,198,20261701,early automobile,early_automobile_198.png,images/early_automobile_198.png,FLUX.2-klein-base-9B,768x768,768,768,12,3.5
early_automobile_199,contrast_automobile_historical,early_automobile,Early automobile,199,20261702,early automobile,early_automobile_199.png,images/early_automobile_199.png,FLUX.2-klein-base-9B,768x768,768,768,12,3.5
early_automobile_200,contrast_automobile_historical,early_automobile,Early automobile,200,20261703,early automobile,early_automobile_200.png,images/early_automobile_200.png,FLUX.2-klein-base-9B,768x768,768,768,12,3.5
sports_car_001,contrast_automobile_contemporary,sports_car,Sports car,1,20269504,sports car,sports_car_001.png,images/sports_car_001.png,FLUX.2-klein-base-9B,768x768,768,768,12,3.5
sports_car_002,contrast_automobile_contemporary,sports_car,Sports car,2,20269505,sports car,sports_car_002.png,images/sports_car_002.png,FLUX.2-klein-base-9B,768x768,768,768,12,3.5
sports_car_003,contrast_automobile_contemporary,sports_car,Sports car,3,20269506,sports car,sports_car_003.png,images/sports_car_003.png,FLUX.2-klein-base-9B,768x768,768,768,12,3.5
sports_car_004,contrast_automobile_contemporary,sports_car,Sports car,4,20269507,sports car,sports_car_004.png,images/sports_car_004.png,FLUX.2-klein-base-9B,768x768,768,768,12,3.5
sports_car_005,contrast_automobile_contemporary,sports_car,Sports car,5,20269508,sports car,sports_car_005.png,images/sports_car_005.png,FLUX.2-klein-base-9B,768x768,768,768,12,3.5
sports_car_006,contrast_automobile_contemporary,sports_car,Sports car,6,20269509,sports car,sports_car_006.png,images/sports_car_006.png,FLUX.2-klein-base-9B,768x768,768,768,12,3.5
sports_car_007,contrast_automobile_contemporary,sports_car,Sports car,7,20269510,sports car,sports_car_007.png,images/sports_car_007.png,FLUX.2-klein-base-9B,768x768,768,768,12,3.5
sports_car_008,contrast_automobile_contemporary,sports_car,Sports car,8,20269511,sports car,sports_car_008.png,images/sports_car_008.png,FLUX.2-klein-base-9B,768x768,768,768,12,3.5
sports_car_009,contrast_automobile_contemporary,sports_car,Sports car,9,20269512,sports car,sports_car_009.png,images/sports_car_009.png,FLUX.2-klein-base-9B,768x768,768,768,12,3.5
sports_car_010,contrast_automobile_contemporary,sports_car,Sports car,10,20269513,sports car,sports_car_010.png,images/sports_car_010.png,FLUX.2-klein-base-9B,768x768,768,768,12,3.5
sports_car_011,contrast_automobile_contemporary,sports_car,Sports car,11,20269514,sports car,sports_car_011.png,images/sports_car_011.png,FLUX.2-klein-base-9B,768x768,768,768,12,3.5
sports_car_012,contrast_automobile_contemporary,sports_car,Sports car,12,20269515,sports car,sports_car_012.png,images/sports_car_012.png,FLUX.2-klein-base-9B,768x768,768,768,12,3.5
sports_car_013,contrast_automobile_contemporary,sports_car,Sports car,13,20269516,sports car,sports_car_013.png,images/sports_car_013.png,FLUX.2-klein-base-9B,768x768,768,768,12,3.5
sports_car_014,contrast_automobile_contemporary,sports_car,Sports car,14,20269517,sports car,sports_car_014.png,images/sports_car_014.png,FLUX.2-klein-base-9B,768x768,768,768,12,3.5
sports_car_015,contrast_automobile_contemporary,sports_car,Sports car,15,20269518,sports car,sports_car_015.png,images/sports_car_015.png,FLUX.2-klein-base-9B,768x768,768,768,12,3.5
sports_car_016,contrast_automobile_contemporary,sports_car,Sports car,16,20269519,sports car,sports_car_016.png,images/sports_car_016.png,FLUX.2-klein-base-9B,768x768,768,768,12,3.5
sports_car_017,contrast_automobile_contemporary,sports_car,Sports car,17,20269520,sports car,sports_car_017.png,images/sports_car_017.png,FLUX.2-klein-base-9B,768x768,768,768,12,3.5
sports_car_018,contrast_automobile_contemporary,sports_car,Sports car,18,20269521,sports car,sports_car_018.png,images/sports_car_018.png,FLUX.2-klein-base-9B,768x768,768,768,12,3.5
sports_car_019,contrast_automobile_contemporary,sports_car,Sports car,19,20269522,sports car,sports_car_019.png,images/sports_car_019.png,FLUX.2-klein-base-9B,768x768,768,768,12,3.5
sports_car_020,contrast_automobile_contemporary,sports_car,Sports car,20,20269523,sports car,sports_car_020.png,images/sports_car_020.png,FLUX.2-klein-base-9B,768x768,768,768,12,3.5
sports_car_021,contrast_automobile_contemporary,sports_car,Sports car,21,20269524,sports car,sports_car_021.png,images/sports_car_021.png,FLUX.2-klein-base-9B,768x768,768,768,12,3.5
sports_car_022,contrast_automobile_contemporary,sports_car,Sports car,22,20269525,sports car,sports_car_022.png,images/sports_car_022.png,FLUX.2-klein-base-9B,768x768,768,768,12,3.5
sports_car_023,contrast_automobile_contemporary,sports_car,Sports car,23,20269526,sports car,sports_car_023.png,images/sports_car_023.png,FLUX.2-klein-base-9B,768x768,768,768,12,3.5
sports_car_024,contrast_automobile_contemporary,sports_car,Sports car,24,20269527,sports car,sports_car_024.png,images/sports_car_024.png,FLUX.2-klein-base-9B,768x768,768,768,12,3.5
sports_car_025,contrast_automobile_contemporary,sports_car,Sports car,25,20269528,sports car,sports_car_025.png,images/sports_car_025.png,FLUX.2-klein-base-9B,768x768,768,768,12,3.5
sports_car_026,contrast_automobile_contemporary,sports_car,Sports car,26,20269529,sports car,sports_car_026.png,images/sports_car_026.png,FLUX.2-klein-base-9B,768x768,768,768,12,3.5
sports_car_027,contrast_automobile_contemporary,sports_car,Sports car,27,20269530,sports car,sports_car_027.png,images/sports_car_027.png,FLUX.2-klein-base-9B,768x768,768,768,12,3.5
sports_car_028,contrast_automobile_contemporary,sports_car,Sports car,28,20269531,sports car,sports_car_028.png,images/sports_car_028.png,FLUX.2-klein-base-9B,768x768,768,768,12,3.5
sports_car_029,contrast_automobile_contemporary,sports_car,Sports car,29,20269532,sports car,sports_car_029.png,images/sports_car_029.png,FLUX.2-klein-base-9B,768x768,768,768,12,3.5
sports_car_030,contrast_automobile_contemporary,sports_car,Sports car,30,20269533,sports car,sports_car_030.png,images/sports_car_030.png,FLUX.2-klein-base-9B,768x768,768,768,12,3.5
sports_car_031,contrast_automobile_contemporary,sports_car,Sports car,31,20269534,sports car,sports_car_031.png,images/sports_car_031.png,FLUX.2-klein-base-9B,768x768,768,768,12,3.5
sports_car_032,contrast_automobile_contemporary,sports_car,Sports car,32,20269535,sports car,sports_car_032.png,images/sports_car_032.png,FLUX.2-klein-base-9B,768x768,768,768,12,3.5
sports_car_033,contrast_automobile_contemporary,sports_car,Sports car,33,20269536,sports car,sports_car_033.png,images/sports_car_033.png,FLUX.2-klein-base-9B,768x768,768,768,12,3.5
sports_car_034,contrast_automobile_contemporary,sports_car,Sports car,34,20269537,sports car,sports_car_034.png,images/sports_car_034.png,FLUX.2-klein-base-9B,768x768,768,768,12,3.5
sports_car_035,contrast_automobile_contemporary,sports_car,Sports car,35,20269538,sports car,sports_car_035.png,images/sports_car_035.png,FLUX.2-klein-base-9B,768x768,768,768,12,3.5
sports_car_036,contrast_automobile_contemporary,sports_car,Sports car,36,20269539,sports car,sports_car_036.png,images/sports_car_036.png,FLUX.2-klein-base-9B,768x768,768,768,12,3.5
sports_car_037,contrast_automobile_contemporary,sports_car,Sports car,37,20269540,sports car,sports_car_037.png,images/sports_car_037.png,FLUX.2-klein-base-9B,768x768,768,768,12,3.5
sports_car_038,contrast_automobile_contemporary,sports_car,Sports car,38,20269541,sports car,sports_car_038.png,images/sports_car_038.png,FLUX.2-klein-base-9B,768x768,768,768,12,3.5
sports_car_039,contrast_automobile_contemporary,sports_car,Sports car,39,20269542,sports car,sports_car_039.png,images/sports_car_039.png,FLUX.2-klein-base-9B,768x768,768,768,12,3.5
sports_car_040,contrast_automobile_contemporary,sports_car,Sports car,40,20269543,sports car,sports_car_040.png,images/sports_car_040.png,FLUX.2-klein-base-9B,768x768,768,768,12,3.5
sports_car_041,contrast_automobile_contemporary,sports_car,Sports car,41,20269544,sports car,sports_car_041.png,images/sports_car_041.png,FLUX.2-klein-base-9B,768x768,768,768,12,3.5
sports_car_042,contrast_automobile_contemporary,sports_car,Sports car,42,20269545,sports car,sports_car_042.png,images/sports_car_042.png,FLUX.2-klein-base-9B,768x768,768,768,12,3.5
sports_car_043,contrast_automobile_contemporary,sports_car,Sports car,43,20269546,sports car,sports_car_043.png,images/sports_car_043.png,FLUX.2-klein-base-9B,768x768,768,768,12,3.5
sports_car_044,contrast_automobile_contemporary,sports_car,Sports car,44,20269547,sports car,sports_car_044.png,images/sports_car_044.png,FLUX.2-klein-base-9B,768x768,768,768,12,3.5
sports_car_045,contrast_automobile_contemporary,sports_car,Sports car,45,20269548,sports car,sports_car_045.png,images/sports_car_045.png,FLUX.2-klein-base-9B,768x768,768,768,12,3.5
sports_car_046,contrast_automobile_contemporary,sports_car,Sports car,46,20269549,sports car,sports_car_046.png,images/sports_car_046.png,FLUX.2-klein-base-9B,768x768,768,768,12,3.5
sports_car_047,contrast_automobile_contemporary,sports_car,Sports car,47,20269550,sports car,sports_car_047.png,images/sports_car_047.png,FLUX.2-klein-base-9B,768x768,768,768,12,3.5
sports_car_048,contrast_automobile_contemporary,sports_car,Sports car,48,20269551,sports car,sports_car_048.png,images/sports_car_048.png,FLUX.2-klein-base-9B,768x768,768,768,12,3.5
sports_car_049,contrast_automobile_contemporary,sports_car,Sports car,49,20269552,sports car,sports_car_049.png,images/sports_car_049.png,FLUX.2-klein-base-9B,768x768,768,768,12,3.5
sports_car_050,contrast_automobile_contemporary,sports_car,Sports car,50,20269553,sports car,sports_car_050.png,images/sports_car_050.png,FLUX.2-klein-base-9B,768x768,768,768,12,3.5
sports_car_051,contrast_automobile_contemporary,sports_car,Sports car,51,20269554,sports car,sports_car_051.png,images/sports_car_051.png,FLUX.2-klein-base-9B,768x768,768,768,12,3.5
sports_car_052,contrast_automobile_contemporary,sports_car,Sports car,52,20269555,sports car,sports_car_052.png,images/sports_car_052.png,FLUX.2-klein-base-9B,768x768,768,768,12,3.5
sports_car_053,contrast_automobile_contemporary,sports_car,Sports car,53,20269556,sports car,sports_car_053.png,images/sports_car_053.png,FLUX.2-klein-base-9B,768x768,768,768,12,3.5
sports_car_054,contrast_automobile_contemporary,sports_car,Sports car,54,20269557,sports car,sports_car_054.png,images/sports_car_054.png,FLUX.2-klein-base-9B,768x768,768,768,12,3.5
sports_car_055,contrast_automobile_contemporary,sports_car,Sports car,55,20269558,sports car,sports_car_055.png,images/sports_car_055.png,FLUX.2-klein-base-9B,768x768,768,768,12,3.5
sports_car_056,contrast_automobile_contemporary,sports_car,Sports car,56,20269559,sports car,sports_car_056.png,images/sports_car_056.png,FLUX.2-klein-base-9B,768x768,768,768,12,3.5
sports_car_057,contrast_automobile_contemporary,sports_car,Sports car,57,20269560,sports car,sports_car_057.png,images/sports_car_057.png,FLUX.2-klein-base-9B,768x768,768,768,12,3.5
sports_car_058,contrast_automobile_contemporary,sports_car,Sports car,58,20269561,sports car,sports_car_058.png,images/sports_car_058.png,FLUX.2-klein-base-9B,768x768,768,768,12,3.5
sports_car_059,contrast_automobile_contemporary,sports_car,Sports car,59,20269562,sports car,sports_car_059.png,images/sports_car_059.png,FLUX.2-klein-base-9B,768x768,768,768,12,3.5
sports_car_060,contrast_automobile_contemporary,sports_car,Sports car,60,20269563,sports car,sports_car_060.png,images/sports_car_060.png,FLUX.2-klein-base-9B,768x768,768,768,12,3.5
sports_car_061,contrast_automobile_contemporary,sports_car,Sports car,61,20269564,sports car,sports_car_061.png,images/sports_car_061.png,FLUX.2-klein-base-9B,768x768,768,768,12,3.5
sports_car_062,contrast_automobile_contemporary,sports_car,Sports car,62,20269565,sports car,sports_car_062.png,images/sports_car_062.png,FLUX.2-klein-base-9B,768x768,768,768,12,3.5
sports_car_063,contrast_automobile_contemporary,sports_car,Sports car,63,20269566,sports car,sports_car_063.png,images/sports_car_063.png,FLUX.2-klein-base-9B,768x768,768,768,12,3.5
sports_car_064,contrast_automobile_contemporary,sports_car,Sports car,64,20269567,sports car,sports_car_064.png,images/sports_car_064.png,FLUX.2-klein-base-9B,768x768,768,768,12,3.5
sports_car_065,contrast_automobile_contemporary,sports_car,Sports car,65,20269568,sports car,sports_car_065.png,images/sports_car_065.png,FLUX.2-klein-base-9B,768x768,768,768,12,3.5
sports_car_066,contrast_automobile_contemporary,sports_car,Sports car,66,20269569,sports car,sports_car_066.png,images/sports_car_066.png,FLUX.2-klein-base-9B,768x768,768,768,12,3.5
sports_car_067,contrast_automobile_contemporary,sports_car,Sports car,67,20269570,sports car,sports_car_067.png,images/sports_car_067.png,FLUX.2-klein-base-9B,768x768,768,768,12,3.5
sports_car_068,contrast_automobile_contemporary,sports_car,Sports car,68,20269571,sports car,sports_car_068.png,images/sports_car_068.png,FLUX.2-klein-base-9B,768x768,768,768,12,3.5
sports_car_069,contrast_automobile_contemporary,sports_car,Sports car,69,20269572,sports car,sports_car_069.png,images/sports_car_069.png,FLUX.2-klein-base-9B,768x768,768,768,12,3.5
sports_car_070,contrast_automobile_contemporary,sports_car,Sports car,70,20269573,sports car,sports_car_070.png,images/sports_car_070.png,FLUX.2-klein-base-9B,768x768,768,768,12,3.5
sports_car_071,contrast_automobile_contemporary,sports_car,Sports car,71,20269574,sports car,sports_car_071.png,images/sports_car_071.png,FLUX.2-klein-base-9B,768x768,768,768,12,3.5
sports_car_072,contrast_automobile_contemporary,sports_car,Sports car,72,20269575,sports car,sports_car_072.png,images/sports_car_072.png,FLUX.2-klein-base-9B,768x768,768,768,12,3.5
sports_car_073,contrast_automobile_contemporary,sports_car,Sports car,73,20269576,sports car,sports_car_073.png,images/sports_car_073.png,FLUX.2-klein-base-9B,768x768,768,768,12,3.5
sports_car_074,contrast_automobile_contemporary,sports_car,Sports car,74,20269577,sports car,sports_car_074.png,images/sports_car_074.png,FLUX.2-klein-base-9B,768x768,768,768,12,3.5
sports_car_075,contrast_automobile_contemporary,sports_car,Sports car,75,20269578,sports car,sports_car_075.png,images/sports_car_075.png,FLUX.2-klein-base-9B,768x768,768,768,12,3.5
sports_car_076,contrast_automobile_contemporary,sports_car,Sports car,76,20269579,sports car,sports_car_076.png,images/sports_car_076.png,FLUX.2-klein-base-9B,768x768,768,768,12,3.5
sports_car_077,contrast_automobile_contemporary,sports_car,Sports car,77,20269580,sports car,sports_car_077.png,images/sports_car_077.png,FLUX.2-klein-base-9B,768x768,768,768,12,3.5
sports_car_078,contrast_automobile_contemporary,sports_car,Sports car,78,20269581,sports car,sports_car_078.png,images/sports_car_078.png,FLUX.2-klein-base-9B,768x768,768,768,12,3.5
sports_car_079,contrast_automobile_contemporary,sports_car,Sports car,79,20269582,sports car,sports_car_079.png,images/sports_car_079.png,FLUX.2-klein-base-9B,768x768,768,768,12,3.5
sports_car_080,contrast_automobile_contemporary,sports_car,Sports car,80,20269583,sports car,sports_car_080.png,images/sports_car_080.png,FLUX.2-klein-base-9B,768x768,768,768,12,3.5
sports_car_081,contrast_automobile_contemporary,sports_car,Sports car,81,20269584,sports car,sports_car_081.png,images/sports_car_081.png,FLUX.2-klein-base-9B,768x768,768,768,12,3.5
sports_car_082,contrast_automobile_contemporary,sports_car,Sports car,82,20269585,sports car,sports_car_082.png,images/sports_car_082.png,FLUX.2-klein-base-9B,768x768,768,768,12,3.5
sports_car_083,contrast_automobile_contemporary,sports_car,Sports car,83,20269586,sports car,sports_car_083.png,images/sports_car_083.png,FLUX.2-klein-base-9B,768x768,768,768,12,3.5
sports_car_084,contrast_automobile_contemporary,sports_car,Sports car,84,20269587,sports car,sports_car_084.png,images/sports_car_084.png,FLUX.2-klein-base-9B,768x768,768,768,12,3.5
sports_car_085,contrast_automobile_contemporary,sports_car,Sports car,85,20269588,sports car,sports_car_085.png,images/sports_car_085.png,FLUX.2-klein-base-9B,768x768,768,768,12,3.5
sports_car_086,contrast_automobile_contemporary,sports_car,Sports car,86,20269589,sports car,sports_car_086.png,images/sports_car_086.png,FLUX.2-klein-base-9B,768x768,768,768,12,3.5
sports_car_087,contrast_automobile_contemporary,sports_car,Sports car,87,20269590,sports car,sports_car_087.png,images/sports_car_087.png,FLUX.2-klein-base-9B,768x768,768,768,12,3.5
sports_car_088,contrast_automobile_contemporary,sports_car,Sports car,88,20269591,sports car,sports_car_088.png,images/sports_car_088.png,FLUX.2-klein-base-9B,768x768,768,768,12,3.5
sports_car_089,contrast_automobile_contemporary,sports_car,Sports car,89,20269592,sports car,sports_car_089.png,images/sports_car_089.png,FLUX.2-klein-base-9B,768x768,768,768,12,3.5
sports_car_090,contrast_automobile_contemporary,sports_car,Sports car,90,20269593,sports car,sports_car_090.png,images/sports_car_090.png,FLUX.2-klein-base-9B,768x768,768,768,12,3.5
sports_car_091,contrast_automobile_contemporary,sports_car,Sports car,91,20269594,sports car,sports_car_091.png,images/sports_car_091.png,FLUX.2-klein-base-9B,768x768,768,768,12,3.5
sports_car_092,contrast_automobile_contemporary,sports_car,Sports car,92,20269595,sports car,sports_car_092.png,images/sports_car_092.png,FLUX.2-klein-base-9B,768x768,768,768,12,3.5
sports_car_093,contrast_automobile_contemporary,sports_car,Sports car,93,20269596,sports car,sports_car_093.png,images/sports_car_093.png,FLUX.2-klein-base-9B,768x768,768,768,12,3.5
sports_car_094,contrast_automobile_contemporary,sports_car,Sports car,94,20269597,sports car,sports_car_094.png,images/sports_car_094.png,FLUX.2-klein-base-9B,768x768,768,768,12,3.5
sports_car_095,contrast_automobile_contemporary,sports_car,Sports car,95,20269598,sports car,sports_car_095.png,images/sports_car_095.png,FLUX.2-klein-base-9B,768x768,768,768,12,3.5
sports_car_096,contrast_automobile_contemporary,sports_car,Sports car,96,20269599,sports car,sports_car_096.png,images/sports_car_096.png,FLUX.2-klein-base-9B,768x768,768,768,12,3.5
sports_car_097,contrast_automobile_contemporary,sports_car,Sports car,97,20269600,sports car,sports_car_097.png,images/sports_car_097.png,FLUX.2-klein-base-9B,768x768,768,768,12,3.5
sports_car_098,contrast_automobile_contemporary,sports_car,Sports car,98,20269601,sports car,sports_car_098.png,images/sports_car_098.png,FLUX.2-klein-base-9B,768x768,768,768,12,3.5
sports_car_099,contrast_automobile_contemporary,sports_car,Sports car,99,20269602,sports car,sports_car_099.png,images/sports_car_099.png,FLUX.2-klein-base-9B,768x768,768,768,12,3.5
sports_car_100,contrast_automobile_contemporary,sports_car,Sports car,100,20269603,sports car,sports_car_100.png,images/sports_car_100.png,FLUX.2-klein-base-9B,768x768,768,768,12,3.5
sports_car_101,contrast_automobile_contemporary,sports_car,Sports car,101,20269604,sports car,sports_car_101.png,images/sports_car_101.png,FLUX.2-klein-base-9B,768x768,768,768,12,3.5
sports_car_102,contrast_automobile_contemporary,sports_car,Sports car,102,20269605,sports car,sports_car_102.png,images/sports_car_102.png,FLUX.2-klein-base-9B,768x768,768,768,12,3.5
sports_car_103,contrast_automobile_contemporary,sports_car,Sports car,103,20269606,sports car,sports_car_103.png,images/sports_car_103.png,FLUX.2-klein-base-9B,768x768,768,768,12,3.5
sports_car_104,contrast_automobile_contemporary,sports_car,Sports car,104,20269607,sports car,sports_car_104.png,images/sports_car_104.png,FLUX.2-klein-base-9B,768x768,768,768,12,3.5
sports_car_105,contrast_automobile_contemporary,sports_car,Sports car,105,20269608,sports car,sports_car_105.png,images/sports_car_105.png,FLUX.2-klein-base-9B,768x768,768,768,12,3.5
sports_car_106,contrast_automobile_contemporary,sports_car,Sports car,106,20269609,sports car,sports_car_106.png,images/sports_car_106.png,FLUX.2-klein-base-9B,768x768,768,768,12,3.5
sports_car_107,contrast_automobile_contemporary,sports_car,Sports car,107,20269610,sports car,sports_car_107.png,images/sports_car_107.png,FLUX.2-klein-base-9B,768x768,768,768,12,3.5
sports_car_108,contrast_automobile_contemporary,sports_car,Sports car,108,20269611,sports car,sports_car_108.png,images/sports_car_108.png,FLUX.2-klein-base-9B,768x768,768,768,12,3.5
sports_car_109,contrast_automobile_contemporary,sports_car,Sports car,109,20269612,sports car,sports_car_109.png,images/sports_car_109.png,FLUX.2-klein-base-9B,768x768,768,768,12,3.5
sports_car_110,contrast_automobile_contemporary,sports_car,Sports car,110,20269613,sports car,sports_car_110.png,images/sports_car_110.png,FLUX.2-klein-base-9B,768x768,768,768,12,3.5
sports_car_111,contrast_automobile_contemporary,sports_car,Sports car,111,20269614,sports car,sports_car_111.png,images/sports_car_111.png,FLUX.2-klein-base-9B,768x768,768,768,12,3.5
sports_car_112,contrast_automobile_contemporary,sports_car,Sports car,112,20269615,sports car,sports_car_112.png,images/sports_car_112.png,FLUX.2-klein-base-9B,768x768,768,768,12,3.5
sports_car_113,contrast_automobile_contemporary,sports_car,Sports car,113,20269616,sports car,sports_car_113.png,images/sports_car_113.png,FLUX.2-klein-base-9B,768x768,768,768,12,3.5
sports_car_114,contrast_automobile_contemporary,sports_car,Sports car,114,20269617,sports car,sports_car_114.png,images/sports_car_114.png,FLUX.2-klein-base-9B,768x768,768,768,12,3.5
sports_car_115,contrast_automobile_contemporary,sports_car,Sports car,115,20269618,sports car,sports_car_115.png,images/sports_car_115.png,FLUX.2-klein-base-9B,768x768,768,768,12,3.5
sports_car_116,contrast_automobile_contemporary,sports_car,Sports car,116,20269619,sports car,sports_car_116.png,images/sports_car_116.png,FLUX.2-klein-base-9B,768x768,768,768,12,3.5
sports_car_117,contrast_automobile_contemporary,sports_car,Sports car,117,20269620,sports car,sports_car_117.png,images/sports_car_117.png,FLUX.2-klein-base-9B,768x768,768,768,12,3.5
sports_car_118,contrast_automobile_contemporary,sports_car,Sports car,118,20269621,sports car,sports_car_118.png,images/sports_car_118.png,FLUX.2-klein-base-9B,768x768,768,768,12,3.5
sports_car_119,contrast_automobile_contemporary,sports_car,Sports car,119,20269622,sports car,sports_car_119.png,images/sports_car_119.png,FLUX.2-klein-base-9B,768x768,768,768,12,3.5
sports_car_120,contrast_automobile_contemporary,sports_car,Sports car,120,20269623,sports car,sports_car_120.png,images/sports_car_120.png,FLUX.2-klein-base-9B,768x768,768,768,12,3.5
sports_car_121,contrast_automobile_contemporary,sports_car,Sports car,121,20269624,sports car,sports_car_121.png,images/sports_car_121.png,FLUX.2-klein-base-9B,768x768,768,768,12,3.5
sports_car_122,contrast_automobile_contemporary,sports_car,Sports car,122,20269625,sports car,sports_car_122.png,images/sports_car_122.png,FLUX.2-klein-base-9B,768x768,768,768,12,3.5
sports_car_123,contrast_automobile_contemporary,sports_car,Sports car,123,20269626,sports car,sports_car_123.png,images/sports_car_123.png,FLUX.2-klein-base-9B,768x768,768,768,12,3.5
sports_car_124,contrast_automobile_contemporary,sports_car,Sports car,124,20269627,sports car,sports_car_124.png,images/sports_car_124.png,FLUX.2-klein-base-9B,768x768,768,768,12,3.5
sports_car_125,contrast_automobile_contemporary,sports_car,Sports car,125,20269628,sports car,sports_car_125.png,images/sports_car_125.png,FLUX.2-klein-base-9B,768x768,768,768,12,3.5
sports_car_126,contrast_automobile_contemporary,sports_car,Sports car,126,20269629,sports car,sports_car_126.png,images/sports_car_126.png,FLUX.2-klein-base-9B,768x768,768,768,12,3.5
sports_car_127,contrast_automobile_contemporary,sports_car,Sports car,127,20269630,sports car,sports_car_127.png,images/sports_car_127.png,FLUX.2-klein-base-9B,768x768,768,768,12,3.5
sports_car_128,contrast_automobile_contemporary,sports_car,Sports car,128,20269631,sports car,sports_car_128.png,images/sports_car_128.png,FLUX.2-klein-base-9B,768x768,768,768,12,3.5
sports_car_129,contrast_automobile_contemporary,sports_car,Sports car,129,20269632,sports car,sports_car_129.png,images/sports_car_129.png,FLUX.2-klein-base-9B,768x768,768,768,12,3.5
sports_car_130,contrast_automobile_contemporary,sports_car,Sports car,130,20269633,sports car,sports_car_130.png,images/sports_car_130.png,FLUX.2-klein-base-9B,768x768,768,768,12,3.5
sports_car_131,contrast_automobile_contemporary,sports_car,Sports car,131,20269634,sports car,sports_car_131.png,images/sports_car_131.png,FLUX.2-klein-base-9B,768x768,768,768,12,3.5
sports_car_132,contrast_automobile_contemporary,sports_car,Sports car,132,20269635,sports car,sports_car_132.png,images/sports_car_132.png,FLUX.2-klein-base-9B,768x768,768,768,12,3.5
sports_car_133,contrast_automobile_contemporary,sports_car,Sports car,133,20269636,sports car,sports_car_133.png,images/sports_car_133.png,FLUX.2-klein-base-9B,768x768,768,768,12,3.5
sports_car_134,contrast_automobile_contemporary,sports_car,Sports car,134,20269637,sports car,sports_car_134.png,images/sports_car_134.png,FLUX.2-klein-base-9B,768x768,768,768,12,3.5
sports_car_135,contrast_automobile_contemporary,sports_car,Sports car,135,20269638,sports car,sports_car_135.png,images/sports_car_135.png,FLUX.2-klein-base-9B,768x768,768,768,12,3.5
sports_car_136,contrast_automobile_contemporary,sports_car,Sports car,136,20269639,sports car,sports_car_136.png,images/sports_car_136.png,FLUX.2-klein-base-9B,768x768,768,768,12,3.5
sports_car_137,contrast_automobile_contemporary,sports_car,Sports car,137,20269640,sports car,sports_car_137.png,images/sports_car_137.png,FLUX.2-klein-base-9B,768x768,768,768,12,3.5
sports_car_138,contrast_automobile_contemporary,sports_car,Sports car,138,20269641,sports car,sports_car_138.png,images/sports_car_138.png,FLUX.2-klein-base-9B,768x768,768,768,12,3.5
sports_car_139,contrast_automobile_contemporary,sports_car,Sports car,139,20269642,sports car,sports_car_139.png,images/sports_car_139.png,FLUX.2-klein-base-9B,768x768,768,768,12,3.5
sports_car_140,contrast_automobile_contemporary,sports_car,Sports car,140,20269643,sports car,sports_car_140.png,images/sports_car_140.png,FLUX.2-klein-base-9B,768x768,768,768,12,3.5
sports_car_141,contrast_automobile_contemporary,sports_car,Sports car,141,20269644,sports car,sports_car_141.png,images/sports_car_141.png,FLUX.2-klein-base-9B,768x768,768,768,12,3.5
sports_car_142,contrast_automobile_contemporary,sports_car,Sports car,142,20269645,sports car,sports_car_142.png,images/sports_car_142.png,FLUX.2-klein-base-9B,768x768,768,768,12,3.5
sports_car_143,contrast_automobile_contemporary,sports_car,Sports car,143,20269646,sports car,sports_car_143.png,images/sports_car_143.png,FLUX.2-klein-base-9B,768x768,768,768,12,3.5
sports_car_144,contrast_automobile_contemporary,sports_car,Sports car,144,20269647,sports car,sports_car_144.png,images/sports_car_144.png,FLUX.2-klein-base-9B,768x768,768,768,12,3.5
sports_car_145,contrast_automobile_contemporary,sports_car,Sports car,145,20269648,sports car,sports_car_145.png,images/sports_car_145.png,FLUX.2-klein-base-9B,768x768,768,768,12,3.5
sports_car_146,contrast_automobile_contemporary,sports_car,Sports car,146,20269649,sports car,sports_car_146.png,images/sports_car_146.png,FLUX.2-klein-base-9B,768x768,768,768,12,3.5
sports_car_147,contrast_automobile_contemporary,sports_car,Sports car,147,20269650,sports car,sports_car_147.png,images/sports_car_147.png,FLUX.2-klein-base-9B,768x768,768,768,12,3.5
sports_car_148,contrast_automobile_contemporary,sports_car,Sports car,148,20269651,sports car,sports_car_148.png,images/sports_car_148.png,FLUX.2-klein-base-9B,768x768,768,768,12,3.5
sports_car_149,contrast_automobile_contemporary,sports_car,Sports car,149,20269652,sports car,sports_car_149.png,images/sports_car_149.png,FLUX.2-klein-base-9B,768x768,768,768,12,3.5
sports_car_150,contrast_automobile_contemporary,sports_car,Sports car,150,20269653,sports car,sports_car_150.png,images/sports_car_150.png,FLUX.2-klein-base-9B,768x768,768,768,12,3.5
sports_car_151,contrast_automobile_contemporary,sports_car,Sports car,151,20269654,sports car,sports_car_151.png,images/sports_car_151.png,FLUX.2-klein-base-9B,768x768,768,768,12,3.5
sports_car_152,contrast_automobile_contemporary,sports_car,Sports car,152,20269655,sports car,sports_car_152.png,images/sports_car_152.png,FLUX.2-klein-base-9B,768x768,768,768,12,3.5
sports_car_153,contrast_automobile_contemporary,sports_car,Sports car,153,20269656,sports car,sports_car_153.png,images/sports_car_153.png,FLUX.2-klein-base-9B,768x768,768,768,12,3.5
sports_car_154,contrast_automobile_contemporary,sports_car,Sports car,154,20269657,sports car,sports_car_154.png,images/sports_car_154.png,FLUX.2-klein-base-9B,768x768,768,768,12,3.5
sports_car_155,contrast_automobile_contemporary,sports_car,Sports car,155,20269658,sports car,sports_car_155.png,images/sports_car_155.png,FLUX.2-klein-base-9B,768x768,768,768,12,3.5
sports_car_156,contrast_automobile_contemporary,sports_car,Sports car,156,20269659,sports car,sports_car_156.png,images/sports_car_156.png,FLUX.2-klein-base-9B,768x768,768,768,12,3.5
sports_car_157,contrast_automobile_contemporary,sports_car,Sports car,157,20269660,sports car,sports_car_157.png,images/sports_car_157.png,FLUX.2-klein-base-9B,768x768,768,768,12,3.5
sports_car_158,contrast_automobile_contemporary,sports_car,Sports car,158,20269661,sports car,sports_car_158.png,images/sports_car_158.png,FLUX.2-klein-base-9B,768x768,768,768,12,3.5
sports_car_159,contrast_automobile_contemporary,sports_car,Sports car,159,20269662,sports car,sports_car_159.png,images/sports_car_159.png,FLUX.2-klein-base-9B,768x768,768,768,12,3.5
sports_car_160,contrast_automobile_contemporary,sports_car,Sports car,160,20269663,sports car,sports_car_160.png,images/sports_car_160.png,FLUX.2-klein-base-9B,768x768,768,768,12,3.5
sports_car_161,contrast_automobile_contemporary,sports_car,Sports car,161,20269664,sports car,sports_car_161.png,images/sports_car_161.png,FLUX.2-klein-base-9B,768x768,768,768,12,3.5
sports_car_162,contrast_automobile_contemporary,sports_car,Sports car,162,20269665,sports car,sports_car_162.png,images/sports_car_162.png,FLUX.2-klein-base-9B,768x768,768,768,12,3.5
sports_car_163,contrast_automobile_contemporary,sports_car,Sports car,163,20269666,sports car,sports_car_163.png,images/sports_car_163.png,FLUX.2-klein-base-9B,768x768,768,768,12,3.5
sports_car_164,contrast_automobile_contemporary,sports_car,Sports car,164,20269667,sports car,sports_car_164.png,images/sports_car_164.png,FLUX.2-klein-base-9B,768x768,768,768,12,3.5
sports_car_165,contrast_automobile_contemporary,sports_car,Sports car,165,20269668,sports car,sports_car_165.png,images/sports_car_165.png,FLUX.2-klein-base-9B,768x768,768,768,12,3.5
sports_car_166,contrast_automobile_contemporary,sports_car,Sports car,166,20269669,sports car,sports_car_166.png,images/sports_car_166.png,FLUX.2-klein-base-9B,768x768,768,768,12,3.5
sports_car_167,contrast_automobile_contemporary,sports_car,Sports car,167,20269670,sports car,sports_car_167.png,images/sports_car_167.png,FLUX.2-klein-base-9B,768x768,768,768,12,3.5
sports_car_168,contrast_automobile_contemporary,sports_car,Sports car,168,20269671,sports car,sports_car_168.png,images/sports_car_168.png,FLUX.2-klein-base-9B,768x768,768,768,12,3.5
sports_car_169,contrast_automobile_contemporary,sports_car,Sports car,169,20269672,sports car,sports_car_169.png,images/sports_car_169.png,FLUX.2-klein-base-9B,768x768,768,768,12,3.5
sports_car_170,contrast_automobile_contemporary,sports_car,Sports car,170,20269673,sports car,sports_car_170.png,images/sports_car_170.png,FLUX.2-klein-base-9B,768x768,768,768,12,3.5
sports_car_171,contrast_automobile_contemporary,sports_car,Sports car,171,20269674,sports car,sports_car_171.png,images/sports_car_171.png,FLUX.2-klein-base-9B,768x768,768,768,12,3.5
sports_car_172,contrast_automobile_contemporary,sports_car,Sports car,172,20269675,sports car,sports_car_172.png,images/sports_car_172.png,FLUX.2-klein-base-9B,768x768,768,768,12,3.5
sports_car_173,contrast_automobile_contemporary,sports_car,Sports car,173,20269676,sports car,sports_car_173.png,images/sports_car_173.png,FLUX.2-klein-base-9B,768x768,768,768,12,3.5
sports_car_174,contrast_automobile_contemporary,sports_car,Sports car,174,20269677,sports car,sports_car_174.png,images/sports_car_174.png,FLUX.2-klein-base-9B,768x768,768,768,12,3.5
sports_car_175,contrast_automobile_contemporary,sports_car,Sports car,175,20269678,sports car,sports_car_175.png,images/sports_car_175.png,FLUX.2-klein-base-9B,768x768,768,768,12,3.5
sports_car_176,contrast_automobile_contemporary,sports_car,Sports car,176,20269679,sports car,sports_car_176.png,images/sports_car_176.png,FLUX.2-klein-base-9B,768x768,768,768,12,3.5
sports_car_177,contrast_automobile_contemporary,sports_car,Sports car,177,20269680,sports car,sports_car_177.png,images/sports_car_177.png,FLUX.2-klein-base-9B,768x768,768,768,12,3.5
sports_car_178,contrast_automobile_contemporary,sports_car,Sports car,178,20269681,sports car,sports_car_178.png,images/sports_car_178.png,FLUX.2-klein-base-9B,768x768,768,768,12,3.5
sports_car_179,contrast_automobile_contemporary,sports_car,Sports car,179,20269682,sports car,sports_car_179.png,images/sports_car_179.png,FLUX.2-klein-base-9B,768x768,768,768,12,3.5
sports_car_180,contrast_automobile_contemporary,sports_car,Sports car,180,20269683,sports car,sports_car_180.png,images/sports_car_180.png,FLUX.2-klein-base-9B,768x768,768,768,12,3.5
sports_car_181,contrast_automobile_contemporary,sports_car,Sports car,181,20269684,sports car,sports_car_181.png,images/sports_car_181.png,FLUX.2-klein-base-9B,768x768,768,768,12,3.5
sports_car_182,contrast_automobile_contemporary,sports_car,Sports car,182,20269685,sports car,sports_car_182.png,images/sports_car_182.png,FLUX.2-klein-base-9B,768x768,768,768,12,3.5
sports_car_183,contrast_automobile_contemporary,sports_car,Sports car,183,20269686,sports car,sports_car_183.png,images/sports_car_183.png,FLUX.2-klein-base-9B,768x768,768,768,12,3.5
sports_car_184,contrast_automobile_contemporary,sports_car,Sports car,184,20269687,sports car,sports_car_184.png,images/sports_car_184.png,FLUX.2-klein-base-9B,768x768,768,768,12,3.5
sports_car_185,contrast_automobile_contemporary,sports_car,Sports car,185,20269688,sports car,sports_car_185.png,images/sports_car_185.png,FLUX.2-klein-base-9B,768x768,768,768,12,3.5
sports_car_186,contrast_automobile_contemporary,sports_car,Sports car,186,20269689,sports car,sports_car_186.png,images/sports_car_186.png,FLUX.2-klein-base-9B,768x768,768,768,12,3.5
sports_car_187,contrast_automobile_contemporary,sports_car,Sports car,187,20269690,sports car,sports_car_187.png,images/sports_car_187.png,FLUX.2-klein-base-9B,768x768,768,768,12,3.5
sports_car_188,contrast_automobile_contemporary,sports_car,Sports car,188,20269691,sports car,sports_car_188.png,images/sports_car_188.png,FLUX.2-klein-base-9B,768x768,768,768,12,3.5
sports_car_189,contrast_automobile_contemporary,sports_car,Sports car,189,20269692,sports car,sports_car_189.png,images/sports_car_189.png,FLUX.2-klein-base-9B,768x768,768,768,12,3.5
sports_car_190,contrast_automobile_contemporary,sports_car,Sports car,190,20269693,sports car,sports_car_190.png,images/sports_car_190.png,FLUX.2-klein-base-9B,768x768,768,768,12,3.5
sports_car_191,contrast_automobile_contemporary,sports_car,Sports car,191,20269694,sports car,sports_car_191.png,images/sports_car_191.png,FLUX.2-klein-base-9B,768x768,768,768,12,3.5
sports_car_192,contrast_automobile_contemporary,sports_car,Sports car,192,20269695,sports car,sports_car_192.png,images/sports_car_192.png,FLUX.2-klein-base-9B,768x768,768,768,12,3.5
sports_car_193,contrast_automobile_contemporary,sports_car,Sports car,193,20269696,sports car,sports_car_193.png,images/sports_car_193.png,FLUX.2-klein-base-9B,768x768,768,768,12,3.5
sports_car_194,contrast_automobile_contemporary,sports_car,Sports car,194,20269697,sports car,sports_car_194.png,images/sports_car_194.png,FLUX.2-klein-base-9B,768x768,768,768,12,3.5
sports_car_195,contrast_automobile_contemporary,sports_car,Sports car,195,20269698,sports car,sports_car_195.png,images/sports_car_195.png,FLUX.2-klein-base-9B,768x768,768,768,12,3.5
sports_car_196,contrast_automobile_contemporary,sports_car,Sports car,196,20269699,sports car,sports_car_196.png,images/sports_car_196.png,FLUX.2-klein-base-9B,768x768,768,768,12,3.5
sports_car_197,contrast_automobile_contemporary,sports_car,Sports car,197,20269700,sports car,sports_car_197.png,images/sports_car_197.png,FLUX.2-klein-base-9B,768x768,768,768,12,3.5
sports_car_198,contrast_automobile_contemporary,sports_car,Sports car,198,20269701,sports car,sports_car_198.png,images/sports_car_198.png,FLUX.2-klein-base-9B,768x768,768,768,12,3.5
sports_car_199,contrast_automobile_contemporary,sports_car,Sports car,199,20269702,sports car,sports_car_199.png,images/sports_car_199.png,FLUX.2-klein-base-9B,768x768,768,768,12,3.5
sports_car_200,contrast_automobile_contemporary,sports_car,Sports car,200,20269703,sports car,sports_car_200.png,images/sports_car_200.png,FLUX.2-klein-base-9B,768x768,768,768,12,3.5
broom_001,contrast_cleaning_manual,broom,Broom,1,20270504,broom,broom_001.png,images/broom_001.png,FLUX.2-klein-base-9B,768x768,768,768,12,3.5
broom_002,contrast_cleaning_manual,broom,Broom,2,20270505,broom,broom_002.png,images/broom_002.png,FLUX.2-klein-base-9B,768x768,768,768,12,3.5
broom_003,contrast_cleaning_manual,broom,Broom,3,20270506,broom,broom_003.png,images/broom_003.png,FLUX.2-klein-base-9B,768x768,768,768,12,3.5
broom_004,contrast_cleaning_manual,broom,Broom,4,20270507,broom,broom_004.png,images/broom_004.png,FLUX.2-klein-base-9B,768x768,768,768,12,3.5
broom_005,contrast_cleaning_manual,broom,Broom,5,20270508,broom,broom_005.png,images/broom_005.png,FLUX.2-klein-base-9B,768x768,768,768,12,3.5
broom_006,contrast_cleaning_manual,broom,Broom,6,20270509,broom,broom_006.png,images/broom_006.png,FLUX.2-klein-base-9B,768x768,768,768,12,3.5
broom_007,contrast_cleaning_manual,broom,Broom,7,20270510,broom,broom_007.png,images/broom_007.png,FLUX.2-klein-base-9B,768x768,768,768,12,3.5
broom_008,contrast_cleaning_manual,broom,Broom,8,20270511,broom,broom_008.png,images/broom_008.png,FLUX.2-klein-base-9B,768x768,768,768,12,3.5
broom_009,contrast_cleaning_manual,broom,Broom,9,20270512,broom,broom_009.png,images/broom_009.png,FLUX.2-klein-base-9B,768x768,768,768,12,3.5
broom_010,contrast_cleaning_manual,broom,Broom,10,20270513,broom,broom_010.png,images/broom_010.png,FLUX.2-klein-base-9B,768x768,768,768,12,3.5
broom_011,contrast_cleaning_manual,broom,Broom,11,20270514,broom,broom_011.png,images/broom_011.png,FLUX.2-klein-base-9B,768x768,768,768,12,3.5
broom_012,contrast_cleaning_manual,broom,Broom,12,20270515,broom,broom_012.png,images/broom_012.png,FLUX.2-klein-base-9B,768x768,768,768,12,3.5
broom_013,contrast_cleaning_manual,broom,Broom,13,20270516,broom,broom_013.png,images/broom_013.png,FLUX.2-klein-base-9B,768x768,768,768,12,3.5
broom_014,contrast_cleaning_manual,broom,Broom,14,20270517,broom,broom_014.png,images/broom_014.png,FLUX.2-klein-base-9B,768x768,768,768,12,3.5
broom_015,contrast_cleaning_manual,broom,Broom,15,20270518,broom,broom_015.png,images/broom_015.png,FLUX.2-klein-base-9B,768x768,768,768,12,3.5
broom_016,contrast_cleaning_manual,broom,Broom,16,20270519,broom,broom_016.png,images/broom_016.png,FLUX.2-klein-base-9B,768x768,768,768,12,3.5
broom_017,contrast_cleaning_manual,broom,Broom,17,20270520,broom,broom_017.png,images/broom_017.png,FLUX.2-klein-base-9B,768x768,768,768,12,3.5
broom_018,contrast_cleaning_manual,broom,Broom,18,20270521,broom,broom_018.png,images/broom_018.png,FLUX.2-klein-base-9B,768x768,768,768,12,3.5
broom_019,contrast_cleaning_manual,broom,Broom,19,20270522,broom,broom_019.png,images/broom_019.png,FLUX.2-klein-base-9B,768x768,768,768,12,3.5
broom_020,contrast_cleaning_manual,broom,Broom,20,20270523,broom,broom_020.png,images/broom_020.png,FLUX.2-klein-base-9B,768x768,768,768,12,3.5
broom_021,contrast_cleaning_manual,broom,Broom,21,20270524,broom,broom_021.png,images/broom_021.png,FLUX.2-klein-base-9B,768x768,768,768,12,3.5
broom_022,contrast_cleaning_manual,broom,Broom,22,20270525,broom,broom_022.png,images/broom_022.png,FLUX.2-klein-base-9B,768x768,768,768,12,3.5
broom_023,contrast_cleaning_manual,broom,Broom,23,20270526,broom,broom_023.png,images/broom_023.png,FLUX.2-klein-base-9B,768x768,768,768,12,3.5
broom_024,contrast_cleaning_manual,broom,Broom,24,20270527,broom,broom_024.png,images/broom_024.png,FLUX.2-klein-base-9B,768x768,768,768,12,3.5
broom_025,contrast_cleaning_manual,broom,Broom,25,20270528,broom,broom_025.png,images/broom_025.png,FLUX.2-klein-base-9B,768x768,768,768,12,3.5
broom_026,contrast_cleaning_manual,broom,Broom,26,20270529,broom,broom_026.png,images/broom_026.png,FLUX.2-klein-base-9B,768x768,768,768,12,3.5
broom_027,contrast_cleaning_manual,broom,Broom,27,20270530,broom,broom_027.png,images/broom_027.png,FLUX.2-klein-base-9B,768x768,768,768,12,3.5
broom_028,contrast_cleaning_manual,broom,Broom,28,20270531,broom,broom_028.png,images/broom_028.png,FLUX.2-klein-base-9B,768x768,768,768,12,3.5
broom_029,contrast_cleaning_manual,broom,Broom,29,20270532,broom,broom_029.png,images/broom_029.png,FLUX.2-klein-base-9B,768x768,768,768,12,3.5
broom_030,contrast_cleaning_manual,broom,Broom,30,20270533,broom,broom_030.png,images/broom_030.png,FLUX.2-klein-base-9B,768x768,768,768,12,3.5
broom_031,contrast_cleaning_manual,broom,Broom,31,20270534,broom,broom_031.png,images/broom_031.png,FLUX.2-klein-base-9B,768x768,768,768,12,3.5
broom_032,contrast_cleaning_manual,broom,Broom,32,20270535,broom,broom_032.png,images/broom_032.png,FLUX.2-klein-base-9B,768x768,768,768,12,3.5
broom_033,contrast_cleaning_manual,broom,Broom,33,20270536,broom,broom_033.png,images/broom_033.png,FLUX.2-klein-base-9B,768x768,768,768,12,3.5
broom_034,contrast_cleaning_manual,broom,Broom,34,20270537,broom,broom_034.png,images/broom_034.png,FLUX.2-klein-base-9B,768x768,768,768,12,3.5
broom_035,contrast_cleaning_manual,broom,Broom,35,20270538,broom,broom_035.png,images/broom_035.png,FLUX.2-klein-base-9B,768x768,768,768,12,3.5
broom_036,contrast_cleaning_manual,broom,Broom,36,20270539,broom,broom_036.png,images/broom_036.png,FLUX.2-klein-base-9B,768x768,768,768,12,3.5
broom_037,contrast_cleaning_manual,broom,Broom,37,20270540,broom,broom_037.png,images/broom_037.png,FLUX.2-klein-base-9B,768x768,768,768,12,3.5
broom_038,contrast_cleaning_manual,broom,Broom,38,20270541,broom,broom_038.png,images/broom_038.png,FLUX.2-klein-base-9B,768x768,768,768,12,3.5
broom_039,contrast_cleaning_manual,broom,Broom,39,20270542,broom,broom_039.png,images/broom_039.png,FLUX.2-klein-base-9B,768x768,768,768,12,3.5
broom_040,contrast_cleaning_manual,broom,Broom,40,20270543,broom,broom_040.png,images/broom_040.png,FLUX.2-klein-base-9B,768x768,768,768,12,3.5
broom_041,contrast_cleaning_manual,broom,Broom,41,20270544,broom,broom_041.png,images/broom_041.png,FLUX.2-klein-base-9B,768x768,768,768,12,3.5
broom_042,contrast_cleaning_manual,broom,Broom,42,20270545,broom,broom_042.png,images/broom_042.png,FLUX.2-klein-base-9B,768x768,768,768,12,3.5
broom_043,contrast_cleaning_manual,broom,Broom,43,20270546,broom,broom_043.png,images/broom_043.png,FLUX.2-klein-base-9B,768x768,768,768,12,3.5
broom_044,contrast_cleaning_manual,broom,Broom,44,20270547,broom,broom_044.png,images/broom_044.png,FLUX.2-klein-base-9B,768x768,768,768,12,3.5
broom_045,contrast_cleaning_manual,broom,Broom,45,20270548,broom,broom_045.png,images/broom_045.png,FLUX.2-klein-base-9B,768x768,768,768,12,3.5
broom_046,contrast_cleaning_manual,broom,Broom,46,20270549,broom,broom_046.png,images/broom_046.png,FLUX.2-klein-base-9B,768x768,768,768,12,3.5
broom_047,contrast_cleaning_manual,broom,Broom,47,20270550,broom,broom_047.png,images/broom_047.png,FLUX.2-klein-base-9B,768x768,768,768,12,3.5
broom_048,contrast_cleaning_manual,broom,Broom,48,20270551,broom,broom_048.png,images/broom_048.png,FLUX.2-klein-base-9B,768x768,768,768,12,3.5
broom_049,contrast_cleaning_manual,broom,Broom,49,20270552,broom,broom_049.png,images/broom_049.png,FLUX.2-klein-base-9B,768x768,768,768,12,3.5
broom_050,contrast_cleaning_manual,broom,Broom,50,20270553,broom,broom_050.png,images/broom_050.png,FLUX.2-klein-base-9B,768x768,768,768,12,3.5
broom_051,contrast_cleaning_manual,broom,Broom,51,20270554,broom,broom_051.png,images/broom_051.png,FLUX.2-klein-base-9B,768x768,768,768,12,3.5
broom_052,contrast_cleaning_manual,broom,Broom,52,20270555,broom,broom_052.png,images/broom_052.png,FLUX.2-klein-base-9B,768x768,768,768,12,3.5
broom_053,contrast_cleaning_manual,broom,Broom,53,20270556,broom,broom_053.png,images/broom_053.png,FLUX.2-klein-base-9B,768x768,768,768,12,3.5
broom_054,contrast_cleaning_manual,broom,Broom,54,20270557,broom,broom_054.png,images/broom_054.png,FLUX.2-klein-base-9B,768x768,768,768,12,3.5
broom_055,contrast_cleaning_manual,broom,Broom,55,20270558,broom,broom_055.png,images/broom_055.png,FLUX.2-klein-base-9B,768x768,768,768,12,3.5
broom_056,contrast_cleaning_manual,broom,Broom,56,20270559,broom,broom_056.png,images/broom_056.png,FLUX.2-klein-base-9B,768x768,768,768,12,3.5
broom_057,contrast_cleaning_manual,broom,Broom,57,20270560,broom,broom_057.png,images/broom_057.png,FLUX.2-klein-base-9B,768x768,768,768,12,3.5
broom_058,contrast_cleaning_manual,broom,Broom,58,20270561,broom,broom_058.png,images/broom_058.png,FLUX.2-klein-base-9B,768x768,768,768,12,3.5
broom_059,contrast_cleaning_manual,broom,Broom,59,20270562,broom,broom_059.png,images/broom_059.png,FLUX.2-klein-base-9B,768x768,768,768,12,3.5
broom_060,contrast_cleaning_manual,broom,Broom,60,20270563,broom,broom_060.png,images/broom_060.png,FLUX.2-klein-base-9B,768x768,768,768,12,3.5
broom_061,contrast_cleaning_manual,broom,Broom,61,20270564,broom,broom_061.png,images/broom_061.png,FLUX.2-klein-base-9B,768x768,768,768,12,3.5
broom_062,contrast_cleaning_manual,broom,Broom,62,20270565,broom,broom_062.png,images/broom_062.png,FLUX.2-klein-base-9B,768x768,768,768,12,3.5
broom_063,contrast_cleaning_manual,broom,Broom,63,20270566,broom,broom_063.png,images/broom_063.png,FLUX.2-klein-base-9B,768x768,768,768,12,3.5
broom_064,contrast_cleaning_manual,broom,Broom,64,20270567,broom,broom_064.png,images/broom_064.png,FLUX.2-klein-base-9B,768x768,768,768,12,3.5
broom_065,contrast_cleaning_manual,broom,Broom,65,20270568,broom,broom_065.png,images/broom_065.png,FLUX.2-klein-base-9B,768x768,768,768,12,3.5
broom_066,contrast_cleaning_manual,broom,Broom,66,20270569,broom,broom_066.png,images/broom_066.png,FLUX.2-klein-base-9B,768x768,768,768,12,3.5
broom_067,contrast_cleaning_manual,broom,Broom,67,20270570,broom,broom_067.png,images/broom_067.png,FLUX.2-klein-base-9B,768x768,768,768,12,3.5
broom_068,contrast_cleaning_manual,broom,Broom,68,20270571,broom,broom_068.png,images/broom_068.png,FLUX.2-klein-base-9B,768x768,768,768,12,3.5
broom_069,contrast_cleaning_manual,broom,Broom,69,20270572,broom,broom_069.png,images/broom_069.png,FLUX.2-klein-base-9B,768x768,768,768,12,3.5
broom_070,contrast_cleaning_manual,broom,Broom,70,20270573,broom,broom_070.png,images/broom_070.png,FLUX.2-klein-base-9B,768x768,768,768,12,3.5
broom_071,contrast_cleaning_manual,broom,Broom,71,20270574,broom,broom_071.png,images/broom_071.png,FLUX.2-klein-base-9B,768x768,768,768,12,3.5
broom_072,contrast_cleaning_manual,broom,Broom,72,20270575,broom,broom_072.png,images/broom_072.png,FLUX.2-klein-base-9B,768x768,768,768,12,3.5
broom_073,contrast_cleaning_manual,broom,Broom,73,20270576,broom,broom_073.png,images/broom_073.png,FLUX.2-klein-base-9B,768x768,768,768,12,3.5
broom_074,contrast_cleaning_manual,broom,Broom,74,20270577,broom,broom_074.png,images/broom_074.png,FLUX.2-klein-base-9B,768x768,768,768,12,3.5
broom_075,contrast_cleaning_manual,broom,Broom,75,20270578,broom,broom_075.png,images/broom_075.png,FLUX.2-klein-base-9B,768x768,768,768,12,3.5
broom_076,contrast_cleaning_manual,broom,Broom,76,20270579,broom,broom_076.png,images/broom_076.png,FLUX.2-klein-base-9B,768x768,768,768,12,3.5
broom_077,contrast_cleaning_manual,broom,Broom,77,20270580,broom,broom_077.png,images/broom_077.png,FLUX.2-klein-base-9B,768x768,768,768,12,3.5
broom_078,contrast_cleaning_manual,broom,Broom,78,20270581,broom,broom_078.png,images/broom_078.png,FLUX.2-klein-base-9B,768x768,768,768,12,3.5
broom_079,contrast_cleaning_manual,broom,Broom,79,20270582,broom,broom_079.png,images/broom_079.png,FLUX.2-klein-base-9B,768x768,768,768,12,3.5
broom_080,contrast_cleaning_manual,broom,Broom,80,20270583,broom,broom_080.png,images/broom_080.png,FLUX.2-klein-base-9B,768x768,768,768,12,3.5
broom_081,contrast_cleaning_manual,broom,Broom,81,20270584,broom,broom_081.png,images/broom_081.png,FLUX.2-klein-base-9B,768x768,768,768,12,3.5
broom_082,contrast_cleaning_manual,broom,Broom,82,20270585,broom,broom_082.png,images/broom_082.png,FLUX.2-klein-base-9B,768x768,768,768,12,3.5
broom_083,contrast_cleaning_manual,broom,Broom,83,20270586,broom,broom_083.png,images/broom_083.png,FLUX.2-klein-base-9B,768x768,768,768,12,3.5
broom_084,contrast_cleaning_manual,broom,Broom,84,20270587,broom,broom_084.png,images/broom_084.png,FLUX.2-klein-base-9B,768x768,768,768,12,3.5
broom_085,contrast_cleaning_manual,broom,Broom,85,20270588,broom,broom_085.png,images/broom_085.png,FLUX.2-klein-base-9B,768x768,768,768,12,3.5
broom_086,contrast_cleaning_manual,broom,Broom,86,20270589,broom,broom_086.png,images/broom_086.png,FLUX.2-klein-base-9B,768x768,768,768,12,3.5
broom_087,contrast_cleaning_manual,broom,Broom,87,20270590,broom,broom_087.png,images/broom_087.png,FLUX.2-klein-base-9B,768x768,768,768,12,3.5
broom_088,contrast_cleaning_manual,broom,Broom,88,20270591,broom,broom_088.png,images/broom_088.png,FLUX.2-klein-base-9B,768x768,768,768,12,3.5
broom_089,contrast_cleaning_manual,broom,Broom,89,20270592,broom,broom_089.png,images/broom_089.png,FLUX.2-klein-base-9B,768x768,768,768,12,3.5
broom_090,contrast_cleaning_manual,broom,Broom,90,20270593,broom,broom_090.png,images/broom_090.png,FLUX.2-klein-base-9B,768x768,768,768,12,3.5
broom_091,contrast_cleaning_manual,broom,Broom,91,20270594,broom,broom_091.png,images/broom_091.png,FLUX.2-klein-base-9B,768x768,768,768,12,3.5
broom_092,contrast_cleaning_manual,broom,Broom,92,20270595,broom,broom_092.png,images/broom_092.png,FLUX.2-klein-base-9B,768x768,768,768,12,3.5
broom_093,contrast_cleaning_manual,broom,Broom,93,20270596,broom,broom_093.png,images/broom_093.png,FLUX.2-klein-base-9B,768x768,768,768,12,3.5
broom_094,contrast_cleaning_manual,broom,Broom,94,20270597,broom,broom_094.png,images/broom_094.png,FLUX.2-klein-base-9B,768x768,768,768,12,3.5
broom_095,contrast_cleaning_manual,broom,Broom,95,20270598,broom,broom_095.png,images/broom_095.png,FLUX.2-klein-base-9B,768x768,768,768,12,3.5
broom_096,contrast_cleaning_manual,broom,Broom,96,20270599,broom,broom_096.png,images/broom_096.png,FLUX.2-klein-base-9B,768x768,768,768,12,3.5
broom_097,contrast_cleaning_manual,broom,Broom,97,20270600,broom,broom_097.png,images/broom_097.png,FLUX.2-klein-base-9B,768x768,768,768,12,3.5
broom_098,contrast_cleaning_manual,broom,Broom,98,20270601,broom,broom_098.png,images/broom_098.png,FLUX.2-klein-base-9B,768x768,768,768,12,3.5
broom_099,contrast_cleaning_manual,broom,Broom,99,20270602,broom,broom_099.png,images/broom_099.png,FLUX.2-klein-base-9B,768x768,768,768,12,3.5
broom_100,contrast_cleaning_manual,broom,Broom,100,20270603,broom,broom_100.png,images/broom_100.png,FLUX.2-klein-base-9B,768x768,768,768,12,3.5
broom_101,contrast_cleaning_manual,broom,Broom,101,20270604,broom,broom_101.png,images/broom_101.png,FLUX.2-klein-base-9B,768x768,768,768,12,3.5
broom_102,contrast_cleaning_manual,broom,Broom,102,20270605,broom,broom_102.png,images/broom_102.png,FLUX.2-klein-base-9B,768x768,768,768,12,3.5
broom_103,contrast_cleaning_manual,broom,Broom,103,20270606,broom,broom_103.png,images/broom_103.png,FLUX.2-klein-base-9B,768x768,768,768,12,3.5
broom_104,contrast_cleaning_manual,broom,Broom,104,20270607,broom,broom_104.png,images/broom_104.png,FLUX.2-klein-base-9B,768x768,768,768,12,3.5
broom_105,contrast_cleaning_manual,broom,Broom,105,20270608,broom,broom_105.png,images/broom_105.png,FLUX.2-klein-base-9B,768x768,768,768,12,3.5
broom_106,contrast_cleaning_manual,broom,Broom,106,20270609,broom,broom_106.png,images/broom_106.png,FLUX.2-klein-base-9B,768x768,768,768,12,3.5
broom_107,contrast_cleaning_manual,broom,Broom,107,20270610,broom,broom_107.png,images/broom_107.png,FLUX.2-klein-base-9B,768x768,768,768,12,3.5
broom_108,contrast_cleaning_manual,broom,Broom,108,20270611,broom,broom_108.png,images/broom_108.png,FLUX.2-klein-base-9B,768x768,768,768,12,3.5
broom_109,contrast_cleaning_manual,broom,Broom,109,20270612,broom,broom_109.png,images/broom_109.png,FLUX.2-klein-base-9B,768x768,768,768,12,3.5
broom_110,contrast_cleaning_manual,broom,Broom,110,20270613,broom,broom_110.png,images/broom_110.png,FLUX.2-klein-base-9B,768x768,768,768,12,3.5
broom_111,contrast_cleaning_manual,broom,Broom,111,20270614,broom,broom_111.png,images/broom_111.png,FLUX.2-klein-base-9B,768x768,768,768,12,3.5
broom_112,contrast_cleaning_manual,broom,Broom,112,20270615,broom,broom_112.png,images/broom_112.png,FLUX.2-klein-base-9B,768x768,768,768,12,3.5
broom_113,contrast_cleaning_manual,broom,Broom,113,20270616,broom,broom_113.png,images/broom_113.png,FLUX.2-klein-base-9B,768x768,768,768,12,3.5
broom_114,contrast_cleaning_manual,broom,Broom,114,20270617,broom,broom_114.png,images/broom_114.png,FLUX.2-klein-base-9B,768x768,768,768,12,3.5
broom_115,contrast_cleaning_manual,broom,Broom,115,20270618,broom,broom_115.png,images/broom_115.png,FLUX.2-klein-base-9B,768x768,768,768,12,3.5
broom_116,contrast_cleaning_manual,broom,Broom,116,20270619,broom,broom_116.png,images/broom_116.png,FLUX.2-klein-base-9B,768x768,768,768,12,3.5
broom_117,contrast_cleaning_manual,broom,Broom,117,20270620,broom,broom_117.png,images/broom_117.png,FLUX.2-klein-base-9B,768x768,768,768,12,3.5
broom_118,contrast_cleaning_manual,broom,Broom,118,20270621,broom,broom_118.png,images/broom_118.png,FLUX.2-klein-base-9B,768x768,768,768,12,3.5
broom_119,contrast_cleaning_manual,broom,Broom,119,20270622,broom,broom_119.png,images/broom_119.png,FLUX.2-klein-base-9B,768x768,768,768,12,3.5
broom_120,contrast_cleaning_manual,broom,Broom,120,20270623,broom,broom_120.png,images/broom_120.png,FLUX.2-klein-base-9B,768x768,768,768,12,3.5
broom_121,contrast_cleaning_manual,broom,Broom,121,20270624,broom,broom_121.png,images/broom_121.png,FLUX.2-klein-base-9B,768x768,768,768,12,3.5
broom_122,contrast_cleaning_manual,broom,Broom,122,20270625,broom,broom_122.png,images/broom_122.png,FLUX.2-klein-base-9B,768x768,768,768,12,3.5
broom_123,contrast_cleaning_manual,broom,Broom,123,20270626,broom,broom_123.png,images/broom_123.png,FLUX.2-klein-base-9B,768x768,768,768,12,3.5
broom_124,contrast_cleaning_manual,broom,Broom,124,20270627,broom,broom_124.png,images/broom_124.png,FLUX.2-klein-base-9B,768x768,768,768,12,3.5
broom_125,contrast_cleaning_manual,broom,Broom,125,20270628,broom,broom_125.png,images/broom_125.png,FLUX.2-klein-base-9B,768x768,768,768,12,3.5
broom_126,contrast_cleaning_manual,broom,Broom,126,20270629,broom,broom_126.png,images/broom_126.png,FLUX.2-klein-base-9B,768x768,768,768,12,3.5
broom_127,contrast_cleaning_manual,broom,Broom,127,20270630,broom,broom_127.png,images/broom_127.png,FLUX.2-klein-base-9B,768x768,768,768,12,3.5
broom_128,contrast_cleaning_manual,broom,Broom,128,20270631,broom,broom_128.png,images/broom_128.png,FLUX.2-klein-base-9B,768x768,768,768,12,3.5
broom_129,contrast_cleaning_manual,broom,Broom,129,20270632,broom,broom_129.png,images/broom_129.png,FLUX.2-klein-base-9B,768x768,768,768,12,3.5
broom_130,contrast_cleaning_manual,broom,Broom,130,20270633,broom,broom_130.png,images/broom_130.png,FLUX.2-klein-base-9B,768x768,768,768,12,3.5
broom_131,contrast_cleaning_manual,broom,Broom,131,20270634,broom,broom_131.png,images/broom_131.png,FLUX.2-klein-base-9B,768x768,768,768,12,3.5
broom_132,contrast_cleaning_manual,broom,Broom,132,20270635,broom,broom_132.png,images/broom_132.png,FLUX.2-klein-base-9B,768x768,768,768,12,3.5
broom_133,contrast_cleaning_manual,broom,Broom,133,20270636,broom,broom_133.png,images/broom_133.png,FLUX.2-klein-base-9B,768x768,768,768,12,3.5
broom_134,contrast_cleaning_manual,broom,Broom,134,20270637,broom,broom_134.png,images/broom_134.png,FLUX.2-klein-base-9B,768x768,768,768,12,3.5
broom_135,contrast_cleaning_manual,broom,Broom,135,20270638,broom,broom_135.png,images/broom_135.png,FLUX.2-klein-base-9B,768x768,768,768,12,3.5
broom_136,contrast_cleaning_manual,broom,Broom,136,20270639,broom,broom_136.png,images/broom_136.png,FLUX.2-klein-base-9B,768x768,768,768,12,3.5
broom_137,contrast_cleaning_manual,broom,Broom,137,20270640,broom,broom_137.png,images/broom_137.png,FLUX.2-klein-base-9B,768x768,768,768,12,3.5
broom_138,contrast_cleaning_manual,broom,Broom,138,20270641,broom,broom_138.png,images/broom_138.png,FLUX.2-klein-base-9B,768x768,768,768,12,3.5
broom_139,contrast_cleaning_manual,broom,Broom,139,20270642,broom,broom_139.png,images/broom_139.png,FLUX.2-klein-base-9B,768x768,768,768,12,3.5
broom_140,contrast_cleaning_manual,broom,Broom,140,20270643,broom,broom_140.png,images/broom_140.png,FLUX.2-klein-base-9B,768x768,768,768,12,3.5
broom_141,contrast_cleaning_manual,broom,Broom,141,20270644,broom,broom_141.png,images/broom_141.png,FLUX.2-klein-base-9B,768x768,768,768,12,3.5
broom_142,contrast_cleaning_manual,broom,Broom,142,20270645,broom,broom_142.png,images/broom_142.png,FLUX.2-klein-base-9B,768x768,768,768,12,3.5
broom_143,contrast_cleaning_manual,broom,Broom,143,20270646,broom,broom_143.png,images/broom_143.png,FLUX.2-klein-base-9B,768x768,768,768,12,3.5
broom_144,contrast_cleaning_manual,broom,Broom,144,20270647,broom,broom_144.png,images/broom_144.png,FLUX.2-klein-base-9B,768x768,768,768,12,3.5
broom_145,contrast_cleaning_manual,broom,Broom,145,20270648,broom,broom_145.png,images/broom_145.png,FLUX.2-klein-base-9B,768x768,768,768,12,3.5
broom_146,contrast_cleaning_manual,broom,Broom,146,20270649,broom,broom_146.png,images/broom_146.png,FLUX.2-klein-base-9B,768x768,768,768,12,3.5
broom_147,contrast_cleaning_manual,broom,Broom,147,20270650,broom,broom_147.png,images/broom_147.png,FLUX.2-klein-base-9B,768x768,768,768,12,3.5
broom_148,contrast_cleaning_manual,broom,Broom,148,20270651,broom,broom_148.png,images/broom_148.png,FLUX.2-klein-base-9B,768x768,768,768,12,3.5
broom_149,contrast_cleaning_manual,broom,Broom,149,20270652,broom,broom_149.png,images/broom_149.png,FLUX.2-klein-base-9B,768x768,768,768,12,3.5
broom_150,contrast_cleaning_manual,broom,Broom,150,20270653,broom,broom_150.png,images/broom_150.png,FLUX.2-klein-base-9B,768x768,768,768,12,3.5
broom_151,contrast_cleaning_manual,broom,Broom,151,20270654,broom,broom_151.png,images/broom_151.png,FLUX.2-klein-base-9B,768x768,768,768,12,3.5
broom_152,contrast_cleaning_manual,broom,Broom,152,20270655,broom,broom_152.png,images/broom_152.png,FLUX.2-klein-base-9B,768x768,768,768,12,3.5
broom_153,contrast_cleaning_manual,broom,Broom,153,20270656,broom,broom_153.png,images/broom_153.png,FLUX.2-klein-base-9B,768x768,768,768,12,3.5
broom_154,contrast_cleaning_manual,broom,Broom,154,20270657,broom,broom_154.png,images/broom_154.png,FLUX.2-klein-base-9B,768x768,768,768,12,3.5
broom_155,contrast_cleaning_manual,broom,Broom,155,20270658,broom,broom_155.png,images/broom_155.png,FLUX.2-klein-base-9B,768x768,768,768,12,3.5
broom_156,contrast_cleaning_manual,broom,Broom,156,20270659,broom,broom_156.png,images/broom_156.png,FLUX.2-klein-base-9B,768x768,768,768,12,3.5
broom_157,contrast_cleaning_manual,broom,Broom,157,20270660,broom,broom_157.png,images/broom_157.png,FLUX.2-klein-base-9B,768x768,768,768,12,3.5
broom_158,contrast_cleaning_manual,broom,Broom,158,20270661,broom,broom_158.png,images/broom_158.png,FLUX.2-klein-base-9B,768x768,768,768,12,3.5
broom_159,contrast_cleaning_manual,broom,Broom,159,20270662,broom,broom_159.png,images/broom_159.png,FLUX.2-klein-base-9B,768x768,768,768,12,3.5
broom_160,contrast_cleaning_manual,broom,Broom,160,20270663,broom,broom_160.png,images/broom_160.png,FLUX.2-klein-base-9B,768x768,768,768,12,3.5
broom_161,contrast_cleaning_manual,broom,Broom,161,20270664,broom,broom_161.png,images/broom_161.png,FLUX.2-klein-base-9B,768x768,768,768,12,3.5
broom_162,contrast_cleaning_manual,broom,Broom,162,20270665,broom,broom_162.png,images/broom_162.png,FLUX.2-klein-base-9B,768x768,768,768,12,3.5
broom_163,contrast_cleaning_manual,broom,Broom,163,20270666,broom,broom_163.png,images/broom_163.png,FLUX.2-klein-base-9B,768x768,768,768,12,3.5
broom_164,contrast_cleaning_manual,broom,Broom,164,20270667,broom,broom_164.png,images/broom_164.png,FLUX.2-klein-base-9B,768x768,768,768,12,3.5
broom_165,contrast_cleaning_manual,broom,Broom,165,20270668,broom,broom_165.png,images/broom_165.png,FLUX.2-klein-base-9B,768x768,768,768,12,3.5
broom_166,contrast_cleaning_manual,broom,Broom,166,20270669,broom,broom_166.png,images/broom_166.png,FLUX.2-klein-base-9B,768x768,768,768,12,3.5
broom_167,contrast_cleaning_manual,broom,Broom,167,20270670,broom,broom_167.png,images/broom_167.png,FLUX.2-klein-base-9B,768x768,768,768,12,3.5
broom_168,contrast_cleaning_manual,broom,Broom,168,20270671,broom,broom_168.png,images/broom_168.png,FLUX.2-klein-base-9B,768x768,768,768,12,3.5
broom_169,contrast_cleaning_manual,broom,Broom,169,20270672,broom,broom_169.png,images/broom_169.png,FLUX.2-klein-base-9B,768x768,768,768,12,3.5
broom_170,contrast_cleaning_manual,broom,Broom,170,20270673,broom,broom_170.png,images/broom_170.png,FLUX.2-klein-base-9B,768x768,768,768,12,3.5
broom_171,contrast_cleaning_manual,broom,Broom,171,20270674,broom,broom_171.png,images/broom_171.png,FLUX.2-klein-base-9B,768x768,768,768,12,3.5
broom_172,contrast_cleaning_manual,broom,Broom,172,20270675,broom,broom_172.png,images/broom_172.png,FLUX.2-klein-base-9B,768x768,768,768,12,3.5
broom_173,contrast_cleaning_manual,broom,Broom,173,20270676,broom,broom_173.png,images/broom_173.png,FLUX.2-klein-base-9B,768x768,768,768,12,3.5
broom_174,contrast_cleaning_manual,broom,Broom,174,20270677,broom,broom_174.png,images/broom_174.png,FLUX.2-klein-base-9B,768x768,768,768,12,3.5
broom_175,contrast_cleaning_manual,broom,Broom,175,20270678,broom,broom_175.png,images/broom_175.png,FLUX.2-klein-base-9B,768x768,768,768,12,3.5
broom_176,contrast_cleaning_manual,broom,Broom,176,20270679,broom,broom_176.png,images/broom_176.png,FLUX.2-klein-base-9B,768x768,768,768,12,3.5
broom_177,contrast_cleaning_manual,broom,Broom,177,20270680,broom,broom_177.png,images/broom_177.png,FLUX.2-klein-base-9B,768x768,768,768,12,3.5
broom_178,contrast_cleaning_manual,broom,Broom,178,20270681,broom,broom_178.png,images/broom_178.png,FLUX.2-klein-base-9B,768x768,768,768,12,3.5
broom_179,contrast_cleaning_manual,broom,Broom,179,20270682,broom,broom_179.png,images/broom_179.png,FLUX.2-klein-base-9B,768x768,768,768,12,3.5
broom_180,contrast_cleaning_manual,broom,Broom,180,20270683,broom,broom_180.png,images/broom_180.png,FLUX.2-klein-base-9B,768x768,768,768,12,3.5
broom_181,contrast_cleaning_manual,broom,Broom,181,20270684,broom,broom_181.png,images/broom_181.png,FLUX.2-klein-base-9B,768x768,768,768,12,3.5
broom_182,contrast_cleaning_manual,broom,Broom,182,20270685,broom,broom_182.png,images/broom_182.png,FLUX.2-klein-base-9B,768x768,768,768,12,3.5
broom_183,contrast_cleaning_manual,broom,Broom,183,20270686,broom,broom_183.png,images/broom_183.png,FLUX.2-klein-base-9B,768x768,768,768,12,3.5
broom_184,contrast_cleaning_manual,broom,Broom,184,20270687,broom,broom_184.png,images/broom_184.png,FLUX.2-klein-base-9B,768x768,768,768,12,3.5
broom_185,contrast_cleaning_manual,broom,Broom,185,20270688,broom,broom_185.png,images/broom_185.png,FLUX.2-klein-base-9B,768x768,768,768,12,3.5
broom_186,contrast_cleaning_manual,broom,Broom,186,20270689,broom,broom_186.png,images/broom_186.png,FLUX.2-klein-base-9B,768x768,768,768,12,3.5
broom_187,contrast_cleaning_manual,broom,Broom,187,20270690,broom,broom_187.png,images/broom_187.png,FLUX.2-klein-base-9B,768x768,768,768,12,3.5
broom_188,contrast_cleaning_manual,broom,Broom,188,20270691,broom,broom_188.png,images/broom_188.png,FLUX.2-klein-base-9B,768x768,768,768,12,3.5
broom_189,contrast_cleaning_manual,broom,Broom,189,20270692,broom,broom_189.png,images/broom_189.png,FLUX.2-klein-base-9B,768x768,768,768,12,3.5
broom_190,contrast_cleaning_manual,broom,Broom,190,20270693,broom,broom_190.png,images/broom_190.png,FLUX.2-klein-base-9B,768x768,768,768,12,3.5
broom_191,contrast_cleaning_manual,broom,Broom,191,20270694,broom,broom_191.png,images/broom_191.png,FLUX.2-klein-base-9B,768x768,768,768,12,3.5
broom_192,contrast_cleaning_manual,broom,Broom,192,20270695,broom,broom_192.png,images/broom_192.png,FLUX.2-klein-base-9B,768x768,768,768,12,3.5
broom_193,contrast_cleaning_manual,broom,Broom,193,20270696,broom,broom_193.png,images/broom_193.png,FLUX.2-klein-base-9B,768x768,768,768,12,3.5
broom_194,contrast_cleaning_manual,broom,Broom,194,20270697,broom,broom_194.png,images/broom_194.png,FLUX.2-klein-base-9B,768x768,768,768,12,3.5
broom_195,contrast_cleaning_manual,broom,Broom,195,20270698,broom,broom_195.png,images/broom_195.png,FLUX.2-klein-base-9B,768x768,768,768,12,3.5
broom_196,contrast_cleaning_manual,broom,Broom,196,20270699,broom,broom_196.png,images/broom_196.png,FLUX.2-klein-base-9B,768x768,768,768,12,3.5
broom_197,contrast_cleaning_manual,broom,Broom,197,20270700,broom,broom_197.png,images/broom_197.png,FLUX.2-klein-base-9B,768x768,768,768,12,3.5
broom_198,contrast_cleaning_manual,broom,Broom,198,20270701,broom,broom_198.png,images/broom_198.png,FLUX.2-klein-base-9B,768x768,768,768,12,3.5
broom_199,contrast_cleaning_manual,broom,Broom,199,20270702,broom,broom_199.png,images/broom_199.png,FLUX.2-klein-base-9B,768x768,768,768,12,3.5
broom_200,contrast_cleaning_manual,broom,Broom,200,20270703,broom,broom_200.png,images/broom_200.png,FLUX.2-klein-base-9B,768x768,768,768,12,3.5
vacuum_cleaner_001,contrast_cleaning_electric,vacuum_cleaner,Vacuum cleaner,1,20262504,vacuum cleaner,vacuum_cleaner_001.png,images/vacuum_cleaner_001.png,FLUX.2-klein-base-9B,768x768,768,768,12,3.5
vacuum_cleaner_002,contrast_cleaning_electric,vacuum_cleaner,Vacuum cleaner,2,20262505,vacuum cleaner,vacuum_cleaner_002.png,images/vacuum_cleaner_002.png,FLUX.2-klein-base-9B,768x768,768,768,12,3.5
vacuum_cleaner_003,contrast_cleaning_electric,vacuum_cleaner,Vacuum cleaner,3,20262506,vacuum cleaner,vacuum_cleaner_003.png,images/vacuum_cleaner_003.png,FLUX.2-klein-base-9B,768x768,768,768,12,3.5
vacuum_cleaner_004,contrast_cleaning_electric,vacuum_cleaner,Vacuum cleaner,4,20262507,vacuum cleaner,vacuum_cleaner_004.png,images/vacuum_cleaner_004.png,FLUX.2-klein-base-9B,768x768,768,768,12,3.5
vacuum_cleaner_005,contrast_cleaning_electric,vacuum_cleaner,Vacuum cleaner,5,20262508,vacuum cleaner,vacuum_cleaner_005.png,images/vacuum_cleaner_005.png,FLUX.2-klein-base-9B,768x768,768,768,12,3.5
vacuum_cleaner_006,contrast_cleaning_electric,vacuum_cleaner,Vacuum cleaner,6,20262509,vacuum cleaner,vacuum_cleaner_006.png,images/vacuum_cleaner_006.png,FLUX.2-klein-base-9B,768x768,768,768,12,3.5
vacuum_cleaner_007,contrast_cleaning_electric,vacuum_cleaner,Vacuum cleaner,7,20262510,vacuum cleaner,vacuum_cleaner_007.png,images/vacuum_cleaner_007.png,FLUX.2-klein-base-9B,768x768,768,768,12,3.5
vacuum_cleaner_008,contrast_cleaning_electric,vacuum_cleaner,Vacuum cleaner,8,20262511,vacuum cleaner,vacuum_cleaner_008.png,images/vacuum_cleaner_008.png,FLUX.2-klein-base-9B,768x768,768,768,12,3.5
vacuum_cleaner_009,contrast_cleaning_electric,vacuum_cleaner,Vacuum cleaner,9,20262512,vacuum cleaner,vacuum_cleaner_009.png,images/vacuum_cleaner_009.png,FLUX.2-klein-base-9B,768x768,768,768,12,3.5
vacuum_cleaner_010,contrast_cleaning_electric,vacuum_cleaner,Vacuum cleaner,10,20262513,vacuum cleaner,vacuum_cleaner_010.png,images/vacuum_cleaner_010.png,FLUX.2-klein-base-9B,768x768,768,768,12,3.5
vacuum_cleaner_011,contrast_cleaning_electric,vacuum_cleaner,Vacuum cleaner,11,20262514,vacuum cleaner,vacuum_cleaner_011.png,images/vacuum_cleaner_011.png,FLUX.2-klein-base-9B,768x768,768,768,12,3.5
vacuum_cleaner_012,contrast_cleaning_electric,vacuum_cleaner,Vacuum cleaner,12,20262515,vacuum cleaner,vacuum_cleaner_012.png,images/vacuum_cleaner_012.png,FLUX.2-klein-base-9B,768x768,768,768,12,3.5
vacuum_cleaner_013,contrast_cleaning_electric,vacuum_cleaner,Vacuum cleaner,13,20262516,vacuum cleaner,vacuum_cleaner_013.png,images/vacuum_cleaner_013.png,FLUX.2-klein-base-9B,768x768,768,768,12,3.5
vacuum_cleaner_014,contrast_cleaning_electric,vacuum_cleaner,Vacuum cleaner,14,20262517,vacuum cleaner,vacuum_cleaner_014.png,images/vacuum_cleaner_014.png,FLUX.2-klein-base-9B,768x768,768,768,12,3.5
vacuum_cleaner_015,contrast_cleaning_electric,vacuum_cleaner,Vacuum cleaner,15,20262518,vacuum cleaner,vacuum_cleaner_015.png,images/vacuum_cleaner_015.png,FLUX.2-klein-base-9B,768x768,768,768,12,3.5
vacuum_cleaner_016,contrast_cleaning_electric,vacuum_cleaner,Vacuum cleaner,16,20262519,vacuum cleaner,vacuum_cleaner_016.png,images/vacuum_cleaner_016.png,FLUX.2-klein-base-9B,768x768,768,768,12,3.5
vacuum_cleaner_017,contrast_cleaning_electric,vacuum_cleaner,Vacuum cleaner,17,20262520,vacuum cleaner,vacuum_cleaner_017.png,images/vacuum_cleaner_017.png,FLUX.2-klein-base-9B,768x768,768,768,12,3.5
vacuum_cleaner_018,contrast_cleaning_electric,vacuum_cleaner,Vacuum cleaner,18,20262521,vacuum cleaner,vacuum_cleaner_018.png,images/vacuum_cleaner_018.png,FLUX.2-klein-base-9B,768x768,768,768,12,3.5
vacuum_cleaner_019,contrast_cleaning_electric,vacuum_cleaner,Vacuum cleaner,19,20262522,vacuum cleaner,vacuum_cleaner_019.png,images/vacuum_cleaner_019.png,FLUX.2-klein-base-9B,768x768,768,768,12,3.5
vacuum_cleaner_020,contrast_cleaning_electric,vacuum_cleaner,Vacuum cleaner,20,20262523,vacuum cleaner,vacuum_cleaner_020.png,images/vacuum_cleaner_020.png,FLUX.2-klein-base-9B,768x768,768,768,12,3.5
vacuum_cleaner_021,contrast_cleaning_electric,vacuum_cleaner,Vacuum cleaner,21,20262524,vacuum cleaner,vacuum_cleaner_021.png,images/vacuum_cleaner_021.png,FLUX.2-klein-base-9B,768x768,768,768,12,3.5
vacuum_cleaner_022,contrast_cleaning_electric,vacuum_cleaner,Vacuum cleaner,22,20262525,vacuum cleaner,vacuum_cleaner_022.png,images/vacuum_cleaner_022.png,FLUX.2-klein-base-9B,768x768,768,768,12,3.5
vacuum_cleaner_023,contrast_cleaning_electric,vacuum_cleaner,Vacuum cleaner,23,20262526,vacuum cleaner,vacuum_cleaner_023.png,images/vacuum_cleaner_023.png,FLUX.2-klein-base-9B,768x768,768,768,12,3.5
vacuum_cleaner_024,contrast_cleaning_electric,vacuum_cleaner,Vacuum cleaner,24,20262527,vacuum cleaner,vacuum_cleaner_024.png,images/vacuum_cleaner_024.png,FLUX.2-klein-base-9B,768x768,768,768,12,3.5
vacuum_cleaner_025,contrast_cleaning_electric,vacuum_cleaner,Vacuum cleaner,25,20262528,vacuum cleaner,vacuum_cleaner_025.png,images/vacuum_cleaner_025.png,FLUX.2-klein-base-9B,768x768,768,768,12,3.5
vacuum_cleaner_026,contrast_cleaning_electric,vacuum_cleaner,Vacuum cleaner,26,20262529,vacuum cleaner,vacuum_cleaner_026.png,images/vacuum_cleaner_026.png,FLUX.2-klein-base-9B,768x768,768,768,12,3.5
vacuum_cleaner_027,contrast_cleaning_electric,vacuum_cleaner,Vacuum cleaner,27,20262530,vacuum cleaner,vacuum_cleaner_027.png,images/vacuum_cleaner_027.png,FLUX.2-klein-base-9B,768x768,768,768,12,3.5
vacuum_cleaner_028,contrast_cleaning_electric,vacuum_cleaner,Vacuum cleaner,28,20262531,vacuum cleaner,vacuum_cleaner_028.png,images/vacuum_cleaner_028.png,FLUX.2-klein-base-9B,768x768,768,768,12,3.5
vacuum_cleaner_029,contrast_cleaning_electric,vacuum_cleaner,Vacuum cleaner,29,20262532,vacuum cleaner,vacuum_cleaner_029.png,images/vacuum_cleaner_029.png,FLUX.2-klein-base-9B,768x768,768,768,12,3.5
vacuum_cleaner_030,contrast_cleaning_electric,vacuum_cleaner,Vacuum cleaner,30,20262533,vacuum cleaner,vacuum_cleaner_030.png,images/vacuum_cleaner_030.png,FLUX.2-klein-base-9B,768x768,768,768,12,3.5
vacuum_cleaner_031,contrast_cleaning_electric,vacuum_cleaner,Vacuum cleaner,31,20262534,vacuum cleaner,vacuum_cleaner_031.png,images/vacuum_cleaner_031.png,FLUX.2-klein-base-9B,768x768,768,768,12,3.5
vacuum_cleaner_032,contrast_cleaning_electric,vacuum_cleaner,Vacuum cleaner,32,20262535,vacuum cleaner,vacuum_cleaner_032.png,images/vacuum_cleaner_032.png,FLUX.2-klein-base-9B,768x768,768,768,12,3.5
vacuum_cleaner_033,contrast_cleaning_electric,vacuum_cleaner,Vacuum cleaner,33,20262536,vacuum cleaner,vacuum_cleaner_033.png,images/vacuum_cleaner_033.png,FLUX.2-klein-base-9B,768x768,768,768,12,3.5
vacuum_cleaner_034,contrast_cleaning_electric,vacuum_cleaner,Vacuum cleaner,34,20262537,vacuum cleaner,vacuum_cleaner_034.png,images/vacuum_cleaner_034.png,FLUX.2-klein-base-9B,768x768,768,768,12,3.5
vacuum_cleaner_035,contrast_cleaning_electric,vacuum_cleaner,Vacuum cleaner,35,20262538,vacuum cleaner,vacuum_cleaner_035.png,images/vacuum_cleaner_035.png,FLUX.2-klein-base-9B,768x768,768,768,12,3.5
vacuum_cleaner_036,contrast_cleaning_electric,vacuum_cleaner,Vacuum cleaner,36,20262539,vacuum cleaner,vacuum_cleaner_036.png,images/vacuum_cleaner_036.png,FLUX.2-klein-base-9B,768x768,768,768,12,3.5
vacuum_cleaner_037,contrast_cleaning_electric,vacuum_cleaner,Vacuum cleaner,37,20262540,vacuum cleaner,vacuum_cleaner_037.png,images/vacuum_cleaner_037.png,FLUX.2-klein-base-9B,768x768,768,768,12,3.5
vacuum_cleaner_038,contrast_cleaning_electric,vacuum_cleaner,Vacuum cleaner,38,20262541,vacuum cleaner,vacuum_cleaner_038.png,images/vacuum_cleaner_038.png,FLUX.2-klein-base-9B,768x768,768,768,12,3.5
vacuum_cleaner_039,contrast_cleaning_electric,vacuum_cleaner,Vacuum cleaner,39,20262542,vacuum cleaner,vacuum_cleaner_039.png,images/vacuum_cleaner_039.png,FLUX.2-klein-base-9B,768x768,768,768,12,3.5
vacuum_cleaner_040,contrast_cleaning_electric,vacuum_cleaner,Vacuum cleaner,40,20262543,vacuum cleaner,vacuum_cleaner_040.png,images/vacuum_cleaner_040.png,FLUX.2-klein-base-9B,768x768,768,768,12,3.5
vacuum_cleaner_041,contrast_cleaning_electric,vacuum_cleaner,Vacuum cleaner,41,20262544,vacuum cleaner,vacuum_cleaner_041.png,images/vacuum_cleaner_041.png,FLUX.2-klein-base-9B,768x768,768,768,12,3.5
vacuum_cleaner_042,contrast_cleaning_electric,vacuum_cleaner,Vacuum cleaner,42,20262545,vacuum cleaner,vacuum_cleaner_042.png,images/vacuum_cleaner_042.png,FLUX.2-klein-base-9B,768x768,768,768,12,3.5
vacuum_cleaner_043,contrast_cleaning_electric,vacuum_cleaner,Vacuum cleaner,43,20262546,vacuum cleaner,vacuum_cleaner_043.png,images/vacuum_cleaner_043.png,FLUX.2-klein-base-9B,768x768,768,768,12,3.5
vacuum_cleaner_044,contrast_cleaning_electric,vacuum_cleaner,Vacuum cleaner,44,20262547,vacuum cleaner,vacuum_cleaner_044.png,images/vacuum_cleaner_044.png,FLUX.2-klein-base-9B,768x768,768,768,12,3.5
vacuum_cleaner_045,contrast_cleaning_electric,vacuum_cleaner,Vacuum cleaner,45,20262548,vacuum cleaner,vacuum_cleaner_045.png,images/vacuum_cleaner_045.png,FLUX.2-klein-base-9B,768x768,768,768,12,3.5
vacuum_cleaner_046,contrast_cleaning_electric,vacuum_cleaner,Vacuum cleaner,46,20262549,vacuum cleaner,vacuum_cleaner_046.png,images/vacuum_cleaner_046.png,FLUX.2-klein-base-9B,768x768,768,768,12,3.5
vacuum_cleaner_047,contrast_cleaning_electric,vacuum_cleaner,Vacuum cleaner,47,20262550,vacuum cleaner,vacuum_cleaner_047.png,images/vacuum_cleaner_047.png,FLUX.2-klein-base-9B,768x768,768,768,12,3.5
vacuum_cleaner_048,contrast_cleaning_electric,vacuum_cleaner,Vacuum cleaner,48,20262551,vacuum cleaner,vacuum_cleaner_048.png,images/vacuum_cleaner_048.png,FLUX.2-klein-base-9B,768x768,768,768,12,3.5
vacuum_cleaner_049,contrast_cleaning_electric,vacuum_cleaner,Vacuum cleaner,49,20262552,vacuum cleaner,vacuum_cleaner_049.png,images/vacuum_cleaner_049.png,FLUX.2-klein-base-9B,768x768,768,768,12,3.5
vacuum_cleaner_050,contrast_cleaning_electric,vacuum_cleaner,Vacuum cleaner,50,20262553,vacuum cleaner,vacuum_cleaner_050.png,images/vacuum_cleaner_050.png,FLUX.2-klein-base-9B,768x768,768,768,12,3.5
vacuum_cleaner_051,contrast_cleaning_electric,vacuum_cleaner,Vacuum cleaner,51,20262554,vacuum cleaner,vacuum_cleaner_051.png,images/vacuum_cleaner_051.png,FLUX.2-klein-base-9B,768x768,768,768,12,3.5
vacuum_cleaner_052,contrast_cleaning_electric,vacuum_cleaner,Vacuum cleaner,52,20262555,vacuum cleaner,vacuum_cleaner_052.png,images/vacuum_cleaner_052.png,FLUX.2-klein-base-9B,768x768,768,768,12,3.5
vacuum_cleaner_053,contrast_cleaning_electric,vacuum_cleaner,Vacuum cleaner,53,20262556,vacuum cleaner,vacuum_cleaner_053.png,images/vacuum_cleaner_053.png,FLUX.2-klein-base-9B,768x768,768,768,12,3.5
vacuum_cleaner_054,contrast_cleaning_electric,vacuum_cleaner,Vacuum cleaner,54,20262557,vacuum cleaner,vacuum_cleaner_054.png,images/vacuum_cleaner_054.png,FLUX.2-klein-base-9B,768x768,768,768,12,3.5
vacuum_cleaner_055,contrast_cleaning_electric,vacuum_cleaner,Vacuum cleaner,55,20262558,vacuum cleaner,vacuum_cleaner_055.png,images/vacuum_cleaner_055.png,FLUX.2-klein-base-9B,768x768,768,768,12,3.5
vacuum_cleaner_056,contrast_cleaning_electric,vacuum_cleaner,Vacuum cleaner,56,20262559,vacuum cleaner,vacuum_cleaner_056.png,images/vacuum_cleaner_056.png,FLUX.2-klein-base-9B,768x768,768,768,12,3.5
vacuum_cleaner_057,contrast_cleaning_electric,vacuum_cleaner,Vacuum cleaner,57,20262560,vacuum cleaner,vacuum_cleaner_057.png,images/vacuum_cleaner_057.png,FLUX.2-klein-base-9B,768x768,768,768,12,3.5
vacuum_cleaner_058,contrast_cleaning_electric,vacuum_cleaner,Vacuum cleaner,58,20262561,vacuum cleaner,vacuum_cleaner_058.png,images/vacuum_cleaner_058.png,FLUX.2-klein-base-9B,768x768,768,768,12,3.5
vacuum_cleaner_059,contrast_cleaning_electric,vacuum_cleaner,Vacuum cleaner,59,20262562,vacuum cleaner,vacuum_cleaner_059.png,images/vacuum_cleaner_059.png,FLUX.2-klein-base-9B,768x768,768,768,12,3.5
vacuum_cleaner_060,contrast_cleaning_electric,vacuum_cleaner,Vacuum cleaner,60,20262563,vacuum cleaner,vacuum_cleaner_060.png,images/vacuum_cleaner_060.png,FLUX.2-klein-base-9B,768x768,768,768,12,3.5
vacuum_cleaner_061,contrast_cleaning_electric,vacuum_cleaner,Vacuum cleaner,61,20262564,vacuum cleaner,vacuum_cleaner_061.png,images/vacuum_cleaner_061.png,FLUX.2-klein-base-9B,768x768,768,768,12,3.5
vacuum_cleaner_062,contrast_cleaning_electric,vacuum_cleaner,Vacuum cleaner,62,20262565,vacuum cleaner,vacuum_cleaner_062.png,images/vacuum_cleaner_062.png,FLUX.2-klein-base-9B,768x768,768,768,12,3.5
vacuum_cleaner_063,contrast_cleaning_electric,vacuum_cleaner,Vacuum cleaner,63,20262566,vacuum cleaner,vacuum_cleaner_063.png,images/vacuum_cleaner_063.png,FLUX.2-klein-base-9B,768x768,768,768,12,3.5
vacuum_cleaner_064,contrast_cleaning_electric,vacuum_cleaner,Vacuum cleaner,64,20262567,vacuum cleaner,vacuum_cleaner_064.png,images/vacuum_cleaner_064.png,FLUX.2-klein-base-9B,768x768,768,768,12,3.5
vacuum_cleaner_065,contrast_cleaning_electric,vacuum_cleaner,Vacuum cleaner,65,20262568,vacuum cleaner,vacuum_cleaner_065.png,images/vacuum_cleaner_065.png,FLUX.2-klein-base-9B,768x768,768,768,12,3.5
vacuum_cleaner_066,contrast_cleaning_electric,vacuum_cleaner,Vacuum cleaner,66,20262569,vacuum cleaner,vacuum_cleaner_066.png,images/vacuum_cleaner_066.png,FLUX.2-klein-base-9B,768x768,768,768,12,3.5
vacuum_cleaner_067,contrast_cleaning_electric,vacuum_cleaner,Vacuum cleaner,67,20262570,vacuum cleaner,vacuum_cleaner_067.png,images/vacuum_cleaner_067.png,FLUX.2-klein-base-9B,768x768,768,768,12,3.5
vacuum_cleaner_068,contrast_cleaning_electric,vacuum_cleaner,Vacuum cleaner,68,20262571,vacuum cleaner,vacuum_cleaner_068.png,images/vacuum_cleaner_068.png,FLUX.2-klein-base-9B,768x768,768,768,12,3.5
vacuum_cleaner_069,contrast_cleaning_electric,vacuum_cleaner,Vacuum cleaner,69,20262572,vacuum cleaner,vacuum_cleaner_069.png,images/vacuum_cleaner_069.png,FLUX.2-klein-base-9B,768x768,768,768,12,3.5
vacuum_cleaner_070,contrast_cleaning_electric,vacuum_cleaner,Vacuum cleaner,70,20262573,vacuum cleaner,vacuum_cleaner_070.png,images/vacuum_cleaner_070.png,FLUX.2-klein-base-9B,768x768,768,768,12,3.5
vacuum_cleaner_071,contrast_cleaning_electric,vacuum_cleaner,Vacuum cleaner,71,20262574,vacuum cleaner,vacuum_cleaner_071.png,images/vacuum_cleaner_071.png,FLUX.2-klein-base-9B,768x768,768,768,12,3.5
vacuum_cleaner_072,contrast_cleaning_electric,vacuum_cleaner,Vacuum cleaner,72,20262575,vacuum cleaner,vacuum_cleaner_072.png,images/vacuum_cleaner_072.png,FLUX.2-klein-base-9B,768x768,768,768,12,3.5
vacuum_cleaner_073,contrast_cleaning_electric,vacuum_cleaner,Vacuum cleaner,73,20262576,vacuum cleaner,vacuum_cleaner_073.png,images/vacuum_cleaner_073.png,FLUX.2-klein-base-9B,768x768,768,768,12,3.5
vacuum_cleaner_074,contrast_cleaning_electric,vacuum_cleaner,Vacuum cleaner,74,20262577,vacuum cleaner,vacuum_cleaner_074.png,images/vacuum_cleaner_074.png,FLUX.2-klein-base-9B,768x768,768,768,12,3.5
vacuum_cleaner_075,contrast_cleaning_electric,vacuum_cleaner,Vacuum cleaner,75,20262578,vacuum cleaner,vacuum_cleaner_075.png,images/vacuum_cleaner_075.png,FLUX.2-klein-base-9B,768x768,768,768,12,3.5
vacuum_cleaner_076,contrast_cleaning_electric,vacuum_cleaner,Vacuum cleaner,76,20262579,vacuum cleaner,vacuum_cleaner_076.png,images/vacuum_cleaner_076.png,FLUX.2-klein-base-9B,768x768,768,768,12,3.5
vacuum_cleaner_077,contrast_cleaning_electric,vacuum_cleaner,Vacuum cleaner,77,20262580,vacuum cleaner,vacuum_cleaner_077.png,images/vacuum_cleaner_077.png,FLUX.2-klein-base-9B,768x768,768,768,12,3.5
vacuum_cleaner_078,contrast_cleaning_electric,vacuum_cleaner,Vacuum cleaner,78,20262581,vacuum cleaner,vacuum_cleaner_078.png,images/vacuum_cleaner_078.png,FLUX.2-klein-base-9B,768x768,768,768,12,3.5
vacuum_cleaner_079,contrast_cleaning_electric,vacuum_cleaner,Vacuum cleaner,79,20262582,vacuum cleaner,vacuum_cleaner_079.png,images/vacuum_cleaner_079.png,FLUX.2-klein-base-9B,768x768,768,768,12,3.5
vacuum_cleaner_080,contrast_cleaning_electric,vacuum_cleaner,Vacuum cleaner,80,20262583,vacuum cleaner,vacuum_cleaner_080.png,images/vacuum_cleaner_080.png,FLUX.2-klein-base-9B,768x768,768,768,12,3.5
vacuum_cleaner_081,contrast_cleaning_electric,vacuum_cleaner,Vacuum cleaner,81,20262584,vacuum cleaner,vacuum_cleaner_081.png,images/vacuum_cleaner_081.png,FLUX.2-klein-base-9B,768x768,768,768,12,3.5
vacuum_cleaner_082,contrast_cleaning_electric,vacuum_cleaner,Vacuum cleaner,82,20262585,vacuum cleaner,vacuum_cleaner_082.png,images/vacuum_cleaner_082.png,FLUX.2-klein-base-9B,768x768,768,768,12,3.5
vacuum_cleaner_083,contrast_cleaning_electric,vacuum_cleaner,Vacuum cleaner,83,20262586,vacuum cleaner,vacuum_cleaner_083.png,images/vacuum_cleaner_083.png,FLUX.2-klein-base-9B,768x768,768,768,12,3.5
vacuum_cleaner_084,contrast_cleaning_electric,vacuum_cleaner,Vacuum cleaner,84,20262587,vacuum cleaner,vacuum_cleaner_084.png,images/vacuum_cleaner_084.png,FLUX.2-klein-base-9B,768x768,768,768,12,3.5
vacuum_cleaner_085,contrast_cleaning_electric,vacuum_cleaner,Vacuum cleaner,85,20262588,vacuum cleaner,vacuum_cleaner_085.png,images/vacuum_cleaner_085.png,FLUX.2-klein-base-9B,768x768,768,768,12,3.5
vacuum_cleaner_086,contrast_cleaning_electric,vacuum_cleaner,Vacuum cleaner,86,20262589,vacuum cleaner,vacuum_cleaner_086.png,images/vacuum_cleaner_086.png,FLUX.2-klein-base-9B,768x768,768,768,12,3.5
vacuum_cleaner_087,contrast_cleaning_electric,vacuum_cleaner,Vacuum cleaner,87,20262590,vacuum cleaner,vacuum_cleaner_087.png,images/vacuum_cleaner_087.png,FLUX.2-klein-base-9B,768x768,768,768,12,3.5
vacuum_cleaner_088,contrast_cleaning_electric,vacuum_cleaner,Vacuum cleaner,88,20262591,vacuum cleaner,vacuum_cleaner_088.png,images/vacuum_cleaner_088.png,FLUX.2-klein-base-9B,768x768,768,768,12,3.5
vacuum_cleaner_089,contrast_cleaning_electric,vacuum_cleaner,Vacuum cleaner,89,20262592,vacuum cleaner,vacuum_cleaner_089.png,images/vacuum_cleaner_089.png,FLUX.2-klein-base-9B,768x768,768,768,12,3.5
vacuum_cleaner_090,contrast_cleaning_electric,vacuum_cleaner,Vacuum cleaner,90,20262593,vacuum cleaner,vacuum_cleaner_090.png,images/vacuum_cleaner_090.png,FLUX.2-klein-base-9B,768x768,768,768,12,3.5
vacuum_cleaner_091,contrast_cleaning_electric,vacuum_cleaner,Vacuum cleaner,91,20262594,vacuum cleaner,vacuum_cleaner_091.png,images/vacuum_cleaner_091.png,FLUX.2-klein-base-9B,768x768,768,768,12,3.5
vacuum_cleaner_092,contrast_cleaning_electric,vacuum_cleaner,Vacuum cleaner,92,20262595,vacuum cleaner,vacuum_cleaner_092.png,images/vacuum_cleaner_092.png,FLUX.2-klein-base-9B,768x768,768,768,12,3.5
vacuum_cleaner_093,contrast_cleaning_electric,vacuum_cleaner,Vacuum cleaner,93,20262596,vacuum cleaner,vacuum_cleaner_093.png,images/vacuum_cleaner_093.png,FLUX.2-klein-base-9B,768x768,768,768,12,3.5
vacuum_cleaner_094,contrast_cleaning_electric,vacuum_cleaner,Vacuum cleaner,94,20262597,vacuum cleaner,vacuum_cleaner_094.png,images/vacuum_cleaner_094.png,FLUX.2-klein-base-9B,768x768,768,768,12,3.5
vacuum_cleaner_095,contrast_cleaning_electric,vacuum_cleaner,Vacuum cleaner,95,20262598,vacuum cleaner,vacuum_cleaner_095.png,images/vacuum_cleaner_095.png,FLUX.2-klein-base-9B,768x768,768,768,12,3.5
vacuum_cleaner_096,contrast_cleaning_electric,vacuum_cleaner,Vacuum cleaner,96,20262599,vacuum cleaner,vacuum_cleaner_096.png,images/vacuum_cleaner_096.png,FLUX.2-klein-base-9B,768x768,768,768,12,3.5
vacuum_cleaner_097,contrast_cleaning_electric,vacuum_cleaner,Vacuum cleaner,97,20262600,vacuum cleaner,vacuum_cleaner_097.png,images/vacuum_cleaner_097.png,FLUX.2-klein-base-9B,768x768,768,768,12,3.5
vacuum_cleaner_098,contrast_cleaning_electric,vacuum_cleaner,Vacuum cleaner,98,20262601,vacuum cleaner,vacuum_cleaner_098.png,images/vacuum_cleaner_098.png,FLUX.2-klein-base-9B,768x768,768,768,12,3.5
vacuum_cleaner_099,contrast_cleaning_electric,vacuum_cleaner,Vacuum cleaner,99,20262602,vacuum cleaner,vacuum_cleaner_099.png,images/vacuum_cleaner_099.png,FLUX.2-klein-base-9B,768x768,768,768,12,3.5
vacuum_cleaner_100,contrast_cleaning_electric,vacuum_cleaner,Vacuum cleaner,100,20262603,vacuum cleaner,vacuum_cleaner_100.png,images/vacuum_cleaner_100.png,FLUX.2-klein-base-9B,768x768,768,768,12,3.5
vacuum_cleaner_101,contrast_cleaning_electric,vacuum_cleaner,Vacuum cleaner,101,20262604,vacuum cleaner,vacuum_cleaner_101.png,images/vacuum_cleaner_101.png,FLUX.2-klein-base-9B,768x768,768,768,12,3.5
vacuum_cleaner_102,contrast_cleaning_electric,vacuum_cleaner,Vacuum cleaner,102,20262605,vacuum cleaner,vacuum_cleaner_102.png,images/vacuum_cleaner_102.png,FLUX.2-klein-base-9B,768x768,768,768,12,3.5
vacuum_cleaner_103,contrast_cleaning_electric,vacuum_cleaner,Vacuum cleaner,103,20262606,vacuum cleaner,vacuum_cleaner_103.png,images/vacuum_cleaner_103.png,FLUX.2-klein-base-9B,768x768,768,768,12,3.5
vacuum_cleaner_104,contrast_cleaning_electric,vacuum_cleaner,Vacuum cleaner,104,20262607,vacuum cleaner,vacuum_cleaner_104.png,images/vacuum_cleaner_104.png,FLUX.2-klein-base-9B,768x768,768,768,12,3.5
vacuum_cleaner_105,contrast_cleaning_electric,vacuum_cleaner,Vacuum cleaner,105,20262608,vacuum cleaner,vacuum_cleaner_105.png,images/vacuum_cleaner_105.png,FLUX.2-klein-base-9B,768x768,768,768,12,3.5
vacuum_cleaner_106,contrast_cleaning_electric,vacuum_cleaner,Vacuum cleaner,106,20262609,vacuum cleaner,vacuum_cleaner_106.png,images/vacuum_cleaner_106.png,FLUX.2-klein-base-9B,768x768,768,768,12,3.5
vacuum_cleaner_107,contrast_cleaning_electric,vacuum_cleaner,Vacuum cleaner,107,20262610,vacuum cleaner,vacuum_cleaner_107.png,images/vacuum_cleaner_107.png,FLUX.2-klein-base-9B,768x768,768,768,12,3.5
vacuum_cleaner_108,contrast_cleaning_electric,vacuum_cleaner,Vacuum cleaner,108,20262611,vacuum cleaner,vacuum_cleaner_108.png,images/vacuum_cleaner_108.png,FLUX.2-klein-base-9B,768x768,768,768,12,3.5
vacuum_cleaner_109,contrast_cleaning_electric,vacuum_cleaner,Vacuum cleaner,109,20262612,vacuum cleaner,vacuum_cleaner_109.png,images/vacuum_cleaner_109.png,FLUX.2-klein-base-9B,768x768,768,768,12,3.5
vacuum_cleaner_110,contrast_cleaning_electric,vacuum_cleaner,Vacuum cleaner,110,20262613,vacuum cleaner,vacuum_cleaner_110.png,images/vacuum_cleaner_110.png,FLUX.2-klein-base-9B,768x768,768,768,12,3.5
vacuum_cleaner_111,contrast_cleaning_electric,vacuum_cleaner,Vacuum cleaner,111,20262614,vacuum cleaner,vacuum_cleaner_111.png,images/vacuum_cleaner_111.png,FLUX.2-klein-base-9B,768x768,768,768,12,3.5
vacuum_cleaner_112,contrast_cleaning_electric,vacuum_cleaner,Vacuum cleaner,112,20262615,vacuum cleaner,vacuum_cleaner_112.png,images/vacuum_cleaner_112.png,FLUX.2-klein-base-9B,768x768,768,768,12,3.5
vacuum_cleaner_113,contrast_cleaning_electric,vacuum_cleaner,Vacuum cleaner,113,20262616,vacuum cleaner,vacuum_cleaner_113.png,images/vacuum_cleaner_113.png,FLUX.2-klein-base-9B,768x768,768,768,12,3.5
vacuum_cleaner_114,contrast_cleaning_electric,vacuum_cleaner,Vacuum cleaner,114,20262617,vacuum cleaner,vacuum_cleaner_114.png,images/vacuum_cleaner_114.png,FLUX.2-klein-base-9B,768x768,768,768,12,3.5
vacuum_cleaner_115,contrast_cleaning_electric,vacuum_cleaner,Vacuum cleaner,115,20262618,vacuum cleaner,vacuum_cleaner_115.png,images/vacuum_cleaner_115.png,FLUX.2-klein-base-9B,768x768,768,768,12,3.5
vacuum_cleaner_116,contrast_cleaning_electric,vacuum_cleaner,Vacuum cleaner,116,20262619,vacuum cleaner,vacuum_cleaner_116.png,images/vacuum_cleaner_116.png,FLUX.2-klein-base-9B,768x768,768,768,12,3.5
vacuum_cleaner_117,contrast_cleaning_electric,vacuum_cleaner,Vacuum cleaner,117,20262620,vacuum cleaner,vacuum_cleaner_117.png,images/vacuum_cleaner_117.png,FLUX.2-klein-base-9B,768x768,768,768,12,3.5
vacuum_cleaner_118,contrast_cleaning_electric,vacuum_cleaner,Vacuum cleaner,118,20262621,vacuum cleaner,vacuum_cleaner_118.png,images/vacuum_cleaner_118.png,FLUX.2-klein-base-9B,768x768,768,768,12,3.5
vacuum_cleaner_119,contrast_cleaning_electric,vacuum_cleaner,Vacuum cleaner,119,20262622,vacuum cleaner,vacuum_cleaner_119.png,images/vacuum_cleaner_119.png,FLUX.2-klein-base-9B,768x768,768,768,12,3.5
vacuum_cleaner_120,contrast_cleaning_electric,vacuum_cleaner,Vacuum cleaner,120,20262623,vacuum cleaner,vacuum_cleaner_120.png,images/vacuum_cleaner_120.png,FLUX.2-klein-base-9B,768x768,768,768,12,3.5
vacuum_cleaner_121,contrast_cleaning_electric,vacuum_cleaner,Vacuum cleaner,121,20262624,vacuum cleaner,vacuum_cleaner_121.png,images/vacuum_cleaner_121.png,FLUX.2-klein-base-9B,768x768,768,768,12,3.5
vacuum_cleaner_122,contrast_cleaning_electric,vacuum_cleaner,Vacuum cleaner,122,20262625,vacuum cleaner,vacuum_cleaner_122.png,images/vacuum_cleaner_122.png,FLUX.2-klein-base-9B,768x768,768,768,12,3.5
vacuum_cleaner_123,contrast_cleaning_electric,vacuum_cleaner,Vacuum cleaner,123,20262626,vacuum cleaner,vacuum_cleaner_123.png,images/vacuum_cleaner_123.png,FLUX.2-klein-base-9B,768x768,768,768,12,3.5
vacuum_cleaner_124,contrast_cleaning_electric,vacuum_cleaner,Vacuum cleaner,124,20262627,vacuum cleaner,vacuum_cleaner_124.png,images/vacuum_cleaner_124.png,FLUX.2-klein-base-9B,768x768,768,768,12,3.5
vacuum_cleaner_125,contrast_cleaning_electric,vacuum_cleaner,Vacuum cleaner,125,20262628,vacuum cleaner,vacuum_cleaner_125.png,images/vacuum_cleaner_125.png,FLUX.2-klein-base-9B,768x768,768,768,12,3.5
vacuum_cleaner_126,contrast_cleaning_electric,vacuum_cleaner,Vacuum cleaner,126,20262629,vacuum cleaner,vacuum_cleaner_126.png,images/vacuum_cleaner_126.png,FLUX.2-klein-base-9B,768x768,768,768,12,3.5
vacuum_cleaner_127,contrast_cleaning_electric,vacuum_cleaner,Vacuum cleaner,127,20262630,vacuum cleaner,vacuum_cleaner_127.png,images/vacuum_cleaner_127.png,FLUX.2-klein-base-9B,768x768,768,768,12,3.5
vacuum_cleaner_128,contrast_cleaning_electric,vacuum_cleaner,Vacuum cleaner,128,20262631,vacuum cleaner,vacuum_cleaner_128.png,images/vacuum_cleaner_128.png,FLUX.2-klein-base-9B,768x768,768,768,12,3.5
vacuum_cleaner_129,contrast_cleaning_electric,vacuum_cleaner,Vacuum cleaner,129,20262632,vacuum cleaner,vacuum_cleaner_129.png,images/vacuum_cleaner_129.png,FLUX.2-klein-base-9B,768x768,768,768,12,3.5
vacuum_cleaner_130,contrast_cleaning_electric,vacuum_cleaner,Vacuum cleaner,130,20262633,vacuum cleaner,vacuum_cleaner_130.png,images/vacuum_cleaner_130.png,FLUX.2-klein-base-9B,768x768,768,768,12,3.5
vacuum_cleaner_131,contrast_cleaning_electric,vacuum_cleaner,Vacuum cleaner,131,20262634,vacuum cleaner,vacuum_cleaner_131.png,images/vacuum_cleaner_131.png,FLUX.2-klein-base-9B,768x768,768,768,12,3.5
vacuum_cleaner_132,contrast_cleaning_electric,vacuum_cleaner,Vacuum cleaner,132,20262635,vacuum cleaner,vacuum_cleaner_132.png,images/vacuum_cleaner_132.png,FLUX.2-klein-base-9B,768x768,768,768,12,3.5
vacuum_cleaner_133,contrast_cleaning_electric,vacuum_cleaner,Vacuum cleaner,133,20262636,vacuum cleaner,vacuum_cleaner_133.png,images/vacuum_cleaner_133.png,FLUX.2-klein-base-9B,768x768,768,768,12,3.5
vacuum_cleaner_134,contrast_cleaning_electric,vacuum_cleaner,Vacuum cleaner,134,20262637,vacuum cleaner,vacuum_cleaner_134.png,images/vacuum_cleaner_134.png,FLUX.2-klein-base-9B,768x768,768,768,12,3.5
vacuum_cleaner_135,contrast_cleaning_electric,vacuum_cleaner,Vacuum cleaner,135,20262638,vacuum cleaner,vacuum_cleaner_135.png,images/vacuum_cleaner_135.png,FLUX.2-klein-base-9B,768x768,768,768,12,3.5
vacuum_cleaner_136,contrast_cleaning_electric,vacuum_cleaner,Vacuum cleaner,136,20262639,vacuum cleaner,vacuum_cleaner_136.png,images/vacuum_cleaner_136.png,FLUX.2-klein-base-9B,768x768,768,768,12,3.5
vacuum_cleaner_137,contrast_cleaning_electric,vacuum_cleaner,Vacuum cleaner,137,20262640,vacuum cleaner,vacuum_cleaner_137.png,images/vacuum_cleaner_137.png,FLUX.2-klein-base-9B,768x768,768,768,12,3.5
vacuum_cleaner_138,contrast_cleaning_electric,vacuum_cleaner,Vacuum cleaner,138,20262641,vacuum cleaner,vacuum_cleaner_138.png,images/vacuum_cleaner_138.png,FLUX.2-klein-base-9B,768x768,768,768,12,3.5
vacuum_cleaner_139,contrast_cleaning_electric,vacuum_cleaner,Vacuum cleaner,139,20262642,vacuum cleaner,vacuum_cleaner_139.png,images/vacuum_cleaner_139.png,FLUX.2-klein-base-9B,768x768,768,768,12,3.5
vacuum_cleaner_140,contrast_cleaning_electric,vacuum_cleaner,Vacuum cleaner,140,20262643,vacuum cleaner,vacuum_cleaner_140.png,images/vacuum_cleaner_140.png,FLUX.2-klein-base-9B,768x768,768,768,12,3.5
vacuum_cleaner_141,contrast_cleaning_electric,vacuum_cleaner,Vacuum cleaner,141,20262644,vacuum cleaner,vacuum_cleaner_141.png,images/vacuum_cleaner_141.png,FLUX.2-klein-base-9B,768x768,768,768,12,3.5
vacuum_cleaner_142,contrast_cleaning_electric,vacuum_cleaner,Vacuum cleaner,142,20262645,vacuum cleaner,vacuum_cleaner_142.png,images/vacuum_cleaner_142.png,FLUX.2-klein-base-9B,768x768,768,768,12,3.5
vacuum_cleaner_143,contrast_cleaning_electric,vacuum_cleaner,Vacuum cleaner,143,20262646,vacuum cleaner,vacuum_cleaner_143.png,images/vacuum_cleaner_143.png,FLUX.2-klein-base-9B,768x768,768,768,12,3.5
vacuum_cleaner_144,contrast_cleaning_electric,vacuum_cleaner,Vacuum cleaner,144,20262647,vacuum cleaner,vacuum_cleaner_144.png,images/vacuum_cleaner_144.png,FLUX.2-klein-base-9B,768x768,768,768,12,3.5
vacuum_cleaner_145,contrast_cleaning_electric,vacuum_cleaner,Vacuum cleaner,145,20262648,vacuum cleaner,vacuum_cleaner_145.png,images/vacuum_cleaner_145.png,FLUX.2-klein-base-9B,768x768,768,768,12,3.5
vacuum_cleaner_146,contrast_cleaning_electric,vacuum_cleaner,Vacuum cleaner,146,20262649,vacuum cleaner,vacuum_cleaner_146.png,images/vacuum_cleaner_146.png,FLUX.2-klein-base-9B,768x768,768,768,12,3.5
vacuum_cleaner_147,contrast_cleaning_electric,vacuum_cleaner,Vacuum cleaner,147,20262650,vacuum cleaner,vacuum_cleaner_147.png,images/vacuum_cleaner_147.png,FLUX.2-klein-base-9B,768x768,768,768,12,3.5
vacuum_cleaner_148,contrast_cleaning_electric,vacuum_cleaner,Vacuum cleaner,148,20262651,vacuum cleaner,vacuum_cleaner_148.png,images/vacuum_cleaner_148.png,FLUX.2-klein-base-9B,768x768,768,768,12,3.5
vacuum_cleaner_149,contrast_cleaning_electric,vacuum_cleaner,Vacuum cleaner,149,20262652,vacuum cleaner,vacuum_cleaner_149.png,images/vacuum_cleaner_149.png,FLUX.2-klein-base-9B,768x768,768,768,12,3.5
vacuum_cleaner_150,contrast_cleaning_electric,vacuum_cleaner,Vacuum cleaner,150,20262653,vacuum cleaner,vacuum_cleaner_150.png,images/vacuum_cleaner_150.png,FLUX.2-klein-base-9B,768x768,768,768,12,3.5
vacuum_cleaner_151,contrast_cleaning_electric,vacuum_cleaner,Vacuum cleaner,151,20262654,vacuum cleaner,vacuum_cleaner_151.png,images/vacuum_cleaner_151.png,FLUX.2-klein-base-9B,768x768,768,768,12,3.5
vacuum_cleaner_152,contrast_cleaning_electric,vacuum_cleaner,Vacuum cleaner,152,20262655,vacuum cleaner,vacuum_cleaner_152.png,images/vacuum_cleaner_152.png,FLUX.2-klein-base-9B,768x768,768,768,12,3.5
vacuum_cleaner_153,contrast_cleaning_electric,vacuum_cleaner,Vacuum cleaner,153,20262656,vacuum cleaner,vacuum_cleaner_153.png,images/vacuum_cleaner_153.png,FLUX.2-klein-base-9B,768x768,768,768,12,3.5
vacuum_cleaner_154,contrast_cleaning_electric,vacuum_cleaner,Vacuum cleaner,154,20262657,vacuum cleaner,vacuum_cleaner_154.png,images/vacuum_cleaner_154.png,FLUX.2-klein-base-9B,768x768,768,768,12,3.5
vacuum_cleaner_155,contrast_cleaning_electric,vacuum_cleaner,Vacuum cleaner,155,20262658,vacuum cleaner,vacuum_cleaner_155.png,images/vacuum_cleaner_155.png,FLUX.2-klein-base-9B,768x768,768,768,12,3.5
vacuum_cleaner_156,contrast_cleaning_electric,vacuum_cleaner,Vacuum cleaner,156,20262659,vacuum cleaner,vacuum_cleaner_156.png,images/vacuum_cleaner_156.png,FLUX.2-klein-base-9B,768x768,768,768,12,3.5
vacuum_cleaner_157,contrast_cleaning_electric,vacuum_cleaner,Vacuum cleaner,157,20262660,vacuum cleaner,vacuum_cleaner_157.png,images/vacuum_cleaner_157.png,FLUX.2-klein-base-9B,768x768,768,768,12,3.5
vacuum_cleaner_158,contrast_cleaning_electric,vacuum_cleaner,Vacuum cleaner,158,20262661,vacuum cleaner,vacuum_cleaner_158.png,images/vacuum_cleaner_158.png,FLUX.2-klein-base-9B,768x768,768,768,12,3.5
vacuum_cleaner_159,contrast_cleaning_electric,vacuum_cleaner,Vacuum cleaner,159,20262662,vacuum cleaner,vacuum_cleaner_159.png,images/vacuum_cleaner_159.png,FLUX.2-klein-base-9B,768x768,768,768,12,3.5
vacuum_cleaner_160,contrast_cleaning_electric,vacuum_cleaner,Vacuum cleaner,160,20262663,vacuum cleaner,vacuum_cleaner_160.png,images/vacuum_cleaner_160.png,FLUX.2-klein-base-9B,768x768,768,768,12,3.5
vacuum_cleaner_161,contrast_cleaning_electric,vacuum_cleaner,Vacuum cleaner,161,20262664,vacuum cleaner,vacuum_cleaner_161.png,images/vacuum_cleaner_161.png,FLUX.2-klein-base-9B,768x768,768,768,12,3.5
vacuum_cleaner_162,contrast_cleaning_electric,vacuum_cleaner,Vacuum cleaner,162,20262665,vacuum cleaner,vacuum_cleaner_162.png,images/vacuum_cleaner_162.png,FLUX.2-klein-base-9B,768x768,768,768,12,3.5
vacuum_cleaner_163,contrast_cleaning_electric,vacuum_cleaner,Vacuum cleaner,163,20262666,vacuum cleaner,vacuum_cleaner_163.png,images/vacuum_cleaner_163.png,FLUX.2-klein-base-9B,768x768,768,768,12,3.5
vacuum_cleaner_164,contrast_cleaning_electric,vacuum_cleaner,Vacuum cleaner,164,20262667,vacuum cleaner,vacuum_cleaner_164.png,images/vacuum_cleaner_164.png,FLUX.2-klein-base-9B,768x768,768,768,12,3.5
vacuum_cleaner_165,contrast_cleaning_electric,vacuum_cleaner,Vacuum cleaner,165,20262668,vacuum cleaner,vacuum_cleaner_165.png,images/vacuum_cleaner_165.png,FLUX.2-klein-base-9B,768x768,768,768,12,3.5
vacuum_cleaner_166,contrast_cleaning_electric,vacuum_cleaner,Vacuum cleaner,166,20262669,vacuum cleaner,vacuum_cleaner_166.png,images/vacuum_cleaner_166.png,FLUX.2-klein-base-9B,768x768,768,768,12,3.5
vacuum_cleaner_167,contrast_cleaning_electric,vacuum_cleaner,Vacuum cleaner,167,20262670,vacuum cleaner,vacuum_cleaner_167.png,images/vacuum_cleaner_167.png,FLUX.2-klein-base-9B,768x768,768,768,12,3.5
vacuum_cleaner_168,contrast_cleaning_electric,vacuum_cleaner,Vacuum cleaner,168,20262671,vacuum cleaner,vacuum_cleaner_168.png,images/vacuum_cleaner_168.png,FLUX.2-klein-base-9B,768x768,768,768,12,3.5
vacuum_cleaner_169,contrast_cleaning_electric,vacuum_cleaner,Vacuum cleaner,169,20262672,vacuum cleaner,vacuum_cleaner_169.png,images/vacuum_cleaner_169.png,FLUX.2-klein-base-9B,768x768,768,768,12,3.5
vacuum_cleaner_170,contrast_cleaning_electric,vacuum_cleaner,Vacuum cleaner,170,20262673,vacuum cleaner,vacuum_cleaner_170.png,images/vacuum_cleaner_170.png,FLUX.2-klein-base-9B,768x768,768,768,12,3.5
vacuum_cleaner_171,contrast_cleaning_electric,vacuum_cleaner,Vacuum cleaner,171,20262674,vacuum cleaner,vacuum_cleaner_171.png,images/vacuum_cleaner_171.png,FLUX.2-klein-base-9B,768x768,768,768,12,3.5
vacuum_cleaner_172,contrast_cleaning_electric,vacuum_cleaner,Vacuum cleaner,172,20262675,vacuum cleaner,vacuum_cleaner_172.png,images/vacuum_cleaner_172.png,FLUX.2-klein-base-9B,768x768,768,768,12,3.5
vacuum_cleaner_173,contrast_cleaning_electric,vacuum_cleaner,Vacuum cleaner,173,20262676,vacuum cleaner,vacuum_cleaner_173.png,images/vacuum_cleaner_173.png,FLUX.2-klein-base-9B,768x768,768,768,12,3.5
vacuum_cleaner_174,contrast_cleaning_electric,vacuum_cleaner,Vacuum cleaner,174,20262677,vacuum cleaner,vacuum_cleaner_174.png,images/vacuum_cleaner_174.png,FLUX.2-klein-base-9B,768x768,768,768,12,3.5
vacuum_cleaner_175,contrast_cleaning_electric,vacuum_cleaner,Vacuum cleaner,175,20262678,vacuum cleaner,vacuum_cleaner_175.png,images/vacuum_cleaner_175.png,FLUX.2-klein-base-9B,768x768,768,768,12,3.5
vacuum_cleaner_176,contrast_cleaning_electric,vacuum_cleaner,Vacuum cleaner,176,20262679,vacuum cleaner,vacuum_cleaner_176.png,images/vacuum_cleaner_176.png,FLUX.2-klein-base-9B,768x768,768,768,12,3.5
vacuum_cleaner_177,contrast_cleaning_electric,vacuum_cleaner,Vacuum cleaner,177,20262680,vacuum cleaner,vacuum_cleaner_177.png,images/vacuum_cleaner_177.png,FLUX.2-klein-base-9B,768x768,768,768,12,3.5
vacuum_cleaner_178,contrast_cleaning_electric,vacuum_cleaner,Vacuum cleaner,178,20262681,vacuum cleaner,vacuum_cleaner_178.png,images/vacuum_cleaner_178.png,FLUX.2-klein-base-9B,768x768,768,768,12,3.5
vacuum_cleaner_179,contrast_cleaning_electric,vacuum_cleaner,Vacuum cleaner,179,20262682,vacuum cleaner,vacuum_cleaner_179.png,images/vacuum_cleaner_179.png,FLUX.2-klein-base-9B,768x768,768,768,12,3.5
vacuum_cleaner_180,contrast_cleaning_electric,vacuum_cleaner,Vacuum cleaner,180,20262683,vacuum cleaner,vacuum_cleaner_180.png,images/vacuum_cleaner_180.png,FLUX.2-klein-base-9B,768x768,768,768,12,3.5
vacuum_cleaner_181,contrast_cleaning_electric,vacuum_cleaner,Vacuum cleaner,181,20262684,vacuum cleaner,vacuum_cleaner_181.png,images/vacuum_cleaner_181.png,FLUX.2-klein-base-9B,768x768,768,768,12,3.5
vacuum_cleaner_182,contrast_cleaning_electric,vacuum_cleaner,Vacuum cleaner,182,20262685,vacuum cleaner,vacuum_cleaner_182.png,images/vacuum_cleaner_182.png,FLUX.2-klein-base-9B,768x768,768,768,12,3.5
vacuum_cleaner_183,contrast_cleaning_electric,vacuum_cleaner,Vacuum cleaner,183,20262686,vacuum cleaner,vacuum_cleaner_183.png,images/vacuum_cleaner_183.png,FLUX.2-klein-base-9B,768x768,768,768,12,3.5
vacuum_cleaner_184,contrast_cleaning_electric,vacuum_cleaner,Vacuum cleaner,184,20262687,vacuum cleaner,vacuum_cleaner_184.png,images/vacuum_cleaner_184.png,FLUX.2-klein-base-9B,768x768,768,768,12,3.5
vacuum_cleaner_185,contrast_cleaning_electric,vacuum_cleaner,Vacuum cleaner,185,20262688,vacuum cleaner,vacuum_cleaner_185.png,images/vacuum_cleaner_185.png,FLUX.2-klein-base-9B,768x768,768,768,12,3.5
vacuum_cleaner_186,contrast_cleaning_electric,vacuum_cleaner,Vacuum cleaner,186,20262689,vacuum cleaner,vacuum_cleaner_186.png,images/vacuum_cleaner_186.png,FLUX.2-klein-base-9B,768x768,768,768,12,3.5
vacuum_cleaner_187,contrast_cleaning_electric,vacuum_cleaner,Vacuum cleaner,187,20262690,vacuum cleaner,vacuum_cleaner_187.png,images/vacuum_cleaner_187.png,FLUX.2-klein-base-9B,768x768,768,768,12,3.5
vacuum_cleaner_188,contrast_cleaning_electric,vacuum_cleaner,Vacuum cleaner,188,20262691,vacuum cleaner,vacuum_cleaner_188.png,images/vacuum_cleaner_188.png,FLUX.2-klein-base-9B,768x768,768,768,12,3.5
vacuum_cleaner_189,contrast_cleaning_electric,vacuum_cleaner,Vacuum cleaner,189,20262692,vacuum cleaner,vacuum_cleaner_189.png,images/vacuum_cleaner_189.png,FLUX.2-klein-base-9B,768x768,768,768,12,3.5
vacuum_cleaner_190,contrast_cleaning_electric,vacuum_cleaner,Vacuum cleaner,190,20262693,vacuum cleaner,vacuum_cleaner_190.png,images/vacuum_cleaner_190.png,FLUX.2-klein-base-9B,768x768,768,768,12,3.5
vacuum_cleaner_191,contrast_cleaning_electric,vacuum_cleaner,Vacuum cleaner,191,20262694,vacuum cleaner,vacuum_cleaner_191.png,images/vacuum_cleaner_191.png,FLUX.2-klein-base-9B,768x768,768,768,12,3.5
vacuum_cleaner_192,contrast_cleaning_electric,vacuum_cleaner,Vacuum cleaner,192,20262695,vacuum cleaner,vacuum_cleaner_192.png,images/vacuum_cleaner_192.png,FLUX.2-klein-base-9B,768x768,768,768,12,3.5
vacuum_cleaner_193,contrast_cleaning_electric,vacuum_cleaner,Vacuum cleaner,193,20262696,vacuum cleaner,vacuum_cleaner_193.png,images/vacuum_cleaner_193.png,FLUX.2-klein-base-9B,768x768,768,768,12,3.5
vacuum_cleaner_194,contrast_cleaning_electric,vacuum_cleaner,Vacuum cleaner,194,20262697,vacuum cleaner,vacuum_cleaner_194.png,images/vacuum_cleaner_194.png,FLUX.2-klein-base-9B,768x768,768,768,12,3.5
vacuum_cleaner_195,contrast_cleaning_electric,vacuum_cleaner,Vacuum cleaner,195,20262698,vacuum cleaner,vacuum_cleaner_195.png,images/vacuum_cleaner_195.png,FLUX.2-klein-base-9B,768x768,768,768,12,3.5
vacuum_cleaner_196,contrast_cleaning_electric,vacuum_cleaner,Vacuum cleaner,196,20262699,vacuum cleaner,vacuum_cleaner_196.png,images/vacuum_cleaner_196.png,FLUX.2-klein-base-9B,768x768,768,768,12,3.5
vacuum_cleaner_197,contrast_cleaning_electric,vacuum_cleaner,Vacuum cleaner,197,20262700,vacuum cleaner,vacuum_cleaner_197.png,images/vacuum_cleaner_197.png,FLUX.2-klein-base-9B,768x768,768,768,12,3.5
vacuum_cleaner_198,contrast_cleaning_electric,vacuum_cleaner,Vacuum cleaner,198,20262701,vacuum cleaner,vacuum_cleaner_198.png,images/vacuum_cleaner_198.png,FLUX.2-klein-base-9B,768x768,768,768,12,3.5
vacuum_cleaner_199,contrast_cleaning_electric,vacuum_cleaner,Vacuum cleaner,199,20262702,vacuum cleaner,vacuum_cleaner_199.png,images/vacuum_cleaner_199.png,FLUX.2-klein-base-9B,768x768,768,768,12,3.5
vacuum_cleaner_200,contrast_cleaning_electric,vacuum_cleaner,Vacuum cleaner,200,20262703,vacuum cleaner,vacuum_cleaner_200.png,images/vacuum_cleaner_200.png,FLUX.2-klein-base-9B,768x768,768,768,12,3.5
electric_kettle_001,single_appliance,electric_kettle,Electric kettle,1,20263504,electric kettle,electric_kettle_001.png,images/electric_kettle_001.png,FLUX.2-klein-base-9B,768x768,768,768,12,3.5
electric_kettle_002,single_appliance,electric_kettle,Electric kettle,2,20263505,electric kettle,electric_kettle_002.png,images/electric_kettle_002.png,FLUX.2-klein-base-9B,768x768,768,768,12,3.5
electric_kettle_003,single_appliance,electric_kettle,Electric kettle,3,20263506,electric kettle,electric_kettle_003.png,images/electric_kettle_003.png,FLUX.2-klein-base-9B,768x768,768,768,12,3.5
electric_kettle_004,single_appliance,electric_kettle,Electric kettle,4,20263507,electric kettle,electric_kettle_004.png,images/electric_kettle_004.png,FLUX.2-klein-base-9B,768x768,768,768,12,3.5
electric_kettle_005,single_appliance,electric_kettle,Electric kettle,5,20263508,electric kettle,electric_kettle_005.png,images/electric_kettle_005.png,FLUX.2-klein-base-9B,768x768,768,768,12,3.5
electric_kettle_006,single_appliance,electric_kettle,Electric kettle,6,20263509,electric kettle,electric_kettle_006.png,images/electric_kettle_006.png,FLUX.2-klein-base-9B,768x768,768,768,12,3.5
electric_kettle_007,single_appliance,electric_kettle,Electric kettle,7,20263510,electric kettle,electric_kettle_007.png,images/electric_kettle_007.png,FLUX.2-klein-base-9B,768x768,768,768,12,3.5
electric_kettle_008,single_appliance,electric_kettle,Electric kettle,8,20263511,electric kettle,electric_kettle_008.png,images/electric_kettle_008.png,FLUX.2-klein-base-9B,768x768,768,768,12,3.5
electric_kettle_009,single_appliance,electric_kettle,Electric kettle,9,20263512,electric kettle,electric_kettle_009.png,images/electric_kettle_009.png,FLUX.2-klein-base-9B,768x768,768,768,12,3.5
electric_kettle_010,single_appliance,electric_kettle,Electric kettle,10,20263513,electric kettle,electric_kettle_010.png,images/electric_kettle_010.png,FLUX.2-klein-base-9B,768x768,768,768,12,3.5
electric_kettle_011,single_appliance,electric_kettle,Electric kettle,11,20263514,electric kettle,electric_kettle_011.png,images/electric_kettle_011.png,FLUX.2-klein-base-9B,768x768,768,768,12,3.5
electric_kettle_012,single_appliance,electric_kettle,Electric kettle,12,20263515,electric kettle,electric_kettle_012.png,images/electric_kettle_012.png,FLUX.2-klein-base-9B,768x768,768,768,12,3.5
electric_kettle_013,single_appliance,electric_kettle,Electric kettle,13,20263516,electric kettle,electric_kettle_013.png,images/electric_kettle_013.png,FLUX.2-klein-base-9B,768x768,768,768,12,3.5
electric_kettle_014,single_appliance,electric_kettle,Electric kettle,14,20263517,electric kettle,electric_kettle_014.png,images/electric_kettle_014.png,FLUX.2-klein-base-9B,768x768,768,768,12,3.5
electric_kettle_015,single_appliance,electric_kettle,Electric kettle,15,20263518,electric kettle,electric_kettle_015.png,images/electric_kettle_015.png,FLUX.2-klein-base-9B,768x768,768,768,12,3.5
electric_kettle_016,single_appliance,electric_kettle,Electric kettle,16,20263519,electric kettle,electric_kettle_016.png,images/electric_kettle_016.png,FLUX.2-klein-base-9B,768x768,768,768,12,3.5
electric_kettle_017,single_appliance,electric_kettle,Electric kettle,17,20263520,electric kettle,electric_kettle_017.png,images/electric_kettle_017.png,FLUX.2-klein-base-9B,768x768,768,768,12,3.5
electric_kettle_018,single_appliance,electric_kettle,Electric kettle,18,20263521,electric kettle,electric_kettle_018.png,images/electric_kettle_018.png,FLUX.2-klein-base-9B,768x768,768,768,12,3.5
electric_kettle_019,single_appliance,electric_kettle,Electric kettle,19,20263522,electric kettle,electric_kettle_019.png,images/electric_kettle_019.png,FLUX.2-klein-base-9B,768x768,768,768,12,3.5
electric_kettle_020,single_appliance,electric_kettle,Electric kettle,20,20263523,electric kettle,electric_kettle_020.png,images/electric_kettle_020.png,FLUX.2-klein-base-9B,768x768,768,768,12,3.5
electric_kettle_021,single_appliance,electric_kettle,Electric kettle,21,20263524,electric kettle,electric_kettle_021.png,images/electric_kettle_021.png,FLUX.2-klein-base-9B,768x768,768,768,12,3.5
electric_kettle_022,single_appliance,electric_kettle,Electric kettle,22,20263525,electric kettle,electric_kettle_022.png,images/electric_kettle_022.png,FLUX.2-klein-base-9B,768x768,768,768,12,3.5
electric_kettle_023,single_appliance,electric_kettle,Electric kettle,23,20263526,electric kettle,electric_kettle_023.png,images/electric_kettle_023.png,FLUX.2-klein-base-9B,768x768,768,768,12,3.5
electric_kettle_024,single_appliance,electric_kettle,Electric kettle,24,20263527,electric kettle,electric_kettle_024.png,images/electric_kettle_024.png,FLUX.2-klein-base-9B,768x768,768,768,12,3.5
electric_kettle_025,single_appliance,electric_kettle,Electric kettle,25,20263528,electric kettle,electric_kettle_025.png,images/electric_kettle_025.png,FLUX.2-klein-base-9B,768x768,768,768,12,3.5
electric_kettle_026,single_appliance,electric_kettle,Electric kettle,26,20263529,electric kettle,electric_kettle_026.png,images/electric_kettle_026.png,FLUX.2-klein-base-9B,768x768,768,768,12,3.5
electric_kettle_027,single_appliance,electric_kettle,Electric kettle,27,20263530,electric kettle,electric_kettle_027.png,images/electric_kettle_027.png,FLUX.2-klein-base-9B,768x768,768,768,12,3.5
electric_kettle_028,single_appliance,electric_kettle,Electric kettle,28,20263531,electric kettle,electric_kettle_028.png,images/electric_kettle_028.png,FLUX.2-klein-base-9B,768x768,768,768,12,3.5
electric_kettle_029,single_appliance,electric_kettle,Electric kettle,29,20263532,electric kettle,electric_kettle_029.png,images/electric_kettle_029.png,FLUX.2-klein-base-9B,768x768,768,768,12,3.5
electric_kettle_030,single_appliance,electric_kettle,Electric kettle,30,20263533,electric kettle,electric_kettle_030.png,images/electric_kettle_030.png,FLUX.2-klein-base-9B,768x768,768,768,12,3.5
electric_kettle_031,single_appliance,electric_kettle,Electric kettle,31,20263534,electric kettle,electric_kettle_031.png,images/electric_kettle_031.png,FLUX.2-klein-base-9B,768x768,768,768,12,3.5
electric_kettle_032,single_appliance,electric_kettle,Electric kettle,32,20263535,electric kettle,electric_kettle_032.png,images/electric_kettle_032.png,FLUX.2-klein-base-9B,768x768,768,768,12,3.5
electric_kettle_033,single_appliance,electric_kettle,Electric kettle,33,20263536,electric kettle,electric_kettle_033.png,images/electric_kettle_033.png,FLUX.2-klein-base-9B,768x768,768,768,12,3.5
electric_kettle_034,single_appliance,electric_kettle,Electric kettle,34,20263537,electric kettle,electric_kettle_034.png,images/electric_kettle_034.png,FLUX.2-klein-base-9B,768x768,768,768,12,3.5
electric_kettle_035,single_appliance,electric_kettle,Electric kettle,35,20263538,electric kettle,electric_kettle_035.png,images/electric_kettle_035.png,FLUX.2-klein-base-9B,768x768,768,768,12,3.5
electric_kettle_036,single_appliance,electric_kettle,Electric kettle,36,20263539,electric kettle,electric_kettle_036.png,images/electric_kettle_036.png,FLUX.2-klein-base-9B,768x768,768,768,12,3.5
electric_kettle_037,single_appliance,electric_kettle,Electric kettle,37,20263540,electric kettle,electric_kettle_037.png,images/electric_kettle_037.png,FLUX.2-klein-base-9B,768x768,768,768,12,3.5
electric_kettle_038,single_appliance,electric_kettle,Electric kettle,38,20263541,electric kettle,electric_kettle_038.png,images/electric_kettle_038.png,FLUX.2-klein-base-9B,768x768,768,768,12,3.5
electric_kettle_039,single_appliance,electric_kettle,Electric kettle,39,20263542,electric kettle,electric_kettle_039.png,images/electric_kettle_039.png,FLUX.2-klein-base-9B,768x768,768,768,12,3.5
electric_kettle_040,single_appliance,electric_kettle,Electric kettle,40,20263543,electric kettle,electric_kettle_040.png,images/electric_kettle_040.png,FLUX.2-klein-base-9B,768x768,768,768,12,3.5
electric_kettle_041,single_appliance,electric_kettle,Electric kettle,41,20263544,electric kettle,electric_kettle_041.png,images/electric_kettle_041.png,FLUX.2-klein-base-9B,768x768,768,768,12,3.5
electric_kettle_042,single_appliance,electric_kettle,Electric kettle,42,20263545,electric kettle,electric_kettle_042.png,images/electric_kettle_042.png,FLUX.2-klein-base-9B,768x768,768,768,12,3.5
electric_kettle_043,single_appliance,electric_kettle,Electric kettle,43,20263546,electric kettle,electric_kettle_043.png,images/electric_kettle_043.png,FLUX.2-klein-base-9B,768x768,768,768,12,3.5
electric_kettle_044,single_appliance,electric_kettle,Electric kettle,44,20263547,electric kettle,electric_kettle_044.png,images/electric_kettle_044.png,FLUX.2-klein-base-9B,768x768,768,768,12,3.5
electric_kettle_045,single_appliance,electric_kettle,Electric kettle,45,20263548,electric kettle,electric_kettle_045.png,images/electric_kettle_045.png,FLUX.2-klein-base-9B,768x768,768,768,12,3.5
electric_kettle_046,single_appliance,electric_kettle,Electric kettle,46,20263549,electric kettle,electric_kettle_046.png,images/electric_kettle_046.png,FLUX.2-klein-base-9B,768x768,768,768,12,3.5
electric_kettle_047,single_appliance,electric_kettle,Electric kettle,47,20263550,electric kettle,electric_kettle_047.png,images/electric_kettle_047.png,FLUX.2-klein-base-9B,768x768,768,768,12,3.5
electric_kettle_048,single_appliance,electric_kettle,Electric kettle,48,20263551,electric kettle,electric_kettle_048.png,images/electric_kettle_048.png,FLUX.2-klein-base-9B,768x768,768,768,12,3.5
electric_kettle_049,single_appliance,electric_kettle,Electric kettle,49,20263552,electric kettle,electric_kettle_049.png,images/electric_kettle_049.png,FLUX.2-klein-base-9B,768x768,768,768,12,3.5
electric_kettle_050,single_appliance,electric_kettle,Electric kettle,50,20263553,electric kettle,electric_kettle_050.png,images/electric_kettle_050.png,FLUX.2-klein-base-9B,768x768,768,768,12,3.5
electric_kettle_051,single_appliance,electric_kettle,Electric kettle,51,20263554,electric kettle,electric_kettle_051.png,images/electric_kettle_051.png,FLUX.2-klein-base-9B,768x768,768,768,12,3.5
electric_kettle_052,single_appliance,electric_kettle,Electric kettle,52,20263555,electric kettle,electric_kettle_052.png,images/electric_kettle_052.png,FLUX.2-klein-base-9B,768x768,768,768,12,3.5
electric_kettle_053,single_appliance,electric_kettle,Electric kettle,53,20263556,electric kettle,electric_kettle_053.png,images/electric_kettle_053.png,FLUX.2-klein-base-9B,768x768,768,768,12,3.5
electric_kettle_054,single_appliance,electric_kettle,Electric kettle,54,20263557,electric kettle,electric_kettle_054.png,images/electric_kettle_054.png,FLUX.2-klein-base-9B,768x768,768,768,12,3.5
electric_kettle_055,single_appliance,electric_kettle,Electric kettle,55,20263558,electric kettle,electric_kettle_055.png,images/electric_kettle_055.png,FLUX.2-klein-base-9B,768x768,768,768,12,3.5
electric_kettle_056,single_appliance,electric_kettle,Electric kettle,56,20263559,electric kettle,electric_kettle_056.png,images/electric_kettle_056.png,FLUX.2-klein-base-9B,768x768,768,768,12,3.5
electric_kettle_057,single_appliance,electric_kettle,Electric kettle,57,20263560,electric kettle,electric_kettle_057.png,images/electric_kettle_057.png,FLUX.2-klein-base-9B,768x768,768,768,12,3.5
electric_kettle_058,single_appliance,electric_kettle,Electric kettle,58,20263561,electric kettle,electric_kettle_058.png,images/electric_kettle_058.png,FLUX.2-klein-base-9B,768x768,768,768,12,3.5
electric_kettle_059,single_appliance,electric_kettle,Electric kettle,59,20263562,electric kettle,electric_kettle_059.png,images/electric_kettle_059.png,FLUX.2-klein-base-9B,768x768,768,768,12,3.5
electric_kettle_060,single_appliance,electric_kettle,Electric kettle,60,20263563,electric kettle,electric_kettle_060.png,images/electric_kettle_060.png,FLUX.2-klein-base-9B,768x768,768,768,12,3.5
electric_kettle_061,single_appliance,electric_kettle,Electric kettle,61,20263564,electric kettle,electric_kettle_061.png,images/electric_kettle_061.png,FLUX.2-klein-base-9B,768x768,768,768,12,3.5
electric_kettle_062,single_appliance,electric_kettle,Electric kettle,62,20263565,electric kettle,electric_kettle_062.png,images/electric_kettle_062.png,FLUX.2-klein-base-9B,768x768,768,768,12,3.5
electric_kettle_063,single_appliance,electric_kettle,Electric kettle,63,20263566,electric kettle,electric_kettle_063.png,images/electric_kettle_063.png,FLUX.2-klein-base-9B,768x768,768,768,12,3.5
electric_kettle_064,single_appliance,electric_kettle,Electric kettle,64,20263567,electric kettle,electric_kettle_064.png,images/electric_kettle_064.png,FLUX.2-klein-base-9B,768x768,768,768,12,3.5
electric_kettle_065,single_appliance,electric_kettle,Electric kettle,65,20263568,electric kettle,electric_kettle_065.png,images/electric_kettle_065.png,FLUX.2-klein-base-9B,768x768,768,768,12,3.5
electric_kettle_066,single_appliance,electric_kettle,Electric kettle,66,20263569,electric kettle,electric_kettle_066.png,images/electric_kettle_066.png,FLUX.2-klein-base-9B,768x768,768,768,12,3.5
electric_kettle_067,single_appliance,electric_kettle,Electric kettle,67,20263570,electric kettle,electric_kettle_067.png,images/electric_kettle_067.png,FLUX.2-klein-base-9B,768x768,768,768,12,3.5
electric_kettle_068,single_appliance,electric_kettle,Electric kettle,68,20263571,electric kettle,electric_kettle_068.png,images/electric_kettle_068.png,FLUX.2-klein-base-9B,768x768,768,768,12,3.5
electric_kettle_069,single_appliance,electric_kettle,Electric kettle,69,20263572,electric kettle,electric_kettle_069.png,images/electric_kettle_069.png,FLUX.2-klein-base-9B,768x768,768,768,12,3.5
electric_kettle_070,single_appliance,electric_kettle,Electric kettle,70,20263573,electric kettle,electric_kettle_070.png,images/electric_kettle_070.png,FLUX.2-klein-base-9B,768x768,768,768,12,3.5
electric_kettle_071,single_appliance,electric_kettle,Electric kettle,71,20263574,electric kettle,electric_kettle_071.png,images/electric_kettle_071.png,FLUX.2-klein-base-9B,768x768,768,768,12,3.5
electric_kettle_072,single_appliance,electric_kettle,Electric kettle,72,20263575,electric kettle,electric_kettle_072.png,images/electric_kettle_072.png,FLUX.2-klein-base-9B,768x768,768,768,12,3.5
electric_kettle_073,single_appliance,electric_kettle,Electric kettle,73,20263576,electric kettle,electric_kettle_073.png,images/electric_kettle_073.png,FLUX.2-klein-base-9B,768x768,768,768,12,3.5
electric_kettle_074,single_appliance,electric_kettle,Electric kettle,74,20263577,electric kettle,electric_kettle_074.png,images/electric_kettle_074.png,FLUX.2-klein-base-9B,768x768,768,768,12,3.5
electric_kettle_075,single_appliance,electric_kettle,Electric kettle,75,20263578,electric kettle,electric_kettle_075.png,images/electric_kettle_075.png,FLUX.2-klein-base-9B,768x768,768,768,12,3.5
electric_kettle_076,single_appliance,electric_kettle,Electric kettle,76,20263579,electric kettle,electric_kettle_076.png,images/electric_kettle_076.png,FLUX.2-klein-base-9B,768x768,768,768,12,3.5
electric_kettle_077,single_appliance,electric_kettle,Electric kettle,77,20263580,electric kettle,electric_kettle_077.png,images/electric_kettle_077.png,FLUX.2-klein-base-9B,768x768,768,768,12,3.5
electric_kettle_078,single_appliance,electric_kettle,Electric kettle,78,20263581,electric kettle,electric_kettle_078.png,images/electric_kettle_078.png,FLUX.2-klein-base-9B,768x768,768,768,12,3.5
electric_kettle_079,single_appliance,electric_kettle,Electric kettle,79,20263582,electric kettle,electric_kettle_079.png,images/electric_kettle_079.png,FLUX.2-klein-base-9B,768x768,768,768,12,3.5
electric_kettle_080,single_appliance,electric_kettle,Electric kettle,80,20263583,electric kettle,electric_kettle_080.png,images/electric_kettle_080.png,FLUX.2-klein-base-9B,768x768,768,768,12,3.5
electric_kettle_081,single_appliance,electric_kettle,Electric kettle,81,20263584,electric kettle,electric_kettle_081.png,images/electric_kettle_081.png,FLUX.2-klein-base-9B,768x768,768,768,12,3.5
electric_kettle_082,single_appliance,electric_kettle,Electric kettle,82,20263585,electric kettle,electric_kettle_082.png,images/electric_kettle_082.png,FLUX.2-klein-base-9B,768x768,768,768,12,3.5
electric_kettle_083,single_appliance,electric_kettle,Electric kettle,83,20263586,electric kettle,electric_kettle_083.png,images/electric_kettle_083.png,FLUX.2-klein-base-9B,768x768,768,768,12,3.5
electric_kettle_084,single_appliance,electric_kettle,Electric kettle,84,20263587,electric kettle,electric_kettle_084.png,images/electric_kettle_084.png,FLUX.2-klein-base-9B,768x768,768,768,12,3.5
electric_kettle_085,single_appliance,electric_kettle,Electric kettle,85,20263588,electric kettle,electric_kettle_085.png,images/electric_kettle_085.png,FLUX.2-klein-base-9B,768x768,768,768,12,3.5
electric_kettle_086,single_appliance,electric_kettle,Electric kettle,86,20263589,electric kettle,electric_kettle_086.png,images/electric_kettle_086.png,FLUX.2-klein-base-9B,768x768,768,768,12,3.5
electric_kettle_087,single_appliance,electric_kettle,Electric kettle,87,20263590,electric kettle,electric_kettle_087.png,images/electric_kettle_087.png,FLUX.2-klein-base-9B,768x768,768,768,12,3.5
electric_kettle_088,single_appliance,electric_kettle,Electric kettle,88,20263591,electric kettle,electric_kettle_088.png,images/electric_kettle_088.png,FLUX.2-klein-base-9B,768x768,768,768,12,3.5
electric_kettle_089,single_appliance,electric_kettle,Electric kettle,89,20263592,electric kettle,electric_kettle_089.png,images/electric_kettle_089.png,FLUX.2-klein-base-9B,768x768,768,768,12,3.5
electric_kettle_090,single_appliance,electric_kettle,Electric kettle,90,20263593,electric kettle,electric_kettle_090.png,images/electric_kettle_090.png,FLUX.2-klein-base-9B,768x768,768,768,12,3.5
electric_kettle_091,single_appliance,electric_kettle,Electric kettle,91,20263594,electric kettle,electric_kettle_091.png,images/electric_kettle_091.png,FLUX.2-klein-base-9B,768x768,768,768,12,3.5
electric_kettle_092,single_appliance,electric_kettle,Electric kettle,92,20263595,electric kettle,electric_kettle_092.png,images/electric_kettle_092.png,FLUX.2-klein-base-9B,768x768,768,768,12,3.5
electric_kettle_093,single_appliance,electric_kettle,Electric kettle,93,20263596,electric kettle,electric_kettle_093.png,images/electric_kettle_093.png,FLUX.2-klein-base-9B,768x768,768,768,12,3.5
electric_kettle_094,single_appliance,electric_kettle,Electric kettle,94,20263597,electric kettle,electric_kettle_094.png,images/electric_kettle_094.png,FLUX.2-klein-base-9B,768x768,768,768,12,3.5
electric_kettle_095,single_appliance,electric_kettle,Electric kettle,95,20263598,electric kettle,electric_kettle_095.png,images/electric_kettle_095.png,FLUX.2-klein-base-9B,768x768,768,768,12,3.5
electric_kettle_096,single_appliance,electric_kettle,Electric kettle,96,20263599,electric kettle,electric_kettle_096.png,images/electric_kettle_096.png,FLUX.2-klein-base-9B,768x768,768,768,12,3.5
electric_kettle_097,single_appliance,electric_kettle,Electric kettle,97,20263600,electric kettle,electric_kettle_097.png,images/electric_kettle_097.png,FLUX.2-klein-base-9B,768x768,768,768,12,3.5
electric_kettle_098,single_appliance,electric_kettle,Electric kettle,98,20263601,electric kettle,electric_kettle_098.png,images/electric_kettle_098.png,FLUX.2-klein-base-9B,768x768,768,768,12,3.5
electric_kettle_099,single_appliance,electric_kettle,Electric kettle,99,20263602,electric kettle,electric_kettle_099.png,images/electric_kettle_099.png,FLUX.2-klein-base-9B,768x768,768,768,12,3.5
electric_kettle_100,single_appliance,electric_kettle,Electric kettle,100,20263603,electric kettle,electric_kettle_100.png,images/electric_kettle_100.png,FLUX.2-klein-base-9B,768x768,768,768,12,3.5
electric_kettle_101,single_appliance,electric_kettle,Electric kettle,101,20263604,electric kettle,electric_kettle_101.png,images/electric_kettle_101.png,FLUX.2-klein-base-9B,768x768,768,768,12,3.5
electric_kettle_102,single_appliance,electric_kettle,Electric kettle,102,20263605,electric kettle,electric_kettle_102.png,images/electric_kettle_102.png,FLUX.2-klein-base-9B,768x768,768,768,12,3.5
electric_kettle_103,single_appliance,electric_kettle,Electric kettle,103,20263606,electric kettle,electric_kettle_103.png,images/electric_kettle_103.png,FLUX.2-klein-base-9B,768x768,768,768,12,3.5
electric_kettle_104,single_appliance,electric_kettle,Electric kettle,104,20263607,electric kettle,electric_kettle_104.png,images/electric_kettle_104.png,FLUX.2-klein-base-9B,768x768,768,768,12,3.5
electric_kettle_105,single_appliance,electric_kettle,Electric kettle,105,20263608,electric kettle,electric_kettle_105.png,images/electric_kettle_105.png,FLUX.2-klein-base-9B,768x768,768,768,12,3.5
electric_kettle_106,single_appliance,electric_kettle,Electric kettle,106,20263609,electric kettle,electric_kettle_106.png,images/electric_kettle_106.png,FLUX.2-klein-base-9B,768x768,768,768,12,3.5
electric_kettle_107,single_appliance,electric_kettle,Electric kettle,107,20263610,electric kettle,electric_kettle_107.png,images/electric_kettle_107.png,FLUX.2-klein-base-9B,768x768,768,768,12,3.5
electric_kettle_108,single_appliance,electric_kettle,Electric kettle,108,20263611,electric kettle,electric_kettle_108.png,images/electric_kettle_108.png,FLUX.2-klein-base-9B,768x768,768,768,12,3.5
electric_kettle_109,single_appliance,electric_kettle,Electric kettle,109,20263612,electric kettle,electric_kettle_109.png,images/electric_kettle_109.png,FLUX.2-klein-base-9B,768x768,768,768,12,3.5
electric_kettle_110,single_appliance,electric_kettle,Electric kettle,110,20263613,electric kettle,electric_kettle_110.png,images/electric_kettle_110.png,FLUX.2-klein-base-9B,768x768,768,768,12,3.5
electric_kettle_111,single_appliance,electric_kettle,Electric kettle,111,20263614,electric kettle,electric_kettle_111.png,images/electric_kettle_111.png,FLUX.2-klein-base-9B,768x768,768,768,12,3.5
electric_kettle_112,single_appliance,electric_kettle,Electric kettle,112,20263615,electric kettle,electric_kettle_112.png,images/electric_kettle_112.png,FLUX.2-klein-base-9B,768x768,768,768,12,3.5
electric_kettle_113,single_appliance,electric_kettle,Electric kettle,113,20263616,electric kettle,electric_kettle_113.png,images/electric_kettle_113.png,FLUX.2-klein-base-9B,768x768,768,768,12,3.5
electric_kettle_114,single_appliance,electric_kettle,Electric kettle,114,20263617,electric kettle,electric_kettle_114.png,images/electric_kettle_114.png,FLUX.2-klein-base-9B,768x768,768,768,12,3.5
electric_kettle_115,single_appliance,electric_kettle,Electric kettle,115,20263618,electric kettle,electric_kettle_115.png,images/electric_kettle_115.png,FLUX.2-klein-base-9B,768x768,768,768,12,3.5
electric_kettle_116,single_appliance,electric_kettle,Electric kettle,116,20263619,electric kettle,electric_kettle_116.png,images/electric_kettle_116.png,FLUX.2-klein-base-9B,768x768,768,768,12,3.5
electric_kettle_117,single_appliance,electric_kettle,Electric kettle,117,20263620,electric kettle,electric_kettle_117.png,images/electric_kettle_117.png,FLUX.2-klein-base-9B,768x768,768,768,12,3.5
electric_kettle_118,single_appliance,electric_kettle,Electric kettle,118,20263621,electric kettle,electric_kettle_118.png,images/electric_kettle_118.png,FLUX.2-klein-base-9B,768x768,768,768,12,3.5
electric_kettle_119,single_appliance,electric_kettle,Electric kettle,119,20263622,electric kettle,electric_kettle_119.png,images/electric_kettle_119.png,FLUX.2-klein-base-9B,768x768,768,768,12,3.5
electric_kettle_120,single_appliance,electric_kettle,Electric kettle,120,20263623,electric kettle,electric_kettle_120.png,images/electric_kettle_120.png,FLUX.2-klein-base-9B,768x768,768,768,12,3.5
electric_kettle_121,single_appliance,electric_kettle,Electric kettle,121,20263624,electric kettle,electric_kettle_121.png,images/electric_kettle_121.png,FLUX.2-klein-base-9B,768x768,768,768,12,3.5
electric_kettle_122,single_appliance,electric_kettle,Electric kettle,122,20263625,electric kettle,electric_kettle_122.png,images/electric_kettle_122.png,FLUX.2-klein-base-9B,768x768,768,768,12,3.5
electric_kettle_123,single_appliance,electric_kettle,Electric kettle,123,20263626,electric kettle,electric_kettle_123.png,images/electric_kettle_123.png,FLUX.2-klein-base-9B,768x768,768,768,12,3.5
electric_kettle_124,single_appliance,electric_kettle,Electric kettle,124,20263627,electric kettle,electric_kettle_124.png,images/electric_kettle_124.png,FLUX.2-klein-base-9B,768x768,768,768,12,3.5
electric_kettle_125,single_appliance,electric_kettle,Electric kettle,125,20263628,electric kettle,electric_kettle_125.png,images/electric_kettle_125.png,FLUX.2-klein-base-9B,768x768,768,768,12,3.5
electric_kettle_126,single_appliance,electric_kettle,Electric kettle,126,20263629,electric kettle,electric_kettle_126.png,images/electric_kettle_126.png,FLUX.2-klein-base-9B,768x768,768,768,12,3.5
electric_kettle_127,single_appliance,electric_kettle,Electric kettle,127,20263630,electric kettle,electric_kettle_127.png,images/electric_kettle_127.png,FLUX.2-klein-base-9B,768x768,768,768,12,3.5
electric_kettle_128,single_appliance,electric_kettle,Electric kettle,128,20263631,electric kettle,electric_kettle_128.png,images/electric_kettle_128.png,FLUX.2-klein-base-9B,768x768,768,768,12,3.5
electric_kettle_129,single_appliance,electric_kettle,Electric kettle,129,20263632,electric kettle,electric_kettle_129.png,images/electric_kettle_129.png,FLUX.2-klein-base-9B,768x768,768,768,12,3.5
electric_kettle_130,single_appliance,electric_kettle,Electric kettle,130,20263633,electric kettle,electric_kettle_130.png,images/electric_kettle_130.png,FLUX.2-klein-base-9B,768x768,768,768,12,3.5
electric_kettle_131,single_appliance,electric_kettle,Electric kettle,131,20263634,electric kettle,electric_kettle_131.png,images/electric_kettle_131.png,FLUX.2-klein-base-9B,768x768,768,768,12,3.5
electric_kettle_132,single_appliance,electric_kettle,Electric kettle,132,20263635,electric kettle,electric_kettle_132.png,images/electric_kettle_132.png,FLUX.2-klein-base-9B,768x768,768,768,12,3.5
electric_kettle_133,single_appliance,electric_kettle,Electric kettle,133,20263636,electric kettle,electric_kettle_133.png,images/electric_kettle_133.png,FLUX.2-klein-base-9B,768x768,768,768,12,3.5
electric_kettle_134,single_appliance,electric_kettle,Electric kettle,134,20263637,electric kettle,electric_kettle_134.png,images/electric_kettle_134.png,FLUX.2-klein-base-9B,768x768,768,768,12,3.5
electric_kettle_135,single_appliance,electric_kettle,Electric kettle,135,20263638,electric kettle,electric_kettle_135.png,images/electric_kettle_135.png,FLUX.2-klein-base-9B,768x768,768,768,12,3.5
electric_kettle_136,single_appliance,electric_kettle,Electric kettle,136,20263639,electric kettle,electric_kettle_136.png,images/electric_kettle_136.png,FLUX.2-klein-base-9B,768x768,768,768,12,3.5
electric_kettle_137,single_appliance,electric_kettle,Electric kettle,137,20263640,electric kettle,electric_kettle_137.png,images/electric_kettle_137.png,FLUX.2-klein-base-9B,768x768,768,768,12,3.5
electric_kettle_138,single_appliance,electric_kettle,Electric kettle,138,20263641,electric kettle,electric_kettle_138.png,images/electric_kettle_138.png,FLUX.2-klein-base-9B,768x768,768,768,12,3.5
electric_kettle_139,single_appliance,electric_kettle,Electric kettle,139,20263642,electric kettle,electric_kettle_139.png,images/electric_kettle_139.png,FLUX.2-klein-base-9B,768x768,768,768,12,3.5
electric_kettle_140,single_appliance,electric_kettle,Electric kettle,140,20263643,electric kettle,electric_kettle_140.png,images/electric_kettle_140.png,FLUX.2-klein-base-9B,768x768,768,768,12,3.5
electric_kettle_141,single_appliance,electric_kettle,Electric kettle,141,20263644,electric kettle,electric_kettle_141.png,images/electric_kettle_141.png,FLUX.2-klein-base-9B,768x768,768,768,12,3.5
electric_kettle_142,single_appliance,electric_kettle,Electric kettle,142,20263645,electric kettle,electric_kettle_142.png,images/electric_kettle_142.png,FLUX.2-klein-base-9B,768x768,768,768,12,3.5
electric_kettle_143,single_appliance,electric_kettle,Electric kettle,143,20263646,electric kettle,electric_kettle_143.png,images/electric_kettle_143.png,FLUX.2-klein-base-9B,768x768,768,768,12,3.5
electric_kettle_144,single_appliance,electric_kettle,Electric kettle,144,20263647,electric kettle,electric_kettle_144.png,images/electric_kettle_144.png,FLUX.2-klein-base-9B,768x768,768,768,12,3.5
electric_kettle_145,single_appliance,electric_kettle,Electric kettle,145,20263648,electric kettle,electric_kettle_145.png,images/electric_kettle_145.png,FLUX.2-klein-base-9B,768x768,768,768,12,3.5
electric_kettle_146,single_appliance,electric_kettle,Electric kettle,146,20263649,electric kettle,electric_kettle_146.png,images/electric_kettle_146.png,FLUX.2-klein-base-9B,768x768,768,768,12,3.5
electric_kettle_147,single_appliance,electric_kettle,Electric kettle,147,20263650,electric kettle,electric_kettle_147.png,images/electric_kettle_147.png,FLUX.2-klein-base-9B,768x768,768,768,12,3.5
electric_kettle_148,single_appliance,electric_kettle,Electric kettle,148,20263651,electric kettle,electric_kettle_148.png,images/electric_kettle_148.png,FLUX.2-klein-base-9B,768x768,768,768,12,3.5
electric_kettle_149,single_appliance,electric_kettle,Electric kettle,149,20263652,electric kettle,electric_kettle_149.png,images/electric_kettle_149.png,FLUX.2-klein-base-9B,768x768,768,768,12,3.5
electric_kettle_150,single_appliance,electric_kettle,Electric kettle,150,20263653,electric kettle,electric_kettle_150.png,images/electric_kettle_150.png,FLUX.2-klein-base-9B,768x768,768,768,12,3.5
electric_kettle_151,single_appliance,electric_kettle,Electric kettle,151,20263654,electric kettle,electric_kettle_151.png,images/electric_kettle_151.png,FLUX.2-klein-base-9B,768x768,768,768,12,3.5
electric_kettle_152,single_appliance,electric_kettle,Electric kettle,152,20263655,electric kettle,electric_kettle_152.png,images/electric_kettle_152.png,FLUX.2-klein-base-9B,768x768,768,768,12,3.5
electric_kettle_153,single_appliance,electric_kettle,Electric kettle,153,20263656,electric kettle,electric_kettle_153.png,images/electric_kettle_153.png,FLUX.2-klein-base-9B,768x768,768,768,12,3.5
electric_kettle_154,single_appliance,electric_kettle,Electric kettle,154,20263657,electric kettle,electric_kettle_154.png,images/electric_kettle_154.png,FLUX.2-klein-base-9B,768x768,768,768,12,3.5
electric_kettle_155,single_appliance,electric_kettle,Electric kettle,155,20263658,electric kettle,electric_kettle_155.png,images/electric_kettle_155.png,FLUX.2-klein-base-9B,768x768,768,768,12,3.5
electric_kettle_156,single_appliance,electric_kettle,Electric kettle,156,20263659,electric kettle,electric_kettle_156.png,images/electric_kettle_156.png,FLUX.2-klein-base-9B,768x768,768,768,12,3.5
electric_kettle_157,single_appliance,electric_kettle,Electric kettle,157,20263660,electric kettle,electric_kettle_157.png,images/electric_kettle_157.png,FLUX.2-klein-base-9B,768x768,768,768,12,3.5
electric_kettle_158,single_appliance,electric_kettle,Electric kettle,158,20263661,electric kettle,electric_kettle_158.png,images/electric_kettle_158.png,FLUX.2-klein-base-9B,768x768,768,768,12,3.5
electric_kettle_159,single_appliance,electric_kettle,Electric kettle,159,20263662,electric kettle,electric_kettle_159.png,images/electric_kettle_159.png,FLUX.2-klein-base-9B,768x768,768,768,12,3.5
electric_kettle_160,single_appliance,electric_kettle,Electric kettle,160,20263663,electric kettle,electric_kettle_160.png,images/electric_kettle_160.png,FLUX.2-klein-base-9B,768x768,768,768,12,3.5
electric_kettle_161,single_appliance,electric_kettle,Electric kettle,161,20263664,electric kettle,electric_kettle_161.png,images/electric_kettle_161.png,FLUX.2-klein-base-9B,768x768,768,768,12,3.5
electric_kettle_162,single_appliance,electric_kettle,Electric kettle,162,20263665,electric kettle,electric_kettle_162.png,images/electric_kettle_162.png,FLUX.2-klein-base-9B,768x768,768,768,12,3.5
electric_kettle_163,single_appliance,electric_kettle,Electric kettle,163,20263666,electric kettle,electric_kettle_163.png,images/electric_kettle_163.png,FLUX.2-klein-base-9B,768x768,768,768,12,3.5
electric_kettle_164,single_appliance,electric_kettle,Electric kettle,164,20263667,electric kettle,electric_kettle_164.png,images/electric_kettle_164.png,FLUX.2-klein-base-9B,768x768,768,768,12,3.5
electric_kettle_165,single_appliance,electric_kettle,Electric kettle,165,20263668,electric kettle,electric_kettle_165.png,images/electric_kettle_165.png,FLUX.2-klein-base-9B,768x768,768,768,12,3.5
electric_kettle_166,single_appliance,electric_kettle,Electric kettle,166,20263669,electric kettle,electric_kettle_166.png,images/electric_kettle_166.png,FLUX.2-klein-base-9B,768x768,768,768,12,3.5
electric_kettle_167,single_appliance,electric_kettle,Electric kettle,167,20263670,electric kettle,electric_kettle_167.png,images/electric_kettle_167.png,FLUX.2-klein-base-9B,768x768,768,768,12,3.5
electric_kettle_168,single_appliance,electric_kettle,Electric kettle,168,20263671,electric kettle,electric_kettle_168.png,images/electric_kettle_168.png,FLUX.2-klein-base-9B,768x768,768,768,12,3.5
electric_kettle_169,single_appliance,electric_kettle,Electric kettle,169,20263672,electric kettle,electric_kettle_169.png,images/electric_kettle_169.png,FLUX.2-klein-base-9B,768x768,768,768,12,3.5
electric_kettle_170,single_appliance,electric_kettle,Electric kettle,170,20263673,electric kettle,electric_kettle_170.png,images/electric_kettle_170.png,FLUX.2-klein-base-9B,768x768,768,768,12,3.5
electric_kettle_171,single_appliance,electric_kettle,Electric kettle,171,20263674,electric kettle,electric_kettle_171.png,images/electric_kettle_171.png,FLUX.2-klein-base-9B,768x768,768,768,12,3.5
electric_kettle_172,single_appliance,electric_kettle,Electric kettle,172,20263675,electric kettle,electric_kettle_172.png,images/electric_kettle_172.png,FLUX.2-klein-base-9B,768x768,768,768,12,3.5
electric_kettle_173,single_appliance,electric_kettle,Electric kettle,173,20263676,electric kettle,electric_kettle_173.png,images/electric_kettle_173.png,FLUX.2-klein-base-9B,768x768,768,768,12,3.5
electric_kettle_174,single_appliance,electric_kettle,Electric kettle,174,20263677,electric kettle,electric_kettle_174.png,images/electric_kettle_174.png,FLUX.2-klein-base-9B,768x768,768,768,12,3.5
electric_kettle_175,single_appliance,electric_kettle,Electric kettle,175,20263678,electric kettle,electric_kettle_175.png,images/electric_kettle_175.png,FLUX.2-klein-base-9B,768x768,768,768,12,3.5
electric_kettle_176,single_appliance,electric_kettle,Electric kettle,176,20263679,electric kettle,electric_kettle_176.png,images/electric_kettle_176.png,FLUX.2-klein-base-9B,768x768,768,768,12,3.5
electric_kettle_177,single_appliance,electric_kettle,Electric kettle,177,20263680,electric kettle,electric_kettle_177.png,images/electric_kettle_177.png,FLUX.2-klein-base-9B,768x768,768,768,12,3.5
electric_kettle_178,single_appliance,electric_kettle,Electric kettle,178,20263681,electric kettle,electric_kettle_178.png,images/electric_kettle_178.png,FLUX.2-klein-base-9B,768x768,768,768,12,3.5
electric_kettle_179,single_appliance,electric_kettle,Electric kettle,179,20263682,electric kettle,electric_kettle_179.png,images/electric_kettle_179.png,FLUX.2-klein-base-9B,768x768,768,768,12,3.5
electric_kettle_180,single_appliance,electric_kettle,Electric kettle,180,20263683,electric kettle,electric_kettle_180.png,images/electric_kettle_180.png,FLUX.2-klein-base-9B,768x768,768,768,12,3.5
electric_kettle_181,single_appliance,electric_kettle,Electric kettle,181,20263684,electric kettle,electric_kettle_181.png,images/electric_kettle_181.png,FLUX.2-klein-base-9B,768x768,768,768,12,3.5
electric_kettle_182,single_appliance,electric_kettle,Electric kettle,182,20263685,electric kettle,electric_kettle_182.png,images/electric_kettle_182.png,FLUX.2-klein-base-9B,768x768,768,768,12,3.5
electric_kettle_183,single_appliance,electric_kettle,Electric kettle,183,20263686,electric kettle,electric_kettle_183.png,images/electric_kettle_183.png,FLUX.2-klein-base-9B,768x768,768,768,12,3.5
electric_kettle_184,single_appliance,electric_kettle,Electric kettle,184,20263687,electric kettle,electric_kettle_184.png,images/electric_kettle_184.png,FLUX.2-klein-base-9B,768x768,768,768,12,3.5
electric_kettle_185,single_appliance,electric_kettle,Electric kettle,185,20263688,electric kettle,electric_kettle_185.png,images/electric_kettle_185.png,FLUX.2-klein-base-9B,768x768,768,768,12,3.5
electric_kettle_186,single_appliance,electric_kettle,Electric kettle,186,20263689,electric kettle,electric_kettle_186.png,images/electric_kettle_186.png,FLUX.2-klein-base-9B,768x768,768,768,12,3.5
electric_kettle_187,single_appliance,electric_kettle,Electric kettle,187,20263690,electric kettle,electric_kettle_187.png,images/electric_kettle_187.png,FLUX.2-klein-base-9B,768x768,768,768,12,3.5
electric_kettle_188,single_appliance,electric_kettle,Electric kettle,188,20263691,electric kettle,electric_kettle_188.png,images/electric_kettle_188.png,FLUX.2-klein-base-9B,768x768,768,768,12,3.5
electric_kettle_189,single_appliance,electric_kettle,Electric kettle,189,20263692,electric kettle,electric_kettle_189.png,images/electric_kettle_189.png,FLUX.2-klein-base-9B,768x768,768,768,12,3.5
electric_kettle_190,single_appliance,electric_kettle,Electric kettle,190,20263693,electric kettle,electric_kettle_190.png,images/electric_kettle_190.png,FLUX.2-klein-base-9B,768x768,768,768,12,3.5
electric_kettle_191,single_appliance,electric_kettle,Electric kettle,191,20263694,electric kettle,electric_kettle_191.png,images/electric_kettle_191.png,FLUX.2-klein-base-9B,768x768,768,768,12,3.5
electric_kettle_192,single_appliance,electric_kettle,Electric kettle,192,20263695,electric kettle,electric_kettle_192.png,images/electric_kettle_192.png,FLUX.2-klein-base-9B,768x768,768,768,12,3.5
electric_kettle_193,single_appliance,electric_kettle,Electric kettle,193,20263696,electric kettle,electric_kettle_193.png,images/electric_kettle_193.png,FLUX.2-klein-base-9B,768x768,768,768,12,3.5
electric_kettle_194,single_appliance,electric_kettle,Electric kettle,194,20263697,electric kettle,electric_kettle_194.png,images/electric_kettle_194.png,FLUX.2-klein-base-9B,768x768,768,768,12,3.5
electric_kettle_195,single_appliance,electric_kettle,Electric kettle,195,20263698,electric kettle,electric_kettle_195.png,images/electric_kettle_195.png,FLUX.2-klein-base-9B,768x768,768,768,12,3.5
electric_kettle_196,single_appliance,electric_kettle,Electric kettle,196,20263699,electric kettle,electric_kettle_196.png,images/electric_kettle_196.png,FLUX.2-klein-base-9B,768x768,768,768,12,3.5
electric_kettle_197,single_appliance,electric_kettle,Electric kettle,197,20263700,electric kettle,electric_kettle_197.png,images/electric_kettle_197.png,FLUX.2-klein-base-9B,768x768,768,768,12,3.5
electric_kettle_198,single_appliance,electric_kettle,Electric kettle,198,20263701,electric kettle,electric_kettle_198.png,images/electric_kettle_198.png,FLUX.2-klein-base-9B,768x768,768,768,12,3.5
electric_kettle_199,single_appliance,electric_kettle,Electric kettle,199,20263702,electric kettle,electric_kettle_199.png,images/electric_kettle_199.png,FLUX.2-klein-base-9B,768x768,768,768,12,3.5
electric_kettle_200,single_appliance,electric_kettle,Electric kettle,200,20263703,electric kettle,electric_kettle_200.png,images/electric_kettle_200.png,FLUX.2-klein-base-9B,768x768,768,768,12,3.5
lounge_chair_001,single_furniture,lounge_chair,Lounge chair,1,20264504,lounge chair,lounge_chair_001.png,images/lounge_chair_001.png,FLUX.2-klein-base-9B,768x768,768,768,12,3.5
lounge_chair_002,single_furniture,lounge_chair,Lounge chair,2,20264505,lounge chair,lounge_chair_002.png,images/lounge_chair_002.png,FLUX.2-klein-base-9B,768x768,768,768,12,3.5
lounge_chair_003,single_furniture,lounge_chair,Lounge chair,3,20264506,lounge chair,lounge_chair_003.png,images/lounge_chair_003.png,FLUX.2-klein-base-9B,768x768,768,768,12,3.5
lounge_chair_004,single_furniture,lounge_chair,Lounge chair,4,20264507,lounge chair,lounge_chair_004.png,images/lounge_chair_004.png,FLUX.2-klein-base-9B,768x768,768,768,12,3.5
lounge_chair_005,single_furniture,lounge_chair,Lounge chair,5,20264508,lounge chair,lounge_chair_005.png,images/lounge_chair_005.png,FLUX.2-klein-base-9B,768x768,768,768,12,3.5
lounge_chair_006,single_furniture,lounge_chair,Lounge chair,6,20264509,lounge chair,lounge_chair_006.png,images/lounge_chair_006.png,FLUX.2-klein-base-9B,768x768,768,768,12,3.5
lounge_chair_007,single_furniture,lounge_chair,Lounge chair,7,20264510,lounge chair,lounge_chair_007.png,images/lounge_chair_007.png,FLUX.2-klein-base-9B,768x768,768,768,12,3.5
lounge_chair_008,single_furniture,lounge_chair,Lounge chair,8,20264511,lounge chair,lounge_chair_008.png,images/lounge_chair_008.png,FLUX.2-klein-base-9B,768x768,768,768,12,3.5
lounge_chair_009,single_furniture,lounge_chair,Lounge chair,9,20264512,lounge chair,lounge_chair_009.png,images/lounge_chair_009.png,FLUX.2-klein-base-9B,768x768,768,768,12,3.5
lounge_chair_010,single_furniture,lounge_chair,Lounge chair,10,20264513,lounge chair,lounge_chair_010.png,images/lounge_chair_010.png,FLUX.2-klein-base-9B,768x768,768,768,12,3.5
lounge_chair_011,single_furniture,lounge_chair,Lounge chair,11,20264514,lounge chair,lounge_chair_011.png,images/lounge_chair_011.png,FLUX.2-klein-base-9B,768x768,768,768,12,3.5
lounge_chair_012,single_furniture,lounge_chair,Lounge chair,12,20264515,lounge chair,lounge_chair_012.png,images/lounge_chair_012.png,FLUX.2-klein-base-9B,768x768,768,768,12,3.5
lounge_chair_013,single_furniture,lounge_chair,Lounge chair,13,20264516,lounge chair,lounge_chair_013.png,images/lounge_chair_013.png,FLUX.2-klein-base-9B,768x768,768,768,12,3.5
lounge_chair_014,single_furniture,lounge_chair,Lounge chair,14,20264517,lounge chair,lounge_chair_014.png,images/lounge_chair_014.png,FLUX.2-klein-base-9B,768x768,768,768,12,3.5
lounge_chair_015,single_furniture,lounge_chair,Lounge chair,15,20264518,lounge chair,lounge_chair_015.png,images/lounge_chair_015.png,FLUX.2-klein-base-9B,768x768,768,768,12,3.5
lounge_chair_016,single_furniture,lounge_chair,Lounge chair,16,20264519,lounge chair,lounge_chair_016.png,images/lounge_chair_016.png,FLUX.2-klein-base-9B,768x768,768,768,12,3.5
lounge_chair_017,single_furniture,lounge_chair,Lounge chair,17,20264520,lounge chair,lounge_chair_017.png,images/lounge_chair_017.png,FLUX.2-klein-base-9B,768x768,768,768,12,3.5
lounge_chair_018,single_furniture,lounge_chair,Lounge chair,18,20264521,lounge chair,lounge_chair_018.png,images/lounge_chair_018.png,FLUX.2-klein-base-9B,768x768,768,768,12,3.5
lounge_chair_019,single_furniture,lounge_chair,Lounge chair,19,20264522,lounge chair,lounge_chair_019.png,images/lounge_chair_019.png,FLUX.2-klein-base-9B,768x768,768,768,12,3.5
lounge_chair_020,single_furniture,lounge_chair,Lounge chair,20,20264523,lounge chair,lounge_chair_020.png,images/lounge_chair_020.png,FLUX.2-klein-base-9B,768x768,768,768,12,3.5
lounge_chair_021,single_furniture,lounge_chair,Lounge chair,21,20264524,lounge chair,lounge_chair_021.png,images/lounge_chair_021.png,FLUX.2-klein-base-9B,768x768,768,768,12,3.5
lounge_chair_022,single_furniture,lounge_chair,Lounge chair,22,20264525,lounge chair,lounge_chair_022.png,images/lounge_chair_022.png,FLUX.2-klein-base-9B,768x768,768,768,12,3.5
lounge_chair_023,single_furniture,lounge_chair,Lounge chair,23,20264526,lounge chair,lounge_chair_023.png,images/lounge_chair_023.png,FLUX.2-klein-base-9B,768x768,768,768,12,3.5
lounge_chair_024,single_furniture,lounge_chair,Lounge chair,24,20264527,lounge chair,lounge_chair_024.png,images/lounge_chair_024.png,FLUX.2-klein-base-9B,768x768,768,768,12,3.5
lounge_chair_025,single_furniture,lounge_chair,Lounge chair,25,20264528,lounge chair,lounge_chair_025.png,images/lounge_chair_025.png,FLUX.2-klein-base-9B,768x768,768,768,12,3.5
lounge_chair_026,single_furniture,lounge_chair,Lounge chair,26,20264529,lounge chair,lounge_chair_026.png,images/lounge_chair_026.png,FLUX.2-klein-base-9B,768x768,768,768,12,3.5
lounge_chair_027,single_furniture,lounge_chair,Lounge chair,27,20264530,lounge chair,lounge_chair_027.png,images/lounge_chair_027.png,FLUX.2-klein-base-9B,768x768,768,768,12,3.5
lounge_chair_028,single_furniture,lounge_chair,Lounge chair,28,20264531,lounge chair,lounge_chair_028.png,images/lounge_chair_028.png,FLUX.2-klein-base-9B,768x768,768,768,12,3.5
lounge_chair_029,single_furniture,lounge_chair,Lounge chair,29,20264532,lounge chair,lounge_chair_029.png,images/lounge_chair_029.png,FLUX.2-klein-base-9B,768x768,768,768,12,3.5
lounge_chair_030,single_furniture,lounge_chair,Lounge chair,30,20264533,lounge chair,lounge_chair_030.png,images/lounge_chair_030.png,FLUX.2-klein-base-9B,768x768,768,768,12,3.5
lounge_chair_031,single_furniture,lounge_chair,Lounge chair,31,20264534,lounge chair,lounge_chair_031.png,images/lounge_chair_031.png,FLUX.2-klein-base-9B,768x768,768,768,12,3.5
lounge_chair_032,single_furniture,lounge_chair,Lounge chair,32,20264535,lounge chair,lounge_chair_032.png,images/lounge_chair_032.png,FLUX.2-klein-base-9B,768x768,768,768,12,3.5
lounge_chair_033,single_furniture,lounge_chair,Lounge chair,33,20264536,lounge chair,lounge_chair_033.png,images/lounge_chair_033.png,FLUX.2-klein-base-9B,768x768,768,768,12,3.5
lounge_chair_034,single_furniture,lounge_chair,Lounge chair,34,20264537,lounge chair,lounge_chair_034.png,images/lounge_chair_034.png,FLUX.2-klein-base-9B,768x768,768,768,12,3.5
lounge_chair_035,single_furniture,lounge_chair,Lounge chair,35,20264538,lounge chair,lounge_chair_035.png,images/lounge_chair_035.png,FLUX.2-klein-base-9B,768x768,768,768,12,3.5
lounge_chair_036,single_furniture,lounge_chair,Lounge chair,36,20264539,lounge chair,lounge_chair_036.png,images/lounge_chair_036.png,FLUX.2-klein-base-9B,768x768,768,768,12,3.5
lounge_chair_037,single_furniture,lounge_chair,Lounge chair,37,20264540,lounge chair,lounge_chair_037.png,images/lounge_chair_037.png,FLUX.2-klein-base-9B,768x768,768,768,12,3.5
lounge_chair_038,single_furniture,lounge_chair,Lounge chair,38,20264541,lounge chair,lounge_chair_038.png,images/lounge_chair_038.png,FLUX.2-klein-base-9B,768x768,768,768,12,3.5
lounge_chair_039,single_furniture,lounge_chair,Lounge chair,39,20264542,lounge chair,lounge_chair_039.png,images/lounge_chair_039.png,FLUX.2-klein-base-9B,768x768,768,768,12,3.5
lounge_chair_040,single_furniture,lounge_chair,Lounge chair,40,20264543,lounge chair,lounge_chair_040.png,images/lounge_chair_040.png,FLUX.2-klein-base-9B,768x768,768,768,12,3.5
lounge_chair_041,single_furniture,lounge_chair,Lounge chair,41,20264544,lounge chair,lounge_chair_041.png,images/lounge_chair_041.png,FLUX.2-klein-base-9B,768x768,768,768,12,3.5
lounge_chair_042,single_furniture,lounge_chair,Lounge chair,42,20264545,lounge chair,lounge_chair_042.png,images/lounge_chair_042.png,FLUX.2-klein-base-9B,768x768,768,768,12,3.5
lounge_chair_043,single_furniture,lounge_chair,Lounge chair,43,20264546,lounge chair,lounge_chair_043.png,images/lounge_chair_043.png,FLUX.2-klein-base-9B,768x768,768,768,12,3.5
lounge_chair_044,single_furniture,lounge_chair,Lounge chair,44,20264547,lounge chair,lounge_chair_044.png,images/lounge_chair_044.png,FLUX.2-klein-base-9B,768x768,768,768,12,3.5
lounge_chair_045,single_furniture,lounge_chair,Lounge chair,45,20264548,lounge chair,lounge_chair_045.png,images/lounge_chair_045.png,FLUX.2-klein-base-9B,768x768,768,768,12,3.5
lounge_chair_046,single_furniture,lounge_chair,Lounge chair,46,20264549,lounge chair,lounge_chair_046.png,images/lounge_chair_046.png,FLUX.2-klein-base-9B,768x768,768,768,12,3.5
lounge_chair_047,single_furniture,lounge_chair,Lounge chair,47,20264550,lounge chair,lounge_chair_047.png,images/lounge_chair_047.png,FLUX.2-klein-base-9B,768x768,768,768,12,3.5
lounge_chair_048,single_furniture,lounge_chair,Lounge chair,48,20264551,lounge chair,lounge_chair_048.png,images/lounge_chair_048.png,FLUX.2-klein-base-9B,768x768,768,768,12,3.5
lounge_chair_049,single_furniture,lounge_chair,Lounge chair,49,20264552,lounge chair,lounge_chair_049.png,images/lounge_chair_049.png,FLUX.2-klein-base-9B,768x768,768,768,12,3.5
lounge_chair_050,single_furniture,lounge_chair,Lounge chair,50,20264553,lounge chair,lounge_chair_050.png,images/lounge_chair_050.png,FLUX.2-klein-base-9B,768x768,768,768,12,3.5
lounge_chair_051,single_furniture,lounge_chair,Lounge chair,51,20264554,lounge chair,lounge_chair_051.png,images/lounge_chair_051.png,FLUX.2-klein-base-9B,768x768,768,768,12,3.5
lounge_chair_052,single_furniture,lounge_chair,Lounge chair,52,20264555,lounge chair,lounge_chair_052.png,images/lounge_chair_052.png,FLUX.2-klein-base-9B,768x768,768,768,12,3.5
lounge_chair_053,single_furniture,lounge_chair,Lounge chair,53,20264556,lounge chair,lounge_chair_053.png,images/lounge_chair_053.png,FLUX.2-klein-base-9B,768x768,768,768,12,3.5
lounge_chair_054,single_furniture,lounge_chair,Lounge chair,54,20264557,lounge chair,lounge_chair_054.png,images/lounge_chair_054.png,FLUX.2-klein-base-9B,768x768,768,768,12,3.5
lounge_chair_055,single_furniture,lounge_chair,Lounge chair,55,20264558,lounge chair,lounge_chair_055.png,images/lounge_chair_055.png,FLUX.2-klein-base-9B,768x768,768,768,12,3.5
lounge_chair_056,single_furniture,lounge_chair,Lounge chair,56,20264559,lounge chair,lounge_chair_056.png,images/lounge_chair_056.png,FLUX.2-klein-base-9B,768x768,768,768,12,3.5
lounge_chair_057,single_furniture,lounge_chair,Lounge chair,57,20264560,lounge chair,lounge_chair_057.png,images/lounge_chair_057.png,FLUX.2-klein-base-9B,768x768,768,768,12,3.5
lounge_chair_058,single_furniture,lounge_chair,Lounge chair,58,20264561,lounge chair,lounge_chair_058.png,images/lounge_chair_058.png,FLUX.2-klein-base-9B,768x768,768,768,12,3.5
lounge_chair_059,single_furniture,lounge_chair,Lounge chair,59,20264562,lounge chair,lounge_chair_059.png,images/lounge_chair_059.png,FLUX.2-klein-base-9B,768x768,768,768,12,3.5
lounge_chair_060,single_furniture,lounge_chair,Lounge chair,60,20264563,lounge chair,lounge_chair_060.png,images/lounge_chair_060.png,FLUX.2-klein-base-9B,768x768,768,768,12,3.5
lounge_chair_061,single_furniture,lounge_chair,Lounge chair,61,20264564,lounge chair,lounge_chair_061.png,images/lounge_chair_061.png,FLUX.2-klein-base-9B,768x768,768,768,12,3.5
lounge_chair_062,single_furniture,lounge_chair,Lounge chair,62,20264565,lounge chair,lounge_chair_062.png,images/lounge_chair_062.png,FLUX.2-klein-base-9B,768x768,768,768,12,3.5
lounge_chair_063,single_furniture,lounge_chair,Lounge chair,63,20264566,lounge chair,lounge_chair_063.png,images/lounge_chair_063.png,FLUX.2-klein-base-9B,768x768,768,768,12,3.5
lounge_chair_064,single_furniture,lounge_chair,Lounge chair,64,20264567,lounge chair,lounge_chair_064.png,images/lounge_chair_064.png,FLUX.2-klein-base-9B,768x768,768,768,12,3.5
lounge_chair_065,single_furniture,lounge_chair,Lounge chair,65,20264568,lounge chair,lounge_chair_065.png,images/lounge_chair_065.png,FLUX.2-klein-base-9B,768x768,768,768,12,3.5
lounge_chair_066,single_furniture,lounge_chair,Lounge chair,66,20264569,lounge chair,lounge_chair_066.png,images/lounge_chair_066.png,FLUX.2-klein-base-9B,768x768,768,768,12,3.5
lounge_chair_067,single_furniture,lounge_chair,Lounge chair,67,20264570,lounge chair,lounge_chair_067.png,images/lounge_chair_067.png,FLUX.2-klein-base-9B,768x768,768,768,12,3.5
lounge_chair_068,single_furniture,lounge_chair,Lounge chair,68,20264571,lounge chair,lounge_chair_068.png,images/lounge_chair_068.png,FLUX.2-klein-base-9B,768x768,768,768,12,3.5
lounge_chair_069,single_furniture,lounge_chair,Lounge chair,69,20264572,lounge chair,lounge_chair_069.png,images/lounge_chair_069.png,FLUX.2-klein-base-9B,768x768,768,768,12,3.5
lounge_chair_070,single_furniture,lounge_chair,Lounge chair,70,20264573,lounge chair,lounge_chair_070.png,images/lounge_chair_070.png,FLUX.2-klein-base-9B,768x768,768,768,12,3.5
lounge_chair_071,single_furniture,lounge_chair,Lounge chair,71,20264574,lounge chair,lounge_chair_071.png,images/lounge_chair_071.png,FLUX.2-klein-base-9B,768x768,768,768,12,3.5
lounge_chair_072,single_furniture,lounge_chair,Lounge chair,72,20264575,lounge chair,lounge_chair_072.png,images/lounge_chair_072.png,FLUX.2-klein-base-9B,768x768,768,768,12,3.5
lounge_chair_073,single_furniture,lounge_chair,Lounge chair,73,20264576,lounge chair,lounge_chair_073.png,images/lounge_chair_073.png,FLUX.2-klein-base-9B,768x768,768,768,12,3.5
lounge_chair_074,single_furniture,lounge_chair,Lounge chair,74,20264577,lounge chair,lounge_chair_074.png,images/lounge_chair_074.png,FLUX.2-klein-base-9B,768x768,768,768,12,3.5
lounge_chair_075,single_furniture,lounge_chair,Lounge chair,75,20264578,lounge chair,lounge_chair_075.png,images/lounge_chair_075.png,FLUX.2-klein-base-9B,768x768,768,768,12,3.5
lounge_chair_076,single_furniture,lounge_chair,Lounge chair,76,20264579,lounge chair,lounge_chair_076.png,images/lounge_chair_076.png,FLUX.2-klein-base-9B,768x768,768,768,12,3.5
lounge_chair_077,single_furniture,lounge_chair,Lounge chair,77,20264580,lounge chair,lounge_chair_077.png,images/lounge_chair_077.png,FLUX.2-klein-base-9B,768x768,768,768,12,3.5
lounge_chair_078,single_furniture,lounge_chair,Lounge chair,78,20264581,lounge chair,lounge_chair_078.png,images/lounge_chair_078.png,FLUX.2-klein-base-9B,768x768,768,768,12,3.5
lounge_chair_079,single_furniture,lounge_chair,Lounge chair,79,20264582,lounge chair,lounge_chair_079.png,images/lounge_chair_079.png,FLUX.2-klein-base-9B,768x768,768,768,12,3.5
lounge_chair_080,single_furniture,lounge_chair,Lounge chair,80,20264583,lounge chair,lounge_chair_080.png,images/lounge_chair_080.png,FLUX.2-klein-base-9B,768x768,768,768,12,3.5
lounge_chair_081,single_furniture,lounge_chair,Lounge chair,81,20264584,lounge chair,lounge_chair_081.png,images/lounge_chair_081.png,FLUX.2-klein-base-9B,768x768,768,768,12,3.5
lounge_chair_082,single_furniture,lounge_chair,Lounge chair,82,20264585,lounge chair,lounge_chair_082.png,images/lounge_chair_082.png,FLUX.2-klein-base-9B,768x768,768,768,12,3.5
lounge_chair_083,single_furniture,lounge_chair,Lounge chair,83,20264586,lounge chair,lounge_chair_083.png,images/lounge_chair_083.png,FLUX.2-klein-base-9B,768x768,768,768,12,3.5
lounge_chair_084,single_furniture,lounge_chair,Lounge chair,84,20264587,lounge chair,lounge_chair_084.png,images/lounge_chair_084.png,FLUX.2-klein-base-9B,768x768,768,768,12,3.5
lounge_chair_085,single_furniture,lounge_chair,Lounge chair,85,20264588,lounge chair,lounge_chair_085.png,images/lounge_chair_085.png,FLUX.2-klein-base-9B,768x768,768,768,12,3.5
lounge_chair_086,single_furniture,lounge_chair,Lounge chair,86,20264589,lounge chair,lounge_chair_086.png,images/lounge_chair_086.png,FLUX.2-klein-base-9B,768x768,768,768,12,3.5
lounge_chair_087,single_furniture,lounge_chair,Lounge chair,87,20264590,lounge chair,lounge_chair_087.png,images/lounge_chair_087.png,FLUX.2-klein-base-9B,768x768,768,768,12,3.5
lounge_chair_088,single_furniture,lounge_chair,Lounge chair,88,20264591,lounge chair,lounge_chair_088.png,images/lounge_chair_088.png,FLUX.2-klein-base-9B,768x768,768,768,12,3.5
lounge_chair_089,single_furniture,lounge_chair,Lounge chair,89,20264592,lounge chair,lounge_chair_089.png,images/lounge_chair_089.png,FLUX.2-klein-base-9B,768x768,768,768,12,3.5
lounge_chair_090,single_furniture,lounge_chair,Lounge chair,90,20264593,lounge chair,lounge_chair_090.png,images/lounge_chair_090.png,FLUX.2-klein-base-9B,768x768,768,768,12,3.5
lounge_chair_091,single_furniture,lounge_chair,Lounge chair,91,20264594,lounge chair,lounge_chair_091.png,images/lounge_chair_091.png,FLUX.2-klein-base-9B,768x768,768,768,12,3.5
lounge_chair_092,single_furniture,lounge_chair,Lounge chair,92,20264595,lounge chair,lounge_chair_092.png,images/lounge_chair_092.png,FLUX.2-klein-base-9B,768x768,768,768,12,3.5
lounge_chair_093,single_furniture,lounge_chair,Lounge chair,93,20264596,lounge chair,lounge_chair_093.png,images/lounge_chair_093.png,FLUX.2-klein-base-9B,768x768,768,768,12,3.5
lounge_chair_094,single_furniture,lounge_chair,Lounge chair,94,20264597,lounge chair,lounge_chair_094.png,images/lounge_chair_094.png,FLUX.2-klein-base-9B,768x768,768,768,12,3.5
lounge_chair_095,single_furniture,lounge_chair,Lounge chair,95,20264598,lounge chair,lounge_chair_095.png,images/lounge_chair_095.png,FLUX.2-klein-base-9B,768x768,768,768,12,3.5
lounge_chair_096,single_furniture,lounge_chair,Lounge chair,96,20264599,lounge chair,lounge_chair_096.png,images/lounge_chair_096.png,FLUX.2-klein-base-9B,768x768,768,768,12,3.5
lounge_chair_097,single_furniture,lounge_chair,Lounge chair,97,20264600,lounge chair,lounge_chair_097.png,images/lounge_chair_097.png,FLUX.2-klein-base-9B,768x768,768,768,12,3.5
lounge_chair_098,single_furniture,lounge_chair,Lounge chair,98,20264601,lounge chair,lounge_chair_098.png,images/lounge_chair_098.png,FLUX.2-klein-base-9B,768x768,768,768,12,3.5
lounge_chair_099,single_furniture,lounge_chair,Lounge chair,99,20264602,lounge chair,lounge_chair_099.png,images/lounge_chair_099.png,FLUX.2-klein-base-9B,768x768,768,768,12,3.5
lounge_chair_100,single_furniture,lounge_chair,Lounge chair,100,20264603,lounge chair,lounge_chair_100.png,images/lounge_chair_100.png,FLUX.2-klein-base-9B,768x768,768,768,12,3.5
lounge_chair_101,single_furniture,lounge_chair,Lounge chair,101,20264604,lounge chair,lounge_chair_101.png,images/lounge_chair_101.png,FLUX.2-klein-base-9B,768x768,768,768,12,3.5
lounge_chair_102,single_furniture,lounge_chair,Lounge chair,102,20264605,lounge chair,lounge_chair_102.png,images/lounge_chair_102.png,FLUX.2-klein-base-9B,768x768,768,768,12,3.5
lounge_chair_103,single_furniture,lounge_chair,Lounge chair,103,20264606,lounge chair,lounge_chair_103.png,images/lounge_chair_103.png,FLUX.2-klein-base-9B,768x768,768,768,12,3.5
lounge_chair_104,single_furniture,lounge_chair,Lounge chair,104,20264607,lounge chair,lounge_chair_104.png,images/lounge_chair_104.png,FLUX.2-klein-base-9B,768x768,768,768,12,3.5
lounge_chair_105,single_furniture,lounge_chair,Lounge chair,105,20264608,lounge chair,lounge_chair_105.png,images/lounge_chair_105.png,FLUX.2-klein-base-9B,768x768,768,768,12,3.5
lounge_chair_106,single_furniture,lounge_chair,Lounge chair,106,20264609,lounge chair,lounge_chair_106.png,images/lounge_chair_106.png,FLUX.2-klein-base-9B,768x768,768,768,12,3.5
lounge_chair_107,single_furniture,lounge_chair,Lounge chair,107,20264610,lounge chair,lounge_chair_107.png,images/lounge_chair_107.png,FLUX.2-klein-base-9B,768x768,768,768,12,3.5
lounge_chair_108,single_furniture,lounge_chair,Lounge chair,108,20264611,lounge chair,lounge_chair_108.png,images/lounge_chair_108.png,FLUX.2-klein-base-9B,768x768,768,768,12,3.5
lounge_chair_109,single_furniture,lounge_chair,Lounge chair,109,20264612,lounge chair,lounge_chair_109.png,images/lounge_chair_109.png,FLUX.2-klein-base-9B,768x768,768,768,12,3.5
lounge_chair_110,single_furniture,lounge_chair,Lounge chair,110,20264613,lounge chair,lounge_chair_110.png,images/lounge_chair_110.png,FLUX.2-klein-base-9B,768x768,768,768,12,3.5
lounge_chair_111,single_furniture,lounge_chair,Lounge chair,111,20264614,lounge chair,lounge_chair_111.png,images/lounge_chair_111.png,FLUX.2-klein-base-9B,768x768,768,768,12,3.5
lounge_chair_112,single_furniture,lounge_chair,Lounge chair,112,20264615,lounge chair,lounge_chair_112.png,images/lounge_chair_112.png,FLUX.2-klein-base-9B,768x768,768,768,12,3.5
lounge_chair_113,single_furniture,lounge_chair,Lounge chair,113,20264616,lounge chair,lounge_chair_113.png,images/lounge_chair_113.png,FLUX.2-klein-base-9B,768x768,768,768,12,3.5
lounge_chair_114,single_furniture,lounge_chair,Lounge chair,114,20264617,lounge chair,lounge_chair_114.png,images/lounge_chair_114.png,FLUX.2-klein-base-9B,768x768,768,768,12,3.5
lounge_chair_115,single_furniture,lounge_chair,Lounge chair,115,20264618,lounge chair,lounge_chair_115.png,images/lounge_chair_115.png,FLUX.2-klein-base-9B,768x768,768,768,12,3.5
lounge_chair_116,single_furniture,lounge_chair,Lounge chair,116,20264619,lounge chair,lounge_chair_116.png,images/lounge_chair_116.png,FLUX.2-klein-base-9B,768x768,768,768,12,3.5
lounge_chair_117,single_furniture,lounge_chair,Lounge chair,117,20264620,lounge chair,lounge_chair_117.png,images/lounge_chair_117.png,FLUX.2-klein-base-9B,768x768,768,768,12,3.5
lounge_chair_118,single_furniture,lounge_chair,Lounge chair,118,20264621,lounge chair,lounge_chair_118.png,images/lounge_chair_118.png,FLUX.2-klein-base-9B,768x768,768,768,12,3.5
lounge_chair_119,single_furniture,lounge_chair,Lounge chair,119,20264622,lounge chair,lounge_chair_119.png,images/lounge_chair_119.png,FLUX.2-klein-base-9B,768x768,768,768,12,3.5
lounge_chair_120,single_furniture,lounge_chair,Lounge chair,120,20264623,lounge chair,lounge_chair_120.png,images/lounge_chair_120.png,FLUX.2-klein-base-9B,768x768,768,768,12,3.5
lounge_chair_121,single_furniture,lounge_chair,Lounge chair,121,20264624,lounge chair,lounge_chair_121.png,images/lounge_chair_121.png,FLUX.2-klein-base-9B,768x768,768,768,12,3.5
lounge_chair_122,single_furniture,lounge_chair,Lounge chair,122,20264625,lounge chair,lounge_chair_122.png,images/lounge_chair_122.png,FLUX.2-klein-base-9B,768x768,768,768,12,3.5
lounge_chair_123,single_furniture,lounge_chair,Lounge chair,123,20264626,lounge chair,lounge_chair_123.png,images/lounge_chair_123.png,FLUX.2-klein-base-9B,768x768,768,768,12,3.5
lounge_chair_124,single_furniture,lounge_chair,Lounge chair,124,20264627,lounge chair,lounge_chair_124.png,images/lounge_chair_124.png,FLUX.2-klein-base-9B,768x768,768,768,12,3.5
lounge_chair_125,single_furniture,lounge_chair,Lounge chair,125,20264628,lounge chair,lounge_chair_125.png,images/lounge_chair_125.png,FLUX.2-klein-base-9B,768x768,768,768,12,3.5
lounge_chair_126,single_furniture,lounge_chair,Lounge chair,126,20264629,lounge chair,lounge_chair_126.png,images/lounge_chair_126.png,FLUX.2-klein-base-9B,768x768,768,768,12,3.5
lounge_chair_127,single_furniture,lounge_chair,Lounge chair,127,20264630,lounge chair,lounge_chair_127.png,images/lounge_chair_127.png,FLUX.2-klein-base-9B,768x768,768,768,12,3.5
lounge_chair_128,single_furniture,lounge_chair,Lounge chair,128,20264631,lounge chair,lounge_chair_128.png,images/lounge_chair_128.png,FLUX.2-klein-base-9B,768x768,768,768,12,3.5
lounge_chair_129,single_furniture,lounge_chair,Lounge chair,129,20264632,lounge chair,lounge_chair_129.png,images/lounge_chair_129.png,FLUX.2-klein-base-9B,768x768,768,768,12,3.5
lounge_chair_130,single_furniture,lounge_chair,Lounge chair,130,20264633,lounge chair,lounge_chair_130.png,images/lounge_chair_130.png,FLUX.2-klein-base-9B,768x768,768,768,12,3.5
lounge_chair_131,single_furniture,lounge_chair,Lounge chair,131,20264634,lounge chair,lounge_chair_131.png,images/lounge_chair_131.png,FLUX.2-klein-base-9B,768x768,768,768,12,3.5
lounge_chair_132,single_furniture,lounge_chair,Lounge chair,132,20264635,lounge chair,lounge_chair_132.png,images/lounge_chair_132.png,FLUX.2-klein-base-9B,768x768,768,768,12,3.5
lounge_chair_133,single_furniture,lounge_chair,Lounge chair,133,20264636,lounge chair,lounge_chair_133.png,images/lounge_chair_133.png,FLUX.2-klein-base-9B,768x768,768,768,12,3.5
lounge_chair_134,single_furniture,lounge_chair,Lounge chair,134,20264637,lounge chair,lounge_chair_134.png,images/lounge_chair_134.png,FLUX.2-klein-base-9B,768x768,768,768,12,3.5
lounge_chair_135,single_furniture,lounge_chair,Lounge chair,135,20264638,lounge chair,lounge_chair_135.png,images/lounge_chair_135.png,FLUX.2-klein-base-9B,768x768,768,768,12,3.5
lounge_chair_136,single_furniture,lounge_chair,Lounge chair,136,20264639,lounge chair,lounge_chair_136.png,images/lounge_chair_136.png,FLUX.2-klein-base-9B,768x768,768,768,12,3.5
lounge_chair_137,single_furniture,lounge_chair,Lounge chair,137,20264640,lounge chair,lounge_chair_137.png,images/lounge_chair_137.png,FLUX.2-klein-base-9B,768x768,768,768,12,3.5
lounge_chair_138,single_furniture,lounge_chair,Lounge chair,138,20264641,lounge chair,lounge_chair_138.png,images/lounge_chair_138.png,FLUX.2-klein-base-9B,768x768,768,768,12,3.5
lounge_chair_139,single_furniture,lounge_chair,Lounge chair,139,20264642,lounge chair,lounge_chair_139.png,images/lounge_chair_139.png,FLUX.2-klein-base-9B,768x768,768,768,12,3.5
lounge_chair_140,single_furniture,lounge_chair,Lounge chair,140,20264643,lounge chair,lounge_chair_140.png,images/lounge_chair_140.png,FLUX.2-klein-base-9B,768x768,768,768,12,3.5
lounge_chair_141,single_furniture,lounge_chair,Lounge chair,141,20264644,lounge chair,lounge_chair_141.png,images/lounge_chair_141.png,FLUX.2-klein-base-9B,768x768,768,768,12,3.5
lounge_chair_142,single_furniture,lounge_chair,Lounge chair,142,20264645,lounge chair,lounge_chair_142.png,images/lounge_chair_142.png,FLUX.2-klein-base-9B,768x768,768,768,12,3.5
lounge_chair_143,single_furniture,lounge_chair,Lounge chair,143,20264646,lounge chair,lounge_chair_143.png,images/lounge_chair_143.png,FLUX.2-klein-base-9B,768x768,768,768,12,3.5
lounge_chair_144,single_furniture,lounge_chair,Lounge chair,144,20264647,lounge chair,lounge_chair_144.png,images/lounge_chair_144.png,FLUX.2-klein-base-9B,768x768,768,768,12,3.5
lounge_chair_145,single_furniture,lounge_chair,Lounge chair,145,20264648,lounge chair,lounge_chair_145.png,images/lounge_chair_145.png,FLUX.2-klein-base-9B,768x768,768,768,12,3.5
lounge_chair_146,single_furniture,lounge_chair,Lounge chair,146,20264649,lounge chair,lounge_chair_146.png,images/lounge_chair_146.png,FLUX.2-klein-base-9B,768x768,768,768,12,3.5
lounge_chair_147,single_furniture,lounge_chair,Lounge chair,147,20264650,lounge chair,lounge_chair_147.png,images/lounge_chair_147.png,FLUX.2-klein-base-9B,768x768,768,768,12,3.5
lounge_chair_148,single_furniture,lounge_chair,Lounge chair,148,20264651,lounge chair,lounge_chair_148.png,images/lounge_chair_148.png,FLUX.2-klein-base-9B,768x768,768,768,12,3.5
lounge_chair_149,single_furniture,lounge_chair,Lounge chair,149,20264652,lounge chair,lounge_chair_149.png,images/lounge_chair_149.png,FLUX.2-klein-base-9B,768x768,768,768,12,3.5
lounge_chair_150,single_furniture,lounge_chair,Lounge chair,150,20264653,lounge chair,lounge_chair_150.png,images/lounge_chair_150.png,FLUX.2-klein-base-9B,768x768,768,768,12,3.5
lounge_chair_151,single_furniture,lounge_chair,Lounge chair,151,20264654,lounge chair,lounge_chair_151.png,images/lounge_chair_151.png,FLUX.2-klein-base-9B,768x768,768,768,12,3.5
lounge_chair_152,single_furniture,lounge_chair,Lounge chair,152,20264655,lounge chair,lounge_chair_152.png,images/lounge_chair_152.png,FLUX.2-klein-base-9B,768x768,768,768,12,3.5
lounge_chair_153,single_furniture,lounge_chair,Lounge chair,153,20264656,lounge chair,lounge_chair_153.png,images/lounge_chair_153.png,FLUX.2-klein-base-9B,768x768,768,768,12,3.5
lounge_chair_154,single_furniture,lounge_chair,Lounge chair,154,20264657,lounge chair,lounge_chair_154.png,images/lounge_chair_154.png,FLUX.2-klein-base-9B,768x768,768,768,12,3.5
lounge_chair_155,single_furniture,lounge_chair,Lounge chair,155,20264658,lounge chair,lounge_chair_155.png,images/lounge_chair_155.png,FLUX.2-klein-base-9B,768x768,768,768,12,3.5
lounge_chair_156,single_furniture,lounge_chair,Lounge chair,156,20264659,lounge chair,lounge_chair_156.png,images/lounge_chair_156.png,FLUX.2-klein-base-9B,768x768,768,768,12,3.5
lounge_chair_157,single_furniture,lounge_chair,Lounge chair,157,20264660,lounge chair,lounge_chair_157.png,images/lounge_chair_157.png,FLUX.2-klein-base-9B,768x768,768,768,12,3.5
lounge_chair_158,single_furniture,lounge_chair,Lounge chair,158,20264661,lounge chair,lounge_chair_158.png,images/lounge_chair_158.png,FLUX.2-klein-base-9B,768x768,768,768,12,3.5
lounge_chair_159,single_furniture,lounge_chair,Lounge chair,159,20264662,lounge chair,lounge_chair_159.png,images/lounge_chair_159.png,FLUX.2-klein-base-9B,768x768,768,768,12,3.5
lounge_chair_160,single_furniture,lounge_chair,Lounge chair,160,20264663,lounge chair,lounge_chair_160.png,images/lounge_chair_160.png,FLUX.2-klein-base-9B,768x768,768,768,12,3.5
lounge_chair_161,single_furniture,lounge_chair,Lounge chair,161,20264664,lounge chair,lounge_chair_161.png,images/lounge_chair_161.png,FLUX.2-klein-base-9B,768x768,768,768,12,3.5
lounge_chair_162,single_furniture,lounge_chair,Lounge chair,162,20264665,lounge chair,lounge_chair_162.png,images/lounge_chair_162.png,FLUX.2-klein-base-9B,768x768,768,768,12,3.5
lounge_chair_163,single_furniture,lounge_chair,Lounge chair,163,20264666,lounge chair,lounge_chair_163.png,images/lounge_chair_163.png,FLUX.2-klein-base-9B,768x768,768,768,12,3.5
lounge_chair_164,single_furniture,lounge_chair,Lounge chair,164,20264667,lounge chair,lounge_chair_164.png,images/lounge_chair_164.png,FLUX.2-klein-base-9B,768x768,768,768,12,3.5
lounge_chair_165,single_furniture,lounge_chair,Lounge chair,165,20264668,lounge chair,lounge_chair_165.png,images/lounge_chair_165.png,FLUX.2-klein-base-9B,768x768,768,768,12,3.5
lounge_chair_166,single_furniture,lounge_chair,Lounge chair,166,20264669,lounge chair,lounge_chair_166.png,images/lounge_chair_166.png,FLUX.2-klein-base-9B,768x768,768,768,12,3.5
lounge_chair_167,single_furniture,lounge_chair,Lounge chair,167,20264670,lounge chair,lounge_chair_167.png,images/lounge_chair_167.png,FLUX.2-klein-base-9B,768x768,768,768,12,3.5
lounge_chair_168,single_furniture,lounge_chair,Lounge chair,168,20264671,lounge chair,lounge_chair_168.png,images/lounge_chair_168.png,FLUX.2-klein-base-9B,768x768,768,768,12,3.5
lounge_chair_169,single_furniture,lounge_chair,Lounge chair,169,20264672,lounge chair,lounge_chair_169.png,images/lounge_chair_169.png,FLUX.2-klein-base-9B,768x768,768,768,12,3.5
lounge_chair_170,single_furniture,lounge_chair,Lounge chair,170,20264673,lounge chair,lounge_chair_170.png,images/lounge_chair_170.png,FLUX.2-klein-base-9B,768x768,768,768,12,3.5
lounge_chair_171,single_furniture,lounge_chair,Lounge chair,171,20264674,lounge chair,lounge_chair_171.png,images/lounge_chair_171.png,FLUX.2-klein-base-9B,768x768,768,768,12,3.5
lounge_chair_172,single_furniture,lounge_chair,Lounge chair,172,20264675,lounge chair,lounge_chair_172.png,images/lounge_chair_172.png,FLUX.2-klein-base-9B,768x768,768,768,12,3.5
lounge_chair_173,single_furniture,lounge_chair,Lounge chair,173,20264676,lounge chair,lounge_chair_173.png,images/lounge_chair_173.png,FLUX.2-klein-base-9B,768x768,768,768,12,3.5
lounge_chair_174,single_furniture,lounge_chair,Lounge chair,174,20264677,lounge chair,lounge_chair_174.png,images/lounge_chair_174.png,FLUX.2-klein-base-9B,768x768,768,768,12,3.5
lounge_chair_175,single_furniture,lounge_chair,Lounge chair,175,20264678,lounge chair,lounge_chair_175.png,images/lounge_chair_175.png,FLUX.2-klein-base-9B,768x768,768,768,12,3.5
lounge_chair_176,single_furniture,lounge_chair,Lounge chair,176,20264679,lounge chair,lounge_chair_176.png,images/lounge_chair_176.png,FLUX.2-klein-base-9B,768x768,768,768,12,3.5
lounge_chair_177,single_furniture,lounge_chair,Lounge chair,177,20264680,lounge chair,lounge_chair_177.png,images/lounge_chair_177.png,FLUX.2-klein-base-9B,768x768,768,768,12,3.5
lounge_chair_178,single_furniture,lounge_chair,Lounge chair,178,20264681,lounge chair,lounge_chair_178.png,images/lounge_chair_178.png,FLUX.2-klein-base-9B,768x768,768,768,12,3.5
lounge_chair_179,single_furniture,lounge_chair,Lounge chair,179,20264682,lounge chair,lounge_chair_179.png,images/lounge_chair_179.png,FLUX.2-klein-base-9B,768x768,768,768,12,3.5
lounge_chair_180,single_furniture,lounge_chair,Lounge chair,180,20264683,lounge chair,lounge_chair_180.png,images/lounge_chair_180.png,FLUX.2-klein-base-9B,768x768,768,768,12,3.5
lounge_chair_181,single_furniture,lounge_chair,Lounge chair,181,20264684,lounge chair,lounge_chair_181.png,images/lounge_chair_181.png,FLUX.2-klein-base-9B,768x768,768,768,12,3.5
lounge_chair_182,single_furniture,lounge_chair,Lounge chair,182,20264685,lounge chair,lounge_chair_182.png,images/lounge_chair_182.png,FLUX.2-klein-base-9B,768x768,768,768,12,3.5
lounge_chair_183,single_furniture,lounge_chair,Lounge chair,183,20264686,lounge chair,lounge_chair_183.png,images/lounge_chair_183.png,FLUX.2-klein-base-9B,768x768,768,768,12,3.5
lounge_chair_184,single_furniture,lounge_chair,Lounge chair,184,20264687,lounge chair,lounge_chair_184.png,images/lounge_chair_184.png,FLUX.2-klein-base-9B,768x768,768,768,12,3.5
lounge_chair_185,single_furniture,lounge_chair,Lounge chair,185,20264688,lounge chair,lounge_chair_185.png,images/lounge_chair_185.png,FLUX.2-klein-base-9B,768x768,768,768,12,3.5
lounge_chair_186,single_furniture,lounge_chair,Lounge chair,186,20264689,lounge chair,lounge_chair_186.png,images/lounge_chair_186.png,FLUX.2-klein-base-9B,768x768,768,768,12,3.5
lounge_chair_187,single_furniture,lounge_chair,Lounge chair,187,20264690,lounge chair,lounge_chair_187.png,images/lounge_chair_187.png,FLUX.2-klein-base-9B,768x768,768,768,12,3.5
lounge_chair_188,single_furniture,lounge_chair,Lounge chair,188,20264691,lounge chair,lounge_chair_188.png,images/lounge_chair_188.png,FLUX.2-klein-base-9B,768x768,768,768,12,3.5
lounge_chair_189,single_furniture,lounge_chair,Lounge chair,189,20264692,lounge chair,lounge_chair_189.png,images/lounge_chair_189.png,FLUX.2-klein-base-9B,768x768,768,768,12,3.5
lounge_chair_190,single_furniture,lounge_chair,Lounge chair,190,20264693,lounge chair,lounge_chair_190.png,images/lounge_chair_190.png,FLUX.2-klein-base-9B,768x768,768,768,12,3.5
lounge_chair_191,single_furniture,lounge_chair,Lounge chair,191,20264694,lounge chair,lounge_chair_191.png,images/lounge_chair_191.png,FLUX.2-klein-base-9B,768x768,768,768,12,3.5
lounge_chair_192,single_furniture,lounge_chair,Lounge chair,192,20264695,lounge chair,lounge_chair_192.png,images/lounge_chair_192.png,FLUX.2-klein-base-9B,768x768,768,768,12,3.5
lounge_chair_193,single_furniture,lounge_chair,Lounge chair,193,20264696,lounge chair,lounge_chair_193.png,images/lounge_chair_193.png,FLUX.2-klein-base-9B,768x768,768,768,12,3.5
lounge_chair_194,single_furniture,lounge_chair,Lounge chair,194,20264697,lounge chair,lounge_chair_194.png,images/lounge_chair_194.png,FLUX.2-klein-base-9B,768x768,768,768,12,3.5
lounge_chair_195,single_furniture,lounge_chair,Lounge chair,195,20264698,lounge chair,lounge_chair_195.png,images/lounge_chair_195.png,FLUX.2-klein-base-9B,768x768,768,768,12,3.5
lounge_chair_196,single_furniture,lounge_chair,Lounge chair,196,20264699,lounge chair,lounge_chair_196.png,images/lounge_chair_196.png,FLUX.2-klein-base-9B,768x768,768,768,12,3.5
lounge_chair_197,single_furniture,lounge_chair,Lounge chair,197,20264700,lounge chair,lounge_chair_197.png,images/lounge_chair_197.png,FLUX.2-klein-base-9B,768x768,768,768,12,3.5
lounge_chair_198,single_furniture,lounge_chair,Lounge chair,198,20264701,lounge chair,lounge_chair_198.png,images/lounge_chair_198.png,FLUX.2-klein-base-9B,768x768,768,768,12,3.5
lounge_chair_199,single_furniture,lounge_chair,Lounge chair,199,20264702,lounge chair,lounge_chair_199.png,images/lounge_chair_199.png,FLUX.2-klein-base-9B,768x768,768,768,12,3.5
lounge_chair_200,single_furniture,lounge_chair,Lounge chair,200,20264703,lounge chair,lounge_chair_200.png,images/lounge_chair_200.png,FLUX.2-klein-base-9B,768x768,768,768,12,3.5
desk_lamp_001,single_lighting,desk_lamp,Desk lamp,1,20265504,desk lamp,desk_lamp_001.png,images/desk_lamp_001.png,FLUX.2-klein-base-9B,768x768,768,768,12,3.5
desk_lamp_002,single_lighting,desk_lamp,Desk lamp,2,20265505,desk lamp,desk_lamp_002.png,images/desk_lamp_002.png,FLUX.2-klein-base-9B,768x768,768,768,12,3.5
desk_lamp_003,single_lighting,desk_lamp,Desk lamp,3,20265506,desk lamp,desk_lamp_003.png,images/desk_lamp_003.png,FLUX.2-klein-base-9B,768x768,768,768,12,3.5
desk_lamp_004,single_lighting,desk_lamp,Desk lamp,4,20265507,desk lamp,desk_lamp_004.png,images/desk_lamp_004.png,FLUX.2-klein-base-9B,768x768,768,768,12,3.5
desk_lamp_005,single_lighting,desk_lamp,Desk lamp,5,20265508,desk lamp,desk_lamp_005.png,images/desk_lamp_005.png,FLUX.2-klein-base-9B,768x768,768,768,12,3.5
desk_lamp_006,single_lighting,desk_lamp,Desk lamp,6,20265509,desk lamp,desk_lamp_006.png,images/desk_lamp_006.png,FLUX.2-klein-base-9B,768x768,768,768,12,3.5
desk_lamp_007,single_lighting,desk_lamp,Desk lamp,7,20265510,desk lamp,desk_lamp_007.png,images/desk_lamp_007.png,FLUX.2-klein-base-9B,768x768,768,768,12,3.5
desk_lamp_008,single_lighting,desk_lamp,Desk lamp,8,20265511,desk lamp,desk_lamp_008.png,images/desk_lamp_008.png,FLUX.2-klein-base-9B,768x768,768,768,12,3.5
desk_lamp_009,single_lighting,desk_lamp,Desk lamp,9,20265512,desk lamp,desk_lamp_009.png,images/desk_lamp_009.png,FLUX.2-klein-base-9B,768x768,768,768,12,3.5
desk_lamp_010,single_lighting,desk_lamp,Desk lamp,10,20265513,desk lamp,desk_lamp_010.png,images/desk_lamp_010.png,FLUX.2-klein-base-9B,768x768,768,768,12,3.5
desk_lamp_011,single_lighting,desk_lamp,Desk lamp,11,20265514,desk lamp,desk_lamp_011.png,images/desk_lamp_011.png,FLUX.2-klein-base-9B,768x768,768,768,12,3.5
desk_lamp_012,single_lighting,desk_lamp,Desk lamp,12,20265515,desk lamp,desk_lamp_012.png,images/desk_lamp_012.png,FLUX.2-klein-base-9B,768x768,768,768,12,3.5
desk_lamp_013,single_lighting,desk_lamp,Desk lamp,13,20265516,desk lamp,desk_lamp_013.png,images/desk_lamp_013.png,FLUX.2-klein-base-9B,768x768,768,768,12,3.5
desk_lamp_014,single_lighting,desk_lamp,Desk lamp,14,20265517,desk lamp,desk_lamp_014.png,images/desk_lamp_014.png,FLUX.2-klein-base-9B,768x768,768,768,12,3.5
desk_lamp_015,single_lighting,desk_lamp,Desk lamp,15,20265518,desk lamp,desk_lamp_015.png,images/desk_lamp_015.png,FLUX.2-klein-base-9B,768x768,768,768,12,3.5
desk_lamp_016,single_lighting,desk_lamp,Desk lamp,16,20265519,desk lamp,desk_lamp_016.png,images/desk_lamp_016.png,FLUX.2-klein-base-9B,768x768,768,768,12,3.5
desk_lamp_017,single_lighting,desk_lamp,Desk lamp,17,20265520,desk lamp,desk_lamp_017.png,images/desk_lamp_017.png,FLUX.2-klein-base-9B,768x768,768,768,12,3.5
desk_lamp_018,single_lighting,desk_lamp,Desk lamp,18,20265521,desk lamp,desk_lamp_018.png,images/desk_lamp_018.png,FLUX.2-klein-base-9B,768x768,768,768,12,3.5
desk_lamp_019,single_lighting,desk_lamp,Desk lamp,19,20265522,desk lamp,desk_lamp_019.png,images/desk_lamp_019.png,FLUX.2-klein-base-9B,768x768,768,768,12,3.5
desk_lamp_020,single_lighting,desk_lamp,Desk lamp,20,20265523,desk lamp,desk_lamp_020.png,images/desk_lamp_020.png,FLUX.2-klein-base-9B,768x768,768,768,12,3.5
desk_lamp_021,single_lighting,desk_lamp,Desk lamp,21,20265524,desk lamp,desk_lamp_021.png,images/desk_lamp_021.png,FLUX.2-klein-base-9B,768x768,768,768,12,3.5
desk_lamp_022,single_lighting,desk_lamp,Desk lamp,22,20265525,desk lamp,desk_lamp_022.png,images/desk_lamp_022.png,FLUX.2-klein-base-9B,768x768,768,768,12,3.5
desk_lamp_023,single_lighting,desk_lamp,Desk lamp,23,20265526,desk lamp,desk_lamp_023.png,images/desk_lamp_023.png,FLUX.2-klein-base-9B,768x768,768,768,12,3.5
desk_lamp_024,single_lighting,desk_lamp,Desk lamp,24,20265527,desk lamp,desk_lamp_024.png,images/desk_lamp_024.png,FLUX.2-klein-base-9B,768x768,768,768,12,3.5
desk_lamp_025,single_lighting,desk_lamp,Desk lamp,25,20265528,desk lamp,desk_lamp_025.png,images/desk_lamp_025.png,FLUX.2-klein-base-9B,768x768,768,768,12,3.5
desk_lamp_026,single_lighting,desk_lamp,Desk lamp,26,20265529,desk lamp,desk_lamp_026.png,images/desk_lamp_026.png,FLUX.2-klein-base-9B,768x768,768,768,12,3.5
desk_lamp_027,single_lighting,desk_lamp,Desk lamp,27,20265530,desk lamp,desk_lamp_027.png,images/desk_lamp_027.png,FLUX.2-klein-base-9B,768x768,768,768,12,3.5
desk_lamp_028,single_lighting,desk_lamp,Desk lamp,28,20265531,desk lamp,desk_lamp_028.png,images/desk_lamp_028.png,FLUX.2-klein-base-9B,768x768,768,768,12,3.5
desk_lamp_029,single_lighting,desk_lamp,Desk lamp,29,20265532,desk lamp,desk_lamp_029.png,images/desk_lamp_029.png,FLUX.2-klein-base-9B,768x768,768,768,12,3.5
desk_lamp_030,single_lighting,desk_lamp,Desk lamp,30,20265533,desk lamp,desk_lamp_030.png,images/desk_lamp_030.png,FLUX.2-klein-base-9B,768x768,768,768,12,3.5
desk_lamp_031,single_lighting,desk_lamp,Desk lamp,31,20265534,desk lamp,desk_lamp_031.png,images/desk_lamp_031.png,FLUX.2-klein-base-9B,768x768,768,768,12,3.5
desk_lamp_032,single_lighting,desk_lamp,Desk lamp,32,20265535,desk lamp,desk_lamp_032.png,images/desk_lamp_032.png,FLUX.2-klein-base-9B,768x768,768,768,12,3.5
desk_lamp_033,single_lighting,desk_lamp,Desk lamp,33,20265536,desk lamp,desk_lamp_033.png,images/desk_lamp_033.png,FLUX.2-klein-base-9B,768x768,768,768,12,3.5
desk_lamp_034,single_lighting,desk_lamp,Desk lamp,34,20265537,desk lamp,desk_lamp_034.png,images/desk_lamp_034.png,FLUX.2-klein-base-9B,768x768,768,768,12,3.5
desk_lamp_035,single_lighting,desk_lamp,Desk lamp,35,20265538,desk lamp,desk_lamp_035.png,images/desk_lamp_035.png,FLUX.2-klein-base-9B,768x768,768,768,12,3.5
desk_lamp_036,single_lighting,desk_lamp,Desk lamp,36,20265539,desk lamp,desk_lamp_036.png,images/desk_lamp_036.png,FLUX.2-klein-base-9B,768x768,768,768,12,3.5
desk_lamp_037,single_lighting,desk_lamp,Desk lamp,37,20265540,desk lamp,desk_lamp_037.png,images/desk_lamp_037.png,FLUX.2-klein-base-9B,768x768,768,768,12,3.5
desk_lamp_038,single_lighting,desk_lamp,Desk lamp,38,20265541,desk lamp,desk_lamp_038.png,images/desk_lamp_038.png,FLUX.2-klein-base-9B,768x768,768,768,12,3.5
desk_lamp_039,single_lighting,desk_lamp,Desk lamp,39,20265542,desk lamp,desk_lamp_039.png,images/desk_lamp_039.png,FLUX.2-klein-base-9B,768x768,768,768,12,3.5
desk_lamp_040,single_lighting,desk_lamp,Desk lamp,40,20265543,desk lamp,desk_lamp_040.png,images/desk_lamp_040.png,FLUX.2-klein-base-9B,768x768,768,768,12,3.5
desk_lamp_041,single_lighting,desk_lamp,Desk lamp,41,20265544,desk lamp,desk_lamp_041.png,images/desk_lamp_041.png,FLUX.2-klein-base-9B,768x768,768,768,12,3.5
desk_lamp_042,single_lighting,desk_lamp,Desk lamp,42,20265545,desk lamp,desk_lamp_042.png,images/desk_lamp_042.png,FLUX.2-klein-base-9B,768x768,768,768,12,3.5
desk_lamp_043,single_lighting,desk_lamp,Desk lamp,43,20265546,desk lamp,desk_lamp_043.png,images/desk_lamp_043.png,FLUX.2-klein-base-9B,768x768,768,768,12,3.5
desk_lamp_044,single_lighting,desk_lamp,Desk lamp,44,20265547,desk lamp,desk_lamp_044.png,images/desk_lamp_044.png,FLUX.2-klein-base-9B,768x768,768,768,12,3.5
desk_lamp_045,single_lighting,desk_lamp,Desk lamp,45,20265548,desk lamp,desk_lamp_045.png,images/desk_lamp_045.png,FLUX.2-klein-base-9B,768x768,768,768,12,3.5
desk_lamp_046,single_lighting,desk_lamp,Desk lamp,46,20265549,desk lamp,desk_lamp_046.png,images/desk_lamp_046.png,FLUX.2-klein-base-9B,768x768,768,768,12,3.5
desk_lamp_047,single_lighting,desk_lamp,Desk lamp,47,20265550,desk lamp,desk_lamp_047.png,images/desk_lamp_047.png,FLUX.2-klein-base-9B,768x768,768,768,12,3.5
desk_lamp_048,single_lighting,desk_lamp,Desk lamp,48,20265551,desk lamp,desk_lamp_048.png,images/desk_lamp_048.png,FLUX.2-klein-base-9B,768x768,768,768,12,3.5
desk_lamp_049,single_lighting,desk_lamp,Desk lamp,49,20265552,desk lamp,desk_lamp_049.png,images/desk_lamp_049.png,FLUX.2-klein-base-9B,768x768,768,768,12,3.5
desk_lamp_050,single_lighting,desk_lamp,Desk lamp,50,20265553,desk lamp,desk_lamp_050.png,images/desk_lamp_050.png,FLUX.2-klein-base-9B,768x768,768,768,12,3.5
desk_lamp_051,single_lighting,desk_lamp,Desk lamp,51,20265554,desk lamp,desk_lamp_051.png,images/desk_lamp_051.png,FLUX.2-klein-base-9B,768x768,768,768,12,3.5
desk_lamp_052,single_lighting,desk_lamp,Desk lamp,52,20265555,desk lamp,desk_lamp_052.png,images/desk_lamp_052.png,FLUX.2-klein-base-9B,768x768,768,768,12,3.5
desk_lamp_053,single_lighting,desk_lamp,Desk lamp,53,20265556,desk lamp,desk_lamp_053.png,images/desk_lamp_053.png,FLUX.2-klein-base-9B,768x768,768,768,12,3.5
desk_lamp_054,single_lighting,desk_lamp,Desk lamp,54,20265557,desk lamp,desk_lamp_054.png,images/desk_lamp_054.png,FLUX.2-klein-base-9B,768x768,768,768,12,3.5
desk_lamp_055,single_lighting,desk_lamp,Desk lamp,55,20265558,desk lamp,desk_lamp_055.png,images/desk_lamp_055.png,FLUX.2-klein-base-9B,768x768,768,768,12,3.5
desk_lamp_056,single_lighting,desk_lamp,Desk lamp,56,20265559,desk lamp,desk_lamp_056.png,images/desk_lamp_056.png,FLUX.2-klein-base-9B,768x768,768,768,12,3.5
desk_lamp_057,single_lighting,desk_lamp,Desk lamp,57,20265560,desk lamp,desk_lamp_057.png,images/desk_lamp_057.png,FLUX.2-klein-base-9B,768x768,768,768,12,3.5
desk_lamp_058,single_lighting,desk_lamp,Desk lamp,58,20265561,desk lamp,desk_lamp_058.png,images/desk_lamp_058.png,FLUX.2-klein-base-9B,768x768,768,768,12,3.5
desk_lamp_059,single_lighting,desk_lamp,Desk lamp,59,20265562,desk lamp,desk_lamp_059.png,images/desk_lamp_059.png,FLUX.2-klein-base-9B,768x768,768,768,12,3.5
desk_lamp_060,single_lighting,desk_lamp,Desk lamp,60,20265563,desk lamp,desk_lamp_060.png,images/desk_lamp_060.png,FLUX.2-klein-base-9B,768x768,768,768,12,3.5
desk_lamp_061,single_lighting,desk_lamp,Desk lamp,61,20265564,desk lamp,desk_lamp_061.png,images/desk_lamp_061.png,FLUX.2-klein-base-9B,768x768,768,768,12,3.5
desk_lamp_062,single_lighting,desk_lamp,Desk lamp,62,20265565,desk lamp,desk_lamp_062.png,images/desk_lamp_062.png,FLUX.2-klein-base-9B,768x768,768,768,12,3.5
desk_lamp_063,single_lighting,desk_lamp,Desk lamp,63,20265566,desk lamp,desk_lamp_063.png,images/desk_lamp_063.png,FLUX.2-klein-base-9B,768x768,768,768,12,3.5
desk_lamp_064,single_lighting,desk_lamp,Desk lamp,64,20265567,desk lamp,desk_lamp_064.png,images/desk_lamp_064.png,FLUX.2-klein-base-9B,768x768,768,768,12,3.5
desk_lamp_065,single_lighting,desk_lamp,Desk lamp,65,20265568,desk lamp,desk_lamp_065.png,images/desk_lamp_065.png,FLUX.2-klein-base-9B,768x768,768,768,12,3.5
desk_lamp_066,single_lighting,desk_lamp,Desk lamp,66,20265569,desk lamp,desk_lamp_066.png,images/desk_lamp_066.png,FLUX.2-klein-base-9B,768x768,768,768,12,3.5
desk_lamp_067,single_lighting,desk_lamp,Desk lamp,67,20265570,desk lamp,desk_lamp_067.png,images/desk_lamp_067.png,FLUX.2-klein-base-9B,768x768,768,768,12,3.5
desk_lamp_068,single_lighting,desk_lamp,Desk lamp,68,20265571,desk lamp,desk_lamp_068.png,images/desk_lamp_068.png,FLUX.2-klein-base-9B,768x768,768,768,12,3.5
desk_lamp_069,single_lighting,desk_lamp,Desk lamp,69,20265572,desk lamp,desk_lamp_069.png,images/desk_lamp_069.png,FLUX.2-klein-base-9B,768x768,768,768,12,3.5
desk_lamp_070,single_lighting,desk_lamp,Desk lamp,70,20265573,desk lamp,desk_lamp_070.png,images/desk_lamp_070.png,FLUX.2-klein-base-9B,768x768,768,768,12,3.5
desk_lamp_071,single_lighting,desk_lamp,Desk lamp,71,20265574,desk lamp,desk_lamp_071.png,images/desk_lamp_071.png,FLUX.2-klein-base-9B,768x768,768,768,12,3.5
desk_lamp_072,single_lighting,desk_lamp,Desk lamp,72,20265575,desk lamp,desk_lamp_072.png,images/desk_lamp_072.png,FLUX.2-klein-base-9B,768x768,768,768,12,3.5
desk_lamp_073,single_lighting,desk_lamp,Desk lamp,73,20265576,desk lamp,desk_lamp_073.png,images/desk_lamp_073.png,FLUX.2-klein-base-9B,768x768,768,768,12,3.5
desk_lamp_074,single_lighting,desk_lamp,Desk lamp,74,20265577,desk lamp,desk_lamp_074.png,images/desk_lamp_074.png,FLUX.2-klein-base-9B,768x768,768,768,12,3.5
desk_lamp_075,single_lighting,desk_lamp,Desk lamp,75,20265578,desk lamp,desk_lamp_075.png,images/desk_lamp_075.png,FLUX.2-klein-base-9B,768x768,768,768,12,3.5
desk_lamp_076,single_lighting,desk_lamp,Desk lamp,76,20265579,desk lamp,desk_lamp_076.png,images/desk_lamp_076.png,FLUX.2-klein-base-9B,768x768,768,768,12,3.5
desk_lamp_077,single_lighting,desk_lamp,Desk lamp,77,20265580,desk lamp,desk_lamp_077.png,images/desk_lamp_077.png,FLUX.2-klein-base-9B,768x768,768,768,12,3.5
desk_lamp_078,single_lighting,desk_lamp,Desk lamp,78,20265581,desk lamp,desk_lamp_078.png,images/desk_lamp_078.png,FLUX.2-klein-base-9B,768x768,768,768,12,3.5
desk_lamp_079,single_lighting,desk_lamp,Desk lamp,79,20265582,desk lamp,desk_lamp_079.png,images/desk_lamp_079.png,FLUX.2-klein-base-9B,768x768,768,768,12,3.5
desk_lamp_080,single_lighting,desk_lamp,Desk lamp,80,20265583,desk lamp,desk_lamp_080.png,images/desk_lamp_080.png,FLUX.2-klein-base-9B,768x768,768,768,12,3.5
desk_lamp_081,single_lighting,desk_lamp,Desk lamp,81,20265584,desk lamp,desk_lamp_081.png,images/desk_lamp_081.png,FLUX.2-klein-base-9B,768x768,768,768,12,3.5
desk_lamp_082,single_lighting,desk_lamp,Desk lamp,82,20265585,desk lamp,desk_lamp_082.png,images/desk_lamp_082.png,FLUX.2-klein-base-9B,768x768,768,768,12,3.5
desk_lamp_083,single_lighting,desk_lamp,Desk lamp,83,20265586,desk lamp,desk_lamp_083.png,images/desk_lamp_083.png,FLUX.2-klein-base-9B,768x768,768,768,12,3.5
desk_lamp_084,single_lighting,desk_lamp,Desk lamp,84,20265587,desk lamp,desk_lamp_084.png,images/desk_lamp_084.png,FLUX.2-klein-base-9B,768x768,768,768,12,3.5
desk_lamp_085,single_lighting,desk_lamp,Desk lamp,85,20265588,desk lamp,desk_lamp_085.png,images/desk_lamp_085.png,FLUX.2-klein-base-9B,768x768,768,768,12,3.5
desk_lamp_086,single_lighting,desk_lamp,Desk lamp,86,20265589,desk lamp,desk_lamp_086.png,images/desk_lamp_086.png,FLUX.2-klein-base-9B,768x768,768,768,12,3.5
desk_lamp_087,single_lighting,desk_lamp,Desk lamp,87,20265590,desk lamp,desk_lamp_087.png,images/desk_lamp_087.png,FLUX.2-klein-base-9B,768x768,768,768,12,3.5
desk_lamp_088,single_lighting,desk_lamp,Desk lamp,88,20265591,desk lamp,desk_lamp_088.png,images/desk_lamp_088.png,FLUX.2-klein-base-9B,768x768,768,768,12,3.5
desk_lamp_089,single_lighting,desk_lamp,Desk lamp,89,20265592,desk lamp,desk_lamp_089.png,images/desk_lamp_089.png,FLUX.2-klein-base-9B,768x768,768,768,12,3.5
desk_lamp_090,single_lighting,desk_lamp,Desk lamp,90,20265593,desk lamp,desk_lamp_090.png,images/desk_lamp_090.png,FLUX.2-klein-base-9B,768x768,768,768,12,3.5
desk_lamp_091,single_lighting,desk_lamp,Desk lamp,91,20265594,desk lamp,desk_lamp_091.png,images/desk_lamp_091.png,FLUX.2-klein-base-9B,768x768,768,768,12,3.5
desk_lamp_092,single_lighting,desk_lamp,Desk lamp,92,20265595,desk lamp,desk_lamp_092.png,images/desk_lamp_092.png,FLUX.2-klein-base-9B,768x768,768,768,12,3.5
desk_lamp_093,single_lighting,desk_lamp,Desk lamp,93,20265596,desk lamp,desk_lamp_093.png,images/desk_lamp_093.png,FLUX.2-klein-base-9B,768x768,768,768,12,3.5
desk_lamp_094,single_lighting,desk_lamp,Desk lamp,94,20265597,desk lamp,desk_lamp_094.png,images/desk_lamp_094.png,FLUX.2-klein-base-9B,768x768,768,768,12,3.5
desk_lamp_095,single_lighting,desk_lamp,Desk lamp,95,20265598,desk lamp,desk_lamp_095.png,images/desk_lamp_095.png,FLUX.2-klein-base-9B,768x768,768,768,12,3.5
desk_lamp_096,single_lighting,desk_lamp,Desk lamp,96,20265599,desk lamp,desk_lamp_096.png,images/desk_lamp_096.png,FLUX.2-klein-base-9B,768x768,768,768,12,3.5
desk_lamp_097,single_lighting,desk_lamp,Desk lamp,97,20265600,desk lamp,desk_lamp_097.png,images/desk_lamp_097.png,FLUX.2-klein-base-9B,768x768,768,768,12,3.5
desk_lamp_098,single_lighting,desk_lamp,Desk lamp,98,20265601,desk lamp,desk_lamp_098.png,images/desk_lamp_098.png,FLUX.2-klein-base-9B,768x768,768,768,12,3.5
desk_lamp_099,single_lighting,desk_lamp,Desk lamp,99,20265602,desk lamp,desk_lamp_099.png,images/desk_lamp_099.png,FLUX.2-klein-base-9B,768x768,768,768,12,3.5
desk_lamp_100,single_lighting,desk_lamp,Desk lamp,100,20265603,desk lamp,desk_lamp_100.png,images/desk_lamp_100.png,FLUX.2-klein-base-9B,768x768,768,768,12,3.5
desk_lamp_101,single_lighting,desk_lamp,Desk lamp,101,20265604,desk lamp,desk_lamp_101.png,images/desk_lamp_101.png,FLUX.2-klein-base-9B,768x768,768,768,12,3.5
desk_lamp_102,single_lighting,desk_lamp,Desk lamp,102,20265605,desk lamp,desk_lamp_102.png,images/desk_lamp_102.png,FLUX.2-klein-base-9B,768x768,768,768,12,3.5
desk_lamp_103,single_lighting,desk_lamp,Desk lamp,103,20265606,desk lamp,desk_lamp_103.png,images/desk_lamp_103.png,FLUX.2-klein-base-9B,768x768,768,768,12,3.5
desk_lamp_104,single_lighting,desk_lamp,Desk lamp,104,20265607,desk lamp,desk_lamp_104.png,images/desk_lamp_104.png,FLUX.2-klein-base-9B,768x768,768,768,12,3.5
desk_lamp_105,single_lighting,desk_lamp,Desk lamp,105,20265608,desk lamp,desk_lamp_105.png,images/desk_lamp_105.png,FLUX.2-klein-base-9B,768x768,768,768,12,3.5
desk_lamp_106,single_lighting,desk_lamp,Desk lamp,106,20265609,desk lamp,desk_lamp_106.png,images/desk_lamp_106.png,FLUX.2-klein-base-9B,768x768,768,768,12,3.5
desk_lamp_107,single_lighting,desk_lamp,Desk lamp,107,20265610,desk lamp,desk_lamp_107.png,images/desk_lamp_107.png,FLUX.2-klein-base-9B,768x768,768,768,12,3.5
desk_lamp_108,single_lighting,desk_lamp,Desk lamp,108,20265611,desk lamp,desk_lamp_108.png,images/desk_lamp_108.png,FLUX.2-klein-base-9B,768x768,768,768,12,3.5
desk_lamp_109,single_lighting,desk_lamp,Desk lamp,109,20265612,desk lamp,desk_lamp_109.png,images/desk_lamp_109.png,FLUX.2-klein-base-9B,768x768,768,768,12,3.5
desk_lamp_110,single_lighting,desk_lamp,Desk lamp,110,20265613,desk lamp,desk_lamp_110.png,images/desk_lamp_110.png,FLUX.2-klein-base-9B,768x768,768,768,12,3.5
desk_lamp_111,single_lighting,desk_lamp,Desk lamp,111,20265614,desk lamp,desk_lamp_111.png,images/desk_lamp_111.png,FLUX.2-klein-base-9B,768x768,768,768,12,3.5
desk_lamp_112,single_lighting,desk_lamp,Desk lamp,112,20265615,desk lamp,desk_lamp_112.png,images/desk_lamp_112.png,FLUX.2-klein-base-9B,768x768,768,768,12,3.5
desk_lamp_113,single_lighting,desk_lamp,Desk lamp,113,20265616,desk lamp,desk_lamp_113.png,images/desk_lamp_113.png,FLUX.2-klein-base-9B,768x768,768,768,12,3.5
desk_lamp_114,single_lighting,desk_lamp,Desk lamp,114,20265617,desk lamp,desk_lamp_114.png,images/desk_lamp_114.png,FLUX.2-klein-base-9B,768x768,768,768,12,3.5
desk_lamp_115,single_lighting,desk_lamp,Desk lamp,115,20265618,desk lamp,desk_lamp_115.png,images/desk_lamp_115.png,FLUX.2-klein-base-9B,768x768,768,768,12,3.5
desk_lamp_116,single_lighting,desk_lamp,Desk lamp,116,20265619,desk lamp,desk_lamp_116.png,images/desk_lamp_116.png,FLUX.2-klein-base-9B,768x768,768,768,12,3.5
desk_lamp_117,single_lighting,desk_lamp,Desk lamp,117,20265620,desk lamp,desk_lamp_117.png,images/desk_lamp_117.png,FLUX.2-klein-base-9B,768x768,768,768,12,3.5
desk_lamp_118,single_lighting,desk_lamp,Desk lamp,118,20265621,desk lamp,desk_lamp_118.png,images/desk_lamp_118.png,FLUX.2-klein-base-9B,768x768,768,768,12,3.5
desk_lamp_119,single_lighting,desk_lamp,Desk lamp,119,20265622,desk lamp,desk_lamp_119.png,images/desk_lamp_119.png,FLUX.2-klein-base-9B,768x768,768,768,12,3.5
desk_lamp_120,single_lighting,desk_lamp,Desk lamp,120,20265623,desk lamp,desk_lamp_120.png,images/desk_lamp_120.png,FLUX.2-klein-base-9B,768x768,768,768,12,3.5
desk_lamp_121,single_lighting,desk_lamp,Desk lamp,121,20265624,desk lamp,desk_lamp_121.png,images/desk_lamp_121.png,FLUX.2-klein-base-9B,768x768,768,768,12,3.5
desk_lamp_122,single_lighting,desk_lamp,Desk lamp,122,20265625,desk lamp,desk_lamp_122.png,images/desk_lamp_122.png,FLUX.2-klein-base-9B,768x768,768,768,12,3.5
desk_lamp_123,single_lighting,desk_lamp,Desk lamp,123,20265626,desk lamp,desk_lamp_123.png,images/desk_lamp_123.png,FLUX.2-klein-base-9B,768x768,768,768,12,3.5
desk_lamp_124,single_lighting,desk_lamp,Desk lamp,124,20265627,desk lamp,desk_lamp_124.png,images/desk_lamp_124.png,FLUX.2-klein-base-9B,768x768,768,768,12,3.5
desk_lamp_125,single_lighting,desk_lamp,Desk lamp,125,20265628,desk lamp,desk_lamp_125.png,images/desk_lamp_125.png,FLUX.2-klein-base-9B,768x768,768,768,12,3.5
desk_lamp_126,single_lighting,desk_lamp,Desk lamp,126,20265629,desk lamp,desk_lamp_126.png,images/desk_lamp_126.png,FLUX.2-klein-base-9B,768x768,768,768,12,3.5
desk_lamp_127,single_lighting,desk_lamp,Desk lamp,127,20265630,desk lamp,desk_lamp_127.png,images/desk_lamp_127.png,FLUX.2-klein-base-9B,768x768,768,768,12,3.5
desk_lamp_128,single_lighting,desk_lamp,Desk lamp,128,20265631,desk lamp,desk_lamp_128.png,images/desk_lamp_128.png,FLUX.2-klein-base-9B,768x768,768,768,12,3.5
desk_lamp_129,single_lighting,desk_lamp,Desk lamp,129,20265632,desk lamp,desk_lamp_129.png,images/desk_lamp_129.png,FLUX.2-klein-base-9B,768x768,768,768,12,3.5
desk_lamp_130,single_lighting,desk_lamp,Desk lamp,130,20265633,desk lamp,desk_lamp_130.png,images/desk_lamp_130.png,FLUX.2-klein-base-9B,768x768,768,768,12,3.5
desk_lamp_131,single_lighting,desk_lamp,Desk lamp,131,20265634,desk lamp,desk_lamp_131.png,images/desk_lamp_131.png,FLUX.2-klein-base-9B,768x768,768,768,12,3.5
desk_lamp_132,single_lighting,desk_lamp,Desk lamp,132,20265635,desk lamp,desk_lamp_132.png,images/desk_lamp_132.png,FLUX.2-klein-base-9B,768x768,768,768,12,3.5
desk_lamp_133,single_lighting,desk_lamp,Desk lamp,133,20265636,desk lamp,desk_lamp_133.png,images/desk_lamp_133.png,FLUX.2-klein-base-9B,768x768,768,768,12,3.5
desk_lamp_134,single_lighting,desk_lamp,Desk lamp,134,20265637,desk lamp,desk_lamp_134.png,images/desk_lamp_134.png,FLUX.2-klein-base-9B,768x768,768,768,12,3.5
desk_lamp_135,single_lighting,desk_lamp,Desk lamp,135,20265638,desk lamp,desk_lamp_135.png,images/desk_lamp_135.png,FLUX.2-klein-base-9B,768x768,768,768,12,3.5
desk_lamp_136,single_lighting,desk_lamp,Desk lamp,136,20265639,desk lamp,desk_lamp_136.png,images/desk_lamp_136.png,FLUX.2-klein-base-9B,768x768,768,768,12,3.5
desk_lamp_137,single_lighting,desk_lamp,Desk lamp,137,20265640,desk lamp,desk_lamp_137.png,images/desk_lamp_137.png,FLUX.2-klein-base-9B,768x768,768,768,12,3.5
desk_lamp_138,single_lighting,desk_lamp,Desk lamp,138,20265641,desk lamp,desk_lamp_138.png,images/desk_lamp_138.png,FLUX.2-klein-base-9B,768x768,768,768,12,3.5
desk_lamp_139,single_lighting,desk_lamp,Desk lamp,139,20265642,desk lamp,desk_lamp_139.png,images/desk_lamp_139.png,FLUX.2-klein-base-9B,768x768,768,768,12,3.5
desk_lamp_140,single_lighting,desk_lamp,Desk lamp,140,20265643,desk lamp,desk_lamp_140.png,images/desk_lamp_140.png,FLUX.2-klein-base-9B,768x768,768,768,12,3.5
desk_lamp_141,single_lighting,desk_lamp,Desk lamp,141,20265644,desk lamp,desk_lamp_141.png,images/desk_lamp_141.png,FLUX.2-klein-base-9B,768x768,768,768,12,3.5
desk_lamp_142,single_lighting,desk_lamp,Desk lamp,142,20265645,desk lamp,desk_lamp_142.png,images/desk_lamp_142.png,FLUX.2-klein-base-9B,768x768,768,768,12,3.5
desk_lamp_143,single_lighting,desk_lamp,Desk lamp,143,20265646,desk lamp,desk_lamp_143.png,images/desk_lamp_143.png,FLUX.2-klein-base-9B,768x768,768,768,12,3.5
desk_lamp_144,single_lighting,desk_lamp,Desk lamp,144,20265647,desk lamp,desk_lamp_144.png,images/desk_lamp_144.png,FLUX.2-klein-base-9B,768x768,768,768,12,3.5
desk_lamp_145,single_lighting,desk_lamp,Desk lamp,145,20265648,desk lamp,desk_lamp_145.png,images/desk_lamp_145.png,FLUX.2-klein-base-9B,768x768,768,768,12,3.5
desk_lamp_146,single_lighting,desk_lamp,Desk lamp,146,20265649,desk lamp,desk_lamp_146.png,images/desk_lamp_146.png,FLUX.2-klein-base-9B,768x768,768,768,12,3.5
desk_lamp_147,single_lighting,desk_lamp,Desk lamp,147,20265650,desk lamp,desk_lamp_147.png,images/desk_lamp_147.png,FLUX.2-klein-base-9B,768x768,768,768,12,3.5
desk_lamp_148,single_lighting,desk_lamp,Desk lamp,148,20265651,desk lamp,desk_lamp_148.png,images/desk_lamp_148.png,FLUX.2-klein-base-9B,768x768,768,768,12,3.5
desk_lamp_149,single_lighting,desk_lamp,Desk lamp,149,20265652,desk lamp,desk_lamp_149.png,images/desk_lamp_149.png,FLUX.2-klein-base-9B,768x768,768,768,12,3.5
desk_lamp_150,single_lighting,desk_lamp,Desk lamp,150,20265653,desk lamp,desk_lamp_150.png,images/desk_lamp_150.png,FLUX.2-klein-base-9B,768x768,768,768,12,3.5
desk_lamp_151,single_lighting,desk_lamp,Desk lamp,151,20265654,desk lamp,desk_lamp_151.png,images/desk_lamp_151.png,FLUX.2-klein-base-9B,768x768,768,768,12,3.5
desk_lamp_152,single_lighting,desk_lamp,Desk lamp,152,20265655,desk lamp,desk_lamp_152.png,images/desk_lamp_152.png,FLUX.2-klein-base-9B,768x768,768,768,12,3.5
desk_lamp_153,single_lighting,desk_lamp,Desk lamp,153,20265656,desk lamp,desk_lamp_153.png,images/desk_lamp_153.png,FLUX.2-klein-base-9B,768x768,768,768,12,3.5
desk_lamp_154,single_lighting,desk_lamp,Desk lamp,154,20265657,desk lamp,desk_lamp_154.png,images/desk_lamp_154.png,FLUX.2-klein-base-9B,768x768,768,768,12,3.5
desk_lamp_155,single_lighting,desk_lamp,Desk lamp,155,20265658,desk lamp,desk_lamp_155.png,images/desk_lamp_155.png,FLUX.2-klein-base-9B,768x768,768,768,12,3.5
desk_lamp_156,single_lighting,desk_lamp,Desk lamp,156,20265659,desk lamp,desk_lamp_156.png,images/desk_lamp_156.png,FLUX.2-klein-base-9B,768x768,768,768,12,3.5
desk_lamp_157,single_lighting,desk_lamp,Desk lamp,157,20265660,desk lamp,desk_lamp_157.png,images/desk_lamp_157.png,FLUX.2-klein-base-9B,768x768,768,768,12,3.5
desk_lamp_158,single_lighting,desk_lamp,Desk lamp,158,20265661,desk lamp,desk_lamp_158.png,images/desk_lamp_158.png,FLUX.2-klein-base-9B,768x768,768,768,12,3.5
desk_lamp_159,single_lighting,desk_lamp,Desk lamp,159,20265662,desk lamp,desk_lamp_159.png,images/desk_lamp_159.png,FLUX.2-klein-base-9B,768x768,768,768,12,3.5
desk_lamp_160,single_lighting,desk_lamp,Desk lamp,160,20265663,desk lamp,desk_lamp_160.png,images/desk_lamp_160.png,FLUX.2-klein-base-9B,768x768,768,768,12,3.5
desk_lamp_161,single_lighting,desk_lamp,Desk lamp,161,20265664,desk lamp,desk_lamp_161.png,images/desk_lamp_161.png,FLUX.2-klein-base-9B,768x768,768,768,12,3.5
desk_lamp_162,single_lighting,desk_lamp,Desk lamp,162,20265665,desk lamp,desk_lamp_162.png,images/desk_lamp_162.png,FLUX.2-klein-base-9B,768x768,768,768,12,3.5
desk_lamp_163,single_lighting,desk_lamp,Desk lamp,163,20265666,desk lamp,desk_lamp_163.png,images/desk_lamp_163.png,FLUX.2-klein-base-9B,768x768,768,768,12,3.5
desk_lamp_164,single_lighting,desk_lamp,Desk lamp,164,20265667,desk lamp,desk_lamp_164.png,images/desk_lamp_164.png,FLUX.2-klein-base-9B,768x768,768,768,12,3.5
desk_lamp_165,single_lighting,desk_lamp,Desk lamp,165,20265668,desk lamp,desk_lamp_165.png,images/desk_lamp_165.png,FLUX.2-klein-base-9B,768x768,768,768,12,3.5
desk_lamp_166,single_lighting,desk_lamp,Desk lamp,166,20265669,desk lamp,desk_lamp_166.png,images/desk_lamp_166.png,FLUX.2-klein-base-9B,768x768,768,768,12,3.5
desk_lamp_167,single_lighting,desk_lamp,Desk lamp,167,20265670,desk lamp,desk_lamp_167.png,images/desk_lamp_167.png,FLUX.2-klein-base-9B,768x768,768,768,12,3.5
desk_lamp_168,single_lighting,desk_lamp,Desk lamp,168,20265671,desk lamp,desk_lamp_168.png,images/desk_lamp_168.png,FLUX.2-klein-base-9B,768x768,768,768,12,3.5
desk_lamp_169,single_lighting,desk_lamp,Desk lamp,169,20265672,desk lamp,desk_lamp_169.png,images/desk_lamp_169.png,FLUX.2-klein-base-9B,768x768,768,768,12,3.5
desk_lamp_170,single_lighting,desk_lamp,Desk lamp,170,20265673,desk lamp,desk_lamp_170.png,images/desk_lamp_170.png,FLUX.2-klein-base-9B,768x768,768,768,12,3.5
desk_lamp_171,single_lighting,desk_lamp,Desk lamp,171,20265674,desk lamp,desk_lamp_171.png,images/desk_lamp_171.png,FLUX.2-klein-base-9B,768x768,768,768,12,3.5
desk_lamp_172,single_lighting,desk_lamp,Desk lamp,172,20265675,desk lamp,desk_lamp_172.png,images/desk_lamp_172.png,FLUX.2-klein-base-9B,768x768,768,768,12,3.5
desk_lamp_173,single_lighting,desk_lamp,Desk lamp,173,20265676,desk lamp,desk_lamp_173.png,images/desk_lamp_173.png,FLUX.2-klein-base-9B,768x768,768,768,12,3.5
desk_lamp_174,single_lighting,desk_lamp,Desk lamp,174,20265677,desk lamp,desk_lamp_174.png,images/desk_lamp_174.png,FLUX.2-klein-base-9B,768x768,768,768,12,3.5
desk_lamp_175,single_lighting,desk_lamp,Desk lamp,175,20265678,desk lamp,desk_lamp_175.png,images/desk_lamp_175.png,FLUX.2-klein-base-9B,768x768,768,768,12,3.5
desk_lamp_176,single_lighting,desk_lamp,Desk lamp,176,20265679,desk lamp,desk_lamp_176.png,images/desk_lamp_176.png,FLUX.2-klein-base-9B,768x768,768,768,12,3.5
desk_lamp_177,single_lighting,desk_lamp,Desk lamp,177,20265680,desk lamp,desk_lamp_177.png,images/desk_lamp_177.png,FLUX.2-klein-base-9B,768x768,768,768,12,3.5
desk_lamp_178,single_lighting,desk_lamp,Desk lamp,178,20265681,desk lamp,desk_lamp_178.png,images/desk_lamp_178.png,FLUX.2-klein-base-9B,768x768,768,768,12,3.5
desk_lamp_179,single_lighting,desk_lamp,Desk lamp,179,20265682,desk lamp,desk_lamp_179.png,images/desk_lamp_179.png,FLUX.2-klein-base-9B,768x768,768,768,12,3.5
desk_lamp_180,single_lighting,desk_lamp,Desk lamp,180,20265683,desk lamp,desk_lamp_180.png,images/desk_lamp_180.png,FLUX.2-klein-base-9B,768x768,768,768,12,3.5
desk_lamp_181,single_lighting,desk_lamp,Desk lamp,181,20265684,desk lamp,desk_lamp_181.png,images/desk_lamp_181.png,FLUX.2-klein-base-9B,768x768,768,768,12,3.5
desk_lamp_182,single_lighting,desk_lamp,Desk lamp,182,20265685,desk lamp,desk_lamp_182.png,images/desk_lamp_182.png,FLUX.2-klein-base-9B,768x768,768,768,12,3.5
desk_lamp_183,single_lighting,desk_lamp,Desk lamp,183,20265686,desk lamp,desk_lamp_183.png,images/desk_lamp_183.png,FLUX.2-klein-base-9B,768x768,768,768,12,3.5
desk_lamp_184,single_lighting,desk_lamp,Desk lamp,184,20265687,desk lamp,desk_lamp_184.png,images/desk_lamp_184.png,FLUX.2-klein-base-9B,768x768,768,768,12,3.5
desk_lamp_185,single_lighting,desk_lamp,Desk lamp,185,20265688,desk lamp,desk_lamp_185.png,images/desk_lamp_185.png,FLUX.2-klein-base-9B,768x768,768,768,12,3.5
desk_lamp_186,single_lighting,desk_lamp,Desk lamp,186,20265689,desk lamp,desk_lamp_186.png,images/desk_lamp_186.png,FLUX.2-klein-base-9B,768x768,768,768,12,3.5
desk_lamp_187,single_lighting,desk_lamp,Desk lamp,187,20265690,desk lamp,desk_lamp_187.png,images/desk_lamp_187.png,FLUX.2-klein-base-9B,768x768,768,768,12,3.5
desk_lamp_188,single_lighting,desk_lamp,Desk lamp,188,20265691,desk lamp,desk_lamp_188.png,images/desk_lamp_188.png,FLUX.2-klein-base-9B,768x768,768,768,12,3.5
desk_lamp_189,single_lighting,desk_lamp,Desk lamp,189,20265692,desk lamp,desk_lamp_189.png,images/desk_lamp_189.png,FLUX.2-klein-base-9B,768x768,768,768,12,3.5
desk_lamp_190,single_lighting,desk_lamp,Desk lamp,190,20265693,desk lamp,desk_lamp_190.png,images/desk_lamp_190.png,FLUX.2-klein-base-9B,768x768,768,768,12,3.5
desk_lamp_191,single_lighting,desk_lamp,Desk lamp,191,20265694,desk lamp,desk_lamp_191.png,images/desk_lamp_191.png,FLUX.2-klein-base-9B,768x768,768,768,12,3.5
desk_lamp_192,single_lighting,desk_lamp,Desk lamp,192,20265695,desk lamp,desk_lamp_192.png,images/desk_lamp_192.png,FLUX.2-klein-base-9B,768x768,768,768,12,3.5
desk_lamp_193,single_lighting,desk_lamp,Desk lamp,193,20265696,desk lamp,desk_lamp_193.png,images/desk_lamp_193.png,FLUX.2-klein-base-9B,768x768,768,768,12,3.5
desk_lamp_194,single_lighting,desk_lamp,Desk lamp,194,20265697,desk lamp,desk_lamp_194.png,images/desk_lamp_194.png,FLUX.2-klein-base-9B,768x768,768,768,12,3.5
desk_lamp_195,single_lighting,desk_lamp,Desk lamp,195,20265698,desk lamp,desk_lamp_195.png,images/desk_lamp_195.png,FLUX.2-klein-base-9B,768x768,768,768,12,3.5
desk_lamp_196,single_lighting,desk_lamp,Desk lamp,196,20265699,desk lamp,desk_lamp_196.png,images/desk_lamp_196.png,FLUX.2-klein-base-9B,768x768,768,768,12,3.5
desk_lamp_197,single_lighting,desk_lamp,Desk lamp,197,20265700,desk lamp,desk_lamp_197.png,images/desk_lamp_197.png,FLUX.2-klein-base-9B,768x768,768,768,12,3.5
desk_lamp_198,single_lighting,desk_lamp,Desk lamp,198,20265701,desk lamp,desk_lamp_198.png,images/desk_lamp_198.png,FLUX.2-klein-base-9B,768x768,768,768,12,3.5
desk_lamp_199,single_lighting,desk_lamp,Desk lamp,199,20265702,desk lamp,desk_lamp_199.png,images/desk_lamp_199.png,FLUX.2-klein-base-9B,768x768,768,768,12,3.5
desk_lamp_200,single_lighting,desk_lamp,Desk lamp,200,20265703,desk lamp,desk_lamp_200.png,images/desk_lamp_200.png,FLUX.2-klein-base-9B,768x768,768,768,12,3.5
sneakers_001,single_wearable,sneakers,Sneakers,1,20267504,sneakers,sneakers_001.png,images/sneakers_001.png,FLUX.2-klein-base-9B,768x768,768,768,12,3.5
sneakers_002,single_wearable,sneakers,Sneakers,2,20267505,sneakers,sneakers_002.png,images/sneakers_002.png,FLUX.2-klein-base-9B,768x768,768,768,12,3.5
sneakers_003,single_wearable,sneakers,Sneakers,3,20267506,sneakers,sneakers_003.png,images/sneakers_003.png,FLUX.2-klein-base-9B,768x768,768,768,12,3.5
sneakers_004,single_wearable,sneakers,Sneakers,4,20267507,sneakers,sneakers_004.png,images/sneakers_004.png,FLUX.2-klein-base-9B,768x768,768,768,12,3.5
sneakers_005,single_wearable,sneakers,Sneakers,5,20267508,sneakers,sneakers_005.png,images/sneakers_005.png,FLUX.2-klein-base-9B,768x768,768,768,12,3.5
sneakers_006,single_wearable,sneakers,Sneakers,6,20267509,sneakers,sneakers_006.png,images/sneakers_006.png,FLUX.2-klein-base-9B,768x768,768,768,12,3.5
sneakers_007,single_wearable,sneakers,Sneakers,7,20267510,sneakers,sneakers_007.png,images/sneakers_007.png,FLUX.2-klein-base-9B,768x768,768,768,12,3.5
sneakers_008,single_wearable,sneakers,Sneakers,8,20267511,sneakers,sneakers_008.png,images/sneakers_008.png,FLUX.2-klein-base-9B,768x768,768,768,12,3.5
sneakers_009,single_wearable,sneakers,Sneakers,9,20267512,sneakers,sneakers_009.png,images/sneakers_009.png,FLUX.2-klein-base-9B,768x768,768,768,12,3.5
sneakers_010,single_wearable,sneakers,Sneakers,10,20267513,sneakers,sneakers_010.png,images/sneakers_010.png,FLUX.2-klein-base-9B,768x768,768,768,12,3.5
sneakers_011,single_wearable,sneakers,Sneakers,11,20267514,sneakers,sneakers_011.png,images/sneakers_011.png,FLUX.2-klein-base-9B,768x768,768,768,12,3.5
sneakers_012,single_wearable,sneakers,Sneakers,12,20267515,sneakers,sneakers_012.png,images/sneakers_012.png,FLUX.2-klein-base-9B,768x768,768,768,12,3.5
sneakers_013,single_wearable,sneakers,Sneakers,13,20267516,sneakers,sneakers_013.png,images/sneakers_013.png,FLUX.2-klein-base-9B,768x768,768,768,12,3.5
sneakers_014,single_wearable,sneakers,Sneakers,14,20267517,sneakers,sneakers_014.png,images/sneakers_014.png,FLUX.2-klein-base-9B,768x768,768,768,12,3.5
sneakers_015,single_wearable,sneakers,Sneakers,15,20267518,sneakers,sneakers_015.png,images/sneakers_015.png,FLUX.2-klein-base-9B,768x768,768,768,12,3.5
sneakers_016,single_wearable,sneakers,Sneakers,16,20267519,sneakers,sneakers_016.png,images/sneakers_016.png,FLUX.2-klein-base-9B,768x768,768,768,12,3.5
sneakers_017,single_wearable,sneakers,Sneakers,17,20267520,sneakers,sneakers_017.png,images/sneakers_017.png,FLUX.2-klein-base-9B,768x768,768,768,12,3.5
sneakers_018,single_wearable,sneakers,Sneakers,18,20267521,sneakers,sneakers_018.png,images/sneakers_018.png,FLUX.2-klein-base-9B,768x768,768,768,12,3.5
sneakers_019,single_wearable,sneakers,Sneakers,19,20267522,sneakers,sneakers_019.png,images/sneakers_019.png,FLUX.2-klein-base-9B,768x768,768,768,12,3.5
sneakers_020,single_wearable,sneakers,Sneakers,20,20267523,sneakers,sneakers_020.png,images/sneakers_020.png,FLUX.2-klein-base-9B,768x768,768,768,12,3.5
sneakers_021,single_wearable,sneakers,Sneakers,21,20267524,sneakers,sneakers_021.png,images/sneakers_021.png,FLUX.2-klein-base-9B,768x768,768,768,12,3.5
sneakers_022,single_wearable,sneakers,Sneakers,22,20267525,sneakers,sneakers_022.png,images/sneakers_022.png,FLUX.2-klein-base-9B,768x768,768,768,12,3.5
sneakers_023,single_wearable,sneakers,Sneakers,23,20267526,sneakers,sneakers_023.png,images/sneakers_023.png,FLUX.2-klein-base-9B,768x768,768,768,12,3.5
sneakers_024,single_wearable,sneakers,Sneakers,24,20267527,sneakers,sneakers_024.png,images/sneakers_024.png,FLUX.2-klein-base-9B,768x768,768,768,12,3.5
sneakers_025,single_wearable,sneakers,Sneakers,25,20267528,sneakers,sneakers_025.png,images/sneakers_025.png,FLUX.2-klein-base-9B,768x768,768,768,12,3.5
sneakers_026,single_wearable,sneakers,Sneakers,26,20267529,sneakers,sneakers_026.png,images/sneakers_026.png,FLUX.2-klein-base-9B,768x768,768,768,12,3.5
sneakers_027,single_wearable,sneakers,Sneakers,27,20267530,sneakers,sneakers_027.png,images/sneakers_027.png,FLUX.2-klein-base-9B,768x768,768,768,12,3.5
sneakers_028,single_wearable,sneakers,Sneakers,28,20267531,sneakers,sneakers_028.png,images/sneakers_028.png,FLUX.2-klein-base-9B,768x768,768,768,12,3.5
sneakers_029,single_wearable,sneakers,Sneakers,29,20267532,sneakers,sneakers_029.png,images/sneakers_029.png,FLUX.2-klein-base-9B,768x768,768,768,12,3.5
sneakers_030,single_wearable,sneakers,Sneakers,30,20267533,sneakers,sneakers_030.png,images/sneakers_030.png,FLUX.2-klein-base-9B,768x768,768,768,12,3.5
sneakers_031,single_wearable,sneakers,Sneakers,31,20267534,sneakers,sneakers_031.png,images/sneakers_031.png,FLUX.2-klein-base-9B,768x768,768,768,12,3.5
sneakers_032,single_wearable,sneakers,Sneakers,32,20267535,sneakers,sneakers_032.png,images/sneakers_032.png,FLUX.2-klein-base-9B,768x768,768,768,12,3.5
sneakers_033,single_wearable,sneakers,Sneakers,33,20267536,sneakers,sneakers_033.png,images/sneakers_033.png,FLUX.2-klein-base-9B,768x768,768,768,12,3.5
sneakers_034,single_wearable,sneakers,Sneakers,34,20267537,sneakers,sneakers_034.png,images/sneakers_034.png,FLUX.2-klein-base-9B,768x768,768,768,12,3.5
sneakers_035,single_wearable,sneakers,Sneakers,35,20267538,sneakers,sneakers_035.png,images/sneakers_035.png,FLUX.2-klein-base-9B,768x768,768,768,12,3.5
sneakers_036,single_wearable,sneakers,Sneakers,36,20267539,sneakers,sneakers_036.png,images/sneakers_036.png,FLUX.2-klein-base-9B,768x768,768,768,12,3.5
sneakers_037,single_wearable,sneakers,Sneakers,37,20267540,sneakers,sneakers_037.png,images/sneakers_037.png,FLUX.2-klein-base-9B,768x768,768,768,12,3.5
sneakers_038,single_wearable,sneakers,Sneakers,38,20267541,sneakers,sneakers_038.png,images/sneakers_038.png,FLUX.2-klein-base-9B,768x768,768,768,12,3.5
sneakers_039,single_wearable,sneakers,Sneakers,39,20267542,sneakers,sneakers_039.png,images/sneakers_039.png,FLUX.2-klein-base-9B,768x768,768,768,12,3.5
sneakers_040,single_wearable,sneakers,Sneakers,40,20267543,sneakers,sneakers_040.png,images/sneakers_040.png,FLUX.2-klein-base-9B,768x768,768,768,12,3.5
sneakers_041,single_wearable,sneakers,Sneakers,41,20267544,sneakers,sneakers_041.png,images/sneakers_041.png,FLUX.2-klein-base-9B,768x768,768,768,12,3.5
sneakers_042,single_wearable,sneakers,Sneakers,42,20267545,sneakers,sneakers_042.png,images/sneakers_042.png,FLUX.2-klein-base-9B,768x768,768,768,12,3.5
sneakers_043,single_wearable,sneakers,Sneakers,43,20267546,sneakers,sneakers_043.png,images/sneakers_043.png,FLUX.2-klein-base-9B,768x768,768,768,12,3.5
sneakers_044,single_wearable,sneakers,Sneakers,44,20267547,sneakers,sneakers_044.png,images/sneakers_044.png,FLUX.2-klein-base-9B,768x768,768,768,12,3.5
sneakers_045,single_wearable,sneakers,Sneakers,45,20267548,sneakers,sneakers_045.png,images/sneakers_045.png,FLUX.2-klein-base-9B,768x768,768,768,12,3.5
sneakers_046,single_wearable,sneakers,Sneakers,46,20267549,sneakers,sneakers_046.png,images/sneakers_046.png,FLUX.2-klein-base-9B,768x768,768,768,12,3.5
sneakers_047,single_wearable,sneakers,Sneakers,47,20267550,sneakers,sneakers_047.png,images/sneakers_047.png,FLUX.2-klein-base-9B,768x768,768,768,12,3.5
sneakers_048,single_wearable,sneakers,Sneakers,48,20267551,sneakers,sneakers_048.png,images/sneakers_048.png,FLUX.2-klein-base-9B,768x768,768,768,12,3.5
sneakers_049,single_wearable,sneakers,Sneakers,49,20267552,sneakers,sneakers_049.png,images/sneakers_049.png,FLUX.2-klein-base-9B,768x768,768,768,12,3.5
sneakers_050,single_wearable,sneakers,Sneakers,50,20267553,sneakers,sneakers_050.png,images/sneakers_050.png,FLUX.2-klein-base-9B,768x768,768,768,12,3.5
sneakers_051,single_wearable,sneakers,Sneakers,51,20267554,sneakers,sneakers_051.png,images/sneakers_051.png,FLUX.2-klein-base-9B,768x768,768,768,12,3.5
sneakers_052,single_wearable,sneakers,Sneakers,52,20267555,sneakers,sneakers_052.png,images/sneakers_052.png,FLUX.2-klein-base-9B,768x768,768,768,12,3.5
sneakers_053,single_wearable,sneakers,Sneakers,53,20267556,sneakers,sneakers_053.png,images/sneakers_053.png,FLUX.2-klein-base-9B,768x768,768,768,12,3.5
sneakers_054,single_wearable,sneakers,Sneakers,54,20267557,sneakers,sneakers_054.png,images/sneakers_054.png,FLUX.2-klein-base-9B,768x768,768,768,12,3.5
sneakers_055,single_wearable,sneakers,Sneakers,55,20267558,sneakers,sneakers_055.png,images/sneakers_055.png,FLUX.2-klein-base-9B,768x768,768,768,12,3.5
sneakers_056,single_wearable,sneakers,Sneakers,56,20267559,sneakers,sneakers_056.png,images/sneakers_056.png,FLUX.2-klein-base-9B,768x768,768,768,12,3.5
sneakers_057,single_wearable,sneakers,Sneakers,57,20267560,sneakers,sneakers_057.png,images/sneakers_057.png,FLUX.2-klein-base-9B,768x768,768,768,12,3.5
sneakers_058,single_wearable,sneakers,Sneakers,58,20267561,sneakers,sneakers_058.png,images/sneakers_058.png,FLUX.2-klein-base-9B,768x768,768,768,12,3.5
sneakers_059,single_wearable,sneakers,Sneakers,59,20267562,sneakers,sneakers_059.png,images/sneakers_059.png,FLUX.2-klein-base-9B,768x768,768,768,12,3.5
sneakers_060,single_wearable,sneakers,Sneakers,60,20267563,sneakers,sneakers_060.png,images/sneakers_060.png,FLUX.2-klein-base-9B,768x768,768,768,12,3.5
sneakers_061,single_wearable,sneakers,Sneakers,61,20267564,sneakers,sneakers_061.png,images/sneakers_061.png,FLUX.2-klein-base-9B,768x768,768,768,12,3.5
sneakers_062,single_wearable,sneakers,Sneakers,62,20267565,sneakers,sneakers_062.png,images/sneakers_062.png,FLUX.2-klein-base-9B,768x768,768,768,12,3.5
sneakers_063,single_wearable,sneakers,Sneakers,63,20267566,sneakers,sneakers_063.png,images/sneakers_063.png,FLUX.2-klein-base-9B,768x768,768,768,12,3.5
sneakers_064,single_wearable,sneakers,Sneakers,64,20267567,sneakers,sneakers_064.png,images/sneakers_064.png,FLUX.2-klein-base-9B,768x768,768,768,12,3.5
sneakers_065,single_wearable,sneakers,Sneakers,65,20267568,sneakers,sneakers_065.png,images/sneakers_065.png,FLUX.2-klein-base-9B,768x768,768,768,12,3.5
sneakers_066,single_wearable,sneakers,Sneakers,66,20267569,sneakers,sneakers_066.png,images/sneakers_066.png,FLUX.2-klein-base-9B,768x768,768,768,12,3.5
sneakers_067,single_wearable,sneakers,Sneakers,67,20267570,sneakers,sneakers_067.png,images/sneakers_067.png,FLUX.2-klein-base-9B,768x768,768,768,12,3.5
sneakers_068,single_wearable,sneakers,Sneakers,68,20267571,sneakers,sneakers_068.png,images/sneakers_068.png,FLUX.2-klein-base-9B,768x768,768,768,12,3.5
sneakers_069,single_wearable,sneakers,Sneakers,69,20267572,sneakers,sneakers_069.png,images/sneakers_069.png,FLUX.2-klein-base-9B,768x768,768,768,12,3.5
sneakers_070,single_wearable,sneakers,Sneakers,70,20267573,sneakers,sneakers_070.png,images/sneakers_070.png,FLUX.2-klein-base-9B,768x768,768,768,12,3.5
sneakers_071,single_wearable,sneakers,Sneakers,71,20267574,sneakers,sneakers_071.png,images/sneakers_071.png,FLUX.2-klein-base-9B,768x768,768,768,12,3.5
sneakers_072,single_wearable,sneakers,Sneakers,72,20267575,sneakers,sneakers_072.png,images/sneakers_072.png,FLUX.2-klein-base-9B,768x768,768,768,12,3.5
sneakers_073,single_wearable,sneakers,Sneakers,73,20267576,sneakers,sneakers_073.png,images/sneakers_073.png,FLUX.2-klein-base-9B,768x768,768,768,12,3.5
sneakers_074,single_wearable,sneakers,Sneakers,74,20267577,sneakers,sneakers_074.png,images/sneakers_074.png,FLUX.2-klein-base-9B,768x768,768,768,12,3.5
sneakers_075,single_wearable,sneakers,Sneakers,75,20267578,sneakers,sneakers_075.png,images/sneakers_075.png,FLUX.2-klein-base-9B,768x768,768,768,12,3.5
sneakers_076,single_wearable,sneakers,Sneakers,76,20267579,sneakers,sneakers_076.png,images/sneakers_076.png,FLUX.2-klein-base-9B,768x768,768,768,12,3.5
sneakers_077,single_wearable,sneakers,Sneakers,77,20267580,sneakers,sneakers_077.png,images/sneakers_077.png,FLUX.2-klein-base-9B,768x768,768,768,12,3.5
sneakers_078,single_wearable,sneakers,Sneakers,78,20267581,sneakers,sneakers_078.png,images/sneakers_078.png,FLUX.2-klein-base-9B,768x768,768,768,12,3.5
sneakers_079,single_wearable,sneakers,Sneakers,79,20267582,sneakers,sneakers_079.png,images/sneakers_079.png,FLUX.2-klein-base-9B,768x768,768,768,12,3.5
sneakers_080,single_wearable,sneakers,Sneakers,80,20267583,sneakers,sneakers_080.png,images/sneakers_080.png,FLUX.2-klein-base-9B,768x768,768,768,12,3.5
sneakers_081,single_wearable,sneakers,Sneakers,81,20267584,sneakers,sneakers_081.png,images/sneakers_081.png,FLUX.2-klein-base-9B,768x768,768,768,12,3.5
sneakers_082,single_wearable,sneakers,Sneakers,82,20267585,sneakers,sneakers_082.png,images/sneakers_082.png,FLUX.2-klein-base-9B,768x768,768,768,12,3.5
sneakers_083,single_wearable,sneakers,Sneakers,83,20267586,sneakers,sneakers_083.png,images/sneakers_083.png,FLUX.2-klein-base-9B,768x768,768,768,12,3.5
sneakers_084,single_wearable,sneakers,Sneakers,84,20267587,sneakers,sneakers_084.png,images/sneakers_084.png,FLUX.2-klein-base-9B,768x768,768,768,12,3.5
sneakers_085,single_wearable,sneakers,Sneakers,85,20267588,sneakers,sneakers_085.png,images/sneakers_085.png,FLUX.2-klein-base-9B,768x768,768,768,12,3.5
sneakers_086,single_wearable,sneakers,Sneakers,86,20267589,sneakers,sneakers_086.png,images/sneakers_086.png,FLUX.2-klein-base-9B,768x768,768,768,12,3.5
sneakers_087,single_wearable,sneakers,Sneakers,87,20267590,sneakers,sneakers_087.png,images/sneakers_087.png,FLUX.2-klein-base-9B,768x768,768,768,12,3.5
sneakers_088,single_wearable,sneakers,Sneakers,88,20267591,sneakers,sneakers_088.png,images/sneakers_088.png,FLUX.2-klein-base-9B,768x768,768,768,12,3.5
sneakers_089,single_wearable,sneakers,Sneakers,89,20267592,sneakers,sneakers_089.png,images/sneakers_089.png,FLUX.2-klein-base-9B,768x768,768,768,12,3.5
sneakers_090,single_wearable,sneakers,Sneakers,90,20267593,sneakers,sneakers_090.png,images/sneakers_090.png,FLUX.2-klein-base-9B,768x768,768,768,12,3.5
sneakers_091,single_wearable,sneakers,Sneakers,91,20267594,sneakers,sneakers_091.png,images/sneakers_091.png,FLUX.2-klein-base-9B,768x768,768,768,12,3.5
sneakers_092,single_wearable,sneakers,Sneakers,92,20267595,sneakers,sneakers_092.png,images/sneakers_092.png,FLUX.2-klein-base-9B,768x768,768,768,12,3.5
sneakers_093,single_wearable,sneakers,Sneakers,93,20267596,sneakers,sneakers_093.png,images/sneakers_093.png,FLUX.2-klein-base-9B,768x768,768,768,12,3.5
sneakers_094,single_wearable,sneakers,Sneakers,94,20267597,sneakers,sneakers_094.png,images/sneakers_094.png,FLUX.2-klein-base-9B,768x768,768,768,12,3.5
sneakers_095,single_wearable,sneakers,Sneakers,95,20267598,sneakers,sneakers_095.png,images/sneakers_095.png,FLUX.2-klein-base-9B,768x768,768,768,12,3.5
sneakers_096,single_wearable,sneakers,Sneakers,96,20267599,sneakers,sneakers_096.png,images/sneakers_096.png,FLUX.2-klein-base-9B,768x768,768,768,12,3.5
sneakers_097,single_wearable,sneakers,Sneakers,97,20267600,sneakers,sneakers_097.png,images/sneakers_097.png,FLUX.2-klein-base-9B,768x768,768,768,12,3.5
sneakers_098,single_wearable,sneakers,Sneakers,98,20267601,sneakers,sneakers_098.png,images/sneakers_098.png,FLUX.2-klein-base-9B,768x768,768,768,12,3.5
sneakers_099,single_wearable,sneakers,Sneakers,99,20267602,sneakers,sneakers_099.png,images/sneakers_099.png,FLUX.2-klein-base-9B,768x768,768,768,12,3.5
sneakers_100,single_wearable,sneakers,Sneakers,100,20267603,sneakers,sneakers_100.png,images/sneakers_100.png,FLUX.2-klein-base-9B,768x768,768,768,12,3.5
sneakers_101,single_wearable,sneakers,Sneakers,101,20267604,sneakers,sneakers_101.png,images/sneakers_101.png,FLUX.2-klein-base-9B,768x768,768,768,12,3.5
sneakers_102,single_wearable,sneakers,Sneakers,102,20267605,sneakers,sneakers_102.png,images/sneakers_102.png,FLUX.2-klein-base-9B,768x768,768,768,12,3.5
sneakers_103,single_wearable,sneakers,Sneakers,103,20267606,sneakers,sneakers_103.png,images/sneakers_103.png,FLUX.2-klein-base-9B,768x768,768,768,12,3.5
sneakers_104,single_wearable,sneakers,Sneakers,104,20267607,sneakers,sneakers_104.png,images/sneakers_104.png,FLUX.2-klein-base-9B,768x768,768,768,12,3.5
sneakers_105,single_wearable,sneakers,Sneakers,105,20267608,sneakers,sneakers_105.png,images/sneakers_105.png,FLUX.2-klein-base-9B,768x768,768,768,12,3.5
sneakers_106,single_wearable,sneakers,Sneakers,106,20267609,sneakers,sneakers_106.png,images/sneakers_106.png,FLUX.2-klein-base-9B,768x768,768,768,12,3.5
sneakers_107,single_wearable,sneakers,Sneakers,107,20267610,sneakers,sneakers_107.png,images/sneakers_107.png,FLUX.2-klein-base-9B,768x768,768,768,12,3.5
sneakers_108,single_wearable,sneakers,Sneakers,108,20267611,sneakers,sneakers_108.png,images/sneakers_108.png,FLUX.2-klein-base-9B,768x768,768,768,12,3.5
sneakers_109,single_wearable,sneakers,Sneakers,109,20267612,sneakers,sneakers_109.png,images/sneakers_109.png,FLUX.2-klein-base-9B,768x768,768,768,12,3.5
sneakers_110,single_wearable,sneakers,Sneakers,110,20267613,sneakers,sneakers_110.png,images/sneakers_110.png,FLUX.2-klein-base-9B,768x768,768,768,12,3.5
sneakers_111,single_wearable,sneakers,Sneakers,111,20267614,sneakers,sneakers_111.png,images/sneakers_111.png,FLUX.2-klein-base-9B,768x768,768,768,12,3.5
sneakers_112,single_wearable,sneakers,Sneakers,112,20267615,sneakers,sneakers_112.png,images/sneakers_112.png,FLUX.2-klein-base-9B,768x768,768,768,12,3.5
sneakers_113,single_wearable,sneakers,Sneakers,113,20267616,sneakers,sneakers_113.png,images/sneakers_113.png,FLUX.2-klein-base-9B,768x768,768,768,12,3.5
sneakers_114,single_wearable,sneakers,Sneakers,114,20267617,sneakers,sneakers_114.png,images/sneakers_114.png,FLUX.2-klein-base-9B,768x768,768,768,12,3.5
sneakers_115,single_wearable,sneakers,Sneakers,115,20267618,sneakers,sneakers_115.png,images/sneakers_115.png,FLUX.2-klein-base-9B,768x768,768,768,12,3.5
sneakers_116,single_wearable,sneakers,Sneakers,116,20267619,sneakers,sneakers_116.png,images/sneakers_116.png,FLUX.2-klein-base-9B,768x768,768,768,12,3.5
sneakers_117,single_wearable,sneakers,Sneakers,117,20267620,sneakers,sneakers_117.png,images/sneakers_117.png,FLUX.2-klein-base-9B,768x768,768,768,12,3.5
sneakers_118,single_wearable,sneakers,Sneakers,118,20267621,sneakers,sneakers_118.png,images/sneakers_118.png,FLUX.2-klein-base-9B,768x768,768,768,12,3.5
sneakers_119,single_wearable,sneakers,Sneakers,119,20267622,sneakers,sneakers_119.png,images/sneakers_119.png,FLUX.2-klein-base-9B,768x768,768,768,12,3.5
sneakers_120,single_wearable,sneakers,Sneakers,120,20267623,sneakers,sneakers_120.png,images/sneakers_120.png,FLUX.2-klein-base-9B,768x768,768,768,12,3.5
sneakers_121,single_wearable,sneakers,Sneakers,121,20267624,sneakers,sneakers_121.png,images/sneakers_121.png,FLUX.2-klein-base-9B,768x768,768,768,12,3.5
sneakers_122,single_wearable,sneakers,Sneakers,122,20267625,sneakers,sneakers_122.png,images/sneakers_122.png,FLUX.2-klein-base-9B,768x768,768,768,12,3.5
sneakers_123,single_wearable,sneakers,Sneakers,123,20267626,sneakers,sneakers_123.png,images/sneakers_123.png,FLUX.2-klein-base-9B,768x768,768,768,12,3.5
sneakers_124,single_wearable,sneakers,Sneakers,124,20267627,sneakers,sneakers_124.png,images/sneakers_124.png,FLUX.2-klein-base-9B,768x768,768,768,12,3.5
sneakers_125,single_wearable,sneakers,Sneakers,125,20267628,sneakers,sneakers_125.png,images/sneakers_125.png,FLUX.2-klein-base-9B,768x768,768,768,12,3.5
sneakers_126,single_wearable,sneakers,Sneakers,126,20267629,sneakers,sneakers_126.png,images/sneakers_126.png,FLUX.2-klein-base-9B,768x768,768,768,12,3.5
sneakers_127,single_wearable,sneakers,Sneakers,127,20267630,sneakers,sneakers_127.png,images/sneakers_127.png,FLUX.2-klein-base-9B,768x768,768,768,12,3.5
sneakers_128,single_wearable,sneakers,Sneakers,128,20267631,sneakers,sneakers_128.png,images/sneakers_128.png,FLUX.2-klein-base-9B,768x768,768,768,12,3.5
sneakers_129,single_wearable,sneakers,Sneakers,129,20267632,sneakers,sneakers_129.png,images/sneakers_129.png,FLUX.2-klein-base-9B,768x768,768,768,12,3.5
sneakers_130,single_wearable,sneakers,Sneakers,130,20267633,sneakers,sneakers_130.png,images/sneakers_130.png,FLUX.2-klein-base-9B,768x768,768,768,12,3.5
sneakers_131,single_wearable,sneakers,Sneakers,131,20267634,sneakers,sneakers_131.png,images/sneakers_131.png,FLUX.2-klein-base-9B,768x768,768,768,12,3.5
sneakers_132,single_wearable,sneakers,Sneakers,132,20267635,sneakers,sneakers_132.png,images/sneakers_132.png,FLUX.2-klein-base-9B,768x768,768,768,12,3.5
sneakers_133,single_wearable,sneakers,Sneakers,133,20267636,sneakers,sneakers_133.png,images/sneakers_133.png,FLUX.2-klein-base-9B,768x768,768,768,12,3.5
sneakers_134,single_wearable,sneakers,Sneakers,134,20267637,sneakers,sneakers_134.png,images/sneakers_134.png,FLUX.2-klein-base-9B,768x768,768,768,12,3.5
sneakers_135,single_wearable,sneakers,Sneakers,135,20267638,sneakers,sneakers_135.png,images/sneakers_135.png,FLUX.2-klein-base-9B,768x768,768,768,12,3.5
sneakers_136,single_wearable,sneakers,Sneakers,136,20267639,sneakers,sneakers_136.png,images/sneakers_136.png,FLUX.2-klein-base-9B,768x768,768,768,12,3.5
sneakers_137,single_wearable,sneakers,Sneakers,137,20267640,sneakers,sneakers_137.png,images/sneakers_137.png,FLUX.2-klein-base-9B,768x768,768,768,12,3.5
sneakers_138,single_wearable,sneakers,Sneakers,138,20267641,sneakers,sneakers_138.png,images/sneakers_138.png,FLUX.2-klein-base-9B,768x768,768,768,12,3.5
sneakers_139,single_wearable,sneakers,Sneakers,139,20267642,sneakers,sneakers_139.png,images/sneakers_139.png,FLUX.2-klein-base-9B,768x768,768,768,12,3.5
sneakers_140,single_wearable,sneakers,Sneakers,140,20267643,sneakers,sneakers_140.png,images/sneakers_140.png,FLUX.2-klein-base-9B,768x768,768,768,12,3.5
sneakers_141,single_wearable,sneakers,Sneakers,141,20267644,sneakers,sneakers_141.png,images/sneakers_141.png,FLUX.2-klein-base-9B,768x768,768,768,12,3.5
sneakers_142,single_wearable,sneakers,Sneakers,142,20267645,sneakers,sneakers_142.png,images/sneakers_142.png,FLUX.2-klein-base-9B,768x768,768,768,12,3.5
sneakers_143,single_wearable,sneakers,Sneakers,143,20267646,sneakers,sneakers_143.png,images/sneakers_143.png,FLUX.2-klein-base-9B,768x768,768,768,12,3.5
sneakers_144,single_wearable,sneakers,Sneakers,144,20267647,sneakers,sneakers_144.png,images/sneakers_144.png,FLUX.2-klein-base-9B,768x768,768,768,12,3.5
sneakers_145,single_wearable,sneakers,Sneakers,145,20267648,sneakers,sneakers_145.png,images/sneakers_145.png,FLUX.2-klein-base-9B,768x768,768,768,12,3.5
sneakers_146,single_wearable,sneakers,Sneakers,146,20267649,sneakers,sneakers_146.png,images/sneakers_146.png,FLUX.2-klein-base-9B,768x768,768,768,12,3.5
sneakers_147,single_wearable,sneakers,Sneakers,147,20267650,sneakers,sneakers_147.png,images/sneakers_147.png,FLUX.2-klein-base-9B,768x768,768,768,12,3.5
sneakers_148,single_wearable,sneakers,Sneakers,148,20267651,sneakers,sneakers_148.png,images/sneakers_148.png,FLUX.2-klein-base-9B,768x768,768,768,12,3.5
sneakers_149,single_wearable,sneakers,Sneakers,149,20267652,sneakers,sneakers_149.png,images/sneakers_149.png,FLUX.2-klein-base-9B,768x768,768,768,12,3.5
sneakers_150,single_wearable,sneakers,Sneakers,150,20267653,sneakers,sneakers_150.png,images/sneakers_150.png,FLUX.2-klein-base-9B,768x768,768,768,12,3.5
sneakers_151,single_wearable,sneakers,Sneakers,151,20267654,sneakers,sneakers_151.png,images/sneakers_151.png,FLUX.2-klein-base-9B,768x768,768,768,12,3.5
sneakers_152,single_wearable,sneakers,Sneakers,152,20267655,sneakers,sneakers_152.png,images/sneakers_152.png,FLUX.2-klein-base-9B,768x768,768,768,12,3.5
sneakers_153,single_wearable,sneakers,Sneakers,153,20267656,sneakers,sneakers_153.png,images/sneakers_153.png,FLUX.2-klein-base-9B,768x768,768,768,12,3.5
sneakers_154,single_wearable,sneakers,Sneakers,154,20267657,sneakers,sneakers_154.png,images/sneakers_154.png,FLUX.2-klein-base-9B,768x768,768,768,12,3.5
sneakers_155,single_wearable,sneakers,Sneakers,155,20267658,sneakers,sneakers_155.png,images/sneakers_155.png,FLUX.2-klein-base-9B,768x768,768,768,12,3.5
sneakers_156,single_wearable,sneakers,Sneakers,156,20267659,sneakers,sneakers_156.png,images/sneakers_156.png,FLUX.2-klein-base-9B,768x768,768,768,12,3.5
sneakers_157,single_wearable,sneakers,Sneakers,157,20267660,sneakers,sneakers_157.png,images/sneakers_157.png,FLUX.2-klein-base-9B,768x768,768,768,12,3.5
sneakers_158,single_wearable,sneakers,Sneakers,158,20267661,sneakers,sneakers_158.png,images/sneakers_158.png,FLUX.2-klein-base-9B,768x768,768,768,12,3.5
sneakers_159,single_wearable,sneakers,Sneakers,159,20267662,sneakers,sneakers_159.png,images/sneakers_159.png,FLUX.2-klein-base-9B,768x768,768,768,12,3.5
sneakers_160,single_wearable,sneakers,Sneakers,160,20267663,sneakers,sneakers_160.png,images/sneakers_160.png,FLUX.2-klein-base-9B,768x768,768,768,12,3.5
sneakers_161,single_wearable,sneakers,Sneakers,161,20267664,sneakers,sneakers_161.png,images/sneakers_161.png,FLUX.2-klein-base-9B,768x768,768,768,12,3.5
sneakers_162,single_wearable,sneakers,Sneakers,162,20267665,sneakers,sneakers_162.png,images/sneakers_162.png,FLUX.2-klein-base-9B,768x768,768,768,12,3.5
sneakers_163,single_wearable,sneakers,Sneakers,163,20267666,sneakers,sneakers_163.png,images/sneakers_163.png,FLUX.2-klein-base-9B,768x768,768,768,12,3.5
sneakers_164,single_wearable,sneakers,Sneakers,164,20267667,sneakers,sneakers_164.png,images/sneakers_164.png,FLUX.2-klein-base-9B,768x768,768,768,12,3.5
sneakers_165,single_wearable,sneakers,Sneakers,165,20267668,sneakers,sneakers_165.png,images/sneakers_165.png,FLUX.2-klein-base-9B,768x768,768,768,12,3.5
sneakers_166,single_wearable,sneakers,Sneakers,166,20267669,sneakers,sneakers_166.png,images/sneakers_166.png,FLUX.2-klein-base-9B,768x768,768,768,12,3.5
sneakers_167,single_wearable,sneakers,Sneakers,167,20267670,sneakers,sneakers_167.png,images/sneakers_167.png,FLUX.2-klein-base-9B,768x768,768,768,12,3.5
sneakers_168,single_wearable,sneakers,Sneakers,168,20267671,sneakers,sneakers_168.png,images/sneakers_168.png,FLUX.2-klein-base-9B,768x768,768,768,12,3.5
sneakers_169,single_wearable,sneakers,Sneakers,169,20267672,sneakers,sneakers_169.png,images/sneakers_169.png,FLUX.2-klein-base-9B,768x768,768,768,12,3.5
sneakers_170,single_wearable,sneakers,Sneakers,170,20267673,sneakers,sneakers_170.png,images/sneakers_170.png,FLUX.2-klein-base-9B,768x768,768,768,12,3.5
sneakers_171,single_wearable,sneakers,Sneakers,171,20267674,sneakers,sneakers_171.png,images/sneakers_171.png,FLUX.2-klein-base-9B,768x768,768,768,12,3.5
sneakers_172,single_wearable,sneakers,Sneakers,172,20267675,sneakers,sneakers_172.png,images/sneakers_172.png,FLUX.2-klein-base-9B,768x768,768,768,12,3.5
sneakers_173,single_wearable,sneakers,Sneakers,173,20267676,sneakers,sneakers_173.png,images/sneakers_173.png,FLUX.2-klein-base-9B,768x768,768,768,12,3.5
sneakers_174,single_wearable,sneakers,Sneakers,174,20267677,sneakers,sneakers_174.png,images/sneakers_174.png,FLUX.2-klein-base-9B,768x768,768,768,12,3.5
sneakers_175,single_wearable,sneakers,Sneakers,175,20267678,sneakers,sneakers_175.png,images/sneakers_175.png,FLUX.2-klein-base-9B,768x768,768,768,12,3.5
sneakers_176,single_wearable,sneakers,Sneakers,176,20267679,sneakers,sneakers_176.png,images/sneakers_176.png,FLUX.2-klein-base-9B,768x768,768,768,12,3.5
sneakers_177,single_wearable,sneakers,Sneakers,177,20267680,sneakers,sneakers_177.png,images/sneakers_177.png,FLUX.2-klein-base-9B,768x768,768,768,12,3.5
sneakers_178,single_wearable,sneakers,Sneakers,178,20267681,sneakers,sneakers_178.png,images/sneakers_178.png,FLUX.2-klein-base-9B,768x768,768,768,12,3.5
sneakers_179,single_wearable,sneakers,Sneakers,179,20267682,sneakers,sneakers_179.png,images/sneakers_179.png,FLUX.2-klein-base-9B,768x768,768,768,12,3.5
sneakers_180,single_wearable,sneakers,Sneakers,180,20267683,sneakers,sneakers_180.png,images/sneakers_180.png,FLUX.2-klein-base-9B,768x768,768,768,12,3.5
sneakers_181,single_wearable,sneakers,Sneakers,181,20267684,sneakers,sneakers_181.png,images/sneakers_181.png,FLUX.2-klein-base-9B,768x768,768,768,12,3.5
sneakers_182,single_wearable,sneakers,Sneakers,182,20267685,sneakers,sneakers_182.png,images/sneakers_182.png,FLUX.2-klein-base-9B,768x768,768,768,12,3.5
sneakers_183,single_wearable,sneakers,Sneakers,183,20267686,sneakers,sneakers_183.png,images/sneakers_183.png,FLUX.2-klein-base-9B,768x768,768,768,12,3.5
sneakers_184,single_wearable,sneakers,Sneakers,184,20267687,sneakers,sneakers_184.png,images/sneakers_184.png,FLUX.2-klein-base-9B,768x768,768,768,12,3.5
sneakers_185,single_wearable,sneakers,Sneakers,185,20267688,sneakers,sneakers_185.png,images/sneakers_185.png,FLUX.2-klein-base-9B,768x768,768,768,12,3.5
sneakers_186,single_wearable,sneakers,Sneakers,186,20267689,sneakers,sneakers_186.png,images/sneakers_186.png,FLUX.2-klein-base-9B,768x768,768,768,12,3.5
sneakers_187,single_wearable,sneakers,Sneakers,187,20267690,sneakers,sneakers_187.png,images/sneakers_187.png,FLUX.2-klein-base-9B,768x768,768,768,12,3.5
sneakers_188,single_wearable,sneakers,Sneakers,188,20267691,sneakers,sneakers_188.png,images/sneakers_188.png,FLUX.2-klein-base-9B,768x768,768,768,12,3.5
sneakers_189,single_wearable,sneakers,Sneakers,189,20267692,sneakers,sneakers_189.png,images/sneakers_189.png,FLUX.2-klein-base-9B,768x768,768,768,12,3.5
sneakers_190,single_wearable,sneakers,Sneakers,190,20267693,sneakers,sneakers_190.png,images/sneakers_190.png,FLUX.2-klein-base-9B,768x768,768,768,12,3.5
sneakers_191,single_wearable,sneakers,Sneakers,191,20267694,sneakers,sneakers_191.png,images/sneakers_191.png,FLUX.2-klein-base-9B,768x768,768,768,12,3.5
sneakers_192,single_wearable,sneakers,Sneakers,192,20267695,sneakers,sneakers_192.png,images/sneakers_192.png,FLUX.2-klein-base-9B,768x768,768,768,12,3.5
sneakers_193,single_wearable,sneakers,Sneakers,193,20267696,sneakers,sneakers_193.png,images/sneakers_193.png,FLUX.2-klein-base-9B,768x768,768,768,12,3.5
sneakers_194,single_wearable,sneakers,Sneakers,194,20267697,sneakers,sneakers_194.png,images/sneakers_194.png,FLUX.2-klein-base-9B,768x768,768,768,12,3.5
sneakers_195,single_wearable,sneakers,Sneakers,195,20267698,sneakers,sneakers_195.png,images/sneakers_195.png,FLUX.2-klein-base-9B,768x768,768,768,12,3.5
sneakers_196,single_wearable,sneakers,Sneakers,196,20267699,sneakers,sneakers_196.png,images/sneakers_196.png,FLUX.2-klein-base-9B,768x768,768,768,12,3.5
sneakers_197,single_wearable,sneakers,Sneakers,197,20267700,sneakers,sneakers_197.png,images/sneakers_197.png,FLUX.2-klein-base-9B,768x768,768,768,12,3.5
sneakers_198,single_wearable,sneakers,Sneakers,198,20267701,sneakers,sneakers_198.png,images/sneakers_198.png,FLUX.2-klein-base-9B,768x768,768,768,12,3.5
sneakers_199,single_wearable,sneakers,Sneakers,199,20267702,sneakers,sneakers_199.png,images/sneakers_199.png,FLUX.2-klein-base-9B,768x768,768,768,12,3.5
sneakers_200,single_wearable,sneakers,Sneakers,200,20267703,sneakers,sneakers_200.png,images/sneakers_200.png,FLUX.2-klein-base-9B,768x768,768,768,12,3.5
