fold,held_out_category,split,image_id,category,image_file
1,broom,train,desk_lamp_001,desk_lamp,desk_lamp_001.png
1,broom,train,desk_lamp_002,desk_lamp,desk_lamp_002.png
1,broom,train,desk_lamp_003,desk_lamp,desk_lamp_003.png
1,broom,train,desk_lamp_004,desk_lamp,desk_lamp_004.png
1,broom,train,desk_lamp_005,desk_lamp,desk_lamp_005.png
1,broom,train,desk_lamp_006,desk_lamp,desk_lamp_006.png
1,broom,train,desk_lamp_007,desk_lamp,desk_lamp_007.png
1,broom,train,desk_lamp_008,desk_lamp,desk_lamp_008.png
1,broom,train,desk_lamp_009,desk_lamp,desk_lamp_009.png
1,broom,train,desk_lamp_010,desk_lamp,desk_lamp_010.png
1,broom,train,desk_lamp_012,desk_lamp,desk_lamp_012.png
1,broom,train,desk_lamp_013,desk_lamp,desk_lamp_013.png
1,broom,train,desk_lamp_015,desk_lamp,desk_lamp_015.png
1,broom,train,desk_lamp_016,desk_lamp,desk_lamp_016.png
1,broom,train,desk_lamp_018,desk_lamp,desk_lamp_018.png
1,broom,train,desk_lamp_019,desk_lamp,desk_lamp_019.png
1,broom,train,desk_lamp_020,desk_lamp,desk_lamp_020.png
1,broom,train,desk_lamp_022,desk_lamp,desk_lamp_022.png
1,broom,train,desk_lamp_023,desk_lamp,desk_lamp_023.png
1,broom,train,desk_lamp_025,desk_lamp,desk_lamp_025.png
1,broom,train,early_automobile_001,early_automobile,early_automobile_001.png
1,broom,train,early_automobile_002,early_automobile,early_automobile_002.png
1,broom,train,early_automobile_003,early_automobile,early_automobile_003.png
1,broom,train,early_automobile_004,early_automobile,early_automobile_004.png
1,broom,train,early_automobile_005,early_automobile,early_automobile_005.png
1,broom,train,early_automobile_006,early_automobile,early_automobile_006.png
1,broom,train,early_automobile_007,early_automobile,early_automobile_007.png
1,broom,train,early_automobile_008,early_automobile,early_automobile_008.png
1,broom,train,early_automobile_009,early_automobile,early_automobile_009.png
1,broom,train,early_automobile_010,early_automobile,early_automobile_010.png
1,broom,train,early_automobile_011,early_automobile,early_automobile_011.png
1,broom,train,early_automobile_014,early_automobile,early_automobile_014.png
1,broom,train,early_automobile_016,early_automobile,early_automobile_016.png
1,broom,train,early_automobile_017,early_automobile,early_automobile_017.png
1,broom,train,early_automobile_020,early_automobile,early_automobile_020.png
1,broom,train,early_automobile_021,early_automobile,early_automobile_021.png
1,broom,train,early_automobile_022,early_automobile,early_automobile_022.png
1,broom,train,early_automobile_023,early_automobile,early_automobile_023.png
1,broom,train,early_automobile_024,early_automobile,early_automobile_024.png
1,broom,train,early_automobile_025,early_automobile,early_automobile_025.png
1,broom,train,electric_kettle_001,electric_kettle,electric_kettle_001.png
1,broom,train,electric_kettle_003,electric_kettle,electric_kettle_003.png
1,broom,train,electric_kettle_004,electric_kettle,electric_kettle_004.png
1,broom,train,electric_kettle_006,electric_kettle,electric_kettle_006.png
1,broom,train,electric_kettle_007,electric_kettle,electric_kettle_007.png
1,broom,train,electric_kettle_008,electric_kettle,electric_kettle_008.png
1,broom,train,electric_kettle_009,electric_kettle,electric_kettle_009.png
1,broom,train,electric_kettle_010,electric_kettle,electric_kettle_010.png
1,broom,train,electric_kettle_011,electric_kettle,electric_kettle_011.png
1,broom,train,electric_kettle_012,electric_kettle,electric_kettle_012.png
1,broom,train,electric_kettle_013,electric_kettle,electric_kettle_013.png
1,broom,train,electric_kettle_015,electric_kettle,electric_kettle_015.png
1,broom,train,electric_kettle_018,electric_kettle,electric_kettle_018.png
1,broom,train,electric_kettle_019,electric_kettle,electric_kettle_019.png
1,broom,train,electric_kettle_020,electric_kettle,electric_kettle_020.png
1,broom,train,electric_kettle_021,electric_kettle,electric_kettle_021.png
1,broom,train,electric_kettle_022,electric_kettle,electric_kettle_022.png
1,broom,train,electric_kettle_023,electric_kettle,electric_kettle_023.png
1,broom,train,electric_kettle_024,electric_kettle,electric_kettle_024.png
1,broom,train,electric_kettle_025,electric_kettle,electric_kettle_025.png
1,broom,train,lounge_chair_001,lounge_chair,lounge_chair_001.png
1,broom,train,lounge_chair_002,lounge_chair,lounge_chair_002.png
1,broom,train,lounge_chair_003,lounge_chair,lounge_chair_003.png
1,broom,train,lounge_chair_005,lounge_chair,lounge_chair_005.png
1,broom,train,lounge_chair_006,lounge_chair,lounge_chair_006.png
1,broom,train,lounge_chair_008,lounge_chair,lounge_chair_008.png
1,broom,train,lounge_chair_009,lounge_chair,lounge_chair_009.png
1,broom,train,lounge_chair_010,lounge_chair,lounge_chair_010.png
1,broom,train,lounge_chair_011,lounge_chair,lounge_chair_011.png
1,broom,train,lounge_chair_014,lounge_chair,lounge_chair_014.png
1,broom,train,lounge_chair_015,lounge_chair,lounge_chair_015.png
1,broom,train,lounge_chair_016,lounge_chair,lounge_chair_016.png
1,broom,train,lounge_chair_017,lounge_chair,lounge_chair_017.png
1,broom,train,lounge_chair_018,lounge_chair,lounge_chair_018.png
1,broom,train,lounge_chair_019,lounge_chair,lounge_chair_019.png
1,broom,train,lounge_chair_020,lounge_chair,lounge_chair_020.png
1,broom,train,lounge_chair_021,lounge_chair,lounge_chair_021.png
1,broom,train,lounge_chair_022,lounge_chair,lounge_chair_022.png
1,broom,train,lounge_chair_023,lounge_chair,lounge_chair_023.png
1,broom,train,lounge_chair_025,lounge_chair,lounge_chair_025.png
1,broom,train,sneakers_001,sneakers,sneakers_001.png
1,broom,train,sneakers_002,sneakers,sneakers_002.png
1,broom,train,sneakers_003,sneakers,sneakers_003.png
1,broom,train,sneakers_004,sneakers,sneakers_004.png
1,broom,train,sneakers_005,sneakers,sneakers_005.png
1,broom,train,sneakers_006,sneakers,sneakers_006.png
1,broom,train,sneakers_009,sneakers,sneakers_009.png
1,broom,train,sneakers_010,sneakers,sneakers_010.png
1,broom,train,sneakers_011,sneakers,sneakers_011.png
1,broom,train,sneakers_012,sneakers,sneakers_012.png
1,broom,train,sneakers_013,sneakers,sneakers_013.png
1,broom,train,sneakers_014,sneakers,sneakers_014.png
1,broom,train,sneakers_015,sneakers,sneakers_015.png
1,broom,train,sneakers_016,sneakers,sneakers_016.png
1,broom,train,sneakers_017,sneakers,sneakers_017.png
1,broom,train,sneakers_019,sneakers,sneakers_019.png
1,broom,train,sneakers_021,sneakers,sneakers_021.png
1,broom,train,sneakers_022,sneakers,sneakers_022.png
1,broom,train,sneakers_024,sneakers,sneakers_024.png
1,broom,train,sneakers_025,sneakers,sneakers_025.png
1,broom,train,sports_car_001,sports_car,sports_car_001.png
1,broom,train,sports_car_002,sports_car,sports_car_002.png
1,broom,train,sports_car_003,sports_car,sports_car_003.png
1,broom,train,sports_car_004,sports_car,sports_car_004.png
1,broom,train,sports_car_007,sports_car,sports_car_007.png
1,broom,train,sports_car_008,sports_car,sports_car_008.png
1,broom,train,sports_car_009,sports_car,sports_car_009.png
1,broom,train,sports_car_010,sports_car,sports_car_010.png
1,broom,train,sports_car_011,sports_car,sports_car_011.png
1,broom,train,sports_car_012,sports_car,sports_car_012.png
1,broom,train,sports_car_013,sports_car,sports_car_013.png
1,broom,train,sports_car_014,sports_car,sports_car_014.png
1,broom,train,sports_car_015,sports_car,sports_car_015.png
1,broom,train,sports_car_017,sports_car,sports_car_017.png
1,broom,train,sports_car_018,sports_car,sports_car_018.png
1,broom,train,sports_car_019,sports_car,sports_car_019.png
1,broom,train,sports_car_020,sports_car,sports_car_020.png
1,broom,train,sports_car_021,sports_car,sports_car_021.png
1,broom,train,sports_car_022,sports_car,sports_car_022.png
1,broom,train,sports_car_023,sports_car,sports_car_023.png
1,broom,train,vacuum_cleaner_001,vacuum_cleaner,vacuum_cleaner_001.png
1,broom,train,vacuum_cleaner_002,vacuum_cleaner,vacuum_cleaner_002.png
1,broom,train,vacuum_cleaner_003,vacuum_cleaner,vacuum_cleaner_003.png
1,broom,train,vacuum_cleaner_004,vacuum_cleaner,vacuum_cleaner_004.png
1,broom,train,vacuum_cleaner_005,vacuum_cleaner,vacuum_cleaner_005.png
1,broom,train,vacuum_cleaner_006,vacuum_cleaner,vacuum_cleaner_006.png
1,broom,train,vacuum_cleaner_010,vacuum_cleaner,vacuum_cleaner_010.png
1,broom,train,vacuum_cleaner_011,vacuum_cleaner,vacuum_cleaner_011.png
1,broom,train,vacuum_cleaner_012,vacuum_cleaner,vacuum_cleaner_012.png
1,broom,train,vacuum_cleaner_013,vacuum_cleaner,vacuum_cleaner_013.png
1,broom,train,vacuum_cleaner_014,vacuum_cleaner,vacuum_cleaner_014.png
1,broom,train,vacuum_cleaner_015,vacuum_cleaner,vacuum_cleaner_015.png
1,broom,train,vacuum_cleaner_017,vacuum_cleaner,vacuum_cleaner_017.png
1,broom,train,vacuum_cleaner_019,vacuum_cleaner,vacuum_cleaner_019.png
1,broom,train,vacuum_cleaner_020,vacuum_cleaner,vacuum_cleaner_020.png
1,broom,train,vacuum_cleaner_021,vacuum_cleaner,vacuum_cleaner_021.png
1,broom,train,vacuum_cleaner_022,vacuum_cleaner,vacuum_cleaner_022.png
1,broom,train,vacuum_cleaner_023,vacuum_cleaner,vacuum_cleaner_023.png
1,broom,train,vacuum_cleaner_024,vacuum_cleaner,vacuum_cleaner_024.png
1,broom,train,vacuum_cleaner_025,vacuum_cleaner,vacuum_cleaner_025.png
1,broom,val,desk_lamp_011,desk_lamp,desk_lamp_011.png
1,broom,val,desk_lamp_014,desk_lamp,desk_lamp_014.png
1,broom,val,desk_lamp_017,desk_lamp,desk_lamp_017.png
1,broom,val,desk_lamp_021,desk_lamp,desk_lamp_021.png
1,broom,val,desk_lamp_024,desk_lamp,desk_lamp_024.png
1,broom,val,early_automobile_012,early_automobile,early_automobile_012.png
1,broom,val,early_automobile_013,early_automobile,early_automobile_013.png
1,broom,val,early_automobile_015,early_automobile,early_automobile_015.png
1,broom,val,early_automobile_018,early_automobile,early_automobile_018.png
1,broom,val,early_automobile_019,early_automobile,early_automobile_019.png
1,broom,val,electric_kettle_002,electric_kettle,electric_kettle_002.png
1,broom,val,electric_kettle_005,electric_kettle,electric_kettle_005.png
1,broom,val,electric_kettle_014,electric_kettle,electric_kettle_014.png
1,broom,val,electric_kettle_016,electric_kettle,electric_kettle_016.png
1,broom,val,electric_kettle_017,electric_kettle,electric_kettle_017.png
1,broom,val,lounge_chair_004,lounge_chair,lounge_chair_004.png
1,broom,val,lounge_chair_007,lounge_chair,lounge_chair_007.png
1,broom,val,lounge_chair_012,lounge_chair,lounge_chair_012.png
1,broom,val,lounge_chair_013,lounge_chair,lounge_chair_013.png
1,broom,val,lounge_chair_024,lounge_chair,lounge_chair_024.png
1,broom,val,sneakers_007,sneakers,sneakers_007.png
1,broom,val,sneakers_008,sneakers,sneakers_008.png
1,broom,val,sneakers_018,sneakers,sneakers_018.png
1,broom,val,sneakers_020,sneakers,sneakers_020.png
1,broom,val,sneakers_023,sneakers,sneakers_023.png
1,broom,val,sports_car_005,sports_car,sports_car_005.png
1,broom,val,sports_car_006,sports_car,sports_car_006.png
1,broom,val,sports_car_016,sports_car,sports_car_016.png
1,broom,val,sports_car_024,sports_car,sports_car_024.png
1,broom,val,sports_car_025,sports_car,sports_car_025.png
1,broom,val,vacuum_cleaner_007,vacuum_cleaner,vacuum_cleaner_007.png
1,broom,val,vacuum_cleaner_008,vacuum_cleaner,vacuum_cleaner_008.png
1,broom,val,vacuum_cleaner_009,vacuum_cleaner,vacuum_cleaner_009.png
1,broom,val,vacuum_cleaner_016,vacuum_cleaner,vacuum_cleaner_016.png
1,broom,val,vacuum_cleaner_018,vacuum_cleaner,vacuum_cleaner_018.png
1,broom,test,broom_001,broom,broom_001.png
1,broom,test,broom_002,broom,broom_002.png
1,broom,test,broom_003,broom,broom_003.png
1,broom,test,broom_004,broom,broom_004.png
1,broom,test,broom_005,broom,broom_005.png
1,broom,test,broom_006,broom,broom_006.png
1,broom,test,broom_007,broom,broom_007.png
1,broom,test,broom_008,broom,broom_008.png
1,broom,test,broom_009,broom,broom_009.png
1,broom,test,broom_010,broom,broom_010.png
1,broom,test,broom_011,broom,broom_011.png
1,broom,test,broom_012,broom,broom_012.png
1,broom,test,broom_013,broom,broom_013.png
1,broom,test,broom_014,broom,broom_014.png
1,broom,test,broom_015,broom,broom_015.png
1,broom,test,broom_016,broom,broom_016.png
1,broom,test,broom_017,broom,broom_017.png
1,broom,test,broom_018,broom,broom_018.png
1,broom,test,broom_019,broom,broom_019.png
1,broom,test,broom_020,broom,broom_020.png
1,broom,test,broom_021,broom,broom_021.png
1,broom,test,broom_022,broom,broom_022.png
1,broom,test,broom_023,broom,broom_023.png
1,broom,test,broom_024,broom,broom_024.png
1,broom,test,broom_025,broom,broom_025.png
2,desk_lamp,train,broom_001,broom,broom_001.png
2,desk_lamp,train,broom_002,broom,broom_002.png
2,desk_lamp,train,broom_004,broom,broom_004.png
2,desk_lamp,train,broom_005,broom,broom_005.png
2,desk_lamp,train,broom_006,broom,broom_006.png
2,desk_lamp,train,broom_007,broom,broom_007.png
2,desk_lamp,train,broom_009,broom,broom_009.png
2,desk_lamp,train,broom_010,broom,broom_010.png
2,desk_lamp,train,broom_012,broom,broom_012.png
2,desk_lamp,train,broom_013,broom,broom_013.png
2,desk_lamp,train,broom_015,broom,broom_015.png
2,desk_lamp,train,broom_017,broom,broom_017.png
2,desk_lamp,train,broom_018,broom,broom_018.png
2,desk_lamp,train,broom_019,broom,broom_019.png
2,desk_lamp,train,broom_020,broom,broom_020.png
2,desk_lamp,train,broom_021,broom,broom_021.png
2,desk_lamp,train,broom_022,broom,broom_022.png
2,desk_lamp,train,broom_023,broom,broom_023.png
2,desk_lamp,train,broom_024,broom,broom_024.png
2,desk_lamp,train,broom_025,broom,broom_025.png
2,desk_lamp,train,early_automobile_001,early_automobile,early_automobile_001.png
2,desk_lamp,train,early_automobile_002,early_automobile,early_automobile_002.png
2,desk_lamp,train,early_automobile_003,early_automobile,early_automobile_003.png
2,desk_lamp,train,early_automobile_004,early_automobile,early_automobile_004.png
2,desk_lamp,train,early_automobile_005,early_automobile,early_automobile_005.png
2,desk_lamp,train,early_automobile_007,early_automobile,early_automobile_007.png
2,desk_lamp,train,early_automobile_009,early_automobile,early_automobile_009.png
2,desk_lamp,train,early_automobile_010,early_automobile,early_automobile_010.png
2,desk_lamp,train,early_automobile_011,early_automobile,early_automobile_011.png
2,desk_lamp,train,early_automobile_012,early_automobile,early_automobile_012.png
2,desk_lamp,train,early_automobile_013,early_automobile,early_automobile_013.png
2,desk_lamp,train,early_automobile_014,early_automobile,early_automobile_014.png
2,desk_lamp,train,early_automobile_015,early_automobile,early_automobile_015.png
2,desk_lamp,train,early_automobile_017,early_automobile,early_automobile_017.png
2,desk_lamp,train,early_automobile_018,early_automobile,early_automobile_018.png
2,desk_lamp,train,early_automobile_019,early_automobile,early_automobile_019.png
2,desk_lamp,train,early_automobile_020,early_automobile,early_automobile_020.png
2,desk_lamp,train,early_automobile_021,early_automobile,early_automobile_021.png
2,desk_lamp,train,early_automobile_023,early_automobile,early_automobile_023.png
2,desk_lamp,train,early_automobile_024,early_automobile,early_automobile_024.png
2,desk_lamp,train,electric_kettle_001,electric_kettle,electric_kettle_001.png
2,desk_lamp,train,electric_kettle_002,electric_kettle,electric_kettle_002.png
2,desk_lamp,train,electric_kettle_004,electric_kettle,electric_kettle_004.png
2,desk_lamp,train,electric_kettle_005,electric_kettle,electric_kettle_005.png
2,desk_lamp,train,electric_kettle_006,electric_kettle,electric_kettle_006.png
2,desk_lamp,train,electric_kettle_007,electric_kettle,electric_kettle_007.png
2,desk_lamp,train,electric_kettle_008,electric_kettle,electric_kettle_008.png
2,desk_lamp,train,electric_kettle_009,electric_kettle,electric_kettle_009.png
2,desk_lamp,train,electric_kettle_010,electric_kettle,electric_kettle_010.png
2,desk_lamp,train,electric_kettle_013,electric_kettle,electric_kettle_013.png
2,desk_lamp,train,electric_kettle_014,electric_kettle,electric_kettle_014.png
2,desk_lamp,train,electric_kettle_015,electric_kettle,electric_kettle_015.png
2,desk_lamp,train,electric_kettle_016,electric_kettle,electric_kettle_016.png
2,desk_lamp,train,electric_kettle_018,electric_kettle,electric_kettle_018.png
2,desk_lamp,train,electric_kettle_020,electric_kettle,electric_kettle_020.png
2,desk_lamp,train,electric_kettle_021,electric_kettle,electric_kettle_021.png
2,desk_lamp,train,electric_kettle_022,electric_kettle,electric_kettle_022.png
2,desk_lamp,train,electric_kettle_023,electric_kettle,electric_kettle_023.png
2,desk_lamp,train,electric_kettle_024,electric_kettle,electric_kettle_024.png
2,desk_lamp,train,electric_kettle_025,electric_kettle,electric_kettle_025.png
2,desk_lamp,train,lounge_chair_002,lounge_chair,lounge_chair_002.png
2,desk_lamp,train,lounge_chair_003,lounge_chair,lounge_chair_003.png
2,desk_lamp,train,lounge_chair_004,lounge_chair,lounge_chair_004.png
2,desk_lamp,train,lounge_chair_005,lounge_chair,lounge_chair_005.png
2,desk_lamp,train,lounge_chair_007,lounge_chair,lounge_chair_007.png
2,desk_lamp,train,lounge_chair_008,lounge_chair,lounge_chair_008.png
2,desk_lamp,train,lounge_chair_010,lounge_chair,lounge_chair_010.png
2,desk_lamp,train,lounge_chair_011,lounge_chair,lounge_chair_011.png
2,desk_lamp,train,lounge_chair_012,lounge_chair,lounge_chair_012.png
2,desk_lamp,train,lounge_chair_013,lounge_chair,lounge_chair_013.png
2,desk_lamp,train,lounge_chair_014,lounge_chair,lounge_chair_014.png
2,desk_lamp,train,lounge_chair_015,lounge_chair,lounge_chair_015.png
2,desk_lamp,train,lounge_chair_016,lounge_chair,lounge_chair_016.png
2,desk_lamp,train,lounge_chair_017,lounge_chair,lounge_chair_017.png
2,desk_lamp,train,lounge_chair_019,lounge_chair,lounge_chair_019.png
2,desk_lamp,train,lounge_chair_020,lounge_chair,lounge_chair_020.png
2,desk_lamp,train,lounge_chair_021,lounge_chair,lounge_chair_021.png
2,desk_lamp,train,lounge_chair_022,lounge_chair,lounge_chair_022.png
2,desk_lamp,train,lounge_chair_023,lounge_chair,lounge_chair_023.png
2,desk_lamp,train,lounge_chair_025,lounge_chair,lounge_chair_025.png
2,desk_lamp,train,sneakers_002,sneakers,sneakers_002.png
2,desk_lamp,train,sneakers_003,sneakers,sneakers_003.png
2,desk_lamp,train,sneakers_004,sneakers,sneakers_004.png
2,desk_lamp,train,sneakers_005,sneakers,sneakers_005.png
2,desk_lamp,train,sneakers_007,sneakers,sneakers_007.png
2,desk_lamp,train,sneakers_008,sneakers,sneakers_008.png
2,desk_lamp,train,sneakers_009,sneakers,sneakers_009.png
2,desk_lamp,train,sneakers_010,sneakers,sneakers_010.png
2,desk_lamp,train,sneakers_011,sneakers,sneakers_011.png
2,desk_lamp,train,sneakers_014,sneakers,sneakers_014.png
2,desk_lamp,train,sneakers_016,sneakers,sneakers_016.png
2,desk_lamp,train,sneakers_017,sneakers,sneakers_017.png
2,desk_lamp,train,sneakers_018,sneakers,sneakers_018.png
2,desk_lamp,train,sneakers_019,sneakers,sneakers_019.png
2,desk_lamp,train,sneakers_020,sneakers,sneakers_020.png
2,desk_lamp,train,sneakers_021,sneakers,sneakers_021.png
2,desk_lamp,train,sneakers_022,sneakers,sneakers_022.png
2,desk_lamp,train,sneakers_023,sneakers,sneakers_023.png
2,desk_lamp,train,sneakers_024,sneakers,sneakers_024.png
2,desk_lamp,train,sneakers_025,sneakers,sneakers_025.png
2,desk_lamp,train,sports_car_002,sports_car,sports_car_002.png
2,desk_lamp,train,sports_car_003,sports_car,sports_car_003.png
2,desk_lamp,train,sports_car_004,sports_car,sports_car_004.png
2,desk_lamp,train,sports_car_005,sports_car,sports_car_005.png
2,desk_lamp,train,sports_car_007,sports_car,sports_car_007.png
2,desk_lamp,train,sports_car_008,sports_car,sports_car_008.png
2,desk_lamp,train,sports_car_009,sports_car,sports_car_009.png
2,desk_lamp,train,sports_car_010,sports_car,sports_car_010.png
2,desk_lamp,train,sports_car_012,sports_car,sports_car_012.png
2,desk_lamp,train,sports_car_013,sports_car,sports_car_013.png
2,desk_lamp,train,sports_car_014,sports_car,sports_car_014.png
2,desk_lamp,train,sports_car_015,sports_car,sports_car_015.png
2,desk_lamp,train,sports_car_016,sports_car,sports_car_016.png
2,desk_lamp,train,sports_car_017,sports_car,sports_car_017.png
2,desk_lamp,train,sports_car_019,sports_car,sports_car_019.png
2,desk_lamp,train,sports_car_020,sports_car,sports_car_020.png
2,desk_lamp,train,sports_car_021,sports_car,sports_car_021.png
2,desk_lamp,train,sports_car_022,sports_car,sports_car_022.png
2,desk_lamp,train,sports_car_023,sports_car,sports_car_023.png
2,desk_lamp,train,sports_car_025,sports_car,sports_car_025.png
2,desk_lamp,train,vacuum_cleaner_001,vacuum_cleaner,vacuum_cleaner_001.png
2,desk_lamp,train,vacuum_cleaner_003,vacuum_cleaner,vacuum_cleaner_003.png
2,desk_lamp,train,vacuum_cleaner_004,vacuum_cleaner,vacuum_cleaner_004.png
2,desk_lamp,train,vacuum_cleaner_005,vacuum_cleaner,vacuum_cleaner_005.png
2,desk_lamp,train,vacuum_cleaner_006,vacuum_cleaner,vacuum_cleaner_006.png
2,desk_lamp,train,vacuum_cleaner_007,vacuum_cleaner,vacuum_cleaner_007.png
2,desk_lamp,train,vacuum_cleaner_008,vacuum_cleaner,vacuum_cleaner_008.png
2,desk_lamp,train,vacuum_cleaner_009,vacuum_cleaner,vacuum_cleaner_009.png
2,desk_lamp,train,vacuum_cleaner_011,vacuum_cleaner,vacuum_cleaner_011.png
2,desk_lamp,train,vacuum_cleaner_012,vacuum_cleaner,vacuum_cleaner_012.png
2,desk_lamp,train,vacuum_cleaner_013,vacuum_cleaner,vacuum_cleaner_013.png
2,desk_lamp,train,vacuum_cleaner_014,vacuum_cleaner,vacuum_cleaner_014.png
2,desk_lamp,train,vacuum_cleaner_015,vacuum_cleaner,vacuum_cleaner_015.png
2,desk_lamp,train,vacuum_cleaner_017,vacuum_cleaner,vacuum_cleaner_017.png
2,desk_lamp,train,vacuum_cleaner_020,vacuum_cleaner,vacuum_cleaner_020.png
2,desk_lamp,train,vacuum_cleaner_021,vacuum_cleaner,vacuum_cleaner_021.png
2,desk_lamp,train,vacuum_cleaner_022,vacuum_cleaner,vacuum_cleaner_022.png
2,desk_lamp,train,vacuum_cleaner_023,vacuum_cleaner,vacuum_cleaner_023.png
2,desk_lamp,train,vacuum_cleaner_024,vacuum_cleaner,vacuum_cleaner_024.png
2,desk_lamp,train,vacuum_cleaner_025,vacuum_cleaner,vacuum_cleaner_025.png
2,desk_lamp,val,broom_003,broom,broom_003.png
2,desk_lamp,val,broom_008,broom,broom_008.png
2,desk_lamp,val,broom_011,broom,broom_011.png
2,desk_lamp,val,broom_014,broom,broom_014.png
2,desk_lamp,val,broom_016,broom,broom_016.png
2,desk_lamp,val,early_automobile_006,early_automobile,early_automobile_006.png
2,desk_lamp,val,early_automobile_008,early_automobile,early_automobile_008.png
2,desk_lamp,val,early_automobile_016,early_automobile,early_automobile_016.png
2,desk_lamp,val,early_automobile_022,early_automobile,early_automobile_022.png
2,desk_lamp,val,early_automobile_025,early_automobile,early_automobile_025.png
2,desk_lamp,val,electric_kettle_003,electric_kettle,electric_kettle_003.png
2,desk_lamp,val,electric_kettle_011,electric_kettle,electric_kettle_011.png
2,desk_lamp,val,electric_kettle_012,electric_kettle,electric_kettle_012.png
2,desk_lamp,val,electric_kettle_017,electric_kettle,electric_kettle_017.png
2,desk_lamp,val,electric_kettle_019,electric_kettle,electric_kettle_019.png
2,desk_lamp,val,lounge_chair_001,lounge_chair,lounge_chair_001.png
2,desk_lamp,val,lounge_chair_006,lounge_chair,lounge_chair_006.png
2,desk_lamp,val,lounge_chair_009,lounge_chair,lounge_chair_009.png
2,desk_lamp,val,lounge_chair_018,lounge_chair,lounge_chair_018.png
2,desk_lamp,val,lounge_chair_024,lounge_chair,lounge_chair_024.png
2,desk_lamp,val,sneakers_001,sneakers,sneakers_001.png
2,desk_lamp,val,sneakers_006,sneakers,sneakers_006.png
2,desk_lamp,val,sneakers_012,sneakers,sneakers_012.png
2,desk_lamp,val,sneakers_013,sneakers,sneakers_013.png
2,desk_lamp,val,sneakers_015,sneakers,sneakers_015.png
2,desk_lamp,val,sports_car_001,sports_car,sports_car_001.png
2,desk_lamp,val,sports_car_006,sports_car,sports_car_006.png
2,desk_lamp,val,sports_car_011,sports_car,sports_car_011.png
2,desk_lamp,val,sports_car_018,sports_car,sports_car_018.png
2,desk_lamp,val,sports_car_024,sports_car,sports_car_024.png
2,desk_lamp,val,vacuum_cleaner_002,vacuum_cleaner,vacuum_cleaner_002.png
2,desk_lamp,val,vacuum_cleaner_010,vacuum_cleaner,vacuum_cleaner_010.png
2,desk_lamp,val,vacuum_cleaner_016,vacuum_cleaner,vacuum_cleaner_016.png
2,desk_lamp,val,vacuum_cleaner_018,vacuum_cleaner,vacuum_cleaner_018.png
2,desk_lamp,val,vacuum_cleaner_019,vacuum_cleaner,vacuum_cleaner_019.png
2,desk_lamp,test,desk_lamp_001,desk_lamp,desk_lamp_001.png
2,desk_lamp,test,desk_lamp_002,desk_lamp,desk_lamp_002.png
2,desk_lamp,test,desk_lamp_003,desk_lamp,desk_lamp_003.png
2,desk_lamp,test,desk_lamp_004,desk_lamp,desk_lamp_004.png
2,desk_lamp,test,desk_lamp_005,desk_lamp,desk_lamp_005.png
2,desk_lamp,test,desk_lamp_006,desk_lamp,desk_lamp_006.png
2,desk_lamp,test,desk_lamp_007,desk_lamp,desk_lamp_007.png
2,desk_lamp,test,desk_lamp_008,desk_lamp,desk_lamp_008.png
2,desk_lamp,test,desk_lamp_009,desk_lamp,desk_lamp_009.png
2,desk_lamp,test,desk_lamp_010,desk_lamp,desk_lamp_010.png
2,desk_lamp,test,desk_lamp_011,desk_lamp,desk_lamp_011.png
2,desk_lamp,test,desk_lamp_012,desk_lamp,desk_lamp_012.png
2,desk_lamp,test,desk_lamp_013,desk_lamp,desk_lamp_013.png
2,desk_lamp,test,desk_lamp_014,desk_lamp,desk_lamp_014.png
2,desk_lamp,test,desk_lamp_015,desk_lamp,desk_lamp_015.png
2,desk_lamp,test,desk_lamp_016,desk_lamp,desk_lamp_016.png
2,desk_lamp,test,desk_lamp_017,desk_lamp,desk_lamp_017.png
2,desk_lamp,test,desk_lamp_018,desk_lamp,desk_lamp_018.png
2,desk_lamp,test,desk_lamp_019,desk_lamp,desk_lamp_019.png
2,desk_lamp,test,desk_lamp_020,desk_lamp,desk_lamp_020.png
2,desk_lamp,test,desk_lamp_021,desk_lamp,desk_lamp_021.png
2,desk_lamp,test,desk_lamp_022,desk_lamp,desk_lamp_022.png
2,desk_lamp,test,desk_lamp_023,desk_lamp,desk_lamp_023.png
2,desk_lamp,test,desk_lamp_024,desk_lamp,desk_lamp_024.png
2,desk_lamp,test,desk_lamp_025,desk_lamp,desk_lamp_025.png
3,early_automobile,train,broom_001,broom,broom_001.png
3,early_automobile,train,broom_002,broom,broom_002.png
3,early_automobile,train,broom_003,broom,broom_003.png
3,early_automobile,train,broom_005,broom,broom_005.png
3,early_automobile,train,broom_006,broom,broom_006.png
3,early_automobile,train,broom_007,broom,broom_007.png
3,early_automobile,train,broom_008,broom,broom_008.png
3,early_automobile,train,broom_009,broom,broom_009.png
3,early_automobile,train,broom_010,broom,broom_010.png
3,early_automobile,train,broom_012,broom,broom_012.png
3,early_automobile,train,broom_013,broom,broom_013.png
3,early_automobile,train,broom_014,broom,broom_014.png
3,early_automobile,train,broom_015,broom,broom_015.png
3,early_automobile,train,broom_016,broom,broom_016.png
3,early_automobile,train,broom_018,broom,broom_018.png
3,early_automobile,train,broom_019,broom,broom_019.png
3,early_automobile,train,broom_020,broom,broom_020.png
3,early_automobile,train,broom_021,broom,broom_021.png
3,early_automobile,train,broom_022,broom,broom_022.png
3,early_automobile,train,broom_023,broom,broom_023.png
3,early_automobile,train,desk_lamp_001,desk_lamp,desk_lamp_001.png
3,early_automobile,train,desk_lamp_002,desk_lamp,desk_lamp_002.png
3,early_automobile,train,desk_lamp_003,desk_lamp,desk_lamp_003.png
3,early_automobile,train,desk_lamp_005,desk_lamp,desk_lamp_005.png
3,early_automobile,train,desk_lamp_007,desk_lamp,desk_lamp_007.png
3,early_automobile,train,desk_lamp_008,desk_lamp,desk_lamp_008.png
3,early_automobile,train,desk_lamp_009,desk_lamp,desk_lamp_009.png
3,early_automobile,train,desk_lamp_010,desk_lamp,desk_lamp_010.png
3,early_automobile,train,desk_lamp_012,desk_lamp,desk_lamp_012.png
3,early_automobile,train,desk_lamp_014,desk_lamp,desk_lamp_014.png
3,early_automobile,train,desk_lamp_015,desk_lamp,desk_lamp_015.png
3,early_automobile,train,desk_lamp_016,desk_lamp,desk_lamp_016.png
3,early_automobile,train,desk_lamp_017,desk_lamp,desk_lamp_017.png
3,early_automobile,train,desk_lamp_018,desk_lamp,desk_lamp_018.png
3,early_automobile,train,desk_lamp_020,desk_lamp,desk_lamp_020.png
3,early_automobile,train,desk_lamp_021,desk_lamp,desk_lamp_021.png
3,early_automobile,train,desk_lamp_022,desk_lamp,desk_lamp_022.png
3,early_automobile,train,desk_lamp_023,desk_lamp,desk_lamp_023.png
3,early_automobile,train,desk_lamp_024,desk_lamp,desk_lamp_024.png
3,early_automobile,train,desk_lamp_025,desk_lamp,desk_lamp_025.png
3,early_automobile,train,electric_kettle_001,electric_kettle,electric_kettle_001.png
3,early_automobile,train,electric_kettle_002,electric_kettle,electric_kettle_002.png
3,early_automobile,train,electric_kettle_003,electric_kettle,electric_kettle_003.png
3,early_automobile,train,electric_kettle_004,electric_kettle,electric_kettle_004.png
3,early_automobile,train,electric_kettle_005,electric_kettle,electric_kettle_005.png
3,early_automobile,train,electric_kettle_006,electric_kettle,electric_kettle_006.png
3,early_automobile,train,electric_kettle_007,electric_kettle,electric_kettle_007.png
3,early_automobile,train,electric_kettle_008,electric_kettle,electric_kettle_008.png
3,early_automobile,train,electric_kettle_009,electric_kettle,electric_kettle_009.png
3,early_automobile,train,electric_kettle_011,electric_kettle,electric_kettle_011.png
3,early_automobile,train,electric_kettle_012,electric_kettle,electric_kettle_012.png
3,early_automobile,train,electric_kettle_013,electric_kettle,electric_kettle_013.png
3,early_automobile,train,electric_kettle_017,electric_kettle,electric_kettle_017.png
3,early_automobile,train,electric_kettle_019,electric_kettle,electric_kettle_019.png
3,early_automobile,train,electric_kettle_020,electric_kettle,electric_kettle_020.png
3,early_automobile,train,electric_kettle_021,electric_kettle,electric_kettle_021.png
3,early_automobile,train,electric_kettle_022,electric_kettle,electric_kettle_022.png
3,early_automobile,train,electric_kettle_023,electric_kettle,electric_kettle_023.png
3,early_automobile,train,electric_kettle_024,electric_kettle,electric_kettle_024.png
3,early_automobile,train,electric_kettle_025,electric_kettle,electric_kettle_025.png
3,early_automobile,train,lounge_chair_001,lounge_chair,lounge_chair_001.png
3,early_automobile,train,lounge_chair_002,lounge_chair,lounge_chair_002.png
3,early_automobile,train,lounge_chair_003,lounge_chair,lounge_chair_003.png
3,early_automobile,train,lounge_chair_004,lounge_chair,lounge_chair_004.png
3,early_automobile,train,lounge_chair_005,lounge_chair,lounge_chair_005.png
3,early_automobile,train,lounge_chair_006,lounge_chair,lounge_chair_006.png
3,early_automobile,train,lounge_chair_007,lounge_chair,lounge_chair_007.png
3,early_automobile,train,lounge_chair_008,lounge_chair,lounge_chair_008.png
3,early_automobile,train,lounge_chair_009,lounge_chair,lounge_chair_009.png
3,early_automobile,train,lounge_chair_011,lounge_chair,lounge_chair_011.png
3,early_automobile,train,lounge_chair_014,lounge_chair,lounge_chair_014.png
3,early_automobile,train,lounge_chair_016,lounge_chair,lounge_chair_016.png
3,early_automobile,train,lounge_chair_017,lounge_chair,lounge_chair_017.png
3,early_automobile,train,lounge_chair_018,lounge_chair,lounge_chair_018.png
3,early_automobile,train,lounge_chair_019,lounge_chair,lounge_chair_019.png
3,early_automobile,train,lounge_chair_020,lounge_chair,lounge_chair_020.png
3,early_automobile,train,lounge_chair_021,lounge_chair,lounge_chair_021.png
3,early_automobile,train,lounge_chair_022,lounge_chair,lounge_chair_022.png
3,early_automobile,train,lounge_chair_024,lounge_chair,lounge_chair_024.png
3,early_automobile,train,lounge_chair_025,lounge_chair,lounge_chair_025.png
3,early_automobile,train,sneakers_001,sneakers,sneakers_001.png
3,early_automobile,train,sneakers_002,sneakers,sneakers_002.png
3,early_automobile,train,sneakers_003,sneakers,sneakers_003.png
3,early_automobile,train,sneakers_004,sneakers,sneakers_004.png
3,early_automobile,train,sneakers_005,sneakers,sneakers_005.png
3,early_automobile,train,sneakers_006,sneakers,sneakers_006.png
3,early_automobile,train,sneakers_007,sneakers,sneakers_007.png
3,early_automobile,train,sneakers_008,sneakers,sneakers_008.png
3,early_automobile,train,sneakers_009,sneakers,sneakers_009.png
3,early_automobile,train,sneakers_010,sneakers,sneakers_010.png
3,early_automobile,train,sneakers_011,sneakers,sneakers_011.png
3,early_automobile,train,sneakers_012,sneakers,sneakers_012.png
3,early_automobile,train,sneakers_015,sneakers,sneakers_015.png
3,early_automobile,train,sneakers_017,sneakers,sneakers_017.png
3,early_automobile,train,sneakers_018,sneakers,sneakers_018.png
3,early_automobile,train,sneakers_019,sneakers,sneakers_019.png
3,early_automobile,train,sneakers_020,sneakers,sneakers_020.png
3,early_automobile,train,sneakers_023,sneakers,sneakers_023.png
3,early_automobile,train,sneakers_024,sneakers,sneakers_024.png
3,early_automobile,train,sneakers_025,sneakers,sneakers_025.png
3,early_automobile,train,sports_car_002,sports_car,sports_car_002.png
3,early_automobile,train,sports_car_003,sports_car,sports_car_003.png
3,early_automobile,train,sports_car_004,sports_car,sports_car_004.png
3,early_automobile,train,sports_car_005,sports_car,sports_car_005.png
3,early_automobile,train,sports_car_007,sports_car,sports_car_007.png
3,early_automobile,train,sports_car_008,sports_car,sports_car_008.png
3,early_automobile,train,sports_car_009,sports_car,sports_car_009.png
3,early_automobile,train,sports_car_010,sports_car,sports_car_010.png
3,early_automobile,train,sports_car_011,sports_car,sports_car_011.png
3,early_automobile,train,sports_car_013,sports_car,sports_car_013.png
3,early_automobile,train,sports_car_015,sports_car,sports_car_015.png
3,early_automobile,train,sports_car_016,sports_car,sports_car_016.png
3,early_automobile,train,sports_car_017,sports_car,sports_car_017.png
3,early_automobile,train,sports_car_018,sports_car,sports_car_018.png
3,early_automobile,train,sports_car_020,sports_car,sports_car_020.png
3,early_automobile,train,sports_car_021,sports_car,sports_car_021.png
3,early_automobile,train,sports_car_022,sports_car,sports_car_022.png
3,early_automobile,train,sports_car_023,sports_car,sports_car_023.png
3,early_automobile,train,sports_car_024,sports_car,sports_car_024.png
3,early_automobile,train,sports_car_025,sports_car,sports_car_025.png
3,early_automobile,train,vacuum_cleaner_001,vacuum_cleaner,vacuum_cleaner_001.png
3,early_automobile,train,vacuum_cleaner_002,vacuum_cleaner,vacuum_cleaner_002.png
3,early_automobile,train,vacuum_cleaner_003,vacuum_cleaner,vacuum_cleaner_003.png
3,early_automobile,train,vacuum_cleaner_004,vacuum_cleaner,vacuum_cleaner_004.png
3,early_automobile,train,vacuum_cleaner_005,vacuum_cleaner,vacuum_cleaner_005.png
3,early_automobile,train,vacuum_cleaner_006,vacuum_cleaner,vacuum_cleaner_006.png
3,early_automobile,train,vacuum_cleaner_007,vacuum_cleaner,vacuum_cleaner_007.png
3,early_automobile,train,vacuum_cleaner_008,vacuum_cleaner,vacuum_cleaner_008.png
3,early_automobile,train,vacuum_cleaner_009,vacuum_cleaner,vacuum_cleaner_009.png
3,early_automobile,train,vacuum_cleaner_010,vacuum_cleaner,vacuum_cleaner_010.png
3,early_automobile,train,vacuum_cleaner_012,vacuum_cleaner,vacuum_cleaner_012.png
3,early_automobile,train,vacuum_cleaner_013,vacuum_cleaner,vacuum_cleaner_013.png
3,early_automobile,train,vacuum_cleaner_014,vacuum_cleaner,vacuum_cleaner_014.png
3,early_automobile,train,vacuum_cleaner_015,vacuum_cleaner,vacuum_cleaner_015.png
3,early_automobile,train,vacuum_cleaner_016,vacuum_cleaner,vacuum_cleaner_016.png
3,early_automobile,train,vacuum_cleaner_018,vacuum_cleaner,vacuum_cleaner_018.png
3,early_automobile,train,vacuum_cleaner_019,vacuum_cleaner,vacuum_cleaner_019.png
3,early_automobile,train,vacuum_cleaner_020,vacuum_cleaner,vacuum_cleaner_020.png
3,early_automobile,train,vacuum_cleaner_021,vacuum_cleaner,vacuum_cleaner_021.png
3,early_automobile,train,vacuum_cleaner_025,vacuum_cleaner,vacuum_cleaner_025.png
3,early_automobile,val,broom_004,broom,broom_004.png
3,early_automobile,val,broom_011,broom,broom_011.png
3,early_automobile,val,broom_017,broom,broom_017.png
3,early_automobile,val,broom_024,broom,broom_024.png
3,early_automobile,val,broom_025,broom,broom_025.png
3,early_automobile,val,desk_lamp_004,desk_lamp,desk_lamp_004.png
3,early_automobile,val,desk_lamp_006,desk_lamp,desk_lamp_006.png
3,early_automobile,val,desk_lamp_011,desk_lamp,desk_lamp_011.png
3,early_automobile,val,desk_lamp_013,desk_lamp,desk_lamp_013.png
3,early_automobile,val,desk_lamp_019,desk_lamp,desk_lamp_019.png
3,early_automobile,val,electric_kettle_010,electric_kettle,electric_kettle_010.png
3,early_automobile,val,electric_kettle_014,electric_kettle,electric_kettle_014.png
3,early_automobile,val,electric_kettle_015,electric_kettle,electric_kettle_015.png
3,early_automobile,val,electric_kettle_016,electric_kettle,electric_kettle_016.png
3,early_automobile,val,electric_kettle_018,electric_kettle,electric_kettle_018.png
3,early_automobile,val,lounge_chair_010,lounge_chair,lounge_chair_010.png
3,early_automobile,val,lounge_chair_012,lounge_chair,lounge_chair_012.png
3,early_automobile,val,lounge_chair_013,lounge_chair,lounge_chair_013.png
3,early_automobile,val,lounge_chair_015,lounge_chair,lounge_chair_015.png
3,early_automobile,val,lounge_chair_023,lounge_chair,lounge_chair_023.png
3,early_automobile,val,sneakers_013,sneakers,sneakers_013.png
3,early_automobile,val,sneakers_014,sneakers,sneakers_014.png
3,early_automobile,val,sneakers_016,sneakers,sneakers_016.png
3,early_automobile,val,sneakers_021,sneakers,sneakers_021.png
3,early_automobile,val,sneakers_022,sneakers,sneakers_022.png
3,early_automobile,val,sports_car_001,sports_car,sports_car_001.png
3,early_automobile,val,sports_car_006,sports_car,sports_car_006.png
3,early_automobile,val,sports_car_012,sports_car,sports_car_012.png
3,early_automobile,val,sports_car_014,sports_car,sports_car_014.png
3,early_automobile,val,sports_car_019,sports_car,sports_car_019.png
3,early_automobile,val,vacuum_cleaner_011,vacuum_cleaner,vacuum_cleaner_011.png
3,early_automobile,val,vacuum_cleaner_017,vacuum_cleaner,vacuum_cleaner_017.png
3,early_automobile,val,vacuum_cleaner_022,vacuum_cleaner,vacuum_cleaner_022.png
3,early_automobile,val,vacuum_cleaner_023,vacuum_cleaner,vacuum_cleaner_023.png
3,early_automobile,val,vacuum_cleaner_024,vacuum_cleaner,vacuum_cleaner_024.png
3,early_automobile,test,early_automobile_001,early_automobile,early_automobile_001.png
3,early_automobile,test,early_automobile_002,early_automobile,early_automobile_002.png
3,early_automobile,test,early_automobile_003,early_automobile,early_automobile_003.png
3,early_automobile,test,early_automobile_004,early_automobile,early_automobile_004.png
3,early_automobile,test,early_automobile_005,early_automobile,early_automobile_005.png
3,early_automobile,test,early_automobile_006,early_automobile,early_automobile_006.png
3,early_automobile,test,early_automobile_007,early_automobile,early_automobile_007.png
3,early_automobile,test,early_automobile_008,early_automobile,early_automobile_008.png
3,early_automobile,test,early_automobile_009,early_automobile,early_automobile_009.png
3,early_automobile,test,early_automobile_010,early_automobile,early_automobile_010.png
3,early_automobile,test,early_automobile_011,early_automobile,early_automobile_011.png
3,early_automobile,test,early_automobile_012,early_automobile,early_automobile_012.png
3,early_automobile,test,early_automobile_013,early_automobile,early_automobile_013.png
3,early_automobile,test,early_automobile_014,early_automobile,early_automobile_014.png
3,early_automobile,test,early_automobile_015,early_automobile,early_automobile_015.png
3,early_automobile,test,early_automobile_016,early_automobile,early_automobile_016.png
3,early_automobile,test,early_automobile_017,early_automobile,early_automobile_017.png
3,early_automobile,test,early_automobile_018,early_automobile,early_automobile_018.png
3,early_automobile,test,early_automobile_019,early_automobile,early_automobile_019.png
3,early_automobile,test,early_automobile_020,early_automobile,early_automobile_020.png
3,early_automobile,test,early_automobile_021,early_automobile,early_automobile_021.png
3,early_automobile,test,early_automobile_022,early_automobile,early_automobile_022.png
3,early_automobile,test,early_automobile_023,early_automobile,early_automobile_023.png
3,early_automobile,test,early_automobile_024,early_automobile,early_automobile_024.png
3,early_automobile,test,early_automobile_025,early_automobile,early_automobile_025.png
4,electric_kettle,train,broom_001,broom,broom_001.png
4,electric_kettle,train,broom_002,broom,broom_002.png
4,electric_kettle,train,broom_004,broom,broom_004.png
4,electric_kettle,train,broom_005,broom,broom_005.png
4,electric_kettle,train,broom_007,broom,broom_007.png
4,electric_kettle,train,broom_008,broom,broom_008.png
4,electric_kettle,train,broom_009,broom,broom_009.png
4,electric_kettle,train,broom_010,broom,broom_010.png
4,electric_kettle,train,broom_011,broom,broom_011.png
4,electric_kettle,train,broom_012,broom,broom_012.png
4,electric_kettle,train,broom_014,broom,broom_014.png
4,electric_kettle,train,broom_015,broom,broom_015.png
4,electric_kettle,train,broom_016,broom,broom_016.png
4,electric_kettle,train,broom_017,broom,broom_017.png
4,electric_kettle,train,broom_018,broom,broom_018.png
4,electric_kettle,train,broom_019,broom,broom_019.png
4,electric_kettle,train,broom_021,broom,broom_021.png
4,electric_kettle,train,broom_022,broom,broom_022.png
4,electric_kettle,train,broom_024,broom,broom_024.png
4,electric_kettle,train,broom_025,broom,broom_025.png
4,electric_kettle,train,desk_lamp_001,desk_lamp,desk_lamp_001.png
4,electric_kettle,train,desk_lamp_002,desk_lamp,desk_lamp_002.png
4,electric_kettle,train,desk_lamp_003,desk_lamp,desk_lamp_003.png
4,electric_kettle,train,desk_lamp_004,desk_lamp,desk_lamp_004.png
4,electric_kettle,train,desk_lamp_005,desk_lamp,desk_lamp_005.png
4,electric_kettle,train,desk_lamp_006,desk_lamp,desk_lamp_006.png
4,electric_kettle,train,desk_lamp_007,desk_lamp,desk_lamp_007.png
4,electric_kettle,train,desk_lamp_008,desk_lamp,desk_lamp_008.png
4,electric_kettle,train,desk_lamp_009,desk_lamp,desk_lamp_009.png
4,electric_kettle,train,desk_lamp_010,desk_lamp,desk_lamp_010.png
4,electric_kettle,train,desk_lamp_011,desk_lamp,desk_lamp_011.png
4,electric_kettle,train,desk_lamp_012,desk_lamp,desk_lamp_012.png
4,electric_kettle,train,desk_lamp_014,desk_lamp,desk_lamp_014.png
4,electric_kettle,train,desk_lamp_015,desk_lamp,desk_lamp_015.png
4,electric_kettle,train,desk_lamp_016,desk_lamp,desk_lamp_016.png
4,electric_kettle,train,desk_lamp_017,desk_lamp,desk_lamp_017.png
4,electric_kettle,train,desk_lamp_019,desk_lamp,desk_lamp_019.png
4,electric_kettle,train,desk_lamp_020,desk_lamp,desk_lamp_020.png
4,electric_kettle,train,desk_lamp_021,desk_lamp,desk_lamp_021.png
4,electric_kettle,train,desk_lamp_025,desk_lamp,desk_lamp_025.png
4,electric_kettle,train,early_automobile_001,early_automobile,early_automobile_001.png
4,electric_kettle,train,early_automobile_002,early_automobile,early_automobile_002.png
4,electric_kettle,train,early_automobile_003,early_automobile,early_automobile_003.png
4,electric_kettle,train,early_automobile_004,early_automobile,early_automobile_004.png
4,electric_kettle,train,early_automobile_005,early_automobile,early_automobile_005.png
4,electric_kettle,train,early_automobile_007,early_automobile,early_automobile_007.png
4,electric_kettle,train,early_automobile_008,early_automobile,early_automobile_008.png
4,electric_kettle,train,early_automobile_009,early_automobile,early_automobile_009.png
4,electric_kettle,train,early_automobile_010,early_automobile,early_automobile_010.png
4,electric_kettle,train,early_automobile_011,early_automobile,early_automobile_011.png
4,electric_kettle,train,early_automobile_013,early_automobile,early_automobile_013.png
4,electric_kettle,train,early_automobile_014,early_automobile,early_automobile_014.png
4,electric_kettle,train,early_automobile_015,early_automobile,early_automobile_015.png
4,electric_kettle,train,early_automobile_016,early_automobile,early_automobile_016.png
4,electric_kettle,train,early_automobile_017,early_automobile,early_automobile_017.png
4,electric_kettle,train,early_automobile_019,early_automobile,early_automobile_019.png
4,electric_kettle,train,early_automobile_020,early_automobile,early_automobile_020.png
4,electric_kettle,train,early_automobile_021,early_automobile,early_automobile_021.png
4,electric_kettle,train,early_automobile_022,early_automobile,early_automobile_022.png
4,electric_kettle,train,early_automobile_024,early_automobile,early_automobile_024.png
4,electric_kettle,train,lounge_chair_001,lounge_chair,lounge_chair_001.png
4,electric_kettle,train,lounge_chair_002,lounge_chair,lounge_chair_002.png
4,electric_kettle,train,lounge_chair_003,lounge_chair,lounge_chair_003.png
4,electric_kettle,train,lounge_chair_004,lounge_chair,lounge_chair_004.png
4,electric_kettle,train,lounge_chair_005,lounge_chair,lounge_chair_005.png
4,electric_kettle,train,lounge_chair_006,lounge_chair,lounge_chair_006.png
4,electric_kettle,train,lounge_chair_007,lounge_chair,lounge_chair_007.png
4,electric_kettle,train,lounge_chair_008,lounge_chair,lounge_chair_008.png
4,electric_kettle,train,lounge_chair_011,lounge_chair,lounge_chair_011.png
4,electric_kettle,train,lounge_chair_013,lounge_chair,lounge_chair_013.png
4,electric_kettle,train,lounge_chair_014,lounge_chair,lounge_chair_014.png
4,electric_kettle,train,lounge_chair_016,lounge_chair,lounge_chair_016.png
4,electric_kettle,train,lounge_chair_017,lounge_chair,lounge_chair_017.png
4,electric_kettle,train,lounge_chair_018,lounge_chair,lounge_chair_018.png
4,electric_kettle,train,lounge_chair_019,lounge_chair,lounge_chair_019.png
4,electric_kettle,train,lounge_chair_020,lounge_chair,lounge_chair_020.png
4,electric_kettle,train,lounge_chair_022,lounge_chair,lounge_chair_022.png
4,electric_kettle,train,lounge_chair_023,lounge_chair,lounge_chair_023.png
4,electric_kettle,train,lounge_chair_024,lounge_chair,lounge_chair_024.png
4,electric_kettle,train,lounge_chair_025,lounge_chair,lounge_chair_025.png
4,electric_kettle,train,sneakers_001,sneakers,sneakers_001.png
4,electric_kettle,train,sneakers_002,sneakers,sneakers_002.png
4,electric_kettle,train,sneakers_004,sneakers,sneakers_004.png
4,electric_kettle,train,sneakers_005,sneakers,sneakers_005.png
4,electric_kettle,train,sneakers_006,sneakers,sneakers_006.png
4,electric_kettle,train,sneakers_008,sneakers,sneakers_008.png
4,electric_kettle,train,sneakers_009,sneakers,sneakers_009.png
4,electric_kettle,train,sneakers_011,sneakers,sneakers_011.png
4,electric_kettle,train,sneakers_012,sneakers,sneakers_012.png
4,electric_kettle,train,sneakers_013,sneakers,sneakers_013.png
4,electric_kettle,train,sneakers_015,sneakers,sneakers_015.png
4,electric_kettle,train,sneakers_017,sneakers,sneakers_017.png
4,electric_kettle,train,sneakers_018,sneakers,sneakers_018.png
4,electric_kettle,train,sneakers_019,sneakers,sneakers_019.png
4,electric_kettle,train,sneakers_020,sneakers,sneakers_020.png
4,electric_kettle,train,sneakers_021,sneakers,sneakers_021.png
4,electric_kettle,train,sneakers_022,sneakers,sneakers_022.png
4,electric_kettle,train,sneakers_023,sneakers,sneakers_023.png
4,electric_kettle,train,sneakers_024,sneakers,sneakers_024.png
4,electric_kettle,train,sneakers_025,sneakers,sneakers_025.png
4,electric_kettle,train,sports_car_001,sports_car,sports_car_001.png
4,electric_kettle,train,sports_car_002,sports_car,sports_car_002.png
4,electric_kettle,train,sports_car_003,sports_car,sports_car_003.png
4,electric_kettle,train,sports_car_004,sports_car,sports_car_004.png
4,electric_kettle,train,sports_car_005,sports_car,sports_car_005.png
4,electric_kettle,train,sports_car_006,sports_car,sports_car_006.png
4,electric_kettle,train,sports_car_007,sports_car,sports_car_007.png
4,electric_kettle,train,sports_car_008,sports_car,sports_car_008.png
4,electric_kettle,train,sports_car_009,sports_car,sports_car_009.png
4,electric_kettle,train,sports_car_010,sports_car,sports_car_010.png
4,electric_kettle,train,sports_car_011,sports_car,sports_car_011.png
4,electric_kettle,train,sports_car_013,sports_car,sports_car_013.png
4,electric_kettle,train,sports_car_014,sports_car,sports_car_014.png
4,electric_kettle,train,sports_car_015,sports_car,sports_car_015.png
4,electric_kettle,train,sports_car_017,sports_car,sports_car_017.png
4,electric_kettle,train,sports_car_019,sports_car,sports_car_019.png
4,electric_kettle,train,sports_car_021,sports_car,sports_car_021.png
4,electric_kettle,train,sports_car_022,sports_car,sports_car_022.png
4,electric_kettle,train,sports_car_023,sports_car,sports_car_023.png
4,electric_kettle,train,sports_car_025,sports_car,sports_car_025.png
4,electric_kettle,train,vacuum_cleaner_001,vacuum_cleaner,vacuum_cleaner_001.png
4,electric_kettle,train,vacuum_cleaner_003,vacuum_cleaner,vacuum_cleaner_003.png
4,electric_kettle,train,vacuum_cleaner_004,vacuum_cleaner,vacuum_cleaner_004.png
4,electric_kettle,train,vacuum_cleaner_005,vacuum_cleaner,vacuum_cleaner_005.png
4,electric_kettle,train,vacuum_cleaner_006,vacuum_cleaner,vacuum_cleaner_006.png
4,electric_kettle,train,vacuum_cleaner_007,vacuum_cleaner,vacuum_cleaner_007.png
4,electric_kettle,train,vacuum_cleaner_008,vacuum_cleaner,vacuum_cleaner_008.png
4,electric_kettle,train,vacuum_cleaner_009,vacuum_cleaner,vacuum_cleaner_009.png
4,electric_kettle,train,vacuum_cleaner_010,vacuum_cleaner,vacuum_cleaner_010.png
4,electric_kettle,train,vacuum_cleaner_011,vacuum_cleaner,vacuum_cleaner_011.png
4,electric_kettle,train,vacuum_cleaner_012,vacuum_cleaner,vacuum_cleaner_012.png
4,electric_kettle,train,vacuum_cleaner_013,vacuum_cleaner,vacuum_cleaner_013.png
4,electric_kettle,train,vacuum_cleaner_015,vacuum_cleaner,vacuum_cleaner_015.png
4,electric_kettle,train,vacuum_cleaner_016,vacuum_cleaner,vacuum_cleaner_016.png
4,electric_kettle,train,vacuum_cleaner_017,vacuum_cleaner,vacuum_cleaner_017.png
4,electric_kettle,train,vacuum_cleaner_018,vacuum_cleaner,vacuum_cleaner_018.png
4,electric_kettle,train,vacuum_cleaner_019,vacuum_cleaner,vacuum_cleaner_019.png
4,electric_kettle,train,vacuum_cleaner_020,vacuum_cleaner,vacuum_cleaner_020.png
4,electric_kettle,train,vacuum_cleaner_021,vacuum_cleaner,vacuum_cleaner_021.png
4,electric_kettle,train,vacuum_cleaner_025,vacuum_cleaner,vacuum_cleaner_025.png
4,electric_kettle,val,broom_003,broom,broom_003.png
4,electric_kettle,val,broom_006,broom,broom_006.png
4,electric_kettle,val,broom_013,broom,broom_013.png
4,electric_kettle,val,broom_020,broom,broom_020.png
4,electric_kettle,val,broom_023,broom,broom_023.png
4,electric_kettle,val,desk_lamp_013,desk_lamp,desk_lamp_013.png
4,electric_kettle,val,desk_lamp_018,desk_lamp,desk_lamp_018.png
4,electric_kettle,val,desk_lamp_022,desk_lamp,desk_lamp_022.png
4,electric_kettle,val,desk_lamp_023,desk_lamp,desk_lamp_023.png
4,electric_kettle,val,desk_lamp_024,desk_lamp,desk_lamp_024.png
4,electric_kettle,val,early_automobile_006,early_automobile,early_automobile_006.png
4,electric_kettle,val,early_automobile_012,early_automobile,early_automobile_012.png
4,electric_kettle,val,early_automobile_018,early_automobile,early_automobile_018.png
4,electric_kettle,val,early_automobile_023,early_automobile,early_automobile_023.png
4,electric_kettle,val,early_automobile_025,early_automobile,early_automobile_025.png
4,electric_kettle,val,lounge_chair_009,lounge_chair,lounge_chair_009.png
4,electric_kettle,val,lounge_chair_010,lounge_chair,lounge_chair_010.png
4,electric_kettle,val,lounge_chair_012,lounge_chair,lounge_chair_012.png
4,electric_kettle,val,lounge_chair_015,lounge_chair,lounge_chair_015.png
4,electric_kettle,val,lounge_chair_021,lounge_chair,lounge_chair_021.png
4,electric_kettle,val,sneakers_003,sneakers,sneakers_003.png
4,electric_kettle,val,sneakers_007,sneakers,sneakers_007.png
4,electric_kettle,val,sneakers_010,sneakers,sneakers_010.png
4,electric_kettle,val,sneakers_014,sneakers,sneakers_014.png
4,electric_kettle,val,sneakers_016,sneakers,sneakers_016.png
4,electric_kettle,val,sports_car_012,sports_car,sports_car_012.png
4,electric_kettle,val,sports_car_016,sports_car,sports_car_016.png
4,electric_kettle,val,sports_car_018,sports_car,sports_car_018.png
4,electric_kettle,val,sports_car_020,sports_car,sports_car_020.png
4,electric_kettle,val,sports_car_024,sports_car,sports_car_024.png
4,electric_kettle,val,vacuum_cleaner_002,vacuum_cleaner,vacuum_cleaner_002.png
4,electric_kettle,val,vacuum_cleaner_014,vacuum_cleaner,vacuum_cleaner_014.png
4,electric_kettle,val,vacuum_cleaner_022,vacuum_cleaner,vacuum_cleaner_022.png
4,electric_kettle,val,vacuum_cleaner_023,vacuum_cleaner,vacuum_cleaner_023.png
4,electric_kettle,val,vacuum_cleaner_024,vacuum_cleaner,vacuum_cleaner_024.png
4,electric_kettle,test,electric_kettle_001,electric_kettle,electric_kettle_001.png
4,electric_kettle,test,electric_kettle_002,electric_kettle,electric_kettle_002.png
4,electric_kettle,test,electric_kettle_003,electric_kettle,electric_kettle_003.png
4,electric_kettle,test,electric_kettle_004,electric_kettle,electric_kettle_004.png
4,electric_kettle,test,electric_kettle_005,electric_kettle,electric_kettle_005.png
4,electric_kettle,test,electric_kettle_006,electric_kettle,electric_kettle_006.png
4,electric_kettle,test,electric_kettle_007,electric_kettle,electric_kettle_007.png
4,electric_kettle,test,electric_kettle_008,electric_kettle,electric_kettle_008.png
4,electric_kettle,test,electric_kettle_009,electric_kettle,electric_kettle_009.png
4,electric_kettle,test,electric_kettle_010,electric_kettle,electric_kettle_010.png
4,electric_kettle,test,electric_kettle_011,electric_kettle,electric_kettle_011.png
4,electric_kettle,test,electric_kettle_012,electric_kettle,electric_kettle_012.png
4,electric_kettle,test,electric_kettle_013,electric_kettle,electric_kettle_013.png
4,electric_kettle,test,electric_kettle_014,electric_kettle,electric_kettle_014.png
4,electric_kettle,test,electric_kettle_015,electric_kettle,electric_kettle_015.png
4,electric_kettle,test,electric_kettle_016,electric_kettle,electric_kettle_016.png
4,electric_kettle,test,electric_kettle_017,electric_kettle,electric_kettle_017.png
4,electric_kettle,test,electric_kettle_018,electric_kettle,electric_kettle_018.png
4,electric_kettle,test,electric_kettle_019,electric_kettle,electric_kettle_019.png
4,electric_kettle,test,electric_kettle_020,electric_kettle,electric_kettle_020.png
4,electric_kettle,test,electric_kettle_021,electric_kettle,electric_kettle_021.png
4,electric_kettle,test,electric_kettle_022,electric_kettle,electric_kettle_022.png
4,electric_kettle,test,electric_kettle_023,electric_kettle,electric_kettle_023.png
4,electric_kettle,test,electric_kettle_024,electric_kettle,electric_kettle_024.png
4,electric_kettle,test,electric_kettle_025,electric_kettle,electric_kettle_025.png
5,lounge_chair,train,broom_001,broom,broom_001.png
5,lounge_chair,train,broom_002,broom,broom_002.png
5,lounge_chair,train,broom_003,broom,broom_003.png
5,lounge_chair,train,broom_004,broom,broom_004.png
5,lounge_chair,train,broom_005,broom,broom_005.png
5,lounge_chair,train,broom_006,broom,broom_006.png
5,lounge_chair,train,broom_008,broom,broom_008.png
5,lounge_chair,train,broom_009,broom,broom_009.png
5,lounge_chair,train,broom_010,broom,broom_010.png
5,lounge_chair,train,broom_011,broom,broom_011.png
5,lounge_chair,train,broom_012,broom,broom_012.png
5,lounge_chair,train,broom_013,broom,broom_013.png
5,lounge_chair,train,broom_014,broom,broom_014.png
5,lounge_chair,train,broom_015,broom,broom_015.png
5,lounge_chair,train,broom_016,broom,broom_016.png
5,lounge_chair,train,broom_018,broom,broom_018.png
5,lounge_chair,train,broom_021,broom,broom_021.png
5,lounge_chair,train,broom_022,broom,broom_022.png
5,lounge_chair,train,broom_024,broom,broom_024.png
5,lounge_chair,train,broom_025,broom,broom_025.png
5,lounge_chair,train,desk_lamp_002,desk_lamp,desk_lamp_002.png
5,lounge_chair,train,desk_lamp_003,desk_lamp,desk_lamp_003.png
5,lounge_chair,train,desk_lamp_005,desk_lamp,desk_lamp_005.png
5,lounge_chair,train,desk_lamp_006,desk_lamp,desk_lamp_006.png
5,lounge_chair,train,desk_lamp_007,desk_lamp,desk_lamp_007.png
5,lounge_chair,train,desk_lamp_008,desk_lamp,desk_lamp_008.png
5,lounge_chair,train,desk_lamp_009,desk_lamp,desk_lamp_009.png
5,lounge_chair,train,desk_lamp_010,desk_lamp,desk_lamp_010.png
5,lounge_chair,train,desk_lamp_013,desk_lamp,desk_lamp_013.png
5,lounge_chair,train,desk_lamp_014,desk_lamp,desk_lamp_014.png
5,lounge_chair,train,desk_lamp_015,desk_lamp,desk_lamp_015.png
5,lounge_chair,train,desk_lamp_016,desk_lamp,desk_lamp_016.png
5,lounge_chair,train,desk_lamp_017,desk_lamp,desk_lamp_017.png
5,lounge_chair,train,desk_lamp_018,desk_lamp,desk_lamp_018.png
5,lounge_chair,train,desk_lamp_019,desk_lamp,desk_lamp_019.png
5,lounge_chair,train,desk_lamp_020,desk_lamp,desk_lamp_020.png
5,lounge_chair,train,desk_lamp_021,desk_lamp,desk_lamp_021.png
5,lounge_chair,train,desk_lamp_022,desk_lamp,desk_lamp_022.png
5,lounge_chair,train,desk_lamp_023,desk_lamp,desk_lamp_023.png
5,lounge_chair,train,desk_lamp_025,desk_lamp,desk_lamp_025.png
5,lounge_chair,train,early_automobile_002,early_automobile,early_automobile_002.png
5,lounge_chair,train,early_automobile_003,early_automobile,early_automobile_003.png
5,lounge_chair,train,early_automobile_004,early_automobile,early_automobile_004.png
5,lounge_chair,train,early_automobile_005,early_automobile,early_automobile_005.png
5,lounge_chair,train,early_automobile_006,early_automobile,early_automobile_006.png
5,lounge_chair,train,early_automobile_007,early_automobile,early_automobile_007.png
5,lounge_chair,train,early_automobile_008,early_automobile,early_automobile_008.png
5,lounge_chair,train,early_automobile_009,early_automobile,early_automobile_009.png
5,lounge_chair,train,early_automobile_011,early_automobile,early_automobile_011.png
5,lounge_chair,train,early_automobile_012,early_automobile,early_automobile_012.png
5,lounge_chair,train,early_automobile_014,early_automobile,early_automobile_014.png
5,lounge_chair,train,early_automobile_016,early_automobile,early_automobile_016.png
5,lounge_chair,train,early_automobile_017,early_automobile,early_automobile_017.png
5,lounge_chair,train,early_automobile_018,early_automobile,early_automobile_018.png
5,lounge_chair,train,early_automobile_019,early_automobile,early_automobile_019.png
5,lounge_chair,train,early_automobile_020,early_automobile,early_automobile_020.png
5,lounge_chair,train,early_automobile_022,early_automobile,early_automobile_022.png
5,lounge_chair,train,early_automobile_023,early_automobile,early_automobile_023.png
5,lounge_chair,train,early_automobile_024,early_automobile,early_automobile_024.png
5,lounge_chair,train,early_automobile_025,early_automobile,early_automobile_025.png
5,lounge_chair,train,electric_kettle_001,electric_kettle,electric_kettle_001.png
5,lounge_chair,train,electric_kettle_003,electric_kettle,electric_kettle_003.png
5,lounge_chair,train,electric_kettle_004,electric_kettle,electric_kettle_004.png
5,lounge_chair,train,electric_kettle_005,electric_kettle,electric_kettle_005.png
5,lounge_chair,train,electric_kettle_006,electric_kettle,electric_kettle_006.png
5,lounge_chair,train,electric_kettle_007,electric_kettle,electric_kettle_007.png
5,lounge_chair,train,electric_kettle_008,electric_kettle,electric_kettle_008.png
5,lounge_chair,train,electric_kettle_009,electric_kettle,electric_kettle_009.png
5,lounge_chair,train,electric_kettle_010,electric_kettle,electric_kettle_010.png
5,lounge_chair,train,electric_kettle_011,electric_kettle,electric_kettle_011.png
5,lounge_chair,train,electric_kettle_012,electric_kettle,electric_kettle_012.png
5,lounge_chair,train,electric_kettle_013,electric_kettle,electric_kettle_013.png
5,lounge_chair,train,electric_kettle_014,electric_kettle,electric_kettle_014.png
5,lounge_chair,train,electric_kettle_016,electric_kettle,electric_kettle_016.png
5,lounge_chair,train,electric_kettle_017,electric_kettle,electric_kettle_017.png
5,lounge_chair,train,electric_kettle_019,electric_kettle,electric_kettle_019.png
5,lounge_chair,train,electric_kettle_020,electric_kettle,electric_kettle_020.png
5,lounge_chair,train,electric_kettle_021,electric_kettle,electric_kettle_021.png
5,lounge_chair,train,electric_kettle_022,electric_kettle,electric_kettle_022.png
5,lounge_chair,train,electric_kettle_025,electric_kettle,electric_kettle_025.png
5,lounge_chair,train,sneakers_001,sneakers,sneakers_001.png
5,lounge_chair,train,sneakers_002,sneakers,sneakers_002.png
5,lounge_chair,train,sneakers_004,sneakers,sneakers_004.png
5,lounge_chair,train,sneakers_005,sneakers,sneakers_005.png
5,lounge_chair,train,sneakers_007,sneakers,sneakers_007.png
5,lounge_chair,train,sneakers_008,sneakers,sneakers_008.png
5,lounge_chair,train,sneakers_009,sneakers,sneakers_009.png
5,lounge_chair,train,sneakers_010,sneakers,sneakers_010.png
5,lounge_chair,train,sneakers_012,sneakers,sneakers_012.png
5,lounge_chair,train,sneakers_013,sneakers,sneakers_013.png
5,lounge_chair,train,sneakers_014,sneakers,sneakers_014.png
5,lounge_chair,train,sneakers_016,sneakers,sneakers_016.png
5,lounge_chair,train,sneakers_017,sneakers,sneakers_017.png
5,lounge_chair,train,sneakers_018,sneakers,sneakers_018.png
5,lounge_chair,train,sneakers_019,sneakers,sneakers_019.png
5,lounge_chair,train,sneakers_020,sneakers,sneakers_020.png
5,lounge_chair,train,sneakers_022,sneakers,sneakers_022.png
5,lounge_chair,train,sneakers_023,sneakers,sneakers_023.png
5,lounge_chair,train,sneakers_024,sneakers,sneakers_024.png
5,lounge_chair,train,sneakers_025,sneakers,sneakers_025.png
5,lounge_chair,train,sports_car_001,sports_car,sports_car_001.png
5,lounge_chair,train,sports_car_002,sports_car,sports_car_002.png
5,lounge_chair,train,sports_car_003,sports_car,sports_car_003.png
5,lounge_chair,train,sports_car_005,sports_car,sports_car_005.png
5,lounge_chair,train,sports_car_006,sports_car,sports_car_006.png
5,lounge_chair,train,sports_car_007,sports_car,sports_car_007.png
5,lounge_chair,train,sports_car_008,sports_car,sports_car_008.png
5,lounge_chair,train,sports_car_010,sports_car,sports_car_010.png
5,lounge_chair,train,sports_car_011,sports_car,sports_car_011.png
5,lounge_chair,train,sports_car_012,sports_car,sports_car_012.png
5,lounge_chair,train,sports_car_013,sports_car,sports_car_013.png
5,lounge_chair,train,sports_car_014,sports_car,sports_car_014.png
5,lounge_chair,train,sports_car_016,sports_car,sports_car_016.png
5,lounge_chair,train,sports_car_017,sports_car,sports_car_017.png
5,lounge_chair,train,sports_car_018,sports_car,sports_car_018.png
5,lounge_chair,train,sports_car_019,sports_car,sports_car_019.png
5,lounge_chair,train,sports_car_020,sports_car,sports_car_020.png
5,lounge_chair,train,sports_car_021,sports_car,sports_car_021.png
5,lounge_chair,train,sports_car_023,sports_car,sports_car_023.png
5,lounge_chair,train,sports_car_024,sports_car,sports_car_024.png
5,lounge_chair,train,vacuum_cleaner_001,vacuum_cleaner,vacuum_cleaner_001.png
5,lounge_chair,train,vacuum_cleaner_002,vacuum_cleaner,vacuum_cleaner_002.png
5,lounge_chair,train,vacuum_cleaner_003,vacuum_cleaner,vacuum_cleaner_003.png
5,lounge_chair,train,vacuum_cleaner_004,vacuum_cleaner,vacuum_cleaner_004.png
5,lounge_chair,train,vacuum_cleaner_005,vacuum_cleaner,vacuum_cleaner_005.png
5,lounge_chair,train,vacuum_cleaner_006,vacuum_cleaner,vacuum_cleaner_006.png
5,lounge_chair,train,vacuum_cleaner_008,vacuum_cleaner,vacuum_cleaner_008.png
5,lounge_chair,train,vacuum_cleaner_009,vacuum_cleaner,vacuum_cleaner_009.png
5,lounge_chair,train,vacuum_cleaner_010,vacuum_cleaner,vacuum_cleaner_010.png
5,lounge_chair,train,vacuum_cleaner_011,vacuum_cleaner,vacuum_cleaner_011.png
5,lounge_chair,train,vacuum_cleaner_012,vacuum_cleaner,vacuum_cleaner_012.png
5,lounge_chair,train,vacuum_cleaner_013,vacuum_cleaner,vacuum_cleaner_013.png
5,lounge_chair,train,vacuum_cleaner_014,vacuum_cleaner,vacuum_cleaner_014.png
5,lounge_chair,train,vacuum_cleaner_015,vacuum_cleaner,vacuum_cleaner_015.png
5,lounge_chair,train,vacuum_cleaner_017,vacuum_cleaner,vacuum_cleaner_017.png
5,lounge_chair,train,vacuum_cleaner_018,vacuum_cleaner,vacuum_cleaner_018.png
5,lounge_chair,train,vacuum_cleaner_019,vacuum_cleaner,vacuum_cleaner_019.png
5,lounge_chair,train,vacuum_cleaner_020,vacuum_cleaner,vacuum_cleaner_020.png
5,lounge_chair,train,vacuum_cleaner_023,vacuum_cleaner,vacuum_cleaner_023.png
5,lounge_chair,train,vacuum_cleaner_025,vacuum_cleaner,vacuum_cleaner_025.png
5,lounge_chair,val,broom_007,broom,broom_007.png
5,lounge_chair,val,broom_017,broom,broom_017.png
5,lounge_chair,val,broom_019,broom,broom_019.png
5,lounge_chair,val,broom_020,broom,broom_020.png
5,lounge_chair,val,broom_023,broom,broom_023.png
5,lounge_chair,val,desk_lamp_001,desk_lamp,desk_lamp_001.png
5,lounge_chair,val,desk_lamp_004,desk_lamp,desk_lamp_004.png
5,lounge_chair,val,desk_lamp_011,desk_lamp,desk_lamp_011.png
5,lounge_chair,val,desk_lamp_012,desk_lamp,desk_lamp_012.png
5,lounge_chair,val,desk_lamp_024,desk_lamp,desk_lamp_024.png
5,lounge_chair,val,early_automobile_001,early_automobile,early_automobile_001.png
5,lounge_chair,val,early_automobile_010,early_automobile,early_automobile_010.png
5,lounge_chair,val,early_automobile_013,early_automobile,early_automobile_013.png
5,lounge_chair,val,early_automobile_015,early_automobile,early_automobile_015.png
5,lounge_chair,val,early_automobile_021,early_automobile,early_automobile_021.png
5,lounge_chair,val,electric_kettle_002,electric_kettle,electric_kettle_002.png
5,lounge_chair,val,electric_kettle_015,electric_kettle,electric_kettle_015.png
5,lounge_chair,val,electric_kettle_018,electric_kettle,electric_kettle_018.png
5,lounge_chair,val,electric_kettle_023,electric_kettle,electric_kettle_023.png
5,lounge_chair,val,electric_kettle_024,electric_kettle,electric_kettle_024.png
5,lounge_chair,val,sneakers_003,sneakers,sneakers_003.png
5,lounge_chair,val,sneakers_006,sneakers,sneakers_006.png
5,lounge_chair,val,sneakers_011,sneakers,sneakers_011.png
5,lounge_chair,val,sneakers_015,sneakers,sneakers_015.png
5,lounge_chair,val,sneakers_021,sneakers,sneakers_021.png
5,lounge_chair,val,sports_car_004,sports_car,sports_car_004.png
5,lounge_chair,val,sports_car_009,sports_car,sports_car_009.png
5,lounge_chair,val,sports_car_015,sports_car,sports_car_015.png
5,lounge_chair,val,sports_car_022,sports_car,sports_car_022.png
5,lounge_chair,val,sports_car_025,sports_car,sports_car_025.png
5,lounge_chair,val,vacuum_cleaner_007,vacuum_cleaner,vacuum_cleaner_007.png
5,lounge_chair,val,vacuum_cleaner_016,vacuum_cleaner,vacuum_cleaner_016.png
5,lounge_chair,val,vacuum_cleaner_021,vacuum_cleaner,vacuum_cleaner_021.png
5,lounge_chair,val,vacuum_cleaner_022,vacuum_cleaner,vacuum_cleaner_022.png
5,lounge_chair,val,vacuum_cleaner_024,vacuum_cleaner,vacuum_cleaner_024.png
5,lounge_chair,test,lounge_chair_001,lounge_chair,lounge_chair_001.png
5,lounge_chair,test,lounge_chair_002,lounge_chair,lounge_chair_002.png
5,lounge_chair,test,lounge_chair_003,lounge_chair,lounge_chair_003.png
5,lounge_chair,test,lounge_chair_004,lounge_chair,lounge_chair_004.png
5,lounge_chair,test,lounge_chair_005,lounge_chair,lounge_chair_005.png
5,lounge_chair,test,lounge_chair_006,lounge_chair,lounge_chair_006.png
5,lounge_chair,test,lounge_chair_007,lounge_chair,lounge_chair_007.png
5,lounge_chair,test,lounge_chair_008,lounge_chair,lounge_chair_008.png
5,lounge_chair,test,lounge_chair_009,lounge_chair,lounge_chair_009.png
5,lounge_chair,test,lounge_chair_010,lounge_chair,lounge_chair_010.png
5,lounge_chair,test,lounge_chair_011,lounge_chair,lounge_chair_011.png
5,lounge_chair,test,lounge_chair_012,lounge_chair,lounge_chair_012.png
5,lounge_chair,test,lounge_chair_013,lounge_chair,lounge_chair_013.png
5,lounge_chair,test,lounge_chair_014,lounge_chair,lounge_chair_014.png
5,lounge_chair,test,lounge_chair_015,lounge_chair,lounge_chair_015.png
5,lounge_chair,test,lounge_chair_016,lounge_chair,lounge_chair_016.png
5,lounge_chair,test,lounge_chair_017,lounge_chair,lounge_chair_017.png
5,lounge_chair,test,lounge_chair_018,lounge_chair,lounge_chair_018.png
5,lounge_chair,test,lounge_chair_019,lounge_chair,lounge_chair_019.png
5,lounge_chair,test,lounge_chair_020,lounge_chair,lounge_chair_020.png
5,lounge_chair,test,lounge_chair_021,lounge_chair,lounge_chair_021.png
5,lounge_chair,test,lounge_chair_022,lounge_chair,lounge_chair_022.png
5,lounge_chair,test,lounge_chair_023,lounge_chair,lounge_chair_023.png
5,lounge_chair,test,lounge_chair_024,lounge_chair,lounge_chair_024.png
5,lounge_chair,test,lounge_chair_025,lounge_chair,lounge_chair_025.png
6,sneakers,train,broom_001,broom,broom_001.png
6,sneakers,train,broom_004,broom,broom_004.png
6,sneakers,train,broom_005,broom,broom_005.png
6,sneakers,train,broom_006,broom,broom_006.png
6,sneakers,train,broom_007,broom,broom_007.png
6,sneakers,train,broom_008,broom,broom_008.png
6,sneakers,train,broom_010,broom,broom_010.png
6,sneakers,train,broom_011,broom,broom_011.png
6,sneakers,train,broom_012,broom,broom_012.png
6,sneakers,train,broom_013,broom,broom_013.png
6,sneakers,train,broom_015,broom,broom_015.png
6,sneakers,train,broom_016,broom,broom_016.png
6,sneakers,train,broom_017,broom,broom_017.png
6,sneakers,train,broom_018,broom,broom_018.png
6,sneakers,train,broom_020,broom,broom_020.png
6,sneakers,train,broom_021,broom,broom_021.png
6,sneakers,train,broom_022,broom,broom_022.png
6,sneakers,train,broom_023,broom,broom_023.png
6,sneakers,train,broom_024,broom,broom_024.png
6,sneakers,train,broom_025,broom,broom_025.png
6,sneakers,train,desk_lamp_001,desk_lamp,desk_lamp_001.png
6,sneakers,train,desk_lamp_003,desk_lamp,desk_lamp_003.png
6,sneakers,train,desk_lamp_004,desk_lamp,desk_lamp_004.png
6,sneakers,train,desk_lamp_005,desk_lamp,desk_lamp_005.png
6,sneakers,train,desk_lamp_006,desk_lamp,desk_lamp_006.png
6,sneakers,train,desk_lamp_007,desk_lamp,desk_lamp_007.png
6,sneakers,train,desk_lamp_008,desk_lamp,desk_lamp_008.png
6,sneakers,train,desk_lamp_009,desk_lamp,desk_lamp_009.png
6,sneakers,train,desk_lamp_010,desk_lamp,desk_lamp_010.png
6,sneakers,train,desk_lamp_011,desk_lamp,desk_lamp_011.png
6,sneakers,train,desk_lamp_012,desk_lamp,desk_lamp_012.png
6,sneakers,train,desk_lamp_014,desk_lamp,desk_lamp_014.png
6,sneakers,train,desk_lamp_015,desk_lamp,desk_lamp_015.png
6,sneakers,train,desk_lamp_016,desk_lamp,desk_lamp_016.png
6,sneakers,train,desk_lamp_018,desk_lamp,desk_lamp_018.png
6,sneakers,train,desk_lamp_019,desk_lamp,desk_lamp_019.png
6,sneakers,train,desk_lamp_020,desk_lamp,desk_lamp_020.png
6,sneakers,train,desk_lamp_022,desk_lamp,desk_lamp_022.png
6,sneakers,train,desk_lamp_024,desk_lamp,desk_lamp_024.png
6,sneakers,train,desk_lamp_025,desk_lamp,desk_lamp_025.png
6,sneakers,train,early_automobile_001,early_automobile,early_automobile_001.png
6,sneakers,train,early_automobile_002,early_automobile,early_automobile_002.png
6,sneakers,train,early_automobile_003,early_automobile,early_automobile_003.png
6,sneakers,train,early_automobile_005,early_automobile,early_automobile_005.png
6,sneakers,train,early_automobile_006,early_automobile,early_automobile_006.png
6,sneakers,train,early_automobile_007,early_automobile,early_automobile_007.png
6,sneakers,train,early_automobile_008,early_automobile,early_automobile_008.png
6,sneakers,train,early_automobile_009,early_automobile,early_automobile_009.png
6,sneakers,train,early_automobile_010,early_automobile,early_automobile_010.png
6,sneakers,train,early_automobile_011,early_automobile,early_automobile_011.png
6,sneakers,train,early_automobile_012,early_automobile,early_automobile_012.png
6,sneakers,train,early_automobile_013,early_automobile,early_automobile_013.png
6,sneakers,train,early_automobile_016,early_automobile,early_automobile_016.png
6,sneakers,train,early_automobile_017,early_automobile,early_automobile_017.png
6,sneakers,train,early_automobile_018,early_automobile,early_automobile_018.png
6,sneakers,train,early_automobile_019,early_automobile,early_automobile_019.png
6,sneakers,train,early_automobile_021,early_automobile,early_automobile_021.png
6,sneakers,train,early_automobile_022,early_automobile,early_automobile_022.png
6,sneakers,train,early_automobile_023,early_automobile,early_automobile_023.png
6,sneakers,train,early_automobile_024,early_automobile,early_automobile_024.png
6,sneakers,train,electric_kettle_001,electric_kettle,electric_kettle_001.png
6,sneakers,train,electric_kettle_002,electric_kettle,electric_kettle_002.png
6,sneakers,train,electric_kettle_003,electric_kettle,electric_kettle_003.png
6,sneakers,train,electric_kettle_004,electric_kettle,electric_kettle_004.png
6,sneakers,train,electric_kettle_005,electric_kettle,electric_kettle_005.png
6,sneakers,train,electric_kettle_006,electric_kettle,electric_kettle_006.png
6,sneakers,train,electric_kettle_007,electric_kettle,electric_kettle_007.png
6,sneakers,train,electric_kettle_009,electric_kettle,electric_kettle_009.png
6,sneakers,train,electric_kettle_010,electric_kettle,electric_kettle_010.png
6,sneakers,train,electric_kettle_011,electric_kettle,electric_kettle_011.png
6,sneakers,train,electric_kettle_013,electric_kettle,electric_kettle_013.png
6,sneakers,train,electric_kettle_014,electric_kettle,electric_kettle_014.png
6,sneakers,train,electric_kettle_015,electric_kettle,electric_kettle_015.png
6,sneakers,train,electric_kettle_016,electric_kettle,electric_kettle_016.png
6,sneakers,train,electric_kettle_017,electric_kettle,electric_kettle_017.png
6,sneakers,train,electric_kettle_018,electric_kettle,electric_kettle_018.png
6,sneakers,train,electric_kettle_020,electric_kettle,electric_kettle_020.png
6,sneakers,train,electric_kettle_021,electric_kettle,electric_kettle_021.png
6,sneakers,train,electric_kettle_022,electric_kettle,electric_kettle_022.png
6,sneakers,train,electric_kettle_024,electric_kettle,electric_kettle_024.png
6,sneakers,train,lounge_chair_001,lounge_chair,lounge_chair_001.png
6,sneakers,train,lounge_chair_002,lounge_chair,lounge_chair_002.png
6,sneakers,train,lounge_chair_003,lounge_chair,lounge_chair_003.png
6,sneakers,train,lounge_chair_004,lounge_chair,lounge_chair_004.png
6,sneakers,train,lounge_chair_005,lounge_chair,lounge_chair_005.png
6,sneakers,train,lounge_chair_007,lounge_chair,lounge_chair_007.png
6,sneakers,train,lounge_chair_009,lounge_chair,lounge_chair_009.png
6,sneakers,train,lounge_chair_011,lounge_chair,lounge_chair_011.png
6,sneakers,train,lounge_chair_012,lounge_chair,lounge_chair_012.png
6,sneakers,train,lounge_chair_014,lounge_chair,lounge_chair_014.png
6,sneakers,train,lounge_chair_015,lounge_chair,lounge_chair_015.png
6,sneakers,train,lounge_chair_016,lounge_chair,lounge_chair_016.png
6,sneakers,train,lounge_chair_017,lounge_chair,lounge_chair_017.png
6,sneakers,train,lounge_chair_018,lounge_chair,lounge_chair_018.png
6,sneakers,train,lounge_chair_019,lounge_chair,lounge_chair_019.png
6,sneakers,train,lounge_chair_021,lounge_chair,lounge_chair_021.png
6,sneakers,train,lounge_chair_022,lounge_chair,lounge_chair_022.png
6,sneakers,train,lounge_chair_023,lounge_chair,lounge_chair_023.png
6,sneakers,train,lounge_chair_024,lounge_chair,lounge_chair_024.png
6,sneakers,train,lounge_chair_025,lounge_chair,lounge_chair_025.png
6,sneakers,train,sports_car_002,sports_car,sports_car_002.png
6,sneakers,train,sports_car_003,sports_car,sports_car_003.png
6,sneakers,train,sports_car_004,sports_car,sports_car_004.png
6,sneakers,train,sports_car_005,sports_car,sports_car_005.png
6,sneakers,train,sports_car_006,sports_car,sports_car_006.png
6,sneakers,train,sports_car_007,sports_car,sports_car_007.png
6,sneakers,train,sports_car_008,sports_car,sports_car_008.png
6,sneakers,train,sports_car_010,sports_car,sports_car_010.png
6,sneakers,train,sports_car_011,sports_car,sports_car_011.png
6,sneakers,train,sports_car_012,sports_car,sports_car_012.png
6,sneakers,train,sports_car_013,sports_car,sports_car_013.png
6,sneakers,train,sports_car_014,sports_car,sports_car_014.png
6,sneakers,train,sports_car_015,sports_car,sports_car_015.png
6,sneakers,train,sports_car_017,sports_car,sports_car_017.png
6,sneakers,train,sports_car_018,sports_car,sports_car_018.png
6,sneakers,train,sports_car_020,sports_car,sports_car_020.png
6,sneakers,train,sports_car_021,sports_car,sports_car_021.png
6,sneakers,train,sports_car_022,sports_car,sports_car_022.png
6,sneakers,train,sports_car_023,sports_car,sports_car_023.png
6,sneakers,train,sports_car_024,sports_car,sports_car_024.png
6,sneakers,train,vacuum_cleaner_001,vacuum_cleaner,vacuum_cleaner_001.png
6,sneakers,train,vacuum_cleaner_002,vacuum_cleaner,vacuum_cleaner_002.png
6,sneakers,train,vacuum_cleaner_003,vacuum_cleaner,vacuum_cleaner_003.png
6,sneakers,train,vacuum_cleaner_004,vacuum_cleaner,vacuum_cleaner_004.png
6,sneakers,train,vacuum_cleaner_006,vacuum_cleaner,vacuum_cleaner_006.png
6,sneakers,train,vacuum_cleaner_007,vacuum_cleaner,vacuum_cleaner_007.png
6,sneakers,train,vacuum_cleaner_008,vacuum_cleaner,vacuum_cleaner_008.png
6,sneakers,train,vacuum_cleaner_009,vacuum_cleaner,vacuum_cleaner_009.png
6,sneakers,train,vacuum_cleaner_010,vacuum_cleaner,vacuum_cleaner_010.png
6,sneakers,train,vacuum_cleaner_012,vacuum_cleaner,vacuum_cleaner_012.png
6,sneakers,train,vacuum_cleaner_013,vacuum_cleaner,vacuum_cleaner_013.png
6,sneakers,train,vacuum_cleaner_014,vacuum_cleaner,vacuum_cleaner_014.png
6,sneakers,train,vacuum_cleaner_015,vacuum_cleaner,vacuum_cleaner_015.png
6,sneakers,train,vacuum_cleaner_016,vacuum_cleaner,vacuum_cleaner_016.png
6,sneakers,train,vacuum_cleaner_019,vacuum_cleaner,vacuum_cleaner_019.png
6,sneakers,train,vacuum_cleaner_020,vacuum_cleaner,vacuum_cleaner_020.png
6,sneakers,train,vacuum_cleaner_021,vacuum_cleaner,vacuum_cleaner_021.png
6,sneakers,train,vacuum_cleaner_022,vacuum_cleaner,vacuum_cleaner_022.png
6,sneakers,train,vacuum_cleaner_024,vacuum_cleaner,vacuum_cleaner_024.png
6,sneakers,train,vacuum_cleaner_025,vacuum_cleaner,vacuum_cleaner_025.png
6,sneakers,val,broom_002,broom,broom_002.png
6,sneakers,val,broom_003,broom,broom_003.png
6,sneakers,val,broom_009,broom,broom_009.png
6,sneakers,val,broom_014,broom,broom_014.png
6,sneakers,val,broom_019,broom,broom_019.png
6,sneakers,val,desk_lamp_002,desk_lamp,desk_lamp_002.png
6,sneakers,val,desk_lamp_013,desk_lamp,desk_lamp_013.png
6,sneakers,val,desk_lamp_017,desk_lamp,desk_lamp_017.png
6,sneakers,val,desk_lamp_021,desk_lamp,desk_lamp_021.png
6,sneakers,val,desk_lamp_023,desk_lamp,desk_lamp_023.png
6,sneakers,val,early_automobile_004,early_automobile,early_automobile_004.png
6,sneakers,val,early_automobile_014,early_automobile,early_automobile_014.png
6,sneakers,val,early_automobile_015,early_automobile,early_automobile_015.png
6,sneakers,val,early_automobile_020,early_automobile,early_automobile_020.png
6,sneakers,val,early_automobile_025,early_automobile,early_automobile_025.png
6,sneakers,val,electric_kettle_008,electric_kettle,electric_kettle_008.png
6,sneakers,val,electric_kettle_012,electric_kettle,electric_kettle_012.png
6,sneakers,val,electric_kettle_019,electric_kettle,electric_kettle_019.png
6,sneakers,val,electric_kettle_023,electric_kettle,electric_kettle_023.png
6,sneakers,val,electric_kettle_025,electric_kettle,electric_kettle_025.png
6,sneakers,val,lounge_chair_006,lounge_chair,lounge_chair_006.png
6,sneakers,val,lounge_chair_008,lounge_chair,lounge_chair_008.png
6,sneakers,val,lounge_chair_010,lounge_chair,lounge_chair_010.png
6,sneakers,val,lounge_chair_013,lounge_chair,lounge_chair_013.png
6,sneakers,val,lounge_chair_020,lounge_chair,lounge_chair_020.png
6,sneakers,val,sports_car_001,sports_car,sports_car_001.png
6,sneakers,val,sports_car_009,sports_car,sports_car_009.png
6,sneakers,val,sports_car_016,sports_car,sports_car_016.png
6,sneakers,val,sports_car_019,sports_car,sports_car_019.png
6,sneakers,val,sports_car_025,sports_car,sports_car_025.png
6,sneakers,val,vacuum_cleaner_005,vacuum_cleaner,vacuum_cleaner_005.png
6,sneakers,val,vacuum_cleaner_011,vacuum_cleaner,vacuum_cleaner_011.png
6,sneakers,val,vacuum_cleaner_017,vacuum_cleaner,vacuum_cleaner_017.png
6,sneakers,val,vacuum_cleaner_018,vacuum_cleaner,vacuum_cleaner_018.png
6,sneakers,val,vacuum_cleaner_023,vacuum_cleaner,vacuum_cleaner_023.png
6,sneakers,test,sneakers_001,sneakers,sneakers_001.png
6,sneakers,test,sneakers_002,sneakers,sneakers_002.png
6,sneakers,test,sneakers_003,sneakers,sneakers_003.png
6,sneakers,test,sneakers_004,sneakers,sneakers_004.png
6,sneakers,test,sneakers_005,sneakers,sneakers_005.png
6,sneakers,test,sneakers_006,sneakers,sneakers_006.png
6,sneakers,test,sneakers_007,sneakers,sneakers_007.png
6,sneakers,test,sneakers_008,sneakers,sneakers_008.png
6,sneakers,test,sneakers_009,sneakers,sneakers_009.png
6,sneakers,test,sneakers_010,sneakers,sneakers_010.png
6,sneakers,test,sneakers_011,sneakers,sneakers_011.png
6,sneakers,test,sneakers_012,sneakers,sneakers_012.png
6,sneakers,test,sneakers_013,sneakers,sneakers_013.png
6,sneakers,test,sneakers_014,sneakers,sneakers_014.png
6,sneakers,test,sneakers_015,sneakers,sneakers_015.png
6,sneakers,test,sneakers_016,sneakers,sneakers_016.png
6,sneakers,test,sneakers_017,sneakers,sneakers_017.png
6,sneakers,test,sneakers_018,sneakers,sneakers_018.png
6,sneakers,test,sneakers_019,sneakers,sneakers_019.png
6,sneakers,test,sneakers_020,sneakers,sneakers_020.png
6,sneakers,test,sneakers_021,sneakers,sneakers_021.png
6,sneakers,test,sneakers_022,sneakers,sneakers_022.png
6,sneakers,test,sneakers_023,sneakers,sneakers_023.png
6,sneakers,test,sneakers_024,sneakers,sneakers_024.png
6,sneakers,test,sneakers_025,sneakers,sneakers_025.png
7,sports_car,train,broom_003,broom,broom_003.png
7,sports_car,train,broom_004,broom,broom_004.png
7,sports_car,train,broom_005,broom,broom_005.png
7,sports_car,train,broom_007,broom,broom_007.png
7,sports_car,train,broom_008,broom,broom_008.png
7,sports_car,train,broom_009,broom,broom_009.png
7,sports_car,train,broom_010,broom,broom_010.png
7,sports_car,train,broom_011,broom,broom_011.png
7,sports_car,train,broom_012,broom,broom_012.png
7,sports_car,train,broom_013,broom,broom_013.png
7,sports_car,train,broom_014,broom,broom_014.png
7,sports_car,train,broom_016,broom,broom_016.png
7,sports_car,train,broom_017,broom,broom_017.png
7,sports_car,train,broom_018,broom,broom_018.png
7,sports_car,train,broom_019,broom,broom_019.png
7,sports_car,train,broom_021,broom,broom_021.png
7,sports_car,train,broom_022,broom,broom_022.png
7,sports_car,train,broom_023,broom,broom_023.png
7,sports_car,train,broom_024,broom,broom_024.png
7,sports_car,train,broom_025,broom,broom_025.png
7,sports_car,train,desk_lamp_001,desk_lamp,desk_lamp_001.png
7,sports_car,train,desk_lamp_003,desk_lamp,desk_lamp_003.png
7,sports_car,train,desk_lamp_004,desk_lamp,desk_lamp_004.png
7,sports_car,train,desk_lamp_006,desk_lamp,desk_lamp_006.png
7,sports_car,train,desk_lamp_007,desk_lamp,desk_lamp_007.png
7,sports_car,train,desk_lamp_008,desk_lamp,desk_lamp_008.png
7,sports_car,train,desk_lamp_009,desk_lamp,desk_lamp_009.png
7,sports_car,train,desk_lamp_010,desk_lamp,desk_lamp_010.png
7,sports_car,train,desk_lamp_011,desk_lamp,desk_lamp_011.png
7,sports_car,train,desk_lamp_012,desk_lamp,desk_lamp_012.png
7,sports_car,train,desk_lamp_013,desk_lamp,desk_lamp_013.png
7,sports_car,train,desk_lamp_015,desk_lamp,desk_lamp_015.png
7,sports_car,train,desk_lamp_017,desk_lamp,desk_lamp_017.png
7,sports_car,train,desk_lamp_018,desk_lamp,desk_lamp_018.png
7,sports_car,train,desk_lamp_019,desk_lamp,desk_lamp_019.png
7,sports_car,train,desk_lamp_021,desk_lamp,desk_lamp_021.png
7,sports_car,train,desk_lamp_022,desk_lamp,desk_lamp_022.png
7,sports_car,train,desk_lamp_023,desk_lamp,desk_lamp_023.png
7,sports_car,train,desk_lamp_024,desk_lamp,desk_lamp_024.png
7,sports_car,train,desk_lamp_025,desk_lamp,desk_lamp_025.png
7,sports_car,train,early_automobile_002,early_automobile,early_automobile_002.png
7,sports_car,train,early_automobile_003,early_automobile,early_automobile_003.png
7,sports_car,train,early_automobile_005,early_automobile,early_automobile_005.png
7,sports_car,train,early_automobile_006,early_automobile,early_automobile_006.png
7,sports_car,train,early_automobile_007,early_automobile,early_automobile_007.png
7,sports_car,train,early_automobile_008,early_automobile,early_automobile_008.png
7,sports_car,train,early_automobile_009,early_automobile,early_automobile_009.png
7,sports_car,train,early_automobile_010,early_automobile,early_automobile_010.png
7,sports_car,train,early_automobile_011,early_automobile,early_automobile_011.png
7,sports_car,train,early_automobile_012,early_automobile,early_automobile_012.png
7,sports_car,train,early_automobile_013,early_automobile,early_automobile_013.png
7,sports_car,train,early_automobile_015,early_automobile,early_automobile_015.png
7,sports_car,train,early_automobile_017,early_automobile,early_automobile_017.png
7,sports_car,train,early_automobile_018,early_automobile,early_automobile_018.png
7,sports_car,train,early_automobile_019,early_automobile,early_automobile_019.png
7,sports_car,train,early_automobile_020,early_automobile,early_automobile_020.png
7,sports_car,train,early_automobile_021,early_automobile,early_automobile_021.png
7,sports_car,train,early_automobile_023,early_automobile,early_automobile_023.png
7,sports_car,train,early_automobile_024,early_automobile,early_automobile_024.png
7,sports_car,train,early_automobile_025,early_automobile,early_automobile_025.png
7,sports_car,train,electric_kettle_001,electric_kettle,electric_kettle_001.png
7,sports_car,train,electric_kettle_003,electric_kettle,electric_kettle_003.png
7,sports_car,train,electric_kettle_004,electric_kettle,electric_kettle_004.png
7,sports_car,train,electric_kettle_005,electric_kettle,electric_kettle_005.png
7,sports_car,train,electric_kettle_007,electric_kettle,electric_kettle_007.png
7,sports_car,train,electric_kettle_008,electric_kettle,electric_kettle_008.png
7,sports_car,train,electric_kettle_010,electric_kettle,electric_kettle_010.png
7,sports_car,train,electric_kettle_011,electric_kettle,electric_kettle_011.png
7,sports_car,train,electric_kettle_012,electric_kettle,electric_kettle_012.png
7,sports_car,train,electric_kettle_013,electric_kettle,electric_kettle_013.png
7,sports_car,train,electric_kettle_014,electric_kettle,electric_kettle_014.png
7,sports_car,train,electric_kettle_015,electric_kettle,electric_kettle_015.png
7,sports_car,train,electric_kettle_016,electric_kettle,electric_kettle_016.png
7,sports_car,train,electric_kettle_017,electric_kettle,electric_kettle_017.png
7,sports_car,train,electric_kettle_018,electric_kettle,electric_kettle_018.png
7,sports_car,train,electric_kettle_019,electric_kettle,electric_kettle_019.png
7,sports_car,train,electric_kettle_021,electric_kettle,electric_kettle_021.png
7,sports_car,train,electric_kettle_022,electric_kettle,electric_kettle_022.png
7,sports_car,train,electric_kettle_024,electric_kettle,electric_kettle_024.png
7,sports_car,train,electric_kettle_025,electric_kettle,electric_kettle_025.png
7,sports_car,train,lounge_chair_001,lounge_chair,lounge_chair_001.png
7,sports_car,train,lounge_chair_002,lounge_chair,lounge_chair_002.png
7,sports_car,train,lounge_chair_003,lounge_chair,lounge_chair_003.png
7,sports_car,train,lounge_chair_005,lounge_chair,lounge_chair_005.png
7,sports_car,train,lounge_chair_006,lounge_chair,lounge_chair_006.png
7,sports_car,train,lounge_chair_008,lounge_chair,lounge_chair_008.png
7,sports_car,train,lounge_chair_009,lounge_chair,lounge_chair_009.png
7,sports_car,train,lounge_chair_010,lounge_chair,lounge_chair_010.png
7,sports_car,train,lounge_chair_011,lounge_chair,lounge_chair_011.png
7,sports_car,train,lounge_chair_012,lounge_chair,lounge_chair_012.png
7,sports_car,train,lounge_chair_014,lounge_chair,lounge_chair_014.png
7,sports_car,train,lounge_chair_015,lounge_chair,lounge_chair_015.png
7,sports_car,train,lounge_chair_016,lounge_chair,lounge_chair_016.png
7,sports_car,train,lounge_chair_017,lounge_chair,lounge_chair_017.png
7,sports_car,train,lounge_chair_018,lounge_chair,lounge_chair_018.png
7,sports_car,train,lounge_chair_019,lounge_chair,lounge_chair_019.png
7,sports_car,train,lounge_chair_020,lounge_chair,lounge_chair_020.png
7,sports_car,train,lounge_chair_022,lounge_chair,lounge_chair_022.png
7,sports_car,train,lounge_chair_023,lounge_chair,lounge_chair_023.png
7,sports_car,train,lounge_chair_025,lounge_chair,lounge_chair_025.png
7,sports_car,train,sneakers_001,sneakers,sneakers_001.png
7,sports_car,train,sneakers_003,sneakers,sneakers_003.png
7,sports_car,train,sneakers_004,sneakers,sneakers_004.png
7,sports_car,train,sneakers_006,sneakers,sneakers_006.png
7,sports_car,train,sneakers_007,sneakers,sneakers_007.png
7,sports_car,train,sneakers_008,sneakers,sneakers_008.png
7,sports_car,train,sneakers_009,sneakers,sneakers_009.png
7,sports_car,train,sneakers_010,sneakers,sneakers_010.png
7,sports_car,train,sneakers_011,sneakers,sneakers_011.png
7,sports_car,train,sneakers_012,sneakers,sneakers_012.png
7,sports_car,train,sneakers_013,sneakers,sneakers_013.png
7,sports_car,train,sneakers_014,sneakers,sneakers_014.png
7,sports_car,train,sneakers_015,sneakers,sneakers_015.png
7,sports_car,train,sneakers_016,sneakers,sneakers_016.png
7,sports_car,train,sneakers_017,sneakers,sneakers_017.png
7,sports_car,train,sneakers_018,sneakers,sneakers_018.png
7,sports_car,train,sneakers_019,sneakers,sneakers_019.png
7,sports_car,train,sneakers_020,sneakers,sneakers_020.png
7,sports_car,train,sneakers_021,sneakers,sneakers_021.png
7,sports_car,train,sneakers_025,sneakers,sneakers_025.png
7,sports_car,train,vacuum_cleaner_001,vacuum_cleaner,vacuum_cleaner_001.png
7,sports_car,train,vacuum_cleaner_002,vacuum_cleaner,vacuum_cleaner_002.png
7,sports_car,train,vacuum_cleaner_004,vacuum_cleaner,vacuum_cleaner_004.png
7,sports_car,train,vacuum_cleaner_005,vacuum_cleaner,vacuum_cleaner_005.png
7,sports_car,train,vacuum_cleaner_006,vacuum_cleaner,vacuum_cleaner_006.png
7,sports_car,train,vacuum_cleaner_007,vacuum_cleaner,vacuum_cleaner_007.png
7,sports_car,train,vacuum_cleaner_008,vacuum_cleaner,vacuum_cleaner_008.png
7,sports_car,train,vacuum_cleaner_011,vacuum_cleaner,vacuum_cleaner_011.png
7,sports_car,train,vacuum_cleaner_012,vacuum_cleaner,vacuum_cleaner_012.png
7,sports_car,train,vacuum_cleaner_013,vacuum_cleaner,vacuum_cleaner_013.png
7,sports_car,train,vacuum_cleaner_014,vacuum_cleaner,vacuum_cleaner_014.png
7,sports_car,train,vacuum_cleaner_015,vacuum_cleaner,vacuum_cleaner_015.png
7,sports_car,train,vacuum_cleaner_016,vacuum_cleaner,vacuum_cleaner_016.png
7,sports_car,train,vacuum_cleaner_018,vacuum_cleaner,vacuum_cleaner_018.png
7,sports_car,train,vacuum_cleaner_019,vacuum_cleaner,vacuum_cleaner_019.png
7,sports_car,train,vacuum_cleaner_020,vacuum_cleaner,vacuum_cleaner_020.png
7,sports_car,train,vacuum_cleaner_022,vacuum_cleaner,vacuum_cleaner_022.png
7,sports_car,train,vacuum_cleaner_023,vacuum_cleaner,vacuum_cleaner_023.png
7,sports_car,train,vacuum_cleaner_024,vacuum_cleaner,vacuum_cleaner_024.png
7,sports_car,train,vacuum_cleaner_025,vacuum_cleaner,vacuum_cleaner_025.png
7,sports_car,val,broom_001,broom,broom_001.png
7,sports_car,val,broom_002,broom,broom_002.png
7,sports_car,val,broom_006,broom,broom_006.png
7,sports_car,val,broom_015,broom,broom_015.png
7,sports_car,val,broom_020,broom,broom_020.png
7,sports_car,val,desk_lamp_002,desk_lamp,desk_lamp_002.png
7,sports_car,val,desk_lamp_005,desk_lamp,desk_lamp_005.png
7,sports_car,val,desk_lamp_014,desk_lamp,desk_lamp_014.png
7,sports_car,val,desk_lamp_016,desk_lamp,desk_lamp_016.png
7,sports_car,val,desk_lamp_020,desk_lamp,desk_lamp_020.png
7,sports_car,val,early_automobile_001,early_automobile,early_automobile_001.png
7,sports_car,val,early_automobile_004,early_automobile,early_automobile_004.png
7,sports_car,val,early_automobile_014,early_automobile,early_automobile_014.png
7,sports_car,val,early_automobile_016,early_automobile,early_automobile_016.png
7,sports_car,val,early_automobile_022,early_automobile,early_automobile_022.png
7,sports_car,val,electric_kettle_002,electric_kettle,electric_kettle_002.png
7,sports_car,val,electric_kettle_006,electric_kettle,electric_kettle_006.png
7,sports_car,val,electric_kettle_009,electric_kettle,electric_kettle_009.png
7,sports_car,val,electric_kettle_020,electric_kettle,electric_kettle_020.png
7,sports_car,val,electric_kettle_023,electric_kettle,electric_kettle_023.png
7,sports_car,val,lounge_chair_004,lounge_chair,lounge_chair_004.png
7,sports_car,val,lounge_chair_007,lounge_chair,lounge_chair_007.png
7,sports_car,val,lounge_chair_013,lounge_chair,lounge_chair_013.png
7,sports_car,val,lounge_chair_021,lounge_chair,lounge_chair_021.png
7,sports_car,val,lounge_chair_024,lounge_chair,lounge_chair_024.png
7,sports_car,val,sneakers_002,sneakers,sneakers_002.png
7,sports_car,val,sneakers_005,sneakers,sneakers_005.png
7,sports_car,val,sneakers_022,sneakers,sneakers_022.png
7,sports_car,val,sneakers_023,sneakers,sneakers_023.png
7,sports_car,val,sneakers_024,sneakers,sneakers_024.png
7,sports_car,val,vacuum_cleaner_003,vacuum_cleaner,vacuum_cleaner_003.png
7,sports_car,val,vacuum_cleaner_009,vacuum_cleaner,vacuum_cleaner_009.png
7,sports_car,val,vacuum_cleaner_010,vacuum_cleaner,vacuum_cleaner_010.png
7,sports_car,val,vacuum_cleaner_017,vacuum_cleaner,vacuum_cleaner_017.png
7,sports_car,val,vacuum_cleaner_021,vacuum_cleaner,vacuum_cleaner_021.png
7,sports_car,test,sports_car_001,sports_car,sports_car_001.png
7,sports_car,test,sports_car_002,sports_car,sports_car_002.png
7,sports_car,test,sports_car_003,sports_car,sports_car_003.png
7,sports_car,test,sports_car_004,sports_car,sports_car_004.png
7,sports_car,test,sports_car_005,sports_car,sports_car_005.png
7,sports_car,test,sports_car_006,sports_car,sports_car_006.png
7,sports_car,test,sports_car_007,sports_car,sports_car_007.png
7,sports_car,test,sports_car_008,sports_car,sports_car_008.png
7,sports_car,test,sports_car_009,sports_car,sports_car_009.png
7,sports_car,test,sports_car_010,sports_car,sports_car_010.png
7,sports_car,test,sports_car_011,sports_car,sports_car_011.png
7,sports_car,test,sports_car_012,sports_car,sports_car_012.png
7,sports_car,test,sports_car_013,sports_car,sports_car_013.png
7,sports_car,test,sports_car_014,sports_car,sports_car_014.png
7,sports_car,test,sports_car_015,sports_car,sports_car_015.png
7,sports_car,test,sports_car_016,sports_car,sports_car_016.png
7,sports_car,test,sports_car_017,sports_car,sports_car_017.png
7,sports_car,test,sports_car_018,sports_car,sports_car_018.png
7,sports_car,test,sports_car_019,sports_car,sports_car_019.png
7,sports_car,test,sports_car_020,sports_car,sports_car_020.png
7,sports_car,test,sports_car_021,sports_car,sports_car_021.png
7,sports_car,test,sports_car_022,sports_car,sports_car_022.png
7,sports_car,test,sports_car_023,sports_car,sports_car_023.png
7,sports_car,test,sports_car_024,sports_car,sports_car_024.png
7,sports_car,test,sports_car_025,sports_car,sports_car_025.png
8,vacuum_cleaner,train,broom_001,broom,broom_001.png
8,vacuum_cleaner,train,broom_002,broom,broom_002.png
8,vacuum_cleaner,train,broom_003,broom,broom_003.png
8,vacuum_cleaner,train,broom_004,broom,broom_004.png
8,vacuum_cleaner,train,broom_005,broom,broom_005.png
8,vacuum_cleaner,train,broom_006,broom,broom_006.png
8,vacuum_cleaner,train,broom_007,broom,broom_007.png
8,vacuum_cleaner,train,broom_008,broom,broom_008.png
8,vacuum_cleaner,train,broom_009,broom,broom_009.png
8,vacuum_cleaner,train,broom_010,broom,broom_010.png
8,vacuum_cleaner,train,broom_012,broom,broom_012.png
8,vacuum_cleaner,train,broom_013,broom,broom_013.png
8,vacuum_cleaner,train,broom_014,broom,broom_014.png
8,vacuum_cleaner,train,broom_015,broom,broom_015.png
8,vacuum_cleaner,train,broom_018,broom,broom_018.png
8,vacuum_cleaner,train,broom_020,broom,broom_020.png
8,vacuum_cleaner,train,broom_021,broom,broom_021.png
8,vacuum_cleaner,train,broom_022,broom,broom_022.png
8,vacuum_cleaner,train,broom_023,broom,broom_023.png
8,vacuum_cleaner,train,broom_025,broom,broom_025.png
8,vacuum_cleaner,train,desk_lamp_001,desk_lamp,desk_lamp_001.png
8,vacuum_cleaner,train,desk_lamp_002,desk_lamp,desk_lamp_002.png
8,vacuum_cleaner,train,desk_lamp_003,desk_lamp,desk_lamp_003.png
8,vacuum_cleaner,train,desk_lamp_005,desk_lamp,desk_lamp_005.png
8,vacuum_cleaner,train,desk_lamp_006,desk_lamp,desk_lamp_006.png
8,vacuum_cleaner,train,desk_lamp_007,desk_lamp,desk_lamp_007.png
8,vacuum_cleaner,train,desk_lamp_008,desk_lamp,desk_lamp_008.png
8,vacuum_cleaner,train,desk_lamp_009,desk_lamp,desk_lamp_009.png
8,vacuum_cleaner,train,desk_lamp_010,desk_lamp,desk_lamp_010.png
8,vacuum_cleaner,train,desk_lamp_012,desk_lamp,desk_lamp_012.png
8,vacuum_cleaner,train,desk_lamp_014,desk_lamp,desk_lamp_014.png
8,vacuum_cleaner,train,desk_lamp_015,desk_lamp,desk_lamp_015.png
8,vacuum_cleaner,train,desk_lamp_017,desk_lamp,desk_lamp_017.png
8,vacuum_cleaner,train,desk_lamp_018,desk_lamp,desk_lamp_018.png
8,vacuum_cleaner,train,desk_lamp_019,desk_lamp,desk_lamp_019.png
8,vacuum_cleaner,train,desk_lamp_020,desk_lamp,desk_lamp_020.png
8,vacuum_cleaner,train,desk_lamp_021,desk_lamp,desk_lamp_021.png
8,vacuum_cleaner,train,desk_lamp_022,desk_lamp,desk_lamp_022.png
8,vacuum_cleaner,train,desk_lamp_024,desk_lamp,desk_lamp_024.png
8,vacuum_cleaner,train,desk_lamp_025,desk_lamp,desk_lamp_025.png
8,vacuum_cleaner,train,early_automobile_001,early_automobile,early_automobile_001.png
8,vacuum_cleaner,train,early_automobile_002,early_automobile,early_automobile_002.png
8,vacuum_cleaner,train,early_automobile_003,early_automobile,early_automobile_003.png
8,vacuum_cleaner,train,early_automobile_004,early_automobile,early_automobile_004.png
8,vacuum_cleaner,train,early_automobile_005,early_automobile,early_automobile_005.png
8,vacuum_cleaner,train,early_automobile_006,early_automobile,early_automobile_006.png
8,vacuum_cleaner,train,early_automobile_007,early_automobile,early_automobile_007.png
8,vacuum_cleaner,train,early_automobile_008,early_automobile,early_automobile_008.png
8,vacuum_cleaner,train,early_automobile_010,early_automobile,early_automobile_010.png
8,vacuum_cleaner,train,early_automobile_011,early_automobile,early_automobile_011.png
8,vacuum_cleaner,train,early_automobile_014,early_automobile,early_automobile_014.png
8,vacuum_cleaner,train,early_automobile_015,early_automobile,early_automobile_015.png
8,vacuum_cleaner,train,early_automobile_016,early_automobile,early_automobile_016.png
8,vacuum_cleaner,train,early_automobile_018,early_automobile,early_automobile_018.png
8,vacuum_cleaner,train,early_automobile_019,early_automobile,early_automobile_019.png
8,vacuum_cleaner,train,early_automobile_020,early_automobile,early_automobile_020.png
8,vacuum_cleaner,train,early_automobile_021,early_automobile,early_automobile_021.png
8,vacuum_cleaner,train,early_automobile_022,early_automobile,early_automobile_022.png
8,vacuum_cleaner,train,early_automobile_024,early_automobile,early_automobile_024.png
8,vacuum_cleaner,train,early_automobile_025,early_automobile,early_automobile_025.png
8,vacuum_cleaner,train,electric_kettle_002,electric_kettle,electric_kettle_002.png
8,vacuum_cleaner,train,electric_kettle_003,electric_kettle,electric_kettle_003.png
8,vacuum_cleaner,train,electric_kettle_004,electric_kettle,electric_kettle_004.png
8,vacuum_cleaner,train,electric_kettle_005,electric_kettle,electric_kettle_005.png
8,vacuum_cleaner,train,electric_kettle_006,electric_kettle,electric_kettle_006.png
8,vacuum_cleaner,train,electric_kettle_007,electric_kettle,electric_kettle_007.png
8,vacuum_cleaner,train,electric_kettle_008,electric_kettle,electric_kettle_008.png
8,vacuum_cleaner,train,electric_kettle_009,electric_kettle,electric_kettle_009.png
8,vacuum_cleaner,train,electric_kettle_010,electric_kettle,electric_kettle_010.png
8,vacuum_cleaner,train,electric_kettle_011,electric_kettle,electric_kettle_011.png
8,vacuum_cleaner,train,electric_kettle_012,electric_kettle,electric_kettle_012.png
8,vacuum_cleaner,train,electric_kettle_015,electric_kettle,electric_kettle_015.png
8,vacuum_cleaner,train,electric_kettle_016,electric_kettle,electric_kettle_016.png
8,vacuum_cleaner,train,electric_kettle_017,electric_kettle,electric_kettle_017.png
8,vacuum_cleaner,train,electric_kettle_018,electric_kettle,electric_kettle_018.png
8,vacuum_cleaner,train,electric_kettle_020,electric_kettle,electric_kettle_020.png
8,vacuum_cleaner,train,electric_kettle_021,electric_kettle,electric_kettle_021.png
8,vacuum_cleaner,train,electric_kettle_022,electric_kettle,electric_kettle_022.png
8,vacuum_cleaner,train,electric_kettle_024,electric_kettle,electric_kettle_024.png
8,vacuum_cleaner,train,electric_kettle_025,electric_kettle,electric_kettle_025.png
8,vacuum_cleaner,train,lounge_chair_001,lounge_chair,lounge_chair_001.png
8,vacuum_cleaner,train,lounge_chair_002,lounge_chair,lounge_chair_002.png
8,vacuum_cleaner,train,lounge_chair_003,lounge_chair,lounge_chair_003.png
8,vacuum_cleaner,train,lounge_chair_004,lounge_chair,lounge_chair_004.png
8,vacuum_cleaner,train,lounge_chair_005,lounge_chair,lounge_chair_005.png
8,vacuum_cleaner,train,lounge_chair_006,lounge_chair,lounge_chair_006.png
8,vacuum_cleaner,train,lounge_chair_007,lounge_chair,lounge_chair_007.png
8,vacuum_cleaner,train,lounge_chair_008,lounge_chair,lounge_chair_008.png
8,vacuum_cleaner,train,lounge_chair_010,lounge_chair,lounge_chair_010.png
8,vacuum_cleaner,train,lounge_chair_011,lounge_chair,lounge_chair_011.png
8,vacuum_cleaner,train,lounge_chair_012,lounge_chair,lounge_chair_012.png
8,vacuum_cleaner,train,lounge_chair_015,lounge_chair,lounge_chair_015.png
8,vacuum_cleaner,train,lounge_chair_016,lounge_chair,lounge_chair_016.png
8,vacuum_cleaner,train,lounge_chair_017,lounge_chair,lounge_chair_017.png
8,vacuum_cleaner,train,lounge_chair_018,lounge_chair,lounge_chair_018.png
8,vacuum_cleaner,train,lounge_chair_019,lounge_chair,lounge_chair_019.png
8,vacuum_cleaner,train,lounge_chair_021,lounge_chair,lounge_chair_021.png
8,vacuum_cleaner,train,lounge_chair_022,lounge_chair,lounge_chair_022.png
8,vacuum_cleaner,train,lounge_chair_024,lounge_chair,lounge_chair_024.png
8,vacuum_cleaner,train,lounge_chair_025,lounge_chair,lounge_chair_025.png
8,vacuum_cleaner,train,sneakers_001,sneakers,sneakers_001.png
8,vacuum_cleaner,train,sneakers_003,sneakers,sneakers_003.png
8,vacuum_cleaner,train,sneakers_004,sneakers,sneakers_004.png
8,vacuum_cleaner,train,sneakers_005,sneakers,sneakers_005.png
8,vacuum_cleaner,train,sneakers_006,sneakers,sneakers_006.png
8,vacuum_cleaner,train,sneakers_007,sneakers,sneakers_007.png
8,vacuum_cleaner,train,sneakers_008,sneakers,sneakers_008.png
8,vacuum_cleaner,train,sneakers_009,sneakers,sneakers_009.png
8,vacuum_cleaner,train,sneakers_012,sneakers,sneakers_012.png
8,vacuum_cleaner,train,sneakers_013,sneakers,sneakers_013.png
8,vacuum_cleaner,train,sneakers_014,sneakers,sneakers_014.png
8,vacuum_cleaner,train,sneakers_015,sneakers,sneakers_015.png
8,vacuum_cleaner,train,sneakers_016,sneakers,sneakers_016.png
8,vacuum_cleaner,train,sneakers_018,sneakers,sneakers_018.png
8,vacuum_cleaner,train,sneakers_019,sneakers,sneakers_019.png
8,vacuum_cleaner,train,sneakers_020,sneakers,sneakers_020.png
8,vacuum_cleaner,train,sneakers_021,sneakers,sneakers_021.png
8,vacuum_cleaner,train,sneakers_022,sneakers,sneakers_022.png
8,vacuum_cleaner,train,sneakers_024,sneakers,sneakers_024.png
8,vacuum_cleaner,train,sneakers_025,sneakers,sneakers_025.png
8,vacuum_cleaner,train,sports_car_001,sports_car,sports_car_001.png
8,vacuum_cleaner,train,sports_car_003,sports_car,sports_car_003.png
8,vacuum_cleaner,train,sports_car_005,sports_car,sports_car_005.png
8,vacuum_cleaner,train,sports_car_006,sports_car,sports_car_006.png
8,vacuum_cleaner,train,sports_car_007,sports_car,sports_car_007.png
8,vacuum_cleaner,train,sports_car_009,sports_car,sports_car_009.png
8,vacuum_cleaner,train,sports_car_010,sports_car,sports_car_010.png
8,vacuum_cleaner,train,sports_car_011,sports_car,sports_car_011.png
8,vacuum_cleaner,train,sports_car_012,sports_car,sports_car_012.png
8,vacuum_cleaner,train,sports_car_013,sports_car,sports_car_013.png
8,vacuum_cleaner,train,sports_car_015,sports_car,sports_car_015.png
8,vacuum_cleaner,train,sports_car_016,sports_car,sports_car_016.png
8,vacuum_cleaner,train,sports_car_018,sports_car,sports_car_018.png
8,vacuum_cleaner,train,sports_car_019,sports_car,sports_car_019.png
8,vacuum_cleaner,train,sports_car_020,sports_car,sports_car_020.png
8,vacuum_cleaner,train,sports_car_021,sports_car,sports_car_021.png
8,vacuum_cleaner,train,sports_car_022,sports_car,sports_car_022.png
8,vacuum_cleaner,train,sports_car_023,sports_car,sports_car_023.png
8,vacuum_cleaner,train,sports_car_024,sports_car,sports_car_024.png
8,vacuum_cleaner,train,sports_car_025,sports_car,sports_car_025.png
8,vacuum_cleaner,val,broom_011,broom,broom_011.png
8,vacuum_cleaner,val,broom_016,broom,broom_016.png
8,vacuum_cleaner,val,broom_017,broom,broom_017.png
8,vacuum_cleaner,val,broom_019,broom,broom_019.png
8,vacuum_cleaner,val,broom_024,broom,broom_024.png
8,vacuum_cleaner,val,desk_lamp_004,desk_lamp,desk_lamp_004.png
8,vacuum_cleaner,val,desk_lamp_011,desk_lamp,desk_lamp_011.png
8,vacuum_cleaner,val,desk_lamp_013,desk_lamp,desk_lamp_013.png
8,vacuum_cleaner,val,desk_lamp_016,desk_lamp,desk_lamp_016.png
8,vacuum_cleaner,val,desk_lamp_023,desk_lamp,desk_lamp_023.png
8,vacuum_cleaner,val,early_automobile_009,early_automobile,early_automobile_009.png
8,vacuum_cleaner,val,early_automobile_012,early_automobile,early_automobile_012.png
8,vacuum_cleaner,val,early_automobile_013,early_automobile,early_automobile_013.png
8,vacuum_cleaner,val,early_automobile_017,early_automobile,early_automobile_017.png
8,vacuum_cleaner,val,early_automobile_023,early_automobile,early_automobile_023.png
8,vacuum_cleaner,val,electric_kettle_001,electric_kettle,electric_kettle_001.png
8,vacuum_cleaner,val,electric_kettle_013,electric_kettle,electric_kettle_013.png
8,vacuum_cleaner,val,electric_kettle_014,electric_kettle,electric_kettle_014.png
8,vacuum_cleaner,val,electric_kettle_019,electric_kettle,electric_kettle_019.png
8,vacuum_cleaner,val,electric_kettle_023,electric_kettle,electric_kettle_023.png
8,vacuum_cleaner,val,lounge_chair_009,lounge_chair,lounge_chair_009.png
8,vacuum_cleaner,val,lounge_chair_013,lounge_chair,lounge_chair_013.png
8,vacuum_cleaner,val,lounge_chair_014,lounge_chair,lounge_chair_014.png
8,vacuum_cleaner,val,lounge_chair_020,lounge_chair,lounge_chair_020.png
8,vacuum_cleaner,val,lounge_chair_023,lounge_chair,lounge_chair_023.png
8,vacuum_cleaner,val,sneakers_002,sneakers,sneakers_002.png
8,vacuum_cleaner,val,sneakers_010,sneakers,sneakers_010.png
8,vacuum_cleaner,val,sneakers_011,sneakers,sneakers_011.png
8,vacuum_cleaner,val,sneakers_017,sneakers,sneakers_017.png
8,vacuum_cleaner,val,sneakers_023,sneakers,sneakers_023.png
8,vacuum_cleaner,val,sports_car_002,sports_car,sports_car_002.png
8,vacuum_cleaner,val,sports_car_004,sports_car,sports_car_004.png
8,vacuum_cleaner,val,sports_car_008,sports_car,sports_car_008.png
8,vacuum_cleaner,val,sports_car_014,sports_car,sports_car_014.png
8,vacuum_cleaner,val,sports_car_017,sports_car,sports_car_017.png
8,vacuum_cleaner,test,vacuum_cleaner_001,vacuum_cleaner,vacuum_cleaner_001.png
8,vacuum_cleaner,test,vacuum_cleaner_002,vacuum_cleaner,vacuum_cleaner_002.png
8,vacuum_cleaner,test,vacuum_cleaner_003,vacuum_cleaner,vacuum_cleaner_003.png
8,vacuum_cleaner,test,vacuum_cleaner_004,vacuum_cleaner,vacuum_cleaner_004.png
8,vacuum_cleaner,test,vacuum_cleaner_005,vacuum_cleaner,vacuum_cleaner_005.png
8,vacuum_cleaner,test,vacuum_cleaner_006,vacuum_cleaner,vacuum_cleaner_006.png
8,vacuum_cleaner,test,vacuum_cleaner_007,vacuum_cleaner,vacuum_cleaner_007.png
8,vacuum_cleaner,test,vacuum_cleaner_008,vacuum_cleaner,vacuum_cleaner_008.png
8,vacuum_cleaner,test,vacuum_cleaner_009,vacuum_cleaner,vacuum_cleaner_009.png
8,vacuum_cleaner,test,vacuum_cleaner_010,vacuum_cleaner,vacuum_cleaner_010.png
8,vacuum_cleaner,test,vacuum_cleaner_011,vacuum_cleaner,vacuum_cleaner_011.png
8,vacuum_cleaner,test,vacuum_cleaner_012,vacuum_cleaner,vacuum_cleaner_012.png
8,vacuum_cleaner,test,vacuum_cleaner_013,vacuum_cleaner,vacuum_cleaner_013.png
8,vacuum_cleaner,test,vacuum_cleaner_014,vacuum_cleaner,vacuum_cleaner_014.png
8,vacuum_cleaner,test,vacuum_cleaner_015,vacuum_cleaner,vacuum_cleaner_015.png
8,vacuum_cleaner,test,vacuum_cleaner_016,vacuum_cleaner,vacuum_cleaner_016.png
8,vacuum_cleaner,test,vacuum_cleaner_017,vacuum_cleaner,vacuum_cleaner_017.png
8,vacuum_cleaner,test,vacuum_cleaner_018,vacuum_cleaner,vacuum_cleaner_018.png
8,vacuum_cleaner,test,vacuum_cleaner_019,vacuum_cleaner,vacuum_cleaner_019.png
8,vacuum_cleaner,test,vacuum_cleaner_020,vacuum_cleaner,vacuum_cleaner_020.png
8,vacuum_cleaner,test,vacuum_cleaner_021,vacuum_cleaner,vacuum_cleaner_021.png
8,vacuum_cleaner,test,vacuum_cleaner_022,vacuum_cleaner,vacuum_cleaner_022.png
8,vacuum_cleaner,test,vacuum_cleaner_023,vacuum_cleaner,vacuum_cleaner_023.png
8,vacuum_cleaner,test,vacuum_cleaner_024,vacuum_cleaner,vacuum_cleaner_024.png
8,vacuum_cleaner,test,vacuum_cleaner_025,vacuum_cleaner,vacuum_cleaner_025.png
